0,0,0,0,0,0,0,0,0,0,0,0,0,0,0,0,0,0,0,0,0,0,0,0,0,0,0,0,0,0,0,0,0,0,0,0,0,0,0,0,0,0,0,0,0,0,0,0,0,0,0,0,0,0,0,0,0,0,0,0,0,0,0,0,0,0,0,0,0,0,0,0,0,0,0,0,0,0,0,0,0,0,0,0,0,0,0,0,0,0,0,0,0,0,0,0,0,0,0,0
0.000153115899,5.00024818e-05,0.000204581847,5.07485077e-05,5.06021886e-05,0.000177935901,5.13425821e-05,0,5.17223774e-05,5.02992853e-05,0.000102532988,2.54880961e-05,0.00017875371,7.56429837e-05,5.06252014e-05,0.000278058167,0.000100938783,0.000151759996,0.00010191604,5.08647373e-05,2.51307163e-05,0.000149827803,0.00010139421,0.000120083133,2.57651951e-05,0,0.000102858998,0.000102244265,8.44524432e-05,0.000144343993,0.000101015015,0.000101993954,2.5516694e-05,0.000102035926,0.000103183049,0.000119217953,7.54754913e-05,0.000128627076,5.04591776e-05,0.00010288063,0.000152905419,0,0.000248564668,0.000154027557,0,0.000177134959,6.78160903e-05,0.000129816004,0.000103294973,7.61228175e-05,7.60109743e-05,0,0.000152983009,5.05611838e-05,0.000202449451,0.000284443863,0.000101137753,2.55531924e-05,5.15013123e-05,2.55480059e-05,5.08337111e-05,5.04362926e-05,6.19899265e-05,2.5139503e-05,0.000100898033,5.10517321e-05,0.000194862361,4.21962124e-05,5.07278626e-05,0.000126179804,0.000308484095,0.000153053762,0.000101947177,5.18134798e-05,0.000151698877,0.000152438885,0,8.92721093e-05,0.000150754279,2.54143053e-05,0,0.000153154589,0.000101466047,0.000126313781,0.000100613758,2.53511057e-05,0.000269278625,0,0.000143568974,0.000276256937,0.000101163314,5.01932266e-05,0.000252054611,0.000118172979,0.000153995987,5.10543131e-05,5.12584152e-05,0.000357872665,0.000153908871,0.000101061002
0.000219789888,0.000129182334,0.000264445531,2.17599096e-05,0.000261814569,0.00019600193,0.000177257873,0.000108459803,0.00019999128,4.32750962e-05,0.000198763573,6.57635319e-05,0.000262317804,0.000174641908,0.000216609412,0.000347539047,0.000130650596,0.00021793145,0.000132164445,0.000174825133,2.1740093e-05,0.000215035103,0.000152992108,0.00023603,0.000177501558,8.70889725e-05,0.000287203635,0.000176017583,0.000112903019,0.000210382976,6.53652228e-05,0.000197177948,2.20633963e-05,8.75466368e-05,8.88217887e-05,0.000175824324,0.000244991977,0.000110918752,0.000196265306,0.000221307562,0.00028523752,0.000153981614,0.000389923803,0.000242493702,0.000219173578,0.000238912201,0.000233856439,0.000400997925,0.000111656993,0.000153085706,0.000153085839,0.000132362779,0.000131740693,0.000130855784,0.000295068935,0.000311748357,6.56972983e-05,0.000113898649,6.63717476e-05,0.000153927197,8.75081957e-05,0.00013073606,9.83503109e-05,0.000151613804,0.00021669369,0.000175685178,0.000380836053,8.00547718e-05,0,0.000152645033,0.000442340274,0.000174970319,0.000218502703,0.000179348017,0.000174618675,0.00019634349,4.40354402e-05,5.49546924e-05,0.000174087149,2.1850302e-05,8.71193951e-05,0.000190351289,0.000131394657,0.000239307274,0.000194569354,0.000189941832,0.000342711005,4.37197207e-05,0.000276275441,0.000389156313,8.72943878e-05,0.00015058279,0.000196360537,5.82139846e-05,0.000147479773,0.000131486784,0.000132123646,0.000373610338,0.000177462559,0.00017368639
0.000395241215,0.000350235003,0.000377238381,9.82550133e-05,0.000314515019,0.000248922456,0.000239148552,0.000267617036,0.000140432594,7.83268675e-05,0.00025970959,0.00017794301,0.000324253831,0.000276199472,0.000235867892,0.000490350035,0.000195710004,0.000571045851,0.000159356409,0.000237210652,0.000157078393,0.000290844608,0.000118259226,0.000353220306,0.000281339329,0.000195487977,0.000376714981,0.000158629528,0.000209134113,0.000306588772,0.00013810498,0.000317284178,5.31018866e-05,9.23397435e-05,0.000320115298,0.000251642431,0.000421104513,0.000153241324,0.000334745402,0.000320423415,0.000316343572,0.000258644607,0.000370458959,0.000198933382,0.000198294526,0.000286637537,0.00021997208,0.000381786693,0.000181884054,0.000158040443,0.000138323523,0.000417793884,0.000118901395,0.000215906511,0.000279840885,0.000441802203,0.00025505209,0.000142864732,5.95520861e-05,0.000149259729,0.000256734349,0.000117559488,0.000201540043,0.000227518093,0.000332213434,0.000308691245,0.000332309966,0.000338006514,3.96824914e-05,0.000256937084,0.000511431429,0.000236536933,0.000255784502,0.000283080074,0.00023763361,0.000353996126,0.000118901412,0.000246665094,0.000175767467,9.24713923e-05,0.000217031197,0.000309519965,0.000171406475,0.000255714405,0.000194848051,0.000210662326,0.000428448312,0.000117994225,0.000250259847,0.000461536546,7.91452495e-05,0.000272457964,0.000196765182,0.000171081921,0.000180650383,0.000159114903,0.000238227719,0.000705600465,0.000213086354,0.000285177154
0.000294572509,0.00036321394,0.000407015486,0.00019634571,0.000342583005,0.000527484258,0.000223272636,0.0002998262,0.000205262342,0.000191389247,0.000365823432,0.000277223363,0.000643216903,0.000349637105,0.000330299173,0.000534897987,0.000145322392,0.000661229831,0.000186985957,0.00027747954,0.000219531076,0.00027155254,0.000178813638,0.0003993808,0.000335996316,0.000218626925,0.000290500148,0.000223222339,0.000285117502,0.000450582574,0.000201797782,0.000445038093,5.56606672e-05,0.000178846845,0.00033545786,0.000260281162,0.00041837951,0.000254756537,0.000349321148,0.000354597217,0.000333395541,0.000352047145,0.00043968803,0.000334585568,0.000314523535,0.000290402067,0.000372566697,0.000429570089,0.000169402208,0.000148164767,0.000129942396,0.000446777911,0.000276957091,0.000310638315,0.000399591713,0.000469448598,0.000274182784,0.000154929203,5.5533031e-05,0.000176258946,0.000389740378,0.000183197099,0.000207837284,0.00021217528,0.000364963758,0.00041702179,0.000386380198,0.00031469753,0.000185439385,0.000424950219,0.000479428099,0.000257485159,0.000366877815,0.000395019341,0.000370260971,0.000459305242,0.000147492782,0.000246895389,0.000195088585,0.000203741336,0.000240642917,0.000287979849,0.00018610204,0.000220264359,0.000218786381,0.000306169905,0.000401949857,0.000109918118,0.000427256267,0.000558062992,0.000129428221,0.000399781528,0.000342306546,0.000234004683,0.000242401794,0.000186246972,0.000185783844,0.000858979297,0.000327176572,0.0003990993
0.000279492497,0.000352745821,0.000429815242,0.00021410974,0.000421175428,0.000556448018,0.000287532164,0.000356417036,0.000360399089,0.000153566168,0.000356776205,0.000395185887,0.000718247147,0.000385240162,0.000445410242,0.000587545501,0.000176429113,0.000711769866,0.000325815412,0.000268595812,0.000283316535,0.000315678596,0.000227351514,0.000368825214,0.000560416751,0.000194284856,0.00043149979,0.000216457931,0.000346451469,0.000526024349,0.000213469838,0.000539354946,9.0445329e-05,0.000262768042,0.00032346177,0.000360593815,0.0006413426,0.000390264234,0.000407546468,0.000343953344,0.000306173999,0.000539413509,0.000563002273,0.000485140624,0.00034037969,0.000315181425,0.000434940726,0.000524146382,0.000200832348,0.000161556664,0.000162978076,0.000560335583,0.000226887193,0.000401862967,0.000523155895,0.000437636311,0.000300056576,0.000204550769,0.000197706927,0.000189107306,0.000594722444,0.000300650904,0.000219523112,0.000334412916,0.00036974419,0.000567036143,0.000375497926,0.000402922562,0.000225501421,0.000430710075,0.000465549455,0.000338307129,0.000517136877,0.000491767595,0.000429861819,0.000640889541,0.000214109923,0.000305700546,0.000273465204,0.00023225094,0.000306438679,0.000374237685,0.000276595153,0.000249812496,0.000247629946,0.000346481652,0.000481243926,0.000283919176,0.000400227196,0.000670004779,0.000178132406,0.0004566053,0.000349244732,0.000179038177,0.000235712266,0.000216208405,0.000343009493,0.000953648602,0.000454528883,0.000509022412
0.000271564986,0.00040524658,0.000460835274,0.000333086482,0.000500463384,0.000731049399,0.000467080313,0.000528028826,0.000440916978,0.000304957057,0.000634724105,0.000522115792,0.000776082811,0.000381895349,0.0004246525,0.000851143532,0.00022024017,0.000776799178,0.000375318752,0.000429296956,0.000312373331,0.000436315762,0.000430486087,0.000435391679,0.000742649466,0.000257466364,0.000461507408,0.000237773584,0.000365470267,0.000560814873,0.000259749545,0.000477911661,0.000131772113,0.000326176053,0.000409790366,0.000411506609,0.00075635629,0.000545518235,0.000402128291,0.000396975598,0.000300763084,0.000814615694,0.000681402816,0.000484424094,0.000574690712,0.000284001661,0.000597451901,0.000695253031,0.000226517578,0.000278810754,0.000321202699,0.000674334413,0.000274512939,0.000478099804,0.000737327116,0.000493003793,0.000330881996,0.000175208071,0.000260435702,0.000326467667,0.000795394719,0.000424761431,0.000381025046,0.000437939808,0.000420198481,0.000709566406,0.000422819458,0.000446594633,0.000330267471,0.000505958259,0.000531762142,0.000406744875,0.000688808069,0.000512236584,0.000578035149,0.000627884697,0.00040886125,0.00043939515,0.000396259389,0.00027875851,0.00043085653,0.000426068101,0.000456946686,0.000352008173,0.000312465937,0.000347718059,0.000488208148,0.000332865242,0.000368609032,0.00082535485,0.000216185726,0.000432535777,0.000349085261,0.000337382134,0.000245672607,0.000242221261,0.000282922712,0.00126129834,0.000471911371,0.000544998929
0.000319985371,0.000443955733,0.000588136,0.000422851087,0.000377881377,0.000898775183,0.000532028105,0.000736479545,0.000413948049,0.000502029324,0.00096066473,0.000640834166,0.000961658994,0.000560153279,0.000538198359,0.00146357324,0.00037347529,0.00128495214,0.000439829077,0.000592140713,0.000603940368,0.000497368218,0.000532185887,0.00071792435,0.000913881893,0.000420149896,0.000531824049,0.000566844909,0.000576392212,0.000691475624,0.000466160926,0.000564468847,0.000214583006,0.000330953483,0.000465431156,0.000769427836,0.000721530504,0.000720918941,0.000503165884,0.000475943426,0.000447818242,0.00094922368,0.000669101434,0.000732296923,0.000760713633,0.000490035929,0.000867671386,0.00079117415,0.000342026541,0.000465787118,0.000324044487,0.000575472254,0.000257787619,0.000676496777,0.000779571552,0.00071160508,0.000540832824,0.000184845582,0.000293981827,0.00046547055,0.00088913992,0.000625417326,0.000388366271,0.000601086599,0.000498836063,0.000790293709,0.000429295464,0.000736717726,0.000403585566,0.00051537509,0.000678319864,0.000522226073,0.00093263738,0.000623978383,0.00066534276,0.000542141468,0.000671562782,0.000507056353,0.000570046978,0.000295358866,0.000728832226,0.00050173507,0.000532889984,0.00031586948,0.000398005891,0.000456678032,0.000620985229,0.000504031985,0.000417275101,0.000733015317,0.000230782066,0.000510422116,0.000395767412,0.000385488627,0.000364166348,0.000360032426,0.000259616525,0.00129831447,0.000601503956,0.000495458323
0.00042699555,0.000509164452,0.000570046852,0.000647848288,0.00049990947,0.00103429266,0.00072082957,0.000600230507,0.000582271356,0.00054894818,0.00121310282,0.000934011158,0.00115088775,0.000611143796,0.000551420444,0.00154843079,0.000316369813,0.0012428716,0.000418741141,0.000772383331,0.000681755841,0.000705796787,0.00067266642,0.000850624786,0.000903447303,0.000525857947,0.000628989165,0.000713716862,0.000667645842,0.000667864223,0.000558009016,0.000748330881,0.000537659323,0.000390069569,0.00045875786,0.00107126167,0.000767573002,0.000649410748,0.000753424935,0.000379723071,0.000490150151,0.00132749567,0.000679348373,0.0011575676,0.000783880022,0.000574483756,0.000981110749,0.000930145611,0.000421308706,0.000646024513,0.000499500891,0.000673447593,0.000280938455,0.000828700117,0.00122989937,0.000846262674,0.000656405885,0.000139178695,0.000365730963,0.00064730901,0.000947599263,0.000826876872,0.0005889286,0.000701357631,0.000653624041,0.000818560059,0.000605383279,0.000892856082,0.000416647144,0.000470809728,0.00073474498,0.000569164875,0.00101818939,0.000632140735,0.000985874674,0.00059279501,0.000865722039,0.000532456563,0.000514127332,0.000389319005,0.000891307596,0.000755805786,0.000745330126,0.000529881033,0.00043686175,0.000518508408,0.000516844177,0.000732231853,0.000526290884,0.000802199872,0.000461233267,0.000630318433,0.000499931454,0.000516553018,0.000400244715,0.000458357533,0.000378483064,0.0016179735,0.000815242367,0.000630431356
0.000568002298,0.000551433921,0.00066561508,0.000807143767,0.0006435004,0.0011319623,0.000887603142,0.000794754756,0.000588459285,0.000575776629,0.00178740003,0.000863600252,0.00120416846,0.000423517571,0.000470454088,0.00193790548,0.000394788727,0.00131050711,0.000454040704,0.00113734516,0.00072042488,0.000748951746,0.000762313207,0.000993983975,0.000934011429,0.000573452155,0.000837988317,0.0007899709,0.000900988504,0.000680615121,0.00055639826,0.000935349226,0.000734140864,0.000651595978,0.000399281462,0.00145038318,0.000851191609,0.000815494109,0.000967502141,0.000310767803,0.000606244574,0.00145693549,0.000751730984,0.00126059686,0.000802729777,0.000526718864,0.000888777218,0.00101739836,0.000557950606,0.000571428531,0.000471648942,0.000875951064,0.000329180958,0.000877323877,0.00174081458,0.000972813,0.000710714172,0.00015143881,0.000494927357,0.000732729,0.00103842121,0.000898055426,0.00056048152,0.000713793574,0.000756355722,0.000765072426,0.000629374507,0.00101279635,0.000504362643,0.000436032095,0.00105335906,0.000471651121,0.00131200406,0.000657630068,0.00108438072,0.000545094015,0.000846234255,0.00061124593,0.000629783793,0.000547236802,0.00109593174,0.000941337078,0.000811564956,0.000527082342,0.000478492713,0.000636132696,0.000564449035,0.00094518006,0.000448207099,0.000928807519,0.00055101872,0.00049036505,0.000718248368,0.000672146652,0.00025421997,0.000549176095,0.000414915681,0.0018137953,0.000890676585,0.00073797152
0.000510827291,0.000628758049,0.000538590048,0.000919150697,0.000649140016,0.0011258782,0.000920707275,0.000947379693,0.000743408416,0.000602475331,0.00215220409,0.00107907792,0.00122830423,0.000487884708,0.000461041479,0.00226443123,0.000428288135,0.0013085423,0.000497429955,0.00128260372,0.000785227713,0.00070902709,0.00066659285,0.000983341653,0.000889285365,0.000520177274,0.000978199019,0.000969914094,0.000933583556,0.00074680553,0.000608608636,0.00111317918,0.000800530292,0.000738593783,0.000598151771,0.0016367055,0.00109361319,0.000889135642,0.000896302172,0.000513142405,0.000774678575,0.00189997115,0.000786420196,0.00138236095,0.000822909312,0.000549335844,0.00086725124,0.000938034887,0.000600118232,0.000607483941,0.000517478735,0.000841611069,0.000248990369,0.0010063227,0.00212454294,0.00111925697,0.000672332574,0.000329580176,0.0004615553,0.000799868732,0.000903289664,0.00105332654,0.000613839594,0.000676004545,0.000715305874,0.000947761409,0.000740090673,0.0010634504,0.000470080201,0.000391871306,0.00132794842,0.000568827276,0.00138481094,0.000605226031,0.00118313869,0.00059549594,0.000869990912,0.000536995879,0.00112058162,0.000674545679,0.00139345735,0.00114710222,0.000802968217,0.000328155748,0.000580237913,0.000640306996,0.000590186164,0.00114335538,0.000640922118,0.000962385163,0.000629240816,0.000480281906,0.000706636411,0.000816579528,0.000331546956,0.000736660317,0.000398519975,0.00180937623,0.000805152455,0.00104149783
0.000565240469,0.000775146514,0.000585376508,0.000981558942,0.000643350636,0.00127126661,0.000948823685,0.00116774749,0.000671571803,0.000656832981,0.00230954184,0.00105893784,0.00109383963,0.000410268454,0.000422450067,0.00265933498,0.000407854859,0.00138649502,0.000476531099,0.00143263667,0.000946521715,0.000593576666,0.000666545006,0.00108287168,0.000758034557,0.000599520507,0.000809060778,0.00111076777,0.000898967875,0.000771048108,0.000661256828,0.0012758405,0.00101900244,0.000777279105,0.000823528565,0.00169902808,0.00101106277,0.00120040992,0.00133104504,0.000620000498,0.000837270179,0.00229568418,0.000739601631,0.00139140989,0.000957739647,0.000768880161,0.000785880788,0.000897182176,0.000699012768,0.00103692009,0.000622316057,0.00130058808,0.000240485878,0.00103802703,0.00224687966,0.00128377611,0.000728354448,0.000563263295,0.000474186479,0.000904103347,0.000933126377,0.00120099217,0.000786544125,0.000620383861,0.000574845043,0.000963102053,0.000707005151,0.00123036805,0.000661376116,0.000489386747,0.00152371831,0.000501653059,0.00125366153,0.000597158786,0.00126065463,0.000411401142,0.00117605819,0.0005625698,0.0016273995,0.000881832914,0.00149929709,0.00142220505,0.000838372247,0.000566689965,0.000603099875,0.000580619393,0.000729927886,0.00129533762,0.000616413629,0.000797496309,0.000742236376,0.000578335884,0.000886680689,0.00120147877,0.000452651972,0.000715307463,0.000463506515,0.00188295053,0.000955773198,0.00117086872
0.000710226443,0.000785082488,0.000637308515,0.00132343548,0.000763843528,0.00115978405,0.00124211099,0.0014376082,0.000607028833,0.000781452658,0.00208863992,0.00138051403,0.00101029279,0.000641971588,0.000465363325,0.00281179066,0.000442729181,0.00160814026,0.000582448651,0.00153826385,0.00101003602,0.000457665962,0.000733528973,0.00142232722,0.000760330247,0.00085814302,0.00101552027,0.00128883471,0.000984314741,0.000869765635,0.000925374993,0.00144215,0.00104732725,0.00110325052,0.000962218316,0.00187920343,0.00114779716,0.00143341079,0.0014712464,0.00068156977,0.000783187089,0.00256188594,0.000743470046,0.00175520547,0.00105028325,0.000963629619,0.000754692506,0.00103419378,0.000826980879,0.00106012638,0.00102103394,0.00145820839,0.000519750737,0.00127575351,0.00223423008,0.00139284793,0.000856489128,0.000551125081,0.000645077852,0.000917610054,0.000818106897,0.00141457639,0.000923727705,0.000639858514,0.000511705663,0.00110446991,0.0008099532,0.00114762632,0.000979431601,0.000533867144,0.00194734821,0.000709219093,0.00151106993,0.000582977021,0.00131242285,0.000386349074,0.00109395107,0.000759720981,0.00227000221,0.00120332953,0.0015706467,0.00159911404,0.00077998061,0.000620995912,0.000795018272,0.000634396327,0.00112949407,0.00121740229,0.00054396586,0.000609224739,0.00126730382,0.000378381692,0.0012152215,0.00159052482,0.000624957588,0.000780895243,0.000908906929,0.00219911903,0.00148075158,0.00160194315
0.000707664109,0.00100372872,0.000624696283,0.00133755728,0.000901776408,0.00128790163,0.00125963179,0.00149181053,0.00052403614,0.000923361823,0.00226569728,0.00136671614,0.00121048536,0.000705118987,0.000657365406,0.0023389883,0.000412654976,0.00176729198,0.000702297171,0.00175648139,0.000971783881,0.000501181111,0.000881057898,0.00120554595,0.000899539645,0.0010864855,0.00124102168,0.00131135264,0.00107976184,0.00105049578,0.0010040883,0.00168676392,0.00135850018,0.0015571923,0.00105485281,0.00173913069,0.00125391911,0.00141753298,0.00143196543,0.00104477772,0.000917690792,0.00237538439,0.000500214222,0.00151337561,0.00111727874,0.0011971534,0.000636499327,0.000985914278,0.000838095914,0.00124743628,0.00111416367,0.00206986279,0.000884517888,0.00159933122,0.00187039601,0.00151613616,0.000721550146,0.000665499213,0.000776177736,0.000989959302,0.00115104694,0.00141439349,0.000926321765,0.000553788926,0.000705169006,0.00125411889,0.000782528283,0.00112194999,0.00107480755,0.000507798464,0.00204100397,0.000631134581,0.00141713357,0.00102227944,0.00136445293,0.000427624386,0.000917495014,0.000608133529,0.00257069735,0.00152638053,0.00151436947,0.00161313518,0.000669437991,0.000821253859,0.00080775508,0.000554516266,0.00130586402,0.00118203441,0.000824966767,0.000662596688,0.00157819259,0.000344020774,0.00149430138,0.00180332843,0.000605284295,0.000962773394,0.00106367372,0.00237343378,0.00222285867,0.00237285867
0.000761265763,0.00100767398,0.00052922047,0.00177425512,0.000752728991,0.000875586565,0.00137440545,0.00155032993,0.000572824637,0.000966819361,0.00270375989,0.0016272413,0.00150149983,0.000763534117,0.00102338058,0.00210100795,0.0005192881,0.00199639782,0.000687652965,0.00186057174,0.000984251715,0.000617189033,0.000947417851,0.00150052659,0.00112263915,0.00109025886,0.0019685023,0.00170967828,0.00100942074,0.00137947386,0.00108957902,0.00157813678,0.00112055745,0.00178566793,0.00113731353,0.00194340802,0.00145750838,0.00154321055,0.00154146887,0.00100409653,0.0011083081,0.00242043986,0.000309741608,0.00184263696,0.00129330495,0.00103634433,0.000780823158,0.00106764322,0.00116224934,0.00174474729,0.00116982572,0.00270566596,0.00122455155,0.00168779416,0.00188926986,0.00147423893,0.000554815503,0.000716116172,0.000946243104,0.00082893794,0.00107698432,0.00138816014,0.00126757177,0.000484792423,0.000762310384,0.00135722085,0.000953927968,0.00119438483,0.00123915622,0.000548761251,0.00217147021,0.000763649756,0.00144872311,0.00117638152,0.00116858858,0.000778694528,0.000609244862,0.000661813451,0.00296826728,0.00177062648,0.00139751094,0.0018494266,0.00075924447,0.000930305327,0.000592838157,0.00052982173,0.00132864477,0.000972035323,0.00111856816,0.000498466137,0.00155775505,0.000298196016,0.00161108989,0.00195796245,0.000724361613,0.00107287926,0.00158805809,0.00309548541,0.00221752546,0.00279350681
0.000825832118,0.00154928398,0.000455977544,0.00166885597,0.000910672365,0.000922104268,0.00114840814,0.00169575574,0.000372207882,0.00114542573,0.00294142178,0.00165548485,0.00138707274,0.000839983432,0.000941215513,0.00220552496,0.000643655912,0.00162894361,0.000733437125,0.00223048192,0.000691920698,0.000672891239,0.00111349039,0.00193696004,0.00117243076,0.00144263356,0.00217507424,0.00192824825,0.0011411817,0.00168321086,0.00134149522,0.00177261138,0.00130142687,0.00213175006,0.00138087955,0.00203028482,0.00160965832,0.00196669286,0.00167689076,0.0011360665,0.00140997075,0.00214969758,0.000507528092,0.00178677884,0.00157393331,0.00108546946,0.00106202419,0.00107642613,0.00154915377,0.00201193798,0.00152134357,0.00291139195,0.00159476282,0.0020161291,0.00159463269,0.00142593501,0.000522508791,0.00094486835,0.000987675407,0.000570730008,0.00129422078,0.00122619161,0.00128311219,0.00052528319,0.000662306852,0.00163522105,0.000995065761,0.00122529025,0.00134668794,0.000821018802,0.00161758083,0.000916133719,0.00166361721,0.00137534279,0.0012249742,0.00120285196,0.0010671484,0.000813155291,0.00337549041,0.00231212396,0.00173751435,0.00256987306,0.000410374635,0.000923129654,0.000827310221,0.000497678317,0.00127366933,0.000981114102,0.00149489189,0.000623855967,0.0017445317,0.000569429585,0.00158215001,0.00189998994,0.00106382953,0.00112499983,0.00197339951,0.00333594324,0.0021461706,0.00354491715
0.00122382357,0.00175786519,0.000767286539,0.00225384472,0.000903260463,0.00138636523,0.00116087848,0.00120406716,0.000405441642,0.00100456544,0.00318883201,0.00179890213,0.00168052453,0.000813816308,0.000921999332,0.00303476449,0.000863930456,0.00149420869,0.000784861394,0.00236269711,0.000942950939,0.000812348699,0.00139535117,0.00210707956,0.00166303818,0.00168934306,0.0017907983,0.00226244441,0.00144902017,0.00219005866,0.00153070398,0.002089817,0.00114144933,0.00229151929,0.00149582046,0.00196239473,0.00177874165,0.00226346845,0.00138814295,0.00127828848,0.00143729761,0.00221183886,0.000953159024,0.00183705263,0.00171693849,0.000959693162,0.00124332277,0.00144053413,0.00139163293,0.00248734323,0.00189482244,0.00344421625,0.00186510207,0.00184187083,0.00136017422,0.00126126037,0.000433050455,0.000848290856,0.00137880238,0.000701755372,0.00158257284,0.00129060942,0.00128740152,0.000761785674,0.000985752602,0.00185353789,0.000906130668,0.00116675648,0.00185721979,0.000844594453,0.0014437259,0.000997641275,0.00165119736,0.00148269152,0.00115334926,0.00196979681,0.00106771138,0.00108781695,0.00396648072,0.00269750828,0.00167950913,0.0028912904,0.000491334524,0.00119091123,0.00109128878,0.000449559672,0.00135832671,0.000799360651,0.00160102474,0.000763289847,0.00256650904,0.000575272188,0.00161304392,0.0020495606,0.00115105423,0.00135501116,0.00220367591,0.00376872482,0.00199638508,0.00436165253
0.00121335607,0.00203982527,0.000738552167,0.00318317661,0.00109376523,0.00134048274,0.00123264002,0.000967119013,0.00063396048,0.00118156808,0.003535,0.00245877048,0.00192994217,0.000733209551,0.00119236854,0.00332373847,0.00102078832,0.00152998354,0.00112359505,0.00225722848,0.001017918,0.000976848858,0.00159457909,0.00268373462,0.00221827615,0.00185239407,0.00164473715,0.00308480491,0.00162539519,0.00255682358,0.00163839759,0.00209743616,0.00169983068,0.00223756781,0.00161015296,0.00217843337,0.00126050299,0.00194704138,0.00102830229,0.00136750746,0.00176643798,0.00198192535,0.0013641243,0.00148367995,0.0013392866,0.00115130128,0.00144106626,0.00144717748,0.00217791182,0.00291670303,0.00267397726,0.00403343943,0.00254262796,0.00189302049,0.000932561847,0.00135975111,0.000558554975,0.00101498355,0.00122225526,0.000847139324,0.00179533051,0.00125216674,0.00190439909,0.00106455131,0.0011630161,0.00226845607,0.00114759,0.000984445378,0.00261831153,0.00112994166,0.00146429693,0.00108813988,0.00182534348,0.00169834777,0.00131445752,0.00259304558,0.00115373511,0.000963389088,0.00403884959,0.00325423111,0.00162390254,0.00304545794,0.000718872862,0.0011397421,0.00143090884,0.000583260053,0.00159466649,0.00110789916,0.00200482242,0.000880798593,0.00309079634,0.000337219263,0.00164103449,0.00201815989,0.00142694127,0.00151886365,0.00249160728,0.00342216803,0.00202555641,0.00514443776
0.00114954443,0.0023908507,0.00080094038,0.0037831663,0.00128714148,0.00123636864,0.00125855793,0.00104133977,0.000636000004,0.00122523132,0.00414078365,0.00295659874,0.00207809794,0.000530224137,0.00129004708,0.00395171605,0.000902708893,0.00166021117,0.00109181155,0.00216875048,0.0013061891,0.00115231562,0.00191652789,0.00327196199,0.00280987984,0.00209753756,0.00168076079,0.00338294976,0.00175819428,0.00225225418,0.00143855534,0.00216974198,0.00211611782,0.00209051715,0.00182926748,0.00208444791,0.00108760149,0.00240460381,0.00105764156,0.00131061723,0.00157662335,0.00193419985,0.0016879407,0.00125944758,0.00143647726,0.00114571519,0.00203425935,0.00176623104,0.00242442835,0.0036567261,0.00219563441,0.0045607083,0.00271267842,0.00167469004,0.000743336597,0.00146122236,0.000696448697,0.00108729544,0.00136282745,0.00110275911,0.00203797476,0.00130521037,0.00198009533,0.00126050444,0.00154942641,0.00251046545,0.00107238794,0.00182619266,0.00235109349,0.00131969668,0.00181993394,0.000962360679,0.0017666019,0.00158011409,0.00197173845,0.00313359184,0.00132856042,0.00125800376,0.00428702615,0.0033733143,0.00111843548,0.00267820667,0.00117827904,0.00125182669,0.00176659136,0.000527594202,0.00167451367,0.00105680599,0.00189317952,0.000793733424,0.00344638682,0.000361571073,0.00151760588,0.00172823904,0.00164965247,0.00241191445,0.0030133704,0.00376314374,0.00202793886,0.00497512563
0.00101169036,0.00246470972,0.00114757866,0.00335755611,0.00104553867,0.00120948065,0.00146042945,0.00112385051,0.000688547875,0.00103151773,0.00463887585,0.00306416475,0.0024551155,0.00113237324,0.000923040257,0.00467183808,0.000862256622,0.00112439108,0.00127145785,0.00216907604,0.00151057424,0.00132041973,0.00216474771,0.00366603649,0.00273660579,0.00235664065,0.00156940094,0.00323546761,0.00145854417,0.00242248345,0.00173969545,0.00210333095,0.0027556308,0.00266578034,0.00173422665,0.00170803732,0.00126196417,0.00281689689,0.00130711416,0.00143010324,0.00164417859,0.00167289094,0.00196232691,0.000889975989,0.00152957573,0.00135363633,0.00215919478,0.00214277694,0.00220774676,0.00374490831,0.00276731017,0.00540690323,0.00299683041,0.00190839915,0.000400550183,0.00145381485,0.000843528045,0.00146001602,0.0012222206,0.00139201299,0.00241489937,0.00140940206,0.0019044533,0.00142126223,0.00196785588,0.00273071982,0.00126480178,0.00198135174,0.0027731527,0.00152959305,0.001924424,0.00104408267,0.00169185509,0.00158191917,0.00202236634,0.00403321646,0.00164780978,0.00124471014,0.00447959139,0.00386612569,0.00108446203,0.0027307437,0.00199719055,0.00161254557,0.00200850226,0.000843456272,0.00212219144,0.00124916729,0.00176244685,0.000690767722,0.00373177196,0.000608811508,0.00132406639,0.00114390103,0.00176317887,0.00254007245,0.0032611277,0.00413515642,0.00219699568,0.00512907463
0.00108643311,0.00190703482,0.00173288401,0.00333566665,0.000998625606,0.000913360035,0.00196301674,0.000961768242,0.000860160239,0.00123487256,0.00421808005,0.00341685307,0.00310049305,0.0013364133,0.00104679981,0.00496749075,0.00116836046,0.00127193983,0.0010257568,0.00228420047,0.00175131562,0.00127064456,0.00217812422,0.00485987871,0.00281104636,0.0025222216,0.00129326372,0.00317818671,0.00168107935,0.00317522088,0.00174094497,0.00223010085,0.00284629685,0.00314241974,0.00207277565,0.00145490163,0.00111769066,0.00327749648,0.00219565712,0.0018018009,0.00140004757,0.00222444105,0.00207789223,0.000592136166,0.00205115525,0.00137510362,0.00264483813,0.00241662467,0.00298280692,0.00395933903,0.00326346546,0.00589145813,0.00377985605,0.00202116418,0.000428763858,0.00118666102,0.0012440662,0.00180115379,0.00130765723,0.00169817891,0.0023355907,0.00177369897,0.00221058953,0.00165036238,0.00331952144,0.00294707245,0.00110510987,0.00209591921,0.00279394275,0.00163193899,0.00223380454,0.000751879982,0.00158478801,0.00159196802,0.00171494186,0.00386075861,0.00174702949,0.00105152798,0.00455136324,0.00380601828,0.00109890362,0.00203986094,0.00282127165,0.00165975252,0.00192929967,0.00100510671,0.00200164966,0.00157663128,0.00174824714,0.000617894725,0.00371046934,0.000895417107,0.00118806948,0.00108945793,0.00201254573,0.00272462747,0.00339212905,0.00399643795,0.00250362426,0.00517634958
0.00146814785,0.00139967003,0.00238032104,0.00330505961,0.00132907943,0.00111560827,0.00210689675,0.000895138737,0.000844707181,0.00171685411,0.00452428692,0.00289930905,0.00309930269,0.0018692826,0.00126295881,0.00592139804,0.00112135551,0.00187090402,0.00145454431,0.00165205291,0.00157728946,0.00121241756,0.00206451302,0.00638287643,0.00275482036,0.0026936897,0.00111053273,0.00432276354,0.00152671358,0.00353356841,0.00194694483,0.00210945122,0.00290265691,0.00371676466,0.00202092477,0.00154499904,0.00106660066,0.00362504559,0.00252329801,0.0026745258,0.0012302511,0.00204404721,0.00226985897,0.000498195835,0.00231600519,0.00189011928,0.00295618868,0.00283797815,0.00367405886,0.00398903213,0.00367696617,0.00638996843,0.00439056186,0.00176588957,0.00052583172,0.000998878924,0.00132005479,0.00260880896,0.00113278575,0.00195796182,0.00281303272,0.00273223681,0.00209747346,0.00200932852,0.00445836091,0.00272209926,0.00116959316,0.00275554074,0.00321445242,0.00213904041,0.00263262024,0.000531420113,0.00156107955,0.00130941299,0.00169216221,0.0039480734,0.00148514812,0.000972356905,0.00499937799,0.00441214734,0.00147427269,0.00234048248,0.0035886683,0.00232120724,0.0019008933,0.00101484118,0.00186845923,0.00156389645,0.00154376056,0.000464128446,0.00339961669,0.00101600099,0.00127064966,0.0012792628,0.00278480855,0.00245700259,0.00305869967,0.00388972933,0.0029247928,0.0051677911
0.00141604995,0.00094773896,0.00268817405,0.0038172982,0.00154299202,0.00147015991,0.00193879803,0.000803429844,0.000813672481,0.00192444934,0.00407531834,0.00346307826,0.00345193858,0.00209487497,0.00148075264,0.00581314215,0.000665424969,0.00211000426,0.00140127693,0.00115835385,0.00162667378,0.0012843576,0.00191650217,0.00710067528,0.0033472854,0.00261455468,0.00116470393,0.00457775717,0.00149233674,0.00350149221,0.00242749659,0.00258740739,0.00325097859,0.00366153122,0.00234192129,0.00175438897,0.00151975395,0.00355257519,0.00268817387,0.00337441843,0.00177571163,0.00210644797,0.00227394106,0.000921295863,0.00245431983,0.00173356332,0.0027420988,0.00271665417,0.00414829788,0.00322581324,0.00416372414,0.00797836857,0.00476585657,0.00167381025,0.00110741657,0.000921535321,0.00125849143,0.00316540602,0.00107904039,0.00156098323,0.00308858808,0.00372677083,0.00207146913,0.0018310053,0.00561230845,0.00222570956,0.00123524818,0.00288145041,0.00382409772,0.00253236252,0.00225860966,0.000839514306,0.00124378187,0.00167317189,0.00136298507,0.00396881817,0.0017786552,0.00146412952,0.0050826541,0.00320906381,0.00174714053,0.00243871511,0.00403961623,0.00247956399,0.00187578513,0.00133672001,0.00197576651,0.00179733992,0.00213219276,0.000423132053,0.0039491308,0.00092605113,0.00121621613,0.00175604132,0.00253063429,0.00261024779,0.00388134486,0.00302855403,0.00285242745,0.0056194791
0.00176803394,0.0012871888,0.00210874947,0.00359413531,0.00117044776,0.00123666385,0.00232693319,0.000838691646,0.000993047485,0.00218867593,0.00448793377,0.00307274124,0.00364197135,0.00261521125,0.00147253798,0.00508794613,0.000986888245,0.00174698278,0.00147769737,0.00136631764,0.00171037449,0.00121228301,0.001716,0.00800999829,0.00324149297,0.00277981219,0.00151362508,0.00561638621,0.001570978,0.00326748454,0.0024025668,0.00244482913,0.00266605409,0.00395871803,0.00269887965,0.00141482695,0.00173332943,0.00342272442,0.00330979703,0.00505207713,0.00191408079,0.00191683577,0.00262866908,0.00138026153,0.00215085021,0.00155126489,0.00265473202,0.00283848605,0.00405498973,0.00385424142,0.00470360315,0.00926192076,0.00483544782,0.00168114111,0.001612433,0.000691275505,0.00131856827,0.0033585803,0.00113895162,0.00160127981,0.00346402977,0.00435697068,0.00173820093,0.00170527273,0.00737790743,0.00208651608,0.00130548472,0.00257400099,0.00472199456,0.00249303281,0.00246378641,0.00101611231,0.00146434122,0.00206277074,0.00182787509,0.00363554935,0.0019223641,0.00129810299,0.00614525867,0.00323670242,0.00167363958,0.00203969986,0.00455410205,0.00223901387,0.00165348252,0.00154842494,0.00222623959,0.00146407719,0.00182743462,0.000740084454,0.00323761491,0.00124120774,0.00143348727,0.00169323854,0.00244310991,0.00221523335,0.004604587,0.0032374635,0.00269499267,0.00531989133
0.00244770242,0.00120246316,0.00160332794,0.00362844825,0.000909642619,0.00113140356,0.00272892736,0.00116550341,0.000890471833,0.00229648332,0.00431234155,0.00297530734,0.00412128402,0.00389222029,0.0015405928,0.00366021562,0.00135972084,0.00212572083,0.00141183032,0.00168659887,0.00175772603,0.0015574129,0.00166666582,0.0110197067,0.00333178394,0.0023176771,0.0018777246,0.00643368023,0.00165016538,0.0040291395,0.0024159662,0.00277739469,0.00282850962,0.00353825968,0.00313521693,0.000873361994,0.00182841153,0.00327804303,0.00385802266,0.00621168232,0.00226276995,0.00204241531,0.00188160586,0.0012923606,0.0022710031,0.00205882559,0.00284720487,0.00303164323,0.00397974661,0.0034809653,0.00526150702,0.0102656959,0.00431162514,0.00163132193,0.00182149257,0.00114695258,0.00109739216,0.00376789891,0.00106512636,0.00154256341,0.00441245149,0.00425598759,0.00195721631,0.00193884962,0.00827679404,0.0021888182,0.00143983006,0.00266075489,0.00632558709,0.00269905888,0.00240982406,0.00152648118,0.00138696301,0.00251019616,0.00157852942,0.00296088274,0.00226255675,0.00175326863,0.00605928726,0.00345125122,0.00189491859,0.002471405,0.00467422357,0.00227006721,0.00180505333,0.00149253802,0.00192137365,0.00141178032,0.00163822808,0.000455028071,0.00301425765,0.00173888156,0.00122100046,0.00160842061,0.00233201951,0.00231515974,0.00433856079,0.00377003146,0.00250292031,0.0060232224
0.0036388953,0.00110063054,0.00204325429,0.00350556485,0.000946223471,0.0010293369,0.0030670012,0.00121858387,0.00105996143,0.00232867724,0.00356633322,0.00250744229,0.00457386521,0.0040303839,0.00193423464,0.00272086944,0.00143609383,0.00204466625,0.00118220702,0.00242131034,0.00151034767,0.00176236938,0.00144439118,0.0134587348,0.00315075428,0.00194963916,0.00195832504,0.00692375014,0.00255468825,0.00381134036,0.00301604009,0.00307670003,0.00287502239,0.00392610261,0.00358114753,0.00104916006,0.00206947836,0.00325609398,0.00305663151,0.00850629883,0.00232767848,0.00198314397,0.00180180166,0.00149410068,0.00214831095,0.00236029096,0.00254976321,0.00368606487,0.00379304521,0.00378907279,0.00547717614,0.0092082561,0.00378787812,0.00147790799,0.00186799465,0.00118518497,0.00143266197,0.00447269642,0.00144023331,0.00163471183,0.00425224639,0.00440529105,0.00245274468,0.00201456853,0.0101441314,0.00213349805,0.00166349627,0.00274724966,0.00810507216,0.00216182868,0.00303708699,0.00228814603,0.00225587938,0.00230225506,0.00164880237,0.00262510481,0.00282966233,0.00197758767,0.00617190673,0.00368514275,0.00250492075,0.00256184917,0.00463725046,0.0022167898,0.00183569976,0.00141799582,0.00191865111,0.00159821095,0.0017169839,0.000948017943,0.00252177765,0.00193971721,0.00147347857,0.00151790964,0.0024494738,0.00167862258,0.00411883396,0.00333713428,0.00210415712,0.00575844709
0.00474009273,0.00114435318,0.00178635138,0.00398914949,0.00181338588,0.00142576899,0.00454914731,0.00140405382,0.00138355146,0.00273832058,0.00294213672,0.00234173293,0.00539737928,0.00335945862,0.00274222891,0.00246306117,0.00150451239,0.0020903683,0.00093124275,0.00298507251,0.00138803313,0.00179909922,0.00149551116,0.0180592886,0.00274679309,0.00184532754,0.00144277299,0.00791456243,0.00368942276,0.00407100098,0.00304275125,0.00344930921,0.00263434781,0.00365369476,0.0036019799,0.00108729517,0.00229182477,0.00270269951,0.00349533797,0.00943890767,0.00201519207,0.00226008601,0.0018621965,0.00154990759,0.00290215079,0.00237041945,0.00214776352,0.00420495311,0.00399061599,0.0040078578,0.0052658766,0.0100309913,0.00339454012,0.0018524464,0.00142022858,0.000917149224,0.00191683608,0.00482972723,0.00183547323,0.00204595491,0.00488379956,0.00397833011,0.00252113428,0.00192493144,0.0112010395,0.00211797621,0.00237588179,0.00357475954,0.0098690741,0.00189393736,0.00403291993,0.00267163251,0.00235808975,0.00270635645,0.00167982984,0.00222984399,0.00274947319,0.00202462864,0.00624903208,0.00337787381,0.00277366727,0.00286748841,0.00419972021,0.00181074077,0.00204018086,0.00148490181,0.00194583764,0.00133623309,0.00162481073,0.00114043818,0.00316506062,0.00202555671,0.001185436,0.00174243625,0.00268859965,0.0015520719,0.00468474182,0.00318844985,0.00235336405,0.00503699587
0.00573979207,0.00171262104,0.00185425663,0.0037729647,0.00206682813,0.00185150929,0.00525525776,0.00177878702,0.00172009231,0.0026371331,0.00298013486,0.00306341989,0.00620610577,0.00413017894,0.00335224112,0.00234742182,0.00174855913,0.00195535128,0.000639692441,0.00322416791,0.00184858074,0.00198200903,0.00198652403,0.0210308638,0.00144952283,0.00156440097,0.00122729461,0.00824822796,0.00404572842,0.00334057398,0.0033478708,0.00390804929,0.00235934375,0.00361723785,0.00442272137,0.000954047281,0.00236369514,0.00239349149,0.00337896257,0.00966976609,0.00245175744,0.00218340852,0.00170316417,0.00159260916,0.00344708376,0.0024131256,0.00272646938,0.00456405788,0.0031712506,0.00366394444,0.00442424033,0.0113732145,0.00319642006,0.00200568151,0.00162232149,0.000637653008,0.00183936007,0.00448771881,0.0024221444,0.00264070107,0.00551439942,0.00397030428,0.00198291478,0.00196721043,0.0118636432,0.0025974039,0.00267564158,0.00317007539,0.0130785657,0.00178513508,0.00479205589,0.00393371205,0.00338835821,0.00261232716,0.00171585107,0.00219490889,0.00311707098,0.00190344313,0.00678661755,0.00364464514,0.00283822524,0.00298601381,0.00457684178,0.00186325345,0.00209677189,0.00120814352,0.00219261793,0.0015753522,0.00201737809,0.00149179449,0.00322208107,0.00272610358,0.00124978005,0.00198938814,0.00283998665,0.00198633658,0.00477791828,0.00371009591,0.00246072096,0.00540098236
0.00714169404,0.00192847388,0.00211416751,0.00354909572,0.00232142534,0.00172150315,0.0066242234,0.00215910499,0.00188619902,0.00217746134,0.00290647796,0.0033419047,0.00661129706,0.0041551227,0.00394945273,0.00130118037,0.0016336887,0.0025184693,0.000826174093,0.00367068797,0.00310402142,0.00227414975,0.0018580809,0.025670251,0.00121085941,0.00179662244,0.00101764023,0.00722892103,0.0042155353,0.00387140434,0.00354039708,0.00377995887,0.00183654884,0.00349292661,0.00447985213,0.000660392305,0.0028832269,0.00196335245,0.00439540714,0.0102791467,0.00195886615,0.00230857926,0.0017826833,0.00195918412,0.00387457845,0.00224401419,0.00245097866,0.00484203895,0.00295908126,0.00414722107,0.00429278649,0.0119338014,0.00364372265,0.00223713674,0.00132362453,0.000972288564,0.00141687847,0.00517090095,0.00286225579,0.00230336003,0.00579354552,0.0041115459,0.00250116709,0.00168321912,0.0133743288,0.00310246925,0.00367383,0.00281577019,0.0150361548,0.00235650816,0.00635592945,0.00510821832,0.00356188096,0.00270514214,0.00193935331,0.00206092917,0.00275621987,0.00194140217,0.00719079002,0.00380633048,0.00275319198,0.00310457565,0.00438153349,0.00192371969,0.00301204769,0.00107700571,0.0024509815,0.00216411516,0.00209037314,0.00118865558,0.00423800166,0.00309648321,0.00168444929,0.00190641028,0.00268111704,0.00196014005,0.00454545462,0.00408671139,0.00197277811,0.00500166397
0.00805258653,0.00194862913,0.00198846871,0.00392396239,0.00279329653,0.00218210331,0.00746527739,0.00196783206,0.00240693049,0.00223380187,0.00227550926,0.00318810078,0.00750960139,0.00442791898,0.00486574251,0.00132672889,0.00142558436,0.00260733627,0.0008563095,0.00339892986,0.00517362488,0.00207502215,0.00217864868,0.0293667456,0.00142831861,0.00198771094,0.00122399004,0.00786369757,0.00418888024,0.00367647599,0.00307045438,0.0034722251,0.00206108168,0.00354170445,0.00498421876,0.00119210084,0.00263028264,0.00158465435,0.0048481568,0.0106674517,0.00168947047,0.00277667501,0.0026073303,0.00183089219,0.00382105863,0.00279898135,0.00252194983,0.0047366668,0.00272024864,0.00352360138,0.00389883144,0.0130310473,0.0036148641,0.00230782953,0.00119555795,0.000997339191,0.00196850234,0.00525457303,0.00258588919,0.00219567815,0.00621570936,0.00382583914,0.00285487687,0.00240137677,0.0128946587,0.00379965127,0.00375182576,0.00293877526,0.0161047811,0.00169175953,0.0066871481,0.00755153554,0.00431887878,0.00238794716,0.00215982889,0.00231910966,0.00238341504,0.00232350328,0.00636630539,0.00350076147,0.00327465606,0.00268636661,0.00487513064,0.0019722163,0.00343642323,0.00111524368,0.00305425522,0.00261242749,0.00149949959,0.00190015227,0.0056328105,0.00309260723,0.00215855227,0.0021463076,0.00265472021,0.00270270385,0.00511170138,0.00398221901,0.00222402168,0.00511945143
0.00931315155,0.00290697551,0.00251306451,0.00394930937,0.00285659977,0.00221595155,0.00730967587,0.00201084271,0.00228534348,0.00225351666,0.00212653049,0.00288704386,0.00813439614,0.00366367608,0.00646949734,0.00107797175,0.0012685397,0.00247963073,0.00124688241,0.00327570781,0.00629609525,0.00243308966,0.0022136197,0.0307400961,0.0014574631,0.00222800025,0.00125990053,0.00797078101,0.00353982496,0.00311958224,0.00278779839,0.00354490431,0.00229269832,0.0031112704,0.00551783188,0.00175623125,0.00217500463,0.00186094056,0.00712251588,0.0115745321,0.0022542002,0.00306748015,0.00334682913,0.00170619296,0.00371640612,0.00321124729,0.00338950985,0.00502675258,0.00294642831,0.00292916589,0.00432550149,0.0128950163,0.00462029413,0.0034463956,0.00103967991,0.00118885817,0.00234152837,0.0059723756,0.00289611147,0.00205614326,0.00679447772,0.00392478593,0.00306798215,0.00211155781,0.0132492196,0.00386506959,0.00418728042,0.00367217296,0.0162922606,0.00155413821,0.00742301724,0.00962403136,0.0052092871,0.00215800062,0.00219619392,0.00246071785,0.00252701538,0.00237529544,0.00654356051,0.00279763777,0.00405657813,0.00209241661,0.00520099076,0.0019403797,0.00327086214,0.00150687372,0.003645643,0.00286423326,0.00259426258,0.00227990156,0.00717267924,0.00340361696,0.00262679138,0.00165806952,0.00286050476,0.00278599966,0.0044572104,0.00369178347,0.00285480823,0.00638150558
0.00952782774,0.00350036809,0.00253807232,0.00400728276,0.00353495489,0.00266502445,0.00704606811,0.00171202172,0.00231519483,0.00206883553,0.00196639205,0.00202391954,0.00863620755,0.0036954978,0.007142853,0.000905469205,0.00108588197,0.00223453773,0.00109930301,0.00315282003,0.00706187724,0.00235611269,0.00261779865,0.0323935332,0.00166759248,0.00186985976,0.00148671175,0.00907688437,0.00347293102,0.00294525173,0.00298160947,0.00411593337,0.00213219455,0.00301148573,0.00493592019,0.00197344496,0.00185466573,0.00215963697,0.00842044409,0.0126196112,0.00216606563,0.00333959222,0.00338862207,0.00175623342,0.0035321789,0.00430277204,0.00420419832,0.00574713467,0.00369501861,0.0029027527,0.00414163927,0.0140654825,0.00492526565,0.00426557966,0.00106628883,0.00174825063,0.00256147473,0.00682852416,0.00298077103,0.00190390022,0.00795933358,0.00409149587,0.00311782557,0.00195973741,0.0122812518,0.00393137628,0.00407925398,0.00412527475,0.0154666462,0.001598012,0.00643790754,0.0114745176,0.0069624927,0.00251596747,0.00213634844,0.00312377646,0.00227630669,0.0021563376,0.00647523136,0.00312061016,0.00462184175,0.00198591843,0.00417953869,0.0016260139,0.00318529394,0.00190476064,0.00448800374,0.00301439332,0.00388830409,0.00198198029,0.0102003284,0.00321979661,0.00294365049,0.00172084315,0.00287259267,0.00497954853,0.00503119708,0.00342331825,0.00281308979,0.00723743644
0.00928291472,0.00450280974,0.00295195728,0.00384192989,0.00457782784,0.00335008136,0.00606728358,0.00145852111,0.00258634708,0.00244544735,0.0014432628,0.00225988803,0.00884874926,0.00397426292,0.00808752776,0.000907769621,0.00178288249,0.00238095255,0.00114046758,0.0024381108,0.00772900187,0.00308060972,0.00205915538,0.0344161629,0.00150971965,0.00149142423,0.00169747153,0.00883948738,0.00292703724,0.0031785292,0.00318899224,0.00381216126,0.00215940284,0.0034715486,0.00531693598,0.00203176699,0.0015477211,0.00222103682,0.0103195007,0.0128205372,0.00258112505,0.00277067424,0.00435019545,0.00161434854,0.00276080166,0.00445474314,0.00448064813,0.00685848302,0.00379677583,0.0025500879,0.00430310687,0.0157053123,0.00459730993,0.00347483067,0.00177967783,0.00213447314,0.00343937949,0.00690978743,0.00347423087,0.00165349833,0.00812769545,0.00433308556,0.00329326359,0.00180408007,0.0108517016,0.00373405448,0.00381373251,0.0043679379,0.0173905429,0.00126788927,0.00534147786,0.0140883397,0.00863200584,0.00215559435,0.00216864475,0.0039643213,0.00159772564,0.00219338597,0.0068132372,0.00300252533,0.00501173346,0.00222551947,0.00369480031,0.00202243028,0.00298618958,0.00211579341,0.00493962762,0.00327381125,0.00446907861,0.00201133927,0.013134499,0.00316131302,0.00330772845,0.0023654633,0.00197221565,0.00502007491,0.00537743757,0.00299461062,0.00333548879,0.00711743808
0.00887931373,0.00475835188,0.00429798754,0.00352374,0.00468749247,0.00297872412,0.00642337911,0.00157670093,0.00348580313,0.00242130673,0.0018014773,0.00210164004,0.00826902202,0.00381679548,0.00750522448,0.00146681496,0.00170306774,0.00296571061,0.00115540129,0.00266210086,0.00880247364,0.002811455,0.00236205248,0.0359345528,0.0015223605,0.00148285675,0.0023028215,0.00809896738,0.00275540256,0.00319149145,0.00257732056,0.00438365981,0.00371020903,0.00391006649,0.00551876635,0.00245468366,0.00157811463,0.00210007108,0.0120616317,0.0119221656,0.00229841093,0.00236660801,0.0044004396,0.00127924137,0.00258038358,0.00485175861,0.00470444137,0.00717905572,0.00358851532,0.00238488485,0.00440436557,0.016026874,0.00502384677,0.00367577779,0.00197806286,0.00235592495,0.00359280823,0.007480082,0.00359083938,0.00168886727,0.00818853579,0.00420811347,0.00312397345,0.00163636271,0.0111016955,0.00388888718,0.00348074909,0.00444637728,0.016547418,0.00129629428,0.00477555424,0.0165971605,0.0100189074,0.00207880042,0.00154649095,0.00386571532,0.00176928908,0.00201576193,0.00762940955,0.0027256641,0.00526315518,0.00264051379,0.00377429882,0.00224006211,0.00283178874,0.00232243089,0.0061153618,0.00433555785,0.00507245875,0.00223089609,0.0152745046,0.00361010881,0.00338123173,0.00218861671,0.00223060629,0.00520253634,0.00574365486,0.0031991701,0.00426509474,0.00758521549
0.0090548468,0.00534408873,0.00649351503,0.00401944843,0.00549218467,0.00294823836,0.00606796093,0.00178370019,0.00339962481,0.00166914137,0.00233812884,0.00252427293,0.00719160284,0.00373993054,0.00822336927,0.00203552682,0.00170443019,0.00328084183,0.00175063559,0.00210284793,0.00765606883,0.00266240964,0.00226543367,0.0356147582,0.00211945655,0.00165441579,0.00268147783,0.00804577322,0.00193174403,0.00254870084,0.0027003418,0.00492994053,0.00517476545,0.00455355855,0.00535866892,0.00269645522,0.0014164324,0.00196151477,0.0141471315,0.0100401661,0.00233872135,0.00197152252,0.00467027375,0.00203628287,0.00259015856,0.00561693974,0.00527202969,0.00765130265,0.0028497873,0.00204613256,0.00480467559,0.0164792646,0.00485184157,0.00425571575,0.00172351127,0.00257636695,0.0039703047,0.00768931581,0.00426687759,0.00228440436,0.00925741075,0.0034602107,0.00280296479,0.0016599056,0.0098174361,0.00326675206,0.00329421124,0.00652601138,0.0162579272,0.00168697033,0.00466926817,0.0185218525,0.012146927,0.00168250004,0.0021404922,0.00326065423,0.00215207841,0.0022193392,0.00878405199,0.00292159892,0.0064687113,0.00267583863,0.00361492326,0.00280688603,0.00200879931,0.0024980818,0.00696715491,0.00497158584,0.00512539459,0.00243719938,0.0171128114,0.00314409994,0.00318945222,0.00159584895,0.00196749146,0.0052552561,0.00750751459,0.00221752722,0.00509741315,0.00750133147
0.00949043495,0.00454975567,0.00771287697,0.00387596927,0.00702576348,0.00252691761,0.00437678717,0.00207939595,0.00402742996,0.00146145669,0.00172008038,0.00216237832,0.00602522427,0.00375433271,0.00965624005,0.00147710401,0.00261885206,0.00298953636,0.00155399941,0.002138829,0.00755467481,0.00217391244,0.00207860559,0.0389474843,0.00195198011,0.00145692753,0.00268199823,0.00950960958,0.00237375782,0.00261877629,0.00328480111,0.00456110346,0.00560819649,0.00522270354,0.00521318376,0.00344827462,0.00160800437,0.00280793924,0.0168084271,0.00831755012,0.00296149942,0.00177265549,0.00398936809,0.00207625193,0.00277117517,0.00602863808,0.0059790674,0.00817799346,0.00249722662,0.00167941798,0.00525872201,0.0182029491,0.0048169614,0.0042996428,0.00173041708,0.00352570386,0.00412159281,0.00715406132,0.00447383431,0.00228658715,0.00803662356,0.00314405408,0.00265339784,0.00224551086,0.00963994817,0.00246538954,0.00211416022,0.00732633672,0.0178929678,0.00151946987,0.00465838146,0.0201919288,0.0146530503,0.00188941736,0.00193237002,0.00346585556,0.00327868641,0.0020257824,0.00799264117,0.00279835176,0.0079063941,0.00287962869,0.00297847738,0.00292618376,0.00172678579,0.00229753151,0.00749421702,0.00539643389,0.00561692926,0.00355539134,0.0198520184,0.00266287717,0.00315922751,0.00159172025,0.00102301794,0.00622962541,0.00910727563,0.00269106485,0.00514167508,0.00804433206
0.00845095055,0.00477828575,0.00835515367,0.00366747851,0.00771997093,0.00235531773,0.00422995393,0.00226244309,0.00357765986,0.00179662186,0.002534393,0.00217477546,0.00544600659,0.00323085997,0.00832702135,0.00165441502,0.00260834753,0.00296460886,0.00155430358,0.00235525305,0.00793650198,0.00218619473,0.00216817536,0.0385265651,0.00215348015,0.00162601249,0.00286642537,0.0105855368,0.00305743498,0.00263554407,0.00384890875,0.00434339084,0.00760381557,0.00573576262,0.00492051638,0.00368819645,0.00142196845,0.00285823551,0.0174488593,0.00826532469,0.00341914431,0.00246305217,0.0032424117,0.00176090481,0.00258038575,0.00627973533,0.00624462439,0.00825053637,0.00249814793,0.00148312907,0.00527622718,0.0195674967,0.00530786164,0.00434867053,0.00146627221,0.00402245389,0.00503928355,0.00709701571,0.00577923624,0.00248091652,0.00717606712,0.00251159208,0.00282111116,0.0024923334,0.0101303742,0.00324861757,0.00193507034,0.00855167903,0.0183485915,0.00144036902,0.00409197477,0.0198327205,0.0154766728,0.00191223683,0.00219006066,0.00310431038,0.00371540162,0.0021990123,0.00889004344,0.00263114765,0.00878462455,0.00309298034,0.00377687955,0.00220306541,0.00267943132,0.00249281355,0.00870917743,0.00462281676,0.00528600304,0.00340072023,0.0197368392,0.00233560425,0.00389184152,0.00139358786,0.00119760271,0.0077142895,0.0117172109,0.00298606543,0.00545749831,0.0081119608
0.00762300604,0.00516747024,0.00825377252,0.00430953581,0.00778128452,0.00204871625,0.00424629031,0.00245886103,0.00395430763,0.00178411904,0.00237790506,0.00237435529,0.00481676849,0.00322139544,0.00793499435,0.00198162748,0.00363342499,0.00259499733,0.00133715306,0.00217778975,0.00882774576,0.00237529457,0.00180883769,0.0370079049,0.00235063231,0.00162396032,0.00305576406,0.0115325833,0.00308302039,0.0024928128,0.00433100264,0.00422225062,0.00877023348,0.00654553286,0.00416828514,0.00333872786,0.00162279004,0.003655256,0.0187061586,0.00763438778,0.00384381361,0.00235902196,0.00268405109,0.00148162674,0.00294406421,0.00606235611,0.00635546599,0.00652251174,0.00257684133,0.00165198346,0.00518779311,0.0186274567,0.00611951168,0.00374163038,0.00148340645,0.00474742207,0.00583690253,0.00656348326,0.00584007645,0.00360053189,0.00693747265,0.00296707203,0.00263591557,0.00231973445,0.0111487712,0.00288405947,0.00217202208,0.00990548257,0.0188926614,0.00182657244,0.00394632498,0.0182236174,0.0165375,0.0016319851,0.00268966222,0.00332156556,0.00385918898,0.00247706261,0.00862515037,0.0024867337,0.00831622256,0.00314033539,0.00385505462,0.00258967681,0.0026585613,0.00286095293,0.00866462224,0.00470386765,0.00519260312,0.00361629194,0.0223035003,0.00196183029,0.00383527938,0.00119617097,0.00119067849,0.00754392672,0.015704787,0.00360279194,0.00529709694,0.0078663593
0.00909563763,0.00484515562,0.00736025836,0.00424849535,0.00880503153,0.0016073485,0.00440444337,0.00301659159,0.00352050338,0.00210637202,0.00253899226,0.00281633862,0.00518476953,0.00265852757,0.00828414249,0.00195277692,0.00278385628,0.00290065548,0.00209843632,0.00218905587,0.00732865477,0.00167504273,0.00198600329,0.0363074154,0.00200279915,0.0014280638,0.00285334323,0.0107156547,0.00309940277,0.00154410482,0.00349907291,0.00348579538,0.0103119426,0.00688251317,0.00460242321,0.00387438497,0.00180244969,0.0038789726,0.0207288689,0.00976763563,0.0053116909,0.00249457771,0.0019227065,0.00192346526,0.00232287835,0.00554582584,0.00642948893,0.00608882111,0.00237356513,0.0016504663,0.00490998773,0.019243178,0.00577029123,0.00474121024,0.00148367982,0.00403613876,0.00711064537,0.00644531951,0.00663112905,0.00350047493,0.00651272282,0.00218839033,0.00190934693,0.00293599625,0.0108989359,0.0028226563,0.00240227006,0.0111274541,0.0205453715,0.0023891404,0.00338578418,0.0166396379,0.0161005948,0.001620745,0.00253485764,0.00353283438,0.00347875419,0.00258207399,0.00801910883,0.00265604578,0.00920121356,0.00294579398,0.00331448848,0.00290866785,0.00314166117,0.00288406161,0.00821999732,0.00496759927,0.00489067302,0.00287521405,0.0211862234,0.00232724676,0.00319042966,0.000993050011,0.00117964043,0.00855025789,0.0183022245,0.00311274428,0.00483314775,0.00848996566
0.00935461407,0.00480860283,0.00779707429,0.00512430944,0.00800249491,0.00159452891,0.00322457966,0.00332963773,0.00351864727,0.00226323392,0.00306637675,0.00284552997,0.0046702807,0.00312561113,0.00774460872,0.00246478679,0.00318217566,0.00324968447,0.00191460962,0.0021589796,0.00817355586,0.00149784687,0.00217761732,0.0358687063,0.00178146968,0.00158982356,0.0026435055,0.009957468,0.00337913918,0.00173711704,0.00354213661,0.00330116384,0.0103226384,0.00762485679,0.0050325603,0.00413393129,0.00159010275,0.00567292341,0.0195594452,0.0101958459,0.00596065687,0.00255536621,0.00211294396,0.00174645342,0.00211905061,0.00433667867,0.00585406742,0.0058463672,0.00288445179,0.0014440408,0.00499286504,0.0175387721,0.00593912789,0.0052185917,0.00255924088,0.00546605321,0.00652741707,0.00597763569,0.00658146131,0.00313061731,0.00841943949,0.001795501,0.00207159542,0.00296032828,0.0106254837,0.0032410123,0.00261608637,0.0117238817,0.0197193962,0.00295013207,0.00347359527,0.0148745402,0.0166728625,0.00141614305,0.0033321294,0.00482788419,0.0042213846,0.00328766967,0.00745881152,0.00299500597,0.00992851161,0.00271949932,0.00311951633,0.00255754214,0.00304703781,0.00251207848,0.00753176152,0.00522761424,0.00425250099,0.00309777775,0.0229148179,0.00145032806,0.00273704744,0.00136107238,0.00115779326,0.00709626276,0.0204396264,0.00302465738,0.00454132127,0.00948439448
0.0102494029,0.00432412113,0.00848118994,0.00568182134,0.00928437319,0.00180220865,0.00390770065,0.00331186974,0.00457826773,0.00271692817,0.00356442864,0.00225178967,0.00444772853,0.00353356443,0.00612976205,0.0020728949,0.00364298269,0.00288756907,0.00191570937,0.00182132179,0.00850374278,0.00140818567,0.00198449911,0.0340732273,0.00175063393,0.00175654025,0.00352635754,0.010122637,0.00343092031,0.00183185676,0.00361177915,0.00336983931,0.00988539886,0.00766356217,0.00564580057,0.00443665541,0.00150522209,0.00666928107,0.0208568608,0.0130357509,0.00578091359,0.00277718659,0.00245932504,0.00123482313,0.00245746751,0.00352609948,0.0057423294,0.00561697438,0.00315258517,0.00225428527,0.00442032815,0.0193089445,0.00495235129,0.00551616094,0.00276032473,0.00672688642,0.00618483486,0.00592168141,0.00668927191,0.00306091402,0.0103558617,0.001874769,0.00166750103,0.00293829255,0.0104299299,0.00305539211,0.00253136955,0.0130237688,0.0198555125,0.00373921904,0.0031335703,0.0134919077,0.0164375674,0.00220264102,0.00331897818,0.00507561531,0.00396825601,0.00356619689,0.0075810474,0.00266934007,0.0113881798,0.00269282795,0.00265486722,0.00298270463,0.00374351349,0.00307278263,0.0067927291,0.00414847675,0.00367369758,0.00230946993,0.0237710832,0.00137766091,0.0026948994,0.00210687344,0.00148196812,0.00669343742,0.0223380949,0.0034891816,0.00492170607,0.0101709285
0.0109720601,0.00421427262,0.00827309974,0.00518134138,0.00913865498,0.00178015198,0.00455729239,0.0036218752,0.00548575988,0.00250878228,0.00419213837,0.00184464,0.00371402465,0.00338425538,0.00501324219,0.00221163711,0.00362027012,0.00283104428,0.00230326606,0.00160711102,0.00851456429,0.00121155661,0.00264300621,0.0316927666,0.00172116913,0.00190575147,0.00297895996,0.00999804682,0.00349568836,0.00192123029,0.00354676241,0.00397975658,0.00936540434,0.00732431313,0.00696794318,0.0042806447,0.00164959007,0.00743348389,0.0212316459,0.0149224833,0.00535018949,0.00348027841,0.00234830214,0.000625130822,0.00264800426,0.00312059861,0.00619962687,0.00423118266,0.00341665704,0.00242762174,0.00390155797,0.0179283082,0.00504281447,0.00607247784,0.00246445118,0.00805534306,0.00705861147,0.0055016825,0.0063315001,0.00265604177,0.0112642019,0.00177304968,0.00165590251,0.00189355913,0.00805914355,0.00353773071,0.00308505808,0.0129179295,0.0203380802,0.00373277246,0.00310438588,0.0116672653,0.0148553079,0.00218384231,0.00305810174,0.00576157755,0.00306637479,0.00318181455,0.0057208171,0.00254237845,0.0111154799,0.0032264157,0.00308395769,0.00281068303,0.00395676165,0.00324923207,0.0054863276,0.00498326657,0.00372232257,0.0026510123,0.0251019862,0.0019484129,0.00315487901,0.00323994518,0.00179240483,0.00680399758,0.0246112697,0.0042431266,0.00351648056,0.010533243
0.0116578154,0.00422376803,0.00860276626,0.00711289706,0.00698207258,0.00202428865,0.00477765683,0.00307470139,0.00485264987,0.00299401192,0.0035933407,0.00164608678,0.00384685625,0.00299401162,0.00414312773,0.00293230322,0.00366917892,0.00265518707,0.00227014742,0.00101270416,0.00965885496,0.00138223393,0.00261437681,0.0303714962,0.00170036141,0.00224563431,0.00316455385,0.00898613412,0.00325052118,0.00192048843,0.00314233058,0.00451987454,0.0106026798,0.00833332822,0.00790201512,0.00326596985,0.00246977106,0.0101463459,0.0201928303,0.017884487,0.00483091867,0.00297131129,0.00291572347,0.0010367002,0.00262074358,0.00173150998,0.00659630493,0.00486467245,0.003572062,0.00308587956,0.0033497522,0.0205749624,0.00464395843,0.00645918418,0.00225989003,0.00999435763,0.00649937312,0.00430876597,0.00729107615,0.00214515592,0.0120014731,0.00198750449,0.00131190321,0.00238900805,0.00746404728,0.00401803554,0.00309803338,0.0119226895,0.0212294627,0.00414898115,0.00317551877,0.0116445687,0.0120854329,0.00195771469,0.00331719564,0.00747525706,0.00249732454,0.00291971094,0.00458635027,0.00222108809,0.0110301315,0.00322580735,0.00385604443,0.0019876775,0.00379230116,0.00352851224,0.0057116123,0.0057875443,0.00385816871,0.00242537079,0.0260536771,0.00130939118,0.00329752886,0.00400457532,0.00208499967,0.00614983977,0.0241072919,0.00328054057,0.00431871816,0.00934199055
0.0111339382,0.00330625831,0.00750048152,0.0076648847,0.00773834201,0.00221435013,0.00501020604,0.0025031315,0.00435943174,0.00313118114,0.0033315822,0.00154575674,0.00377223162,0.00353864108,0.0031143813,0.00339066914,0.00384312053,0.00258923471,0.00264350599,0.00097934663,0.0095049154,0.00136239785,0.00299065314,0.0285215168,0.00129677869,0.00222679399,0.00279902953,0.00838796339,0.00326340049,0.00151630405,0.00238226175,0.00547968452,0.0098273335,0.00857300998,0.00875970984,0.00305747867,0.00244595568,0.0109136479,0.0202536996,0.0188320748,0.00514285835,0.00346938857,0.00268618193,0.00165940882,0.00264200896,0.00233029063,0.00615415354,0.00537160882,0.00380194817,0.00266666868,0.00256157373,0.0189239308,0.00348027787,0.00607842829,0.00271281404,0.00941338119,0.00663915698,0.00379335068,0.0083845774,0.00297984599,0.0127565187,0.00217968605,0.00166058107,0.00256511223,0.00693684702,0.0047945238,0.0041712367,0.0120935101,0.0213217547,0.004115226,0.00292508046,0.0107623374,0.0125984299,0.00212437454,0.00379472214,0.00653868044,0.00278406217,0.00365497717,0.00314126843,0.00204151298,0.0113350175,0.00355339814,0.00367282261,0.00156128028,0.00378641389,0.00312914347,0.00587121139,0.00602714283,0.00412185966,0.00128771359,0.0269961354,0.0011221256,0.0040052115,0.00546551213,0.00222965438,0.00560970323,0.0252384947,0.00256238548,0.00591715751,0.00939640018
0.0109823537,0.00336009148,0.00922475725,0.00886956873,0.00818313612,0.0022031292,0.00484622173,0.00342585611,0.00401713914,0.0038961057,0.00319092721,0.00171129671,0.00310331976,0.00275979969,0.00197442721,0.00382736015,0.00420496906,0.00279017433,0.00295694259,0.00088105582,0.00989264962,0.00116466567,0.00312327551,0.0269462935,0.00146412737,0.00224022222,0.00268071631,0.00911359469,0.00322061289,0.00204727757,0.00218300597,0.00539811065,0.00936023742,0.0091435844,0.00839423542,0.00265197618,0.00274908376,0.0108986703,0.0222163742,0.0171895197,0.00456748974,0.00345387732,0.00322164822,0.00165596898,0.00304703921,0.00191146676,0.0059487849,0.0049313086,0.00380801116,0.00265064841,0.00214132603,0.0184195985,0.00210284797,0.00583998025,0.00272402816,0.0104751242,0.00667141294,0.00362831913,0.00869321815,0.00312499732,0.0137728506,0.0021763852,0.00131363041,0.00250868455,0.00729073039,0.0058939071,0.0049366753,0.0106897145,0.0213839997,0.00392927308,0.00315691596,0.00993200761,0.0111283613,0.00306102923,0.00370570306,0.00664612203,0.00239931534,0.00417347076,0.00225144006,0.00188776559,0.0111892911,0.00314290953,0.00417660572,0.00154768656,0.00399844071,0.00403149711,0.00493040094,0.00675969337,0.00345867524,0.00163785569,0.0260034553,0.00149896927,0.00365510424,0.0058523676,0.00282707657,0.00480159207,0.0273868552,0.00317842942,0.00771154648,0.00869290892
0.00999825881,0.00368799628,0.00885625493,0.00924974286,0.00863842515,0.00216919897,0.00531038639,0.00348310755,0.00380597639,0.00372107915,0.00283086016,0.00160159968,0.00245008972,0.00227272875,0.00121859949,0.00377692212,0.0044448807,0.0029789582,0.00321572986,0.00121993985,0.0107853452,0.00142399307,0.00325909678,0.0273736733,0.00162895622,0.0015682155,0.00288748005,0.0101097649,0.00442889922,0.00253991155,0.00188442392,0.00678541262,0.0104147718,0.0108074356,0.00903200552,0.00226523994,0.00317036308,0.0113978945,0.0224553208,0.0162067373,0.00327157489,0.00360865819,0.00308417664,0.0020661195,0.00319428659,0.00238331582,0.00499400398,0.00442939774,0.00351741492,0.00264690113,0.00213468184,0.0161260796,0.00206611857,0.00609523459,0.00219675311,0.0116343939,0.00635593719,0.0037607145,0.00898588411,0.00275910329,0.0138788677,0.00248280704,0.000980711635,0.00320754393,0.00778454496,0.00713867107,0.00446713792,0.0081105969,0.0224393768,0.00368788712,0.00257210844,0.00876874706,0.0111454029,0.0028851713,0.00401680123,0.00699732293,0.00226662318,0.00392646987,0.00199456134,0.00139348565,0.0111899732,0.00364830254,0.00462962792,0.00226414788,0.00425153006,0.00397044787,0.00457287119,0.00650639302,0.00304878363,0.00255614205,0.0272530938,0.00185254063,0.00343483428,0.00580524982,0.00232342112,0.0044915545,0.0272936668,0.00327082489,0.00831137191,0.00954307407
0.00858183214,0.00470077521,0.00837234832,0.00876459858,0.00899502705,0.00258508959,0.00513196398,0.00374596084,0.00470609456,0.00384554014,0.00239531766,0.00176539628,0.00198126748,0.00241770433,0.000845388376,0.00392376918,0.00413223557,0.00263207346,0.00328406725,0.00104057965,0.010027447,0.00104347827,0.00341665225,0.0266085609,0.0013462573,0.00140104868,0.00269968541,0.00993314284,0.00483425284,0.00179500905,0.00159971474,0.00788076142,0.0105710217,0.0119578773,0.00795052418,0.00184539644,0.00405965041,0.0109016994,0.0260603416,0.0157250033,0.00217115921,0.00297736647,0.00233854601,0.00267434717,0.00268220653,0.00280336231,0.00530743176,0.00423582147,0.00294066501,0.00237717646,0.00231258293,0.0139162489,0.00240964063,0.0056518453,0.00172084252,0.0121223473,0.0063380245,0.00303292791,0.00891891092,0.0022394477,0.014010364,0.00202000925,0.000985060604,0.00333210266,0.00782898168,0.00969708507,0.00523231355,0.00714416339,0.0209118293,0.00360942212,0.00282228809,0.00748827085,0.0117545409,0.00213841363,0.00366233091,0.00675537701,0.00164609095,0.00316511641,0.00128275729,0.00191237769,0.0115211727,0.0039876756,0.00488185733,0.00207156543,0.00398406343,0.00417044339,0.00391083313,0.00694127456,0.00257422252,0.00286686725,0.0267057166,0.00238663404,0.00360643865,0.00500185401,0.00216651285,0.00452528833,0.0252759853,0.00261437893,0.0101377906,0.00824598792
0.00759295854,0.00480256085,0.00663364817,0.00931830186,0.0092554041,0.00298825694,0.00548646906,0.00352230727,0.00468612072,0.00353016382,0.00282386325,0.00134563747,0.00188037101,0.00166543207,0.000280216503,0.00355900327,0.00388651288,0.0027865496,0.00326619678,0.00137503955,0.00947568068,0.00103376982,0.00394944665,0.02647481,0.00160284675,0.00157700753,0.00232169505,0.0104303658,0.00555052524,0.0018743325,0.00230170045,0.0080881062,0.0114188066,0.0123152625,0.00779087374,0.00225872497,0.0053392555,0.0108280302,0.0266227006,0.0143904751,0.00189942222,0.00269749366,0.00216138223,0.0028623971,0.00347349057,0.00338780512,0.00698406717,0.00378983064,0.00344589855,0.00200243901,0.00229576974,0.01157944,0.00291226708,0.00608968983,0.00174960861,0.012338765,0.0064538582,0.00295498523,0.00947700336,0.00240178477,0.0138301513,0.00202624772,0.00161864747,0.00457480982,0.00687434944,0.0111647341,0.00452155602,0.00674321037,0.0198179114,0.00263355798,0.00216841216,0.00717268819,0.0095640187,0.0021615237,0.00371401924,0.00518349927,0.00128990452,0.00327191538,0.00146038595,0.00280259213,0.010532489,0.00395185818,0.00472516823,0.00206572532,0.0044554495,0.00397901967,0.00377358371,0.0069223692,0.00240178427,0.00293489977,0.0246892259,0.00252207026,0.00379067638,0.00402047485,0.00290386483,0.00492351511,0.0276685597,0.00238922333,0.0117500906,0.00782912398
0.00613174675,0.00610384208,0.00623591731,0.01000639,0.0101617523,0.00289974891,0.00650063977,0.00329055579,0.00520459531,0.0032669362,0.00210231421,0.00205109247,0.00258466784,0.00167317194,0.000186497926,0.00375705097,0.00345158497,0.00294930968,0.00294853369,0.0014329047,0.00894714383,0.0012169696,0.00428321721,0.0273459101,0.00139884786,0.0017448985,0.00209471332,0.0104594688,0.00578981646,0.00186236244,0.00208986297,0.00864154788,0.0110245227,0.0137764276,0.00753657498,0.00220750536,0.00574995505,0.012240285,0.0284715126,0.0138610191,0.00187366036,0.00229576821,0.00233812796,0.00305437233,0.00393556923,0.00338174127,0.007324606,0.0033157607,0.00348106524,0.00213528988,0.00242990704,0.00871631552,0.00322522649,0.00640907125,0.00198846858,0.0113699922,0.00555363319,0.00394528935,0.0100086317,0.00272572753,0.0145077842,0.00200496594,0.0020664419,0.00547540229,0.00749869938,0.0118815091,0.00618939515,0.00679716729,0.0186255968,0.00349071774,0.00277877524,0.00708188709,0.00975806971,0.00202019947,0.00380334655,0.00459089743,0.00126843228,0.00309065714,0.000918440811,0.00318033405,0.0110213078,0.00390624452,0.00566762303,0.00237746663,0.00450538551,0.00494001524,0.00335437549,0.00752908239,0.00255362668,0.00336521643,0.0250422793,0.00220847954,0.00347094993,0.00358873489,0.00305483511,0.0066840257,0.0290192119,0.00236457002,0.0116822441,0.00728154986
0.00463706036,0.00574906721,0.00515287077,0.0111969644,0.0114150549,0.00279553133,0.00765765892,0.00354211034,0.00572860818,0.00299732141,0.00208514295,0.00222345684,0.00285255598,0.00145164105,0.00018298304,0.00379315792,0.00338855105,0.0022575386,0.00305535737,0.00158544593,0.00781035134,0.00104748634,0.00449593604,0.0287908555,0.00152905465,0.00190410018,0.00277032772,0.0102747973,0.00539226109,0.0014025253,0.00326797315,0.00799518522,0.0111884779,0.0146705668,0.00737575359,0.00306142988,0.00632362228,0.0141237838,0.0294985217,0.0133830917,0.00208116289,0.00258373559,0.0026752251,0.00304136655,0.00351787003,0.00416089407,0.00909090674,0.00346108544,0.00330452774,0.0018388479,0.00257826836,0.00629922098,0.00293437658,0.00598584741,0.00200119988,0.0114717463,0.00432899948,0.00459526804,0.0096746643,0.00237570195,0.0151973234,0.00162151832,0.00189005899,0.00601478375,0.00788536424,0.0132605166,0.00623365886,0.00730576762,0.0161024874,0.00342034158,0.00307557689,0.00586430989,0.00975765994,0.00206143013,0.00363399988,0.00432161428,0.00139405629,0.00255841368,0.0014883752,0.00334821281,0.01053204,0.00402520642,0.00594781583,0.00236879982,0.00651750934,0.00489853444,0.00235895793,0.00750750099,0.00134499181,0.00349527925,0.0253954691,0.00241171458,0.00309654063,0.00321888619,0.00330033164,0.00633887751,0.0303356529,0.00254452995,0.0134284417,0.00763708332
0.00345438884,0.00558892451,0.00478107723,0.0116862832,0.012055697,0.00212395902,0.0078895482,0.00454400823,0.00638375011,0.0029498503,0.00168350202,0.00200218711,0.00367251389,0.00215827222,0.000179500948,0.00338253276,0.00280426567,0.00205100426,0.00302814052,0.00149303558,0.00653393306,0.00123893778,0.00567010254,0.0307046042,0.000993216372,0.00242047313,0.00286429865,0.0102301777,0.00469336659,0.00157232763,0.00343112156,0.00692189705,0.0103998061,0.0152800944,0.00710227106,0.0032020215,0.00808930437,0.0135229437,0.0291564058,0.0133742979,0.0024017837,0.00245282947,0.00344766645,0.00330860424,0.00316160997,0.00447761345,0.0106244238,0.00278151966,0.0032939194,0.00240066266,0.0023757339,0.00560732285,0.00279622385,0.0067354856,0.00223895759,0.0123139064,0.00362945048,0.00493761896,0.0100881688,0.00170677746,0.0145987399,0.00208728256,0.00156543744,0.00586953927,0.00798622562,0.0139969094,0.00496151865,0.00782624494,0.0148751966,0.00333860221,0.00283407873,0.00615521389,0.01014369,0.00209423866,0.00386242692,0.00403622274,0.00136757606,0.00219966408,0.00168004533,0.00371496443,0.0101563916,0.00401046365,0.00725338622,0.00251121106,0.00803827708,0.00500690276,0.00194893886,0.00916999103,0.00133578318,0.00345781595,0.0250000236,0.0027210864,0.00289383698,0.0026168565,0.00388814062,0.00650227902,0.0327322163,0.002549939,0.0140679316,0.00721665385
0.00228591533,0.0044041913,0.00443495804,0.0142050015,0.0133965326,0.00206844757,0.00742530754,0.0052430885,0.00697210557,0.00262143431,0.00185968081,0.00251346278,0.00445156578,0.00248977382,0.000174977978,0.00393581495,0.00237312666,0.00193935377,0.00314960691,0.00180980854,0.0060327138,0.00141068724,0.00709644377,0.0308841525,0.000900459984,0.00254625265,0.00325303811,0.0094594513,0.00465775645,0.0017310003,0.00398981131,0.00841779425,0.0105294292,0.0159468178,0.0071643977,0.00301943556,0.00802008994,0.0135578549,0.0311990437,0.0140999804,0.00231979872,0.00205607582,0.00316901289,0.00280112146,0.00327570666,0.00515463589,0.0115770348,0.00274496773,0.0036734048,0.00258064253,0.0020698379,0.00496586092,0.00292146465,0.00689353724,0.00203004178,0.0113449222,0.0034447159,0.00515006259,0.00896597171,0.00203390199,0.0162275266,0.00281478354,0.00155933291,0.00590191135,0.00795651586,0.0146829764,0.00524544736,0.00737846824,0.0138961455,0.00371694539,0.00329447244,0.00634836246,0.0103867519,0.00172487981,0.00355579989,0.00434698386,0.00165662451,0.00235333156,0.00205876916,0.00399268134,0.0103815454,0.00396346793,0.00831560319,0.00298717743,0.00847456844,0.00437489555,0.00230725156,0.0104797322,0.00134138251,0.00325901091,0.0271513031,0.00266666799,0.00390001779,0.00231811819,0.00381908252,0.00714405929,0.0357078471,0.00240535601,0.0135669799,0.00762079318
0.00226757331,0.00384866811,0.00466839752,0.0163179288,0.0152882983,0.00291121103,0.00904937443,0.00510123543,0.00629562043,0.00212281911,0.00198905927,0.00228913179,0.00468032202,0.00349222855,0.000696256249,0.00483237468,0.00186965923,0.00191105059,0.00259649983,0.00213219372,0.0063746644,0.00158144429,0.00746775104,0.0309217389,0.00105331326,0.0026917927,0.00425052134,0.00886587512,0.00455896764,0.0010277514,0.00446723286,0.00769538422,0.0100983486,0.015604577,0.00796148816,0.00346715327,0.00797101411,0.0131877733,0.0314793772,0.0138737724,0.00277053737,0.00235549766,0.00407703358,0.00354960221,0.00323508652,0.00552377055,0.0142265409,0.00219761882,0.00332115688,0.00252007943,0.00187700968,0.0052684377,0.00268591788,0.00815831535,0.00199760215,0.0102389044,0.0025702493,0.00533683864,0.00876010651,0.00183578062,0.0160453056,0.00355405945,0.0015295196,0.00551077762,0.00934136553,0.0147797904,0.00596401838,0.00777246543,0.0118387698,0.00345622215,0.00314101689,0.00534337482,0.0105041982,0.00109337492,0.00365940627,0.00529500701,0.00150240093,0.00267469041,0.0026320725,0.00346763325,0.0107329819,0.00397992179,0.00990004087,0.00347102375,0.00920706599,0.00398009691,0.00220518057,0.00959759413,0.00166195923,0.0030549915,0.030403228,0.00278597448,0.00407367775,0.00249154891,0.00411491712,0.00801520187,0.0399136573,0.00195593924,0.0137035867,0.00748979483
0.00154586021,0.00348235363,0.00477906783,0.0212286335,0.0168378001,0.00289330959,0.0105398466,0.00521313115,0.00570272839,0.00195960501,0.00200903962,0.00209277626,0.00529838986,0.0034025201,0.00102511792,0.00578164997,0.00174003981,0.00163990864,0.00221918885,0.00233720049,0.00761787146,0.00238095409,0.00749999543,0.0314170746,0.00103684706,0.0031265467,0.00373393433,0.00898410781,0.00410637755,0.00120130457,0.00450156622,0.00942812274,0.0102058501,0.0164431593,0.00947004002,0.00410934353,0.00859324969,0.0131669638,0.0320750047,0.0137617357,0.00319386755,0.00264317137,0.00460750944,0.0040800454,0.0035771759,0.00568740066,0.0155422093,0.00231112492,0.00313790593,0.00264880287,0.00194380587,0.00445985902,0.00165044095,0.00825370119,0.00159967901,0.0109715149,0.00248032794,0.00466795559,0.00787789323,0.001998,0.0174038407,0.00392450488,0.00136198556,0.00507573957,0.0100831248,0.0161660465,0.00626445833,0.00777202256,0.0112766707,0.00336592235,0.00331232984,0.00511797818,0.010282983,0.00130975792,0.00376598405,0.00612319058,0.00164966927,0.00240146053,0.00379650098,0.00346363253,0.0116057489,0.00357264029,0.0117491086,0.0041695012,0.00888888276,0.00445691866,0.00249328403,0.00816882852,0.00198576983,0.00385840874,0.0324758028,0.00259193175,0.00477928446,0.0024669553,0.0052298134,0.00841365493,0.0437981946,0.00219955908,0.0136469983,0.0077869671
0.00168124012,0.00338956174,0.00545986354,0.0243889851,0.0166599146,0.00264923838,0.0128638669,0.00655545935,0.00452363635,0.00147797939,0.00186125263,0.00225655276,0.00509586755,0.00354844221,0.00100586927,0.00604362827,0.00190443093,0.00161702314,0.00253293066,0.00266946868,0.00627312839,0.00297411219,0.00868972939,0.0320705941,0.0014464789,0.00321078517,0.00456818179,0.00896087786,0.00362872283,0.00101214553,0.00456845213,0.00986526701,0.00958765985,0.0160398786,0.00986841912,0.00451388126,0.00925187175,0.0123624007,0.0305953008,0.0147713137,0.00281955059,0.00261917139,0.00440902616,0.00521840316,0.00417258391,0.00567848913,0.0157931326,0.00228923544,0.00310254552,0.00279329678,0.00175499868,0.00317848179,0.00145442789,0.00781517767,0.00179927993,0.0122334777,0.00187011212,0.00507308928,0.00812553462,0.00180239406,0.0197291015,0.00406353181,0.00105121,0.00452812639,0.00965659509,0.0170183857,0.00632195235,0.0080871422,0.010586173,0.00334526389,0.00319846286,0.00508129743,0.0111475414,0.00129757764,0.00442324257,0.00648064547,0.00149678175,0.00218836201,0.00411798139,0.00324189446,0.0135296152,0.00328670176,0.0136073527,0.00459482086,0.00874316735,0.00444121642,0.00193236952,0.0072023378,0.0018148799,0.00361783117,0.0332596563,0.00209205079,0.00456852751,0.00299612783,0.00541172678,0.00890706901,0.0455025345,0.00137713778,0.0137515913,0.00875576216
0.00115644924,0.0032232654,0.00615034324,0.0271690442,0.0160185715,0.00253807279,0.0132239792,0.00681396953,0.00419784157,0.00159837117,0.00212585046,0.00208044224,0.00486680257,0.00282929596,0.0011739076,0.00575228074,0.00208731744,0.00341097725,0.00234702562,0.00249316419,0.00660746995,0.00256235009,0.00829343871,0.0305918824,0.00254656146,0.00333121281,0.00432301969,0.0078218003,0.00415206169,0.000986681274,0.00444193472,0.0117805437,0.00991097509,0.0168733773,0.00999298708,0.00480444762,0.00907498432,0.0108877659,0.029900774,0.0149679236,0.0025361187,0.00245804092,0.00459339963,0.00600801438,0.00526224153,0.00574936921,0.0156572732,0.0026455009,0.00218836178,0.00291948269,0.00190574975,0.0031527865,0.00190809698,0.00788989135,0.00156097519,0.0113232458,0.00237772004,0.00469844881,0.00747615174,0.00227716915,0.0198962303,0.00459474831,0.000447762227,0.00319214864,0.0104391052,0.0169574932,0.00621521913,0.00944,0.0107536159,0.00325658683,0.00309867958,0.0044351455,0.0111618092,0.00150311563,0.00437167791,0.00720055829,0.00178226584,0.00240847491,0.00398860674,0.00282063966,0.0146316773,0.00316138921,0.0138398735,0.00464807801,0.00830504639,0.00489963951,0.00231481413,0.00688374401,0.00178920426,0.00390562159,0.0375955627,0.00229503251,0.00543659815,0.00279867157,0.00514195246,0.00941138747,0.0466134986,0.00126287261,0.0130512625,0.00807310966
0.00145137592,0.0022624441,0.00591405951,0.030613276,0.0156354174,0.00267782607,0.0141715383,0.00750259101,0.0047653968,0.00188596969,0.0023728832,0.0022283169,0.00548337859,0.00336186095,0.00182663794,0.00582166023,0.00165591626,0.00435926884,0.00230604725,0.002182697,0.00684242595,0.00271002654,0.00903511957,0.0305560276,0.00245098513,0.00267379209,0.00492360135,0.0079418704,0.00498931115,0.000964630975,0.00365485783,0.0133399947,0.0089256086,0.0167307304,0.0103305798,0.00492323122,0.00905968639,0.00863214794,0.0285517662,0.0133920603,0.00311739388,0.00308848302,0.00405696166,0.0064345162,0.00575213121,0.00510107013,0.0154257012,0.0020914015,0.00177734631,0.00295052802,0.00225655055,0.00403355626,0.00186682911,0.00877048489,0.00115606781,0.0113617335,0.00201038486,0.00530277316,0.00698466077,0.00226647152,0.022612933,0.00563562384,0.00073453883,0.00340874133,0.0103845583,0.0165596666,0.00654013302,0.0104444827,0.0109983172,0.00300300434,0.00260416559,0.00462657433,0.0105058995,0.00171306358,0.00373514448,0.00751141609,0.00194378153,0.00318471646,0.00441811992,0.00295518062,0.0150261955,0.00282205226,0.0156987181,0.00441970937,0.00637202438,0.00584021907,0.00228832752,0.00588109713,0.00180802287,0.00433822618,0.0388030128,0.00202776711,0.00535744032,0.00240343532,0.00566366921,0.0099762436,0.0479304249,0.00142911761,0.0121995082,0.00725071177
0.00174936298,0.00251103804,0.00672281835,0.0318899731,0.0147918443,0.00230718495,0.0157012956,0.00866508051,0.00585269091,0.00200086114,0.00240013531,0.00205374047,0.00446059694,0.00295115971,0.00198445241,0.00591104005,0.00174276976,0.00521767285,0.00246386535,0.00248158434,0.00700059702,0.00318310922,0.00998476391,0.0272376518,0.00342903165,0.00294847606,0.00508130396,0.00717111355,0.00564628551,0.000931531217,0.00252884723,0.0146117282,0.008876218,0.0184593533,0.0116121262,0.0050771171,0.00797044447,0.00736256546,0.0297343574,0.0126493353,0.00297264687,0.00351020795,0.00448613501,0.0070132816,0.00666324975,0.00446853174,0.0142566289,0.00177880522,0.00192554465,0.00284261133,0.00216450108,0.00405975749,0.0018430325,0.00950909929,0.00113873389,0.0115435449,0.0021388638,0.00451064343,0.00659717381,0.00242875294,0.0233077395,0.00553506122,0.00115791042,0.0029725605,0.00868526104,0.016727765,0.00658250954,0.0107577231,0.010970607,0.00308151595,0.00287445644,0.00403617203,0.0104724825,0.00149636968,0.00399002606,0.00654599425,0.00157515821,0.00375469593,0.00403983077,0.00358014957,0.0154052482,0.00273585919,0.0166279218,0.00458715962,0.00565311754,0.00662100236,0.00186462927,0.00531360619,0.00211692017,0.00460146531,0.0373644764,0.00198837716,0.0059622431,0.00251804493,0.00597667409,0.0102568153,0.050539931,0.00178907845,0.0127468236,0.00811176886
0.00203252133,0.00301204023,0.00683420552,0.0346249234,0.015718027,0.00279238295,0.0174988244,0.00928823249,0.0059842717,0.00230481444,0.00261460507,0.00205690744,0.00347896542,0.00328947587,0.00182300779,0.00493445056,0.0022510791,0.00495761863,0.00230338526,0.00289902043,0.00646172114,0.0036231869,0.0104976005,0.0264130671,0.00362833454,0.00412708476,0.00562851409,0.00693338315,0.00584547259,0.000748165096,0.00218340711,0.0144073376,0.00776994502,0.0181872901,0.0129179377,0.00471749968,0.00799391281,0.00565519378,0.0276396645,0.0115431395,0.00307602521,0.00347110927,0.00384245718,0.00741894852,0.00697279158,0.00384614805,0.0137607065,0.00175574517,0.0019099201,0.00340841672,0.00214114655,0.00385047159,0.00152765055,0.00933460554,0.00150800889,0.0127414258,0.00220480346,0.00495049205,0.0064670585,0.00265358382,0.0231604249,0.00510855541,0.00128388006,0.00325510414,0.00865080151,0.0164524662,0.0066418726,0.0108211767,0.0107647146,0.00362059404,0.00285229559,0.00401606847,0.0110217115,0.0023290315,0.0040131018,0.00681742922,0.0016684364,0.00407267998,0.00393259171,0.0031769339,0.0157105906,0.00270891162,0.0171413583,0.0037447054,0.00393346329,0.0082719237,0.00219378316,0.00490195221,0.0022661057,0.00476629534,0.0383372105,0.00194727284,0.00498657852,0.00262596907,0.00575633516,0.0109631965,0.0520177755,0.00202877282,0.0134252431,0.0078369854
0.00233172166,0.00263774603,0.0082183839,0.0349500275,0.0159032521,0.00256920447,0.0175230047,0.0109034158,0.00709408874,0.00231414083,0.00290697107,0.00257908985,0.00454759432,0.00237264386,0.00179827041,0.00429692858,0.00225929524,0.0048957643,0.00383110764,0.0024080895,0.00564531714,0.00355960507,0.0120717722,0.0230044731,0.0038387674,0.00561884313,0.00594530322,0.00547046017,0.00595238869,0.000873359605,0.00257249719,0.0149397398,0.00648538714,0.0173198783,0.0135855926,0.00426859141,0.0091002945,0.00403098322,0.0270168773,0.0125556819,0.00302114114,0.00402462329,0.0037647067,0.00725032068,0.00729987415,0.00333147967,0.0142054861,0.00246990156,0.00205436302,0.00425844386,0.00291845565,0.00362261837,0.00229462971,0.0089440414,0.00129581807,0.0137718735,0.00233344083,0.00498141871,0.00754492399,0.00275113827,0.0242149386,0.00501522101,0.00182943842,0.0038271085,0.00853429816,0.0153678021,0.00764552865,0.0106003499,0.0112534609,0.00396316591,0.00245926869,0.00437201889,0.0109407461,0.00251836595,0.0042098396,0.00634056783,0.00138079048,0.00518334735,0.00404337792,0.00260204872,0.0170523864,0.00272610249,0.0195105324,0.00323101839,0.00337707011,0.0100987987,0.00195416287,0.00413792463,0.00272960679,0.00490716819,0.0374128388,0.00251404863,0.00479285668,0.00239349008,0.00548245704,0.0099297309,0.0512086935,0.00179275845,0.0136116208,0.00775594508
0.00280112278,0.00295559696,0.00857806845,0.0344905722,0.0159108354,0.00255185732,0.0179791106,0.0111584116,0.00773271525,0.0020196232,0.00327840134,0.00275244836,0.00491324906,0.00205057732,0.00146746895,0.00327186115,0.00260598108,0.00484829408,0.00510038939,0.00271826178,0.00537428641,0.00304076978,0.0135171351,0.0223672082,0.00381800834,0.00660319041,0.00523206834,0.00539125326,0.00537202961,0.00140351018,0.00238535204,0.0176330179,0.00637089694,0.0163224052,0.0145141998,0.00363757249,0.00804966941,0.00348621197,0.0264582741,0.0139868186,0.00263344893,0.00472794964,0.00345780991,0.00826520626,0.00792459393,0.00222717083,0.0119515487,0.00236064893,0.00174964028,0.00457782701,0.00308959482,0.00360106744,0.00220599709,0.00882968821,0.00127458181,0.0143798147,0.00272566555,0.00363850978,0.0073703278,0.00285891208,0.0264243881,0.00475352295,0.00223089575,0.00394110605,0.00779220643,0.0158363338,0.00655765669,0.0105573859,0.0107963343,0.00477004124,0.00213284393,0.00418112278,0.0112744334,0.00289136508,0.00351269629,0.0069232045,0.00153327033,0.005625771,0.00446671968,0.00241468345,0.0159395056,0.00307366452,0.0215596002,0.00213742948,0.00269928075,0.0108101698,0.00190509025,0.00464666578,0.00370847724,0.00555136993,0.0382685672,0.00277170165,0.00507246066,0.00232846847,0.0055244551,0.00986014658,0.0525114265,0.00256093313,0.0142805918,0.00764525091
0.00312646284,0.00277343164,0.00965446546,0.0328779695,0.0143634102,0.00278005161,0.0181048321,0.0135789927,0.00913321975,0.00231213813,0.00366876416,0.00288722962,0.00516638951,0.00266134183,0.0011341536,0.0025487312,0.00274819438,0.0041957989,0.00542610539,0.00253244882,0.00516351176,0.00262639634,0.0138233379,0.022895472,0.0036432688,0.00777725164,0.00445827692,0.00537876443,0.0059615974,0.00137381685,0.00267461371,0.0189506678,0.0054836267,0.0164543118,0.014851762,0.00408538253,0.00761344823,0.00340451974,0.0248108036,0.0164760078,0.00283126038,0.00503509145,0.0030325972,0.00860368907,0.00730825245,0.00166450798,0.0111020351,0.00221441398,0.00220889465,0.00400399827,0.00396825477,0.00354719454,0.00209361621,0.0108403091,0.00213979977,0.0133651501,0.00251809669,0.00360496943,0.00745540425,0.00267953105,0.0282501478,0.00463439349,0.00249826846,0.00413523546,0.00829224002,0.0161213226,0.00651194145,0.0111160585,0.0107963317,0.00435341596,0.00197448138,0.00464639837,0.0117004619,0.00311656065,0.00312207679,0.00702557433,0.00181956055,0.0050597942,0.00463044496,0.00238208943,0.0155920795,0.00303173275,0.023855611,0.00189843543,0.00279008701,0.0121339893,0.00218708048,0.00454372748,0.00323310366,0.00568517354,0.0392734828,0.00244182795,0.00552176816,0.00316598242,0.00549047592,0.00917052847,0.0528145554,0.00294219275,0.0156591622,0.00748289398
0.00325934868,0.00260526595,0.0101748277,0.0335859125,0.0142101594,0.00300080707,0.016989622,0.0126748606,0.010788631,0.00263195338,0.00400000122,0.00228696866,0.00523560263,0.00261233644,0.00127206411,0.00239234931,0.00291745507,0.00416153383,0.00591668944,0.00282752882,0.0060457241,0.00261395008,0.0158546698,0.0224201271,0.00290041595,0.00878018628,0.00474130841,0.00553168831,0.00509583268,0.00154757037,0.0026628136,0.0203358371,0.00527346344,0.0152768027,0.0153870641,0.00400802368,0.00655054704,0.00343302103,0.0247132752,0.0149872995,0.00323260953,0.00524345099,0.00296911622,0.00792660812,0.00802358546,0.00146977718,0.0113783082,0.00122793593,0.00249493284,0.0043042531,0.00478729747,0.00392451937,0.00230209132,0.0107984056,0.00226757365,0.0134874828,0.00310607652,0.00330414778,0.00720658419,0.00335870905,0.02874771,0.00438226868,0.00261563433,0.00431468501,0.00817258116,0.0172223321,0.00641553274,0.0110353941,0.0107751124,0.0043721392,0.00163690932,0.00485817437,0.0114187385,0.00327399706,0.00278638005,0.00678907226,0.00195606077,0.00530851627,0.0049019589,0.00204113927,0.0159921921,0.00308642082,0.0262127861,0.00242035798,0.00229057621,0.01362022,0.00216630752,0.00491103332,0.00323572592,0.0072094391,0.0386223891,0.00215331337,0.00628829182,0.00360400158,0.00550741514,0.00970667848,0.0556439009,0.00254711979,0.0167693994,0.00771387376
0.00325783591,0.00377781221,0.0107388359,0.0332690111,0.0144209397,0.00275616061,0.0153147263,0.0128618207,0.0118753622,0.00233910088,0.00399097556,0.00229787671,0.0049468371,0.00229973268,0.000939701572,0.00237600099,0.00316719332,0.00372510163,0.0070522947,0.0024836966,0.00660342547,0.00243783068,0.016798606,0.0222087807,0.00290041712,0.00929866608,0.00488572081,0.00541516096,0.00375149794,0.00179976219,0.00236100465,0.020197383,0.00520060252,0.0133362551,0.0154814356,0.00304727776,0.00591932022,0.00350289657,0.0250269954,0.0180520597,0.0029815561,0.00558464218,0.0030509924,0.0085673946,0.00866957581,0.00180505037,0.0107509638,0.00152415976,0.00257966536,0.00531319766,0.00511160747,0.00369112401,0.00203784549,0.0116812955,0.00354012028,0.0144671373,0.00350930762,0.00343417746,0.00689325345,0.00300146349,0.0291894604,0.00378414212,0.00303657224,0.00503188544,0.00879104979,0.0165949349,0.00596581647,0.0103905091,0.00973405692,0.00474522538,0.00160373424,0.00479862118,0.0131031468,0.00348574724,0.00276625498,0.00821417824,0.00212281949,0.00440767173,0.00661853811,0.00200184778,0.0153040018,0.00330718265,0.0286607625,0.00275693474,0.00229847251,0.0148457792,0.0021176089,0.00466520137,0.00335405454,0.00798445732,0.0398406259,0.0017162479,0.00646036042,0.00350569597,0.00520756272,0.00901169399,0.059619756,0.00231714084,0.0157866094,0.00828459832
0.00280242287,0.00399551213,0.0113410764,0.0340746366,0.0140195672,0.00273048161,0.0129013106,0.012792495,0.0120341176,0.00211030233,0.00392464569,0.00193440329,0.00447345699,0.00228862438,0.00107296,0.00192250517,0.00311731177,0.00303582171,0.00720576972,0.00304367944,0.00719490789,0.00192585619,0.016806889,0.0203543368,0.00224574734,0.00898437322,0.00576870992,0.00536268545,0.00350570235,0.00192562877,0.00180532624,0.0199908705,0.0049649621,0.0129399236,0.0150931668,0.00292160276,0.00671480691,0.00354825031,0.0230179403,0.0181123449,0.00323780841,0.00524676589,0.00210206237,0.00871991597,0.00716531157,0.00124799578,0.00979121397,0.0016606253,0.00268496669,0.00476791718,0.00593420661,0.00277088758,0.00218754423,0.0136413092,0.00374897324,0.0148689927,0.00343385963,0.00317107774,0.00679348635,0.00322072139,0.0323743543,0.00309344763,0.00316412555,0.0047772199,0.00958489723,0.0169684917,0.00728465628,0.0101703518,0.00928034304,0.00504754398,0.00116043085,0.00528474913,0.0139038594,0.00342742326,0.0027527159,0.00861424298,0.0022434937,0.00410471549,0.00689596514,0.00229779166,0.0141440913,0.00329249433,0.0305235508,0.00328308611,0.00224323336,0.0158326067,0.00178455258,0.00489236837,0.00387341212,0.00965086875,0.0398472696,0.00227660747,0.00595143759,0.00297998539,0.00470934736,0.00814161353,0.0625257383,0.0031321017,0.0175390778,0.00892857497
0.00292577505,0.00497478303,0.0117619487,0.0348871429,0.0128735168,0.0023503652,0.0111571585,0.0124457535,0.0120440499,0.00216570841,0.00337896107,0.00197628102,0.00467151258,0.00226358498,0.000902256287,0.00161622018,0.00312349613,0.00273889402,0.00747107807,0.00269380504,0.00741600632,0.00176366338,0.0160627552,0.0184967785,0.00176820578,0.0090309382,0.00584366501,0.00677263894,0.00363766121,0.00152075999,0.00136674233,0.0214405198,0.00568754141,0.0129329313,0.0152905199,0.00290322202,0.00664874615,0.00349332172,0.0241668022,0.0204970886,0.00319902447,0.00491072366,0.00230249251,0.00887743803,0.00703268266,0.00125673088,0.00915514985,0.00179533141,0.00264706088,0.00467094025,0.00609654215,0.00175643989,0.00187834182,0.0138683491,0.00401091134,0.0133624837,0.00339382737,0.00218443067,0.00548706031,0.00336794538,0.0323661474,0.00317914232,0.00346356797,0.00572403824,0.00892219218,0.0169118631,0.00701671124,0.0101106532,0.00914424303,0.00582767785,0.00130605268,0.00558614681,0.0162552137,0.00317649834,0.00210843031,0.00997505699,0.00225971767,0.00334266384,0.00655711294,0.00212766039,0.0126627642,0.00341686345,0.0335234985,0.00385356467,0.00300395549,0.0169275983,0.00210424248,0.00468540338,0.00448132924,0.0103874291,0.0395315699,0.00227175909,0.00650673975,0.00304455841,0.00492254324,0.00662004198,0.0671054852,0.00307053804,0.0173592733,0.00878845011
0.00235992374,0.00506803601,0.01346154,0.0353799597,0.0141685347,0.00232701959,0.00914105436,0.0123775694,0.0122994087,0.00215516745,0.003378375,0.00160153727,0.00460009147,0.0022446708,0.00117456916,0.00175310254,0.00327612915,0.00273556389,0.00655506132,0.00344878387,0.00648100044,0.00143084786,0.0148082614,0.0182547615,0.00176423605,0.00773558446,0.00593034056,0.00860420766,0.00318651948,0.00177072514,0.00136425551,0.0222526895,0.00568503877,0.0123456916,0.0143283587,0.00301061606,0.00781430296,0.00322145748,0.0206010018,0.0195362227,0.00349932773,0.00531517318,0.00279569622,0.00756301777,0.00698618594,0.00179211323,0.00779757265,0.00246821412,0.00290570718,0.00445682013,0.00641667079,0.00203016441,0.00173235289,0.0146722979,0.00487267479,0.0125445163,0.00268115881,0.00303738039,0.00508543444,0.00426057394,0.0328517369,0.00359431131,0.00334168614,0.00621600949,0.00957746893,0.0176093696,0.00735863976,0.00959357266,0.00817819055,0.00592451743,0.00143266083,0.00573809041,0.018087894,0.00289630787,0.00222420013,0.0111336567,0.00226414902,0.00216016088,0.00621321564,0.0023127412,0.0125680591,0.00426243834,0.0342170935,0.00389509866,0.0040599595,0.0171712729,0.00171288641,0.00403779931,0.00392845078,0.010535744,0.0370987588,0.0021288629,0.006110934,0.00302863223,0.00444570624,0.00608862097,0.0685947146,0.00312963259,0.0176903602,0.00892897439
0.00263952105,0.00530888047,0.0147632782,0.0355047829,0.0157358092,0.00273389707,0.00705329674,0.0108062542,0.0137637319,0.00213851952,0.00304454271,0.00189124967,0.00479775372,0.00209928073,0.0012945906,0.00145623985,0.00273265345,0.00357306077,0.00643427552,0.00455136369,0.00675790976,0.00141398093,0.0120850325,0.0185342168,0.00190415962,0.0073174488,0.00585176666,0.00917926931,0.00258524502,0.00177678576,0.000901847499,0.0231341722,0.00537633922,0.0111626619,0.0143138743,0.00282308619,0.00781142431,0.00290203185,0.0193020469,0.0180180222,0.00415939669,0.00578338254,0.00337643226,0.00854279764,0.00779772507,0.00180995257,0.00779665859,0.00238236992,0.00242683486,0.0044469133,0.00579855145,0.00235882853,0.00202399761,0.0152827827,0.00500438287,0.012691189,0.00348456297,0.0032947209,0.0047593546,0.00501490932,0.0356719085,0.00373134719,0.00308512524,0.00527411691,0.0104587964,0.0203019039,0.00817042862,0.00911055597,0.00758882204,0.00542427767,0.00157142756,0.00550574234,0.0190827904,0.00286752063,0.00163666109,0.0117878454,0.00182759891,0.00230947082,0.00555108844,0.00213109688,0.0127744465,0.00477025225,0.035647041,0.00389048934,0.004409977,0.0181812568,0.00227864108,0.00384286508,0.00476588821,0.0108489329,0.0347421829,0.00183434045,0.00597176919,0.00286572368,0.00462184692,0.00529333713,0.0724056528,0.00239907209,0.018084124,0.00929229359
0.00205486141,0.00514897438,0.0161473841,0.0371267942,0.0182408914,0.00240492878,0.00718924291,0.010998314,0.0137402074,0.00166574483,0.00279524803,0.00202681627,0.00408800413,0.00209798634,0.00148662026,0.00158547358,0.00280360444,0.00468843967,0.0055637402,0.00507443709,0.00630496454,0.00152999018,0.00948628013,0.0173181354,0.00188324218,0.00661639998,0.00529834536,0.00952251856,0.00249168859,0.00144205606,0.00142642478,0.0236142522,0.00598591796,0.010690559,0.0144170322,0.00333851481,0.00750237856,0.00267126036,0.0186014378,0.0167860123,0.00485824077,0.00608016611,0.00320741279,0.00881877708,0.0086837287,0.00253622762,0.00655864782,0.00273344387,0.00212014433,0.00399607679,0.0058120477,0.00259365937,0.00231515207,0.0153565175,0.00431122031,0.0108012181,0.00318501032,0.00343009008,0.00382293622,0.00537349794,0.0352823158,0.00428265487,0.00321768243,0.00481927319,0.0101842861,0.0218476187,0.00833959846,0.00855522094,0.00773940619,0.00549043132,0.00170140509,0.00418539795,0.0201073478,0.00278551621,0.00161883711,0.012461726,0.00153893913,0.00184331889,0.00563491915,0.00249413505,0.0133832475,0.00603010001,0.0358749521,0.00442604914,0.0049342087,0.0200659538,0.00228832757,0.00313506186,0.00398869383,0.0113360273,0.0330122929,0.00180731242,0.00564492117,0.00258820285,0.00445434392,0.00587716526,0.076309148,0.00219583903,0.0189784792,0.00936096783
0.00350380339,0.00531698372,0.0170372332,0.0359492065,0.0218477018,0.00241036781,0.00602130687,0.0118047508,0.01376777,0.00182918041,0.00312608026,0.00232666397,0.00340035618,0.00209359975,0.00154061514,0.00155301416,0.00266187399,0.00504138038,0.00483052393,0.00569313277,0.0059320648,0.00165065934,0.00956483648,0.0148846106,0.00189036113,0.00652541225,0.00451041473,0.00942300103,0.00264440146,0.00118374331,0.00201975047,0.0253501123,0.00640936995,0.0117509103,0.0154065494,0.00314465812,0.0072973281,0.00264471773,0.0183057639,0.0166948182,0.00520421399,0.00599071869,0.00396320131,0.00871492956,0.0108826244,0.00266382159,0.005867119,0.0026400764,0.0018060512,0.00355054413,0.0057641578,0.00349446999,0.00271699057,0.0170685668,0.00367905515,0.00937499405,0.00357176011,0.00346908071,0.00347686272,0.00641780953,0.0367830157,0.00440394727,0.00307864003,0.00478404972,0.0118072001,0.0231083523,0.00870086923,0.0100912416,0.00690802738,0.00534236257,0.00212073879,0.00423794646,0.0218678329,0.00290275552,0.0014600685,0.0144284998,0.00122774525,0.00146288831,0.00473088212,0.00245204408,0.0110710767,0.00648801838,0.0365662348,0.00504047305,0.00589883443,0.0225390626,0.00259025629,0.00394097119,0.00427350871,0.0116480219,0.0327408461,0.00181843883,0.00558190058,0.00203224505,0.0051048508,0.00503576577,0.0778106857,0.00232297289,0.0194030192,0.0102458941
0.00355660693,0.00538719537,0.0180709386,0.0356868969,0.022737869,0.00194873591,0.00579418818,0.0123162253,0.0154984135,0.00218864754,0.00312229576,0.00200370074,0.00381175868,0.00173632378,0.00166297196,0.00169923575,0.00218309615,0.00599431587,0.00480927899,0.00645115333,0.00590233284,0.00118923904,0.00837183579,0.0149034903,0.00202745061,0.00649056442,0.00447226838,0.00948691288,0.00261888242,0.00116474506,0.00221140743,0.0262749925,0.00581879573,0.0117647073,0.0156915238,0.00282485837,0.00652230073,0.00198856064,0.0171475966,0.0158443626,0.00663285934,0.00600961847,0.00428430957,0.00845633266,0.0131756415,0.0030163276,0.00532794072,0.00379174573,0.00209819789,0.00265771628,0.0059979973,0.00342615648,0.00347941147,0.017815497,0.0031979271,0.00895999731,0.00376336464,0.00393466108,0.00305322984,0.00751490369,0.0393717399,0.00486308706,0.00208797033,0.0048315492,0.0120267784,0.0233962048,0.00772510541,0.0121896594,0.00794309787,0.00529692615,0.0024113531,0.00317220388,0.0214113184,0.00278657361,0.00145814982,0.0144001186,0.000914214051,0.00137741247,0.0036602094,0.00234275098,0.0109578136,0.00911348918,0.0378755804,0.00477418167,0.00635104347,0.0232762144,0.00325150242,0.00427493723,0.00487523083,0.0117069974,0.0308359671,0.00154018767,0.00537714723,0.00228096078,0.006486491,0.00436681642,0.0795046444,0.00244904577,0.0233537691,0.00964672603
0.00379957743,0.00534867875,0.0191123568,0.0365306918,0.0224980533,0.00247006058,0.00616512318,0.0148067637,0.0159796216,0.00259721986,0.0031093416,0.00184928487,0.00382837418,0.00168560627,0.00190839469,0.00170260868,0.00229039198,0.00695369097,0.00450375333,0.00637968805,0.00626304783,0.0014734085,0.00794338628,0.0128825566,0.00219918571,0.00725496258,0.00395322839,0.00966599748,0.00292357411,0.00101742346,0.0025340298,0.0282278737,0.00588154104,0.0107638405,0.0154731322,0.00252332474,0.00622326254,0.00199291466,0.0172413791,0.0159640516,0.00718593364,0.00603363266,0.00438351269,0.00853007745,0.0150727591,0.00352360101,0.00430522317,0.00341074616,0.00237629389,0.00226991658,0.00609240749,0.00444024739,0.00337180077,0.0200562055,0.00257883523,0.00765794555,0.00565580806,0.00362528776,0.0033824139,0.00857622215,0.0416094377,0.00477801238,0.00180230502,0.00535069264,0.0145309523,0.0243499507,0.00689949095,0.0130840512,0.00758807287,0.00524991955,0.00253342437,0.00321615854,0.0221951567,0.00203251391,0.00144237909,0.0142525576,0.000770295918,0.000754945251,0.00358584011,0.00174532406,0.0115147441,0.0107214179,0.0358602604,0.00437079191,0.00695249452,0.026933645,0.00276602526,0.00519611128,0.0056650188,0.0116583708,0.0286780277,0.00125383384,0.00601603665,0.00173611045,0.00768816215,0.00376757579,0.0804950102,0.00238571606,0.0262742939,0.010929316
0.0046893384,0.00504981517,0.0199527917,0.0370877951,0.0241423232,0.00260571779,0.00579980067,0.0159738136,0.0183318162,0.00363381378,0.00281491372,0.00185585956,0.00424033356,0.00158368339,0.00232208491,0.00198188277,0.00231041002,0.00812887509,0.00452973552,0.00656686309,0.00579457209,0.00192222245,0.00864305036,0.0133601489,0.00327511503,0.0069869015,0.00363156195,0.00914769633,0.00247933969,0.00164744863,0.00266072488,0.0294546475,0.00530985173,0.0109002855,0.0160125294,0.00268157909,0.00688511319,0.00161054252,0.0154888978,0.0169236199,0.00811133989,0.00535347147,0.00480175368,0.00999850482,0.0172639277,0.00442791142,0.0042628281,0.00373900097,0.00281903767,0.00170881537,0.00681933772,0.0054007896,0.00337230417,0.0227132243,0.00188242439,0.00775806809,0.00673603346,0.00328196323,0.00293274112,0.00875735373,0.0419592124,0.00442028994,0.00180329835,0.00560652241,0.0149044298,0.0254338337,0.00630494721,0.0115751193,0.00640516554,0.00488195858,0.00268323768,0.00331564991,0.0230591314,0.00234264487,0.00101112227,0.0140374005,0.00139232648,0.000447094044,0.00298268121,0.00199121188,0.0116420778,0.0115443723,0.0346762565,0.00415651266,0.00610342098,0.0270402302,0.00273531507,0.00640168835,0.005486405,0.01022147,0.0268078719,0.00152101519,0.00571800538,0.00125016213,0.00925552308,0.00389762339,0.0810003228,0.0022117135,0.0306506651,0.0116487661
0.0056360667,0.00549165181,0.0211550529,0.0378855601,0.0243888904,0.00334224529,0.00648477906,0.0152873879,0.0207827817,0.00394779227,0.0029819355,0.00198655536,0.00473526141,0.00166559939,0.00219780478,0.00211864388,0.00228003932,0.00759014016,0.00434853991,0.00619392412,0.00643743181,0.00151997688,0.00799186383,0.0131772775,0.00421808775,0.00755970266,0.00361188884,0.00785723444,0.00233420292,0.00169832833,0.00280939331,0.0295300318,0.00596975226,0.010892256,0.0160731305,0.00229638395,0.00757101978,0.00131906777,0.0157591049,0.018869775,0.00896536578,0.00451829031,0.00505323294,0.0106414097,0.0185344064,0.00499465177,0.00399477293,0.00405365758,0.00295167199,0.00181549273,0.00811770385,0.00493197501,0.00349225499,0.0233195739,0.00162590311,0.00714622979,0.00805174845,0.0043822455,0.00362131295,0.00871611962,0.0438496633,0.00357755428,0.00192096764,0.00660376389,0.0169525123,0.0256046895,0.00496614249,0.0112080622,0.00658410357,0.00411850217,0.0024513254,0.0030751121,0.0248920698,0.00296283964,0.000861821669,0.0130535865,0.00159719971,0.000743385256,0.00307670091,0.00217598407,0.0106668345,0.0121340807,0.0372786554,0.00376207604,0.00542336348,0.0272805141,0.00305368073,0.00792991042,0.00670652191,0.0106906893,0.0270161313,0.00124515961,0.00576021418,0.00117370844,0.0101301509,0.00428530233,0.0796717669,0.00252100511,0.0346992782,0.0131122639
0.00614394387,0.00656284052,0.0229489426,0.0372790343,0.0250919198,0.00364584179,0.00662028935,0.0167287013,0.0209586965,0.00483528291,0.00298559156,0.00200154325,0.00536788157,0.00212986112,0.00299156718,0.00253557088,0.0024940935,0.00759856046,0.00383172785,0.00623477755,0.00587598249,0.00179288596,0.00865076733,0.010915339,0.00567386651,0.00739219886,0.00346877806,0.00675765196,0.00219780339,0.00275482185,0.00261447067,0.030546599,0.00629056364,0.0107312677,0.0167738839,0.00257888436,0.00833847236,0.00146412952,0.0145409016,0.0209421778,0.00980139954,0.00373992484,0.00573257439,0.0107991287,0.0202027493,0.00481283722,0.00300258019,0.0046110354,0.00278759466,0.00154341692,0.0086484691,0.00617102527,0.00358122809,0.0268798153,0.00220750364,0.0063609313,0.00834976813,0.00444663446,0.00438200711,0.00718098351,0.0453081774,0.00345264251,0.00177015514,0.00721663459,0.0179997255,0.0261187362,0.00584971333,0.0106935544,0.00628393778,0.00320422404,0.00307177022,0.00308551277,0.0254515992,0.00392669717,0.00171159489,0.0121766702,0.00164719638,0.0011663522,0.00334519927,0.00249763479,0.00993996184,0.0128185901,0.0380737535,0.00374823788,0.00485343832,0.0291784469,0.00257773484,0.0088746064,0.0066869209,0.0114152366,0.025275717,0.00150540385,0.00508102547,0.00124247917,0.0101522893,0.00432587999,0.0812846528,0.00209298763,0.0389643498,0.0140584803
0.00628340398,0.00677886043,0.0244498353,0.0367702125,0.0241534132,0.00414937861,0.00741476578,0.0187164227,0.0233790402,0.00528808582,0.00315568742,0.00227410485,0.00614197866,0.00242178746,0.00357191243,0.00239672973,0.00187702462,0.00774587885,0.00345535188,0.00635129177,0.00689021067,0.00175512352,0.00876557061,0.0112971892,0.00473381491,0.00835692081,0.0036208045,0.006000007,0.00200497297,0.00290257581,0.00314818005,0.0316441827,0.00698104009,0.00983021036,0.0164401789,0.00240638044,0.00915526167,0.00176782898,0.013695635,0.0249687012,0.0119016888,0.0030068753,0.00587692015,0.0115230439,0.0219680191,0.00488108351,0.00344440096,0.00497137698,0.00307117291,0.00164642167,0.00840761163,0.00649667934,0.00393402949,0.0304032337,0.0021777613,0.00613640615,0.0088445909,0.0052572535,0.00440894737,0.00654829704,0.0459753392,0.00323442624,0.00123001206,0.0082126213,0.0194585368,0.0266986657,0.00614048584,0.0108679001,0.00539291018,0.0027345587,0.00351384726,0.00274447518,0.0256967284,0.00443333726,0.0016922866,0.0124343753,0.0016758953,0.00128516372,0.00402218959,0.0031245769,0.00981700832,0.0119928868,0.0380887051,0.0032716186,0.00463626461,0.0307436928,0.00241429717,0.0108903887,0.00744024489,0.0119811405,0.0261034078,0.00162756068,0.00396292939,0.00201115936,0.0110784137,0.00460323713,0.0854607152,0.00155809573,0.0443971804,0.0136977971
0.00611888359,0.00754884858,0.0276948218,0.0371155506,0.0235874013,0.00424472754,0.00919398185,0.0199375918,0.023009255,0.00513737736,0.00278891165,0.00274806939,0.00550070778,0.00360608356,0.00323145189,0.00205965884,0.00180645215,0.00747109995,0.00338248361,0.00662641751,0.00713635902,0.00159899803,0.00798303061,0.0126206879,0.00438124404,0.00996757963,0.00363817282,0.00588467679,0.00200524914,0.00363985087,0.00334308221,0.0310663966,0.00761286696,0.010407395,0.0185585481,0.00287878593,0.00920058817,0.00191429932,0.0134760937,0.0249976155,0.0129289789,0.00316856289,0.00608887864,0.0131316032,0.0233032688,0.00548867124,0.0029852845,0.00682438834,0.00327583831,0.0018974472,0.00820758508,0.00619834945,0.00400296608,0.0351055261,0.00221120371,0.00544091512,0.00847060331,0.0054541223,0.0057375964,0.00543890119,0.0439231294,0.00295358618,0.000955500998,0.00800098491,0.0193286341,0.0275577307,0.00639310294,0.010213414,0.00482794173,0.00251280221,0.0033718649,0.00286615015,0.0279871512,0.00412110028,0.00160928901,0.0113997482,0.00165253789,0.0011949959,0.00394956256,0.00426367908,0.00989366283,0.0123465889,0.0384338173,0.00298062938,0.0043409105,0.0323575306,0.00257814805,0.0102907564,0.00748596587,0.0122361707,0.025550015,0.00162249917,0.00370272102,0.00186591362,0.0122814086,0.0045605896,0.0865356826,0.00153823782,0.0481183598,0.0132139603
0.006260009,0.00803691947,0.0274332429,0.0398479075,0.0228364544,0.00437126744,0.0102672491,0.022281795,0.0213611604,0.00483289293,0.00334801449,0.00308279763,0.00470013878,0.00407309019,0.00299840188,0.00306573627,0.00172414025,0.00633870712,0.00300442996,0.00661415225,0.00627707826,0.00170392481,0.00819985616,0.0122055361,0.00491249716,0.0100630432,0.00381868923,0.00538481941,0.00225988925,0.0046130066,0.00342801231,0.03170516,0.00901562909,0.00938847903,0.0202273575,0.00271738891,0.00895795026,0.00266272098,0.0143064529,0.0250797465,0.0127492806,0.00264587029,0.00711537666,0.0152465093,0.0246254662,0.0051896867,0.00249930184,0.0077359041,0.00396982794,0.00188027476,0.00814431231,0.00574966107,0.00395083236,0.0403996214,0.00222106078,0.00526181192,0.00808281294,0.00615722916,0.00619017309,0.00448199972,0.0433702696,0.00301966456,0.00121146862,0.00737736052,0.0210366899,0.0271626584,0.00668052556,0.0086816181,0.00509652303,0.00205329357,0.00324455844,0.00286592717,0.0292466447,0.00361862775,0.00145813306,0.0103214324,0.00240146915,0.00152333562,0.00426136609,0.00535690233,0.0101287787,0.0120913165,0.0395133206,0.00314213913,0.00453778308,0.031247417,0.00210492219,0.0119105822,0.00746972369,0.0127515142,0.0258423506,0.00189342858,0.00360419362,0.00216450344,0.0131338991,0.00467426865,0.0843523701,0.00179157619,0.0479298797,0.0143781431
0.00634737734,0.00851615756,0.0278757625,0.0392710123,0.0217230099,0.00403923994,0.0111292796,0.023445118,0.0236838281,0.00498878043,0.00334389178,0.00350825344,0.00478064905,0.00436439751,0.00285790176,0.00279289171,0.00177282364,0.00525454286,0.00295168606,0.0073706293,0.00621577703,0.00213248171,0.00755858202,0.012483668,0.00486988387,0.0112098081,0.00361842446,0.00475693394,0.00235043098,0.00507416275,0.00398545791,0.0308435594,0.00835133929,0.00871612857,0.0225118085,0.00224854179,0.00994575451,0.00323196897,0.0140159693,0.0233611,0.0124239708,0.00269040027,0.00711743996,0.0166214511,0.026075651,0.00567174521,0.00219418836,0.00814757561,0.00419453029,0.00183534317,0.00801017391,0.0046316684,0.00451105454,0.0448219081,0.00182030895,0.00494242242,0.00786470432,0.00624913048,0.00676280001,0.00368169584,0.0407758134,0.00332720031,0.000996412954,0.0079012418,0.0218418399,0.0272410713,0.007344213,0.00716245158,0.0056240331,0.0024225485,0.0033467203,0.00261455676,0.0307151537,0.00340031648,0.00144927378,0.0108923403,0.00203081302,0.0021884806,0.00471126639,0.00590049264,0.00934953742,0.011123871,0.0420008259,0.00268078553,0.00365381761,0.031130504,0.00207568543,0.0116354298,0.00704445761,0.0143061373,0.0247959611,0.00194866644,0.00356586913,0.0022950372,0.0154981462,0.00555149086,0.0823872154,0.00200504929,0.0479540203,0.0149161184
0.00723097256,0.0092868162,0.0276162722,0.0411183345,0.0204724589,0.00408953968,0.0151915467,0.0254426392,0.0222286602,0.00473343049,0.00306802814,0.00341074208,0.00477641694,0.00527342575,0.00262950264,0.00248156637,0.00233822134,0.00433218305,0.00344933473,0.00703265939,0.00465861723,0.0019679853,0.00774326117,0.0123794172,0.00537072767,0.0109306638,0.00313841815,0.0041015639,0.00292815101,0.00630831174,0.00441318539,0.0320183836,0.00873747442,0.00769719484,0.0242774881,0.00224014647,0.00995203313,0.00309232911,0.0147992999,0.0223083632,0.0122225161,0.00387919448,0.00673210147,0.0171043598,0.0256555219,0.00548472165,0.00251154302,0.00895752572,0.00428182279,0.00246913863,0.00639746976,0.00483703093,0.00450582126,0.0473406567,0.00218284776,0.00465408124,0.00669180675,0.00692383609,0.00674987368,0.00382420877,0.0391444451,0.00378139618,0.000795018279,0.00746268382,0.0211670374,0.0251581244,0.00719584502,0.00760688577,0.00571164556,0.00242187127,0.00298290026,0.00255960775,0.0318688071,0.0033685526,0.00137873885,0.0104225451,0.00221269265,0.0020242932,0.00493662066,0.00593824795,0.00951122339,0.0102763949,0.0446047889,0.00282812351,0.00398463115,0.0333867669,0.00252964793,0.0134962561,0.00638461069,0.0152310814,0.0253742293,0.00165804795,0.00271037829,0.00259264052,0.0171542102,0.0063581915,0.0799432811,0.00217098716,0.0483171062,0.0130446209
0.00756728163,0.00916474367,0.029882617,0.0433775558,0.021756408,0.00378469425,0.0169753187,0.0257382751,0.0196742728,0.00385708056,0.00272264299,0.00326702411,0.004329902,0.00565755092,0.00229568519,0.00276831519,0.00218941369,0.00361509168,0.00339417695,0.00749319946,0.00410308039,0.00259504007,0.00678858034,0.0122970949,0.00505952794,0.0125653037,0.00233683765,0.00343932649,0.00273184377,0.0066666617,0.00417350301,0.0344733516,0.00915502657,0.00734176811,0.026864346,0.00239844343,0.009583329,0.00326702437,0.0142470812,0.0218795892,0.0131153962,0.00476585404,0.0065674272,0.0165370935,0.0234865709,0.00554809322,0.0021747993,0.0097303103,0.00426246518,0.00253115843,0.00548119335,0.00379859894,0.00562933348,0.0510065316,0.00248978345,0.00406988707,0.00682062464,0.00658539556,0.0071194535,0.00336221685,0.041125539,0.00442098864,0.000927645806,0.00691301773,0.0220867711,0.0237549347,0.00684125091,0.00741239871,0.00553303943,0.00306045893,0.00308763995,0.00300641117,0.0321681389,0.00321789486,0.000820794039,0.00988822561,0.001910219,0.00228249022,0.00486763308,0.00612810268,0.00834547421,0.00912604215,0.0472646949,0.00331168073,0.0039710371,0.034712798,0.00265376548,0.0155852523,0.00575065201,0.0145740684,0.02476761,0.00184843213,0.00287613814,0.0028030449,0.0198231001,0.00770378778,0.0782374781,0.00279921126,0.0495436527,0.01273152
0.00773372084,0.0100325402,0.0290652099,0.0424284579,0.0203037207,0.00302405488,0.0192372436,0.0256445557,0.0188801242,0.00437180453,0.00295292788,0.00321934385,0.0039918794,0.00570274833,0.00214202452,0.00345070311,0.0023544001,0.00253087133,0.0030528667,0.00623872378,0.00379693423,0.00286141627,0.00728188339,0.0105997629,0.0045994065,0.0131843544,0.00231023612,0.00291942122,0.00302986071,0.0067778134,0.00414078899,0.0356527182,0.00956839183,0.00577454812,0.0265902865,0.00276863491,0.00928340008,0.00353535329,0.0143376856,0.0205002797,0.0134031928,0.00587503824,0.00744856372,0.0179613303,0.0248475873,0.00622716373,0.00181329559,0.0100871861,0.00470239788,0.00272162242,0.00513116227,0.00403448093,0.00675480953,0.0542602546,0.00262955557,0.0043315614,0.00711892605,0.00640668785,0.00752052475,0.00396929221,0.0412294384,0.00493097007,0.00119442627,0.00705024341,0.0237198171,0.0217915435,0.00715193185,0.00985914762,0.00486656259,0.00376396562,0.00241672211,0.00315097636,0.0312471834,0.00290076449,0.000271628022,0.00878699921,0.00212824422,0.00239712913,0.00387295781,0.00745196123,0.0089485497,0.00819444865,0.0525533883,0.00296679737,0.00392927383,0.0341301389,0.00232558543,0.0166432403,0.00631579215,0.0144617089,0.0245487463,0.00188070639,0.00318025471,0.00238299035,0.0223734981,0.00774803863,0.0764044002,0.00320659908,0.0490924892,0.0125459427
0.00783485814,0.0102739602,0.029326289,0.0412968255,0.0194878118,0.00270453472,0.0200957351,0.0243314517,0.0186754823,0.00436065736,0.00417972112,0.00334853137,0.00329123897,0.00569248034,0.00218818605,0.0029288725,0.00286818695,0.00225841583,0.00286133228,0.00560140378,0.00234062901,0.00360257661,0.00748988512,0.0108188531,0.0041025586,0.0126452696,0.00279697372,0.00219128533,0.00389105194,0.00724934268,0.00410509312,0.0356559111,0.00894187465,0.00536560314,0.0272481196,0.00245134512,0.00826101807,0.00349650522,0.0140898996,0.0192250403,0.0156359634,0.00671232334,0.00791657102,0.018185226,0.0243866953,0.00792743523,0.00147690572,0.0106756145,0.00420930425,0.0027390082,0.00523070162,0.00377406297,0.00651582684,0.0576495591,0.00293517174,0.00378953525,0.00845339558,0.00592041324,0.00792062649,0.00513225127,0.0432460914,0.00456399309,0.00131752319,0.00725183373,0.0251246973,0.0221135406,0.00749228947,0.011408518,0.00467507748,0.00424673186,0.00247556699,0.00354800176,0.0315800626,0.00316933732,0.000268852956,0.00695047321,0.00274989683,0.00237718709,0.00420401344,0.00886157667,0.00865574123,0.0074226762,0.0510906197,0.00252844454,0.00356593929,0.0352317239,0.00212895247,0.0159803309,0.00589797172,0.0144040338,0.0252674446,0.00229574679,0.00353516093,0.00242277577,0.0215755834,0.00815834541,0.0774869703,0.00338826463,0.0490623486,0.0113241178
0.00881749139,0.0101172841,0.0306548681,0.0404267646,0.0183258644,0.00224274344,0.0221334054,0.0227507098,0.017349011,0.00614118344,0.0037755232,0.00341249055,0.00320251204,0.00461909268,0.00244813434,0.00369054485,0.00272648107,0.00214369506,0.003689239,0.00484857178,0.00241513432,0.00357815625,0.00771416811,0.0106532941,0.00411910063,0.0137746554,0.0037072818,0.00205627515,0.00395911894,0.00712876452,0.00390625061,0.0362798009,0.0095347094,0.00459953961,0.0275341333,0.00212391764,0.00930434636,0.00345752322,0.0143356288,0.0200716298,0.0167853103,0.00653417766,0.0080351849,0.019360172,0.0232271988,0.00810723735,0.00135593132,0.0104087659,0.004465438,0.00312256073,0.00599849679,0.00415470222,0.006303117,0.0607736401,0.00359926009,0.00443046685,0.00945099449,0.00607176516,0.00828375756,0.00549595988,0.0440908454,0.00525042602,0.00145541039,0.00695754853,0.0264717233,0.019109168,0.00913476705,0.0125754944,0.00418325146,0.00455360905,0.00250868282,0.00351972529,0.0303529118,0.00330181628,0.000668449731,0.00630775168,0.00281670129,0.00225523901,0.0042697348,0.00869903721,0.00742972024,0.00733495945,0.0505347127,0.00277917752,0.00442353886,0.0322053647,0.00210938462,0.015856222,0.00590723646,0.0145459667,0.0272185672,0.00244665024,0.0039753775,0.00229607348,0.0219985426,0.00907126881,0.0727166411,0.00307787224,0.0491943453,0.010145315
0.00824699878,0.0104391608,0.0312956554,0.0427205887,0.0163208473,0.00209478678,0.0236973428,0.0206825126,0.0163602211,0.00688778528,0.0039262586,0.00325732973,0.00298304834,0.00573117327,0.00220178289,0.00327600445,0.00234655071,0.00235756534,0.00317370211,0.00545264149,0.00253467805,0.00414624984,0.00791181483,0.00946947919,0.00431282422,0.0141442937,0.00349151024,0.00259768961,0.0040778334,0.00725943751,0.00362418149,0.0345953181,0.00851861856,0.00515835294,0.0279657644,0.00255956065,0.0096199257,0.00366579153,0.0153027144,0.0218911942,0.0165998772,0.00596872092,0.00705512396,0.0190953833,0.0231615134,0.00978534907,0.00123321549,0.00932665949,0.00487617137,0.00311607078,0.00693772159,0.00456274518,0.00600307274,0.064872638,0.00380565017,0.00380656233,0.0103146742,0.00589830157,0.00877085989,0.00541082072,0.0437158301,0.00528344299,0.0011931564,0.00697252682,0.0257844527,0.0181949262,0.00889627144,0.012466133,0.00411056133,0.00483058318,0.00214619502,0.0038815793,0.0325203082,0.00282695696,0.00146744694,0.00696282895,0.00335065316,0.00224156242,0.00432336827,0.010665102,0.00655583119,0.00826835952,0.0515618561,0.00229240794,0.00464076152,0.0296296068,0.00179452717,0.0147889483,0.00594384527,0.013748626,0.0285137159,0.00245901769,0.00416396676,0.00199347542,0.0222055253,0.00923254423,0.0695175371,0.00377061728,0.0489142191,0.0085849729
0.00942107611,0.0105737408,0.0290105206,0.0425007149,0.0180524852,0.00219411872,0.0250701309,0.018826165,0.0162150514,0.00757575373,0.00480769634,0.00337885702,0.00285597712,0.00505784429,0.00292664127,0.0037715482,0.00262729495,0.00221535817,0.00299920477,0.00572149828,0.0026507655,0.00436028518,0.00826670922,0.00997446126,0.00471630962,0.0134559182,0.0037570455,0.00267519045,0.00351809454,0.00721793521,0.00412541592,0.0331329329,0.00801475688,0.00528127075,0.0266876793,0.00254138448,0.00927993078,0.0030775528,0.0165910745,0.021383101,0.0175633275,0.00702462092,0.00678031534,0.017416249,0.022132189,0.0102890422,0.0019355702,0.0100731148,0.00514138331,0.00323289554,0.00832,0.0048054926,0.00677731308,0.0649819143,0.0040337839,0.00339805615,0.0112718556,0.00492879885,0.00837378304,0.00598761798,0.0433105719,0.00623922559,0.00132467941,0.00713226721,0.0265570093,0.0198627244,0.00839857886,0.0114613117,0.00446406042,0.00604611693,0.00186544282,0.00344325246,0.0329883465,0.00322629003,0.00140996279,0.00707455279,0.00340090113,0.00247203102,0.0040004946,0.0113111429,0.00522298361,0.00744709499,0.0521560982,0.00183893462,0.00483333547,0.0290235051,0.0023651167,0.0141280203,0.00697806577,0.0129158063,0.0286682484,0.00246710258,0.00406503363,0.00238407218,0.0247873979,0.00902116331,0.0673080843,0.00299448199,0.0506712038,0.00798388574
0.00844315285,0.0125620146,0.0284681916,0.0419185079,0.0175879171,0.00212246057,0.024398622,0.0180610712,0.0163942246,0.00751929711,0.00421278104,0.00346164685,0.00278343501,0.00547844547,0.00352112384,0.00333155752,0.00248880174,0.00218161863,0.00305555564,0.0053011334,0.00328817517,0.00443196019,0.00826445731,0.0108664626,0.00448653804,0.0148919991,0.00521153916,0.00276170554,0.00400232878,0.00651782503,0.004243189,0.0317568209,0.00845672554,0.00494876499,0.0266788991,0.00272089405,0.00958466054,0.00323667951,0.0185093225,0.0227792599,0.0193569603,0.0069076275,0.0066195437,0.0169279042,0.0204758224,0.0109409228,0.00208304776,0.0089033876,0.00537358826,0.00305036256,0.0095365691,0.00482315039,0.00718132638,0.0658064915,0.00393110883,0.00343077194,0.0120871219,0.00451066131,0.0074930997,0.00599650134,0.0446880581,0.0067754402,0.0015963829,0.00701576611,0.0246078705,0.0209967746,0.00845531074,0.0116178949,0.00518816609,0.00562903939,0.00153317766,0.00318049688,0.0320413985,0.00420105863,0.00166844946,0.00723472372,0.00387702478,0.00258264355,0.00379211974,0.0121780003,0.00438182115,0.00723047143,0.0502310942,0.00146291801,0.00535688675,0.0276757691,0.00235017678,0.0124982002,0.00715601021,0.0128646995,0.0283954254,0.00238907852,0.00408592701,0.00215491149,0.0265933233,0.00979695664,0.0640599269,0.00331282792,0.0499919914,0.00745102924
0.00713692078,0.0128787282,0.0287318996,0.0414985708,0.0174709649,0.00184478161,0.0255623916,0.015843678,0.0155351021,0.00787245225,0.00357549134,0.00394290052,0.00264945848,0.0049582463,0.00420444815,0.00342781796,0.00295300621,0.00274047959,0.00363961514,0.00486847632,0.00391491803,0.00503144489,0.00771416869,0.0119077034,0.00293906899,0.0164893564,0.00574624987,0.00355848236,0.00477714037,0.00674054655,0.00419170216,0.0305966927,0.00877668205,0.00550773996,0.0240616783,0.00241580255,0.00995561498,0.00335165096,0.0198142608,0.0247328515,0.0186785317,0.00780362857,0.00598179782,0.0157195874,0.0173170169,0.0115443427,0.00207325462,0.00979379612,0.00468413673,0.00271458385,0.0105171536,0.0045217599,0.00796508316,0.0681891051,0.00406403915,0.00259882306,0.0116805754,0.00348741141,0.00694611408,0.00702038611,0.0465676194,0.0071522018,0.00160363215,0.00783011819,0.0239587031,0.021882023,0.00860862856,0.0114243462,0.00425458506,0.00587818547,0.00166133403,0.00344690218,0.0334452942,0.00434979088,0.001988864,0.00885492387,0.00395041056,0.00260617338,0.00378270968,0.0129881428,0.00496598404,0.0079678724,0.0480676038,0.00171320253,0.00540856449,0.0279578098,0.00263852253,0.0120277399,0.007072827,0.0123739859,0.0297452722,0.00238030088,0.00409295823,0.00286191275,0.0263730556,0.0106307404,0.0638948172,0.00248794999,0.0506318626,0.00759530603
0.00632650169,0.0128067668,0.0306994479,0.0409070065,0.0191700283,0.00221490942,0.0259695661,0.0131963019,0.0152339944,0.00773466346,0.00345547903,0.00452642812,0.0032232005,0.00533506619,0.0053226917,0.0037593984,0.00342593813,0.00266255822,0.00324587787,0.00496475285,0.00489299783,0.00590081575,0.00867752249,0.0132793133,0.00257032675,0.0159363208,0.00635942141,0.0031076885,0.00528638123,0.00663194131,0.00384508095,0.0289079932,0.00933333034,0.00549950108,0.0235914872,0.00238630463,0.0104304014,0.00274137752,0.020113318,0.0269116508,0.0195096939,0.00833334062,0.00580712583,0.0157163886,0.0165383213,0.0115580268,0.00209731408,0.0100097943,0.00473424988,0.00221296161,0.0120068592,0.00450796452,0.00862794238,0.0670921503,0.00397063789,0.00270416167,0.010126278,0.003184719,0.00731648532,0.00712831702,0.0464315041,0.00739027205,0.0018626886,0.00835708355,0.0229178755,0.0253436155,0.00868605538,0.010576331,0.00412796067,0.0057034198,0.00179499776,0.00329641754,0.0349790985,0.0051615761,0.0019799404,0.00942576832,0.00419997226,0.00221229933,0.00360696508,0.0137626525,0.00490730164,0.00759396978,0.0481506684,0.00200777983,0.00518287713,0.0275210904,0.0025558589,0.0110776897,0.00709855116,0.0110736323,0.0305528969,0.00290815646,0.0040601624,0.00354566741,0.0277216558,0.0100694994,0.0625529369,0.00228972346,0.048118974,0.00761945916
0.00600994682,0.0141905339,0.0308802479,0.0405922647,0.0183580164,0.00209683487,0.0253541033,0.0128256231,0.0152211397,0.00770537376,0.00291844661,0.00488621617,0.003567101,0.00478654786,0.00604270047,0.00387342486,0.00301431939,0.00297492441,0.00325581351,0.00454872979,0.00551017631,0.00693928659,0.00904392296,0.0147671478,0.00328665539,0.0165735906,0.0060338493,0.00258046744,0.00638193195,0.0064957165,0.00432658406,0.0298359141,0.00940586531,0.00562883995,0.0233267509,0.00244961222,0.0118210498,0.00316839462,0.0195420974,0.0289084751,0.0218909065,0.00930074566,0.00537069361,0.0151106624,0.0154792907,0.012246742,0.00208681361,0.010116307,0.00448176012,0.00219524529,0.012934364,0.00520833153,0.00820016603,0.0672758584,0.00386766266,0.00284398846,0.00846955094,0.00267196309,0.00757576386,0.00669280984,0.0465783042,0.00793326451,0.00187994949,0.00805540582,0.0224753471,0.0266550829,0.00826446009,0.00994235766,0.00422590569,0.00643382155,0.00141905374,0.00328860327,0.0331113328,0.00524895427,0.00223684323,0.00869877774,0.00419882865,0.00240197318,0.00339422347,0.0130644815,0.00624236801,0.00930064337,0.0506683625,0.00239506177,0.00458991671,0.0264726524,0.00246877427,0.0115054995,0.0066529512,0.0113978243,0.0311040595,0.00291209512,0.00317040676,0.00384476525,0.0286290291,0.00984223551,0.0642445459,0.00211896889,0.0464053362,0.00761946692
0.00529173701,0.0135511673,0.0331982466,0.0393319402,0.017977662,0.00235428965,0.0264750363,0.0118999865,0.0151731976,0.00667877148,0.00371057363,0.00564212141,0.00467289483,0.00473533757,0.00707194251,0.00328860821,0.00293142813,0.0034178348,0.00267973847,0.00400974012,0.00563617417,0.00643963129,0.00949340131,0.0156629585,0.00264210526,0.017711931,0.00646487748,0.00233484551,0.00693826894,0.00708649243,0.00375730022,0.029040137,0.00974365213,0.00591446136,0.0225508095,0.00213645834,0.0116321121,0.00340089935,0.019653166,0.0292428046,0.0223925804,0.0105451145,0.00521662554,0.0151708729,0.0136596276,0.0117494219,0.0019495882,0.0100355837,0.00463485375,0.00198845283,0.0132110964,0.00483991262,0.00914977296,0.0717771155,0.00321900642,0.00300962901,0.00726250808,0.00236902891,0.00851956321,0.00756763434,0.0475460279,0.00862029581,0.00244665121,0.00734613406,0.0200391026,0.0296141868,0.00795255807,0.00925658209,0.00365390592,0.00598002048,0.00166646302,0.00330120012,0.0326955469,0.00539973532,0.00198229509,0.00776195744,0.00473805304,0.00251514984,0.00292725283,0.0116404284,0.00629870765,0.0100271262,0.0500119186,0.00262926954,0.0048040856,0.0274122869,0.00245522712,0.0106304813,0.00622009711,0.0106378349,0.0305219085,0.00260974162,0.00198570173,0.00407673896,0.0304172506,0.00976397723,0.0644697502,0.00180423873,0.0468219424,0.00831779743
0.00506944642,0.0147917657,0.033807963,0.0392598556,0.015890307,0.0021062033,0.0265006904,0.0118869679,0.0160582927,0.00633402331,0.00452761575,0.00616872956,0.00560972612,0.00410477071,0.00808150948,0.003657397,0.00232288132,0.00271739436,0.00304482796,0.00418893569,0.00659766839,0.00743608998,0.0105196194,0.0150587001,0.00413458696,0.0178571148,0.00709014456,0.00254540227,0.00727192929,0.00703816825,0.00392377318,0.027413744,0.00984703657,0.00662326938,0.0228337305,0.00182088022,0.0110854931,0.00328766815,0.0194653196,0.0282413699,0.0238500845,0.0128110524,0.00589338469,0.0139746167,0.0137592685,0.0117974487,0.00139567351,0.0097528996,0.00412815883,0.00223899821,0.0137133799,0.00527488845,0.00970030573,0.072269973,0.0044122799,0.00254384679,0.00614349889,0.00229357559,0.00845783617,0.00803535517,0.048034962,0.00881919686,0.00230477333,0.00672347539,0.0197386463,0.0341601476,0.00678913831,0.00942155864,0.00395141115,0.00559362098,0.00272007954,0.00305729023,0.032626102,0.00629960449,0.00152136785,0.00722563638,0.00585512227,0.0025833162,0.00310126537,0.0101631447,0.00583401977,0.0110203391,0.0504729225,0.00316175363,0.00482338436,0.0283447658,0.00254398422,0.00992383757,0.00549451091,0.00990291709,0.0313053935,0.00228679513,0.0017239091,0.00487805293,0.0319095741,0.0106810976,0.0665240939,0.00243362641,0.0444427696,0.00784849939
0.00517192858,0.0155464826,0.0346469826,0.0412110248,0.015126081,0.00203123047,0.0265813005,0.0116263112,0.0157557142,0.00543825722,0.00476899923,0.00634561974,0.00657982258,0.00331040765,0.0082918787,0.00327715175,0.0022023556,0.00271699864,0.00376232433,0.00278337594,0.00663830651,0.00850487422,0.0109229124,0.0154809387,0.00405809564,0.0175592755,0.00681752763,0.00195941218,0.00848319051,0.00641579623,0.00439882306,0.0281043378,0.00912425825,0.00630195721,0.0242167064,0.00208557494,0.0112140481,0.00314681167,0.019309525,0.0259740475,0.0242976327,0.0129057627,0.00469420371,0.0144203859,0.0141540682,0.0116067866,0.00154212504,0.00885835049,0.00360327805,0.00222278539,0.0132730318,0.00607317524,0.0106508882,0.0705749143,0.00336362271,0.00309847568,0.00547275272,0.00169353641,0.0104773782,0.00877538956,0.0483801018,0.00935755279,0.00258187095,0.00678913201,0.0187039001,0.0369772939,0.0056105547,0.00958049144,0.00351853815,0.00612525477,0.00268012276,0.00305242246,0.0334818127,0.00700299898,0.00126363291,0.00655808985,0.00689844959,0.00220865376,0.00283625686,0.00979862185,0.0072074606,0.0122138413,0.0497350777,0.00327290665,0.00570593108,0.0289289589,0.00225001152,0.0108681128,0.00448760758,0.00991132796,0.0338183553,0.00229202567,0.00211053868,0.00635241118,0.0336393835,0.0100671224,0.0676651529,0.00232727662,0.0433849181,0.00899340362
0.00576717778,0.0155039125,0.036924094,0.0427834537,0.0156352369,0.00190524644,0.025126327,0.01157792,0.0153232492,0.00450278511,0.00552608496,0.00552619492,0.00698103416,0.00311567506,0.00847457097,0.00354466792,0.00224244925,0.00243273494,0.00386299014,0.00271491401,0.00763915673,0.00872848438,0.0124512325,0.0152274609,0.00424088165,0.0168242075,0.0064711015,0.00184606439,0.00864054316,0.00606797228,0.00434965395,0.0288707616,0.00885712674,0.00638658133,0.0241038138,0.00220470044,0.0097763686,0.0030800886,0.0181617941,0.024126137,0.0260104405,0.0150653625,0.00442014036,0.0163942003,0.0134651234,0.0119912945,0.00141043863,0.00677393453,0.00332205458,0.00177935869,0.0130467678,0.00610115384,0.0105287074,0.0697229663,0.00322202664,0.00243276251,0.00515523701,0.00159278207,0.01136551,0.00874918079,0.0506732918,0.00931020596,0.00271701969,0.00675314555,0.0194350279,0.0391926095,0.00522125412,0.0112257592,0.00313198702,0.00650969526,0.00262926768,0.00316748089,0.0333288354,0.00742586622,0.00113197885,0.00668968198,0.00678106716,0.00225763298,0.00300224781,0.0104447475,0.00844315248,0.0133153159,0.0504035626,0.00303183202,0.00631349826,0.0306545031,0.00241066335,0.0118527403,0.00433449188,0.0103138044,0.0346810235,0.00227090388,0.00239808357,0.00644189173,0.0344942428,0.00896207058,0.0665421113,0.00294202362,0.0421589474,0.0101024776
0.00568575458,0.0165950587,0.0401438252,0.0455410001,0.017959305,0.00215380933,0.0229669041,0.0113844027,0.0138109926,0.0045906123,0.0061628434,0.00480163594,0.00700262249,0.0024585938,0.00784862448,0.00401768463,0.00154279514,0.00230647721,0.0042185902,0.00325992856,0.00693463283,0.00870800782,0.0140789011,0.0143945221,0.00403853944,0.0176589145,0.00688919814,0.00172761611,0.00927657705,0.0061267677,0.00531668364,0.0303651706,0.00930048987,0.00582426549,0.0262972292,0.0027336718,0.00849180249,0.00307966442,0.0182010337,0.0249045599,0.0249471447,0.0167008529,0.00415109941,0.0176803846,0.0134204092,0.0104963239,0.00126796491,0.00682813968,0.00278923423,0.00191840663,0.0125685501,0.00686432676,0.0109017258,0.0698624011,0.00338220526,0.0019668993,0.00482925347,0.00185947869,0.0134611515,0.00864055187,0.0514453953,0.0109281886,0.00256790996,0.0066383503,0.0181240726,0.0424102633,0.00531574087,0.0116457745,0.00290076603,0.00640579169,0.00276000992,0.00326840147,0.0346714262,0.00686886285,0.000793860158,0.00618248229,0.00705198,0.00162888419,0.00320431491,0.00975709538,0.0090344981,0.0125140779,0.0518122421,0.00328614488,0.00707445234,0.0304086401,0.00242096393,0.0116354649,0.00353521542,0.0119831472,0.0323082979,0.00232650661,0.00197811025,0.00692731703,0.0348821856,0.00981500349,0.0684482603,0.00333285481,0.0430488527,0.0121670598
0.00604585792,0.0173770172,0.0416886605,0.0456537086,0.0207935247,0.00198336537,0.0222821018,0.0099059143,0.0129014156,0.00559786788,0.00685330121,0.00431110365,0.00711930648,0.00258866137,0.00694151847,0.00416554583,0.00145550285,0.00189753283,0.0044458738,0.00289813169,0.00668193575,0.00868859056,0.0150222403,0.0147698804,0.00448908668,0.0172700758,0.00730892148,0.00173210271,0.00955596315,0.00520688354,0.00585199265,0.031407041,0.0101998331,0.00544637908,0.0258733307,0.00289817167,0.0065569711,0.00389717812,0.0184487408,0.0233070514,0.0265413725,0.0175387827,0.00431153865,0.01917099,0.0141182086,0.00954026971,0.00140705994,0.0062128935,0.00304321403,0.0021744712,0.0117228928,0.00753719349,0.0109683403,0.0683882592,0.00350041311,0.0020188467,0.00453752167,0.00160470832,0.0137629706,0.00827728849,0.0528475416,0.0105673848,0.00284283344,0.00632237761,0.0179832604,0.0439663337,0.00526983545,0.0128740966,0.00336751845,0.00771063212,0.00252461857,0.0029141316,0.0359405877,0.00646758758,0.000534187959,0.00599097468,0.00837872193,0.00195013066,0.0029435231,0.00992437824,0.00996402113,0.0121717981,0.0535391611,0.00279435606,0.00741629884,0.0305450814,0.00242199477,0.0118059119,0.00388669228,0.0124427086,0.033401395,0.00219181665,0.00229779624,0.0065382436,0.0349348192,0.0100308744,0.0675588771,0.00402429291,0.0425140298,0.0145215699
0.00609500363,0.016071455,0.044484402,0.0456864091,0.0218158049,0.00203123339,0.0239597952,0.00954959467,0.0132305146,0.00626938695,0.00598241074,0.00418782605,0.0077356748,0.00259572005,0.00682736201,0.00407971844,0.00143776555,0.00180397018,0.0043388147,0.00293901836,0.00685366382,0.00843159301,0.0148420912,0.0141546673,0.00447315993,0.01576199,0.00894946595,0.00229753271,0.00957476276,0.00425648946,0.00719045259,0.0338810576,0.00964206568,0.00466497065,0.0237529896,0.0030819709,0.00573418111,0.00460165191,0.0185613632,0.0228820106,0.0264089709,0.016673776,0.00405028349,0.0196455724,0.0145063711,0.00763129981,0.00139197934,0.00571389655,0.00275397792,0.00181700419,0.0120428348,0.00867024071,0.0111233916,0.0717271623,0.00403032879,0.00175889806,0.00448447911,0.00165103656,0.0155702682,0.00809499057,0.0564528103,0.0102408681,0.00321672671,0.00648742028,0.019860239,0.04792779,0.00470079662,0.0125386641,0.00259978713,0.00952516718,0.00285243585,0.00282196198,0.038290753,0.00683453574,0.000941240642,0.00574875891,0.00919220408,0.00183382803,0.00295545624,0.00906845941,0.0108832172,0.0126061429,0.0522481914,0.00241055045,0.00825804688,0.0294744647,0.00253342745,0.0116324195,0.00460404878,0.0133272613,0.0317846356,0.00213532771,0.00209013847,0.00686263915,0.0346334345,0.00936979036,0.0667212846,0.00446179917,0.0450276865,0.0146492572
0.00535316549,0.0167745552,0.0454967862,0.0475269924,0.0242371317,0.00202198522,0.0253990511,0.0104632669,0.012784284,0.00650879435,0.0054394438,0.00384024565,0.00808871062,0.00233888197,0.0061960464,0.00431229446,0.00161132079,0.00154392217,0.00463265128,0.00347171297,0.00761798157,0.00900205381,0.0173424508,0.0145264,0.00471697276,0.0150958611,0.00842076305,0.00255900036,0.0111111073,0.00362120765,0.00753551489,0.035549235,0.00949191749,0.00447882481,0.0242581796,0.0038846406,0.00487316509,0.00506988238,0.0175679096,0.0222327219,0.0256193631,0.0161404969,0.00350827251,0.0199286689,0.0147800992,0.0076854102,0.00194552469,0.00665213618,0.00333251093,0.00194375874,0.0127306175,0.00832018224,0.0104465724,0.0726955362,0.00349331388,0.00191126414,0.0045967464,0.00164690105,0.0175364558,0.00804196891,0.0571378296,0.0116161591,0.00342555532,0.00720830483,0.0200046793,0.0489765589,0.00495049885,0.011909888,0.00261740002,0.00931946795,0.00305966217,0.00240171674,0.0405560643,0.00627781295,0.001071238,0.005324436,0.00971411554,0.00158432937,0.00306889905,0.0089313808,0.0116537164,0.0133491428,0.0522713286,0.00243371132,0.00844667123,0.0282638044,0.00279095859,0.0122961517,0.004760636,0.0150032662,0.0309305935,0.00247392713,0.00242873221,0.00697191999,0.0353321438,0.00862540719,0.0695510746,0.00541689397,0.0468124311,0.0139347184
0.005888555,0.0151394638,0.0459953169,0.0482270464,0.0271889607,0.00202711777,0.0271765125,0.0113340891,0.0123832433,0.00681817859,0.00534157526,0.00340970483,0.00857844346,0.00273010808,0.00570791817,0.00519919605,0.00204628361,0.00101451273,0.00422736895,0.0048651098,0.00788565515,0.0091976441,0.0171918501,0.0153784478,0.0046573059,0.0150193535,0.00786098334,0.00235277222,0.0121868225,0.00372527955,0.00889608029,0.0355137137,0.00969509601,0.00303560874,0.0235485415,0.00330425873,0.0044452798,0.00490263371,0.0177032066,0.0204375029,0.0244515655,0.0167789807,0.00386344091,0.0225943146,0.0154001201,0.00810891065,0.00249100108,0.00703844448,0.00387790627,0.00169557713,0.0139601028,0.0081061663,0.0100238694,0.0737684892,0.00470867386,0.00172081419,0.00507533086,0.00125528407,0.0178355547,0.00821475042,0.0574909731,0.0118806257,0.00338938361,0.00648824165,0.0201444141,0.0515166161,0.00559441735,0.0123890052,0.00232090631,0.00862446159,0.00265553597,0.00288076623,0.0433532911,0.00546331672,0.000942380785,0.00479685488,0.0107370326,0.00190392806,0.00368139273,0.00815018007,0.0115295329,0.013187533,0.0543123176,0.00277097806,0.00943260499,0.0295143874,0.00288105199,0.0123713991,0.00409783112,0.0164964531,0.0301462792,0.00300480829,0.00276174178,0.00760915016,0.0361100355,0.00837498938,0.0728762526,0.00639702978,0.0484732742,0.0143433184
0.00562520113,0.0140050005,0.048456504,0.0484770167,0.0273939352,0.00228396969,0.0300134392,0.0126728054,0.0130488107,0.00762580982,0.00529690091,0.00286298931,0.00918115867,0.00250263924,0.00620155116,0.00505458954,0.00242857138,0.00120656275,0.00476875401,0.00585096182,0.00725618872,0.00904616361,0.0180571596,0.0161042789,0.00495533275,0.0144917545,0.00739725276,0.00258958863,0.0139445584,0.00396026244,0.0101409178,0.0360329969,0.00929054793,0.00229142146,0.0231213848,0.00346020942,0.00329520055,0.00490873205,0.0164050553,0.0192558752,0.0229323736,0.0175573515,0.00357398142,0.0238882146,0.0155387726,0.00794461021,0.00272232143,0.0071665588,0.00441919397,0.00143527931,0.0169074902,0.00842615915,0.00863033585,0.0780673343,0.0056669635,0.00182251232,0.00533009991,0.00136612042,0.018019605,0.00862740715,0.0604431062,0.0121617657,0.0037799749,0.00768400346,0.018888374,0.0539668791,0.0057711822,0.0104464725,0.00201425629,0.00899895421,0.00303874273,0.0028564345,0.0460538485,0.00499860809,0.00162162013,0.00409373234,0.010985213,0.00207468876,0.00283120717,0.0068930902,0.0110872249,0.0110814379,0.0593686567,0.00306428419,0.00946860261,0.0291557187,0.00300587711,0.0138853111,0.00474237451,0.0183020296,0.0283713019,0.00347362009,0.00289373937,0.0083874947,0.0360299628,0.00809280486,0.0732788896,0.00733595694,0.0478661049,0.0136863866
0.00506317017,0.0142230174,0.0492840396,0.0484442173,0.0299442358,0.00219016076,0.0292801944,0.0127470507,0.0139026376,0.00796739809,0.00509993321,0.00302239924,0.0104550334,0.00211193686,0.00651367163,0.00459956619,0.00275243086,0.00146986911,0.00546590668,0.00705660937,0.00788990064,0.00896468081,0.018573194,0.0171790774,0.0047111016,0.0137228166,0.00739083521,0.00180280008,0.014663909,0.0041377505,0.00997651828,0.0364363293,0.00832381325,0.00232863386,0.0232700756,0.00372290605,0.00333497788,0.00578671469,0.0156272942,0.0207325237,0.0221493936,0.0162919411,0.00438281859,0.0239543164,0.0166642269,0.00771783482,0.00302696502,0.00703300012,0.00472542229,0.00169116889,0.0177829933,0.00938205721,0.00703480809,0.079018942,0.00706268246,0.00191191092,0.0062667304,0.00174013828,0.0197829725,0.00964011172,0.064698704,0.0139250262,0.00378299847,0.00820253227,0.0191796611,0.0573167076,0.00681702193,0.0103004407,0.00201082691,0.00850392359,0.00357690674,0.00259708599,0.0473842959,0.00448797059,0.00175865596,0.00467686793,0.0110898085,0.00223880606,0.00296351793,0.00625114801,0.0108810316,0.0114374687,0.0643053994,0.00355684252,0.0111598419,0.0282568289,0.00289484341,0.0131681378,0.00508897271,0.0185160848,0.0255958589,0.00350498734,0.00282173843,0.00895362972,0.0356677522,0.00897882926,0.0732357367,0.00802642953,0.0474124269,0.0123857335
0.00450006895,0.0138687877,0.0490241309,0.0446926698,0.0300822398,0.00239823247,0.0297814306,0.0139309834,0.0136862106,0.00710672168,0.00425239857,0.00248756425,0.0113545842,0.00133244987,0.00658355564,0.00411995118,0.00279494099,0.00116201993,0.0060833507,0.00743115365,0.00770829891,0.0088489535,0.0191190154,0.0209663976,0.0050146244,0.0138345469,0.00713024785,0.00165289198,0.0155078675,0.0036610849,0.0101804096,0.0371722593,0.00875819035,0.0023055407,0.0207308958,0.0036838604,0.00291634908,0.00660974661,0.0143463083,0.0209881988,0.0203024458,0.0154660129,0.00468164824,0.0245132998,0.0163451619,0.00888251623,0.00309889838,0.00820095443,0.00515070106,0.00160031127,0.0192114165,0.00929708769,0.00671936588,0.0779894869,0.00835971735,0.00172885313,0.0066079302,0.00165879987,0.0189886907,0.0101224959,0.0662992521,0.0140942928,0.00355572727,0.00757373327,0.0183037878,0.0575955457,0.00720571866,0.00964009512,0.00214625335,0.00913154774,0.00346731173,0.00286069438,0.0503457738,0.00395516929,0.00176295318,0.00398860301,0.0114815842,0.00287834896,0.00275551614,0.0048050217,0.0102148358,0.0112920811,0.0660085454,0.00368955899,0.010588637,0.0282938995,0.00186965795,0.0140608825,0.00522214974,0.0180938578,0.0245273431,0.00346389901,0.00425894152,0.00899161689,0.0354118798,0.00897606149,0.0749668019,0.00882911658,0.0480852499,0.0115446478
0.00506542793,0.0137432718,0.049003617,0.0438897969,0.0310072006,0.00251056714,0.0320145699,0.0152553028,0.0152978155,0.00738975422,0.00434428917,0.00313283054,0.0123379982,0.00134481123,0.0073354731,0.00302210694,0.00323767276,0.00201884367,0.00547186748,0.00939001852,0.00789793563,0.00897993005,0.0191005611,0.0234198442,0.00417256021,0.0129834411,0.00626416207,0.00160814599,0.0156450655,0.00370707909,0.0103359209,0.0382438365,0.00912720984,0.00221511588,0.0217602032,0.00369722856,0.00291346409,0.00701826539,0.0131413741,0.0230816333,0.0191128276,0.015325928,0.00535976823,0.0235153917,0.0175483967,0.00894631094,0.00309264652,0.00832800005,0.00558021913,0.001554885,0.0195713992,0.0104576182,0.00653337991,0.0823621334,0.00834288392,0.00160115967,0.00635802702,0.00178253469,0.020304318,0.0126142308,0.0674586329,0.0150756242,0.00347356141,0.00797034544,0.0178708296,0.0590725863,0.00683544808,0.00977036113,0.00189336448,0.00864921673,0.0031693757,0.0032382671,0.0529999289,0.00364181618,0.00215256082,0.00347566809,0.0114256748,0.00324087989,0.00331843811,0.00477708189,0.0079573912,0.0110056401,0.0675938205,0.00350204753,0.0101853395,0.0280881739,0.0020118002,0.0138303964,0.00516242547,0.0176532979,0.0243554773,0.00305242405,0.00470085123,0.00999999421,0.0357849679,0.0100884171,0.076004536,0.00993995894,0.0503904612,0.01028807
0.00616059508,0.0147283671,0.0476189694,0.0424165866,0.0322628247,0.00244708829,0.0341478387,0.0145548747,0.0153125054,0.00651658352,0.00508266834,0.00338648253,0.0136329325,0.00149537395,0.00766526264,0.00258708951,0.00313714329,0.00236886567,0.00519830032,0.0106600517,0.00773824123,0.00813641677,0.0185734133,0.0236011441,0.00406446633,0.012057281,0.00562023621,0.00130958798,0.0154122263,0.00329542281,0.0103364142,0.0353053249,0.00894017112,0.0013715697,0.0215583956,0.00459317591,0.00306249847,0.00614470643,0.0136018799,0.0231158426,0.0207582635,0.0152790764,0.00591016262,0.024327989,0.0179175882,0.00942575856,0.00316497982,0.00724452381,0.00520635195,0.00155018908,0.0198458487,0.0114535587,0.00622341478,0.0860040361,0.00780946823,0.00188898673,0.00549313124,0.00197200683,0.0185867457,0.0139099564,0.0666551226,0.0159024176,0.00387947838,0.00908445867,0.0189625496,0.0602154654,0.00618286547,0.00876442861,0.00249207577,0.00863492263,0.00294381369,0.0034670673,0.0531895545,0.00369954842,0.00187491859,0.00362112466,0.0105014403,0.0038122284,0.00281906346,0.00436287946,0.00578185721,0.0103601736,0.0677137584,0.00325624556,0.00926065787,0.02926351,0.00232372549,0.0147712539,0.00519398885,0.0171739768,0.0229569987,0.00268640671,0.00480944813,0.0107772195,0.0332889219,0.0106699427,0.0810798708,0.0105655586,0.0511590608,0.00964068088
0.00657332283,0.0150960346,0.0481635485,0.0413731943,0.0344052334,0.00240609378,0.0328793446,0.0127870491,0.0154820239,0.00637587416,0.00484443724,0.00367751742,0.0143293879,0.00162228036,0.00831220413,0.00268925626,0.00357462363,0.00240219465,0.00458109658,0.0109731326,0.00840894723,0.00840035303,0.0171659225,0.0254298328,0.00403632699,0.012652084,0.00480255724,0.00124655558,0.0145433896,0.0031867435,0.0112801372,0.0345480977,0.00839120865,0.00101859108,0.0228884141,0.00558582746,0.00295209118,0.00691534031,0.0134521313,0.0230350094,0.0207968542,0.0144087198,0.00536685352,0.0247043316,0.0187315577,0.0109388793,0.00292750287,0.0078428889,0.00504083683,0.00168476132,0.0213466641,0.0143451014,0.00606931647,0.0873983253,0.00630831057,0.0020366622,0.00551240904,0.00210673894,0.0189423085,0.0158850543,0.0659920968,0.0179389101,0.00358679744,0.0097724303,0.0187440491,0.0614725931,0.00510140149,0.00946060296,0.00305468818,0.0104821678,0.0022833959,0.00343879416,0.0527298269,0.00480016238,0.00243408371,0.0033375951,0.00996530447,0.00380256538,0.00246752895,0.00440165638,0.00460102623,0.00950729505,0.0723518435,0.00304676318,0.00794491188,0.0300747257,0.00265357911,0.0143527933,0.00536561167,0.0159688413,0.0246844121,0.00279366148,0.00519495795,0.0111770281,0.0318376896,0.0111760946,0.0797293242,0.0107041657,0.0500318635,0.0103107588
0.00751275959,0.0153167492,0.0491095881,0.0415585991,0.0342023517,0.00269287687,0.0381221282,0.0129358318,0.0157716124,0.00570913059,0.00480505795,0.0041082285,0.0148258384,0.00149966218,0.00779036097,0.00208895022,0.00401308448,0.00286147215,0.00371209624,0.0113750284,0.00809692363,0.00854825032,0.0151784962,0.026627179,0.00365711396,0.0123949641,0.00423392106,0.00126582416,0.0128091827,0.00304413701,0.0108529035,0.0328307153,0.00851247103,0.00103399256,0.0232011133,0.00606394878,0.0030130639,0.00728189705,0.0132445459,0.0246241244,0.0214639146,0.0138778554,0.00561051748,0.0272038983,0.0175039979,0.0115855494,0.00246117738,0.00888944796,0.00457591816,0.00141835188,0.0200983674,0.0150870562,0.00556002864,0.0920368727,0.00574328756,0.00228505821,0.00477686543,0.00202968076,0.0188445526,0.0165269455,0.0628110625,0.0188842555,0.00400420595,0.00937251598,0.0193804234,0.0595374219,0.00475954483,0.00835457804,0.0035976536,0.0103603656,0.00187804877,0.00376884311,0.0527315405,0.00501836115,0.00310727154,0.00325088292,0.010808865,0.00406925185,0.00227420885,0.00427408129,0.003677921,0.00958444072,0.0732254173,0.00283378952,0.00783650723,0.02963256,0.002524244,0.0136245471,0.00551698481,0.0163920352,0.0244598023,0.00227716577,0.00503083866,0.0112295802,0.0307151045,0.0122552219,0.080422111,0.0106286969,0.0489110205,0.0113609254
0.00830614756,0.0164702037,0.0491945481,0.0402418785,0.0351302577,0.00250575709,0.0385278246,0.0121229545,0.0164313538,0.00577339289,0.00478348675,0.00428490486,0.015415647,0.00108356955,0.00815064372,0.0018931753,0.00384558289,0.00260110473,0.00399700617,0.0116678597,0.00745273837,0.00836606556,0.0142014147,0.0291036116,0.0033783746,0.0120208944,0.00395772751,0.00113499715,0.0120451998,0.0025419403,0.0108388898,0.0324814009,0.00695149613,0.00157088533,0.0232112024,0.00763305806,0.00313117705,0.00771171617,0.0132873115,0.0267069263,0.0233610718,0.0147130748,0.00637982309,0.0289775251,0.0170092732,0.0114425014,0.00209643527,0.00949602879,0.00354518465,0.00154511604,0.0195415213,0.0153443844,0.00482083002,0.092264733,0.005299627,0.00199288558,0.00377690817,0.00204918174,0.0196624389,0.0171093944,0.0604596696,0.019598182,0.00447981438,0.00892975786,0.0200170814,0.0597466336,0.00438651004,0.00992485348,0.00401108609,0.0105475742,0.00187032194,0.00357006196,0.0530114985,0.00635387005,0.00277815868,0.00278978191,0.010885228,0.0038650204,0.00215488812,0.00448760255,0.00362080364,0.0104050497,0.0762847111,0.00301718721,0.00573131572,0.029904642,0.00228371622,0.013828376,0.00471815211,0.0155607406,0.0259029514,0.00190089205,0.0047399117,0.011755209,0.0291790209,0.0123966883,0.0828503843,0.0108331222,0.0482348504,0.0125971839
0.00854316014,0.017592983,0.0517493057,0.0403705325,0.0368714025,0.00209516543,0.0382513292,0.0115810716,0.0161655639,0.00545106128,0.00540355922,0.00492887688,0.0158471102,0.00134354219,0.00912408692,0.00215516864,0.00370590216,0.0026648905,0.00338032629,0.0111363357,0.00704141054,0.00876808133,0.0131601219,0.0294973978,0.00190058539,0.0133333644,0.00301311453,0.00155111938,0.0111327476,0.00179142637,0.0103926174,0.0337073204,0.0063854251,0.00166644727,0.0235499354,0.00994376275,0.00289708254,0.00896287346,0.0120909294,0.0275867233,0.0258023585,0.0165781307,0.00610472888,0.029876024,0.0158246481,0.0130212309,0.00231638807,0.00893115173,0.00382323254,0.00141521122,0.0200058322,0.016198076,0.00463555381,0.0942462725,0.00490059053,0.00210408142,0.00308719013,0.00198845271,0.0192315864,0.0176056168,0.0583213692,0.0213868347,0.0053748768,0.00852991556,0.0201492362,0.0592952727,0.00403526174,0.0113764947,0.00436214045,0.0118205164,0.00199950267,0.00369074915,0.0536824608,0.00617658234,0.00350735411,0.00280465737,0.0111339056,0.00365603967,0.00189790457,0.00432526094,0.00353192127,0.0093936443,0.077473811,0.00257666015,0.00603319998,0.030352792,0.00322493241,0.0135268364,0.00444554271,0.0166279571,0.0261449599,0.00174802455,0.00430609566,0.0121594716,0.0263443676,0.0124015849,0.0838366357,0.011469954,0.0485909871,0.0137414641
0.00937973311,0.0181650374,0.0539979075,0.0392239323,0.0379323647,0.00189061673,0.038481241,0.0123684957,0.0165821312,0.00519278202,0.0060175042,0.00393590083,0.0150217375,0.00159872269,0.00971757011,0.00216245171,0.00425095255,0.00262769181,0.00340885864,0.0109293409,0.0066715215,0.00930163858,0.0125409114,0.0284984654,0.00206215889,0.0148219433,0.00244708791,0.00168622522,0.0127257445,0.00142616096,0.0103603629,0.0344999274,0.00537633652,0.00183498669,0.0222943563,0.0108340145,0.0038788781,0.0089621305,0.0128810606,0.0287438568,0.02732873,0.0149461852,0.00549777678,0.0308681507,0.0156319568,0.0133653754,0.00261852353,0.00919299787,0.00424448191,0.00173718814,0.0198324028,0.0170031644,0.0042735074,0.0943834244,0.00443427531,0.00213851948,0.00283911869,0.00245987285,0.0189358149,0.0181296741,0.0591037954,0.0236719314,0.00534869987,0.00821611214,0.0205813855,0.0578410841,0.00382480499,0.013304486,0.00490475269,0.0116349431,0.00176790351,0.00354842826,0.0521122534,0.00581113174,0.00392634252,0.00260233956,0.0118820481,0.00371828411,0.00179354189,0.00476750846,0.00345107895,0.00961897409,0.0779997451,0.00221630741,0.00639270258,0.0312792016,0.00346343902,0.0122798821,0.00412560771,0.0148694936,0.026889316,0.00200569591,0.00328173256,0.0123120643,0.0241874326,0.0127514086,0.0846147769,0.00992012026,0.0488636891,0.0146528005
0.0114724236,0.0194732694,0.0536894491,0.0398305365,0.0368727024,0.00148829915,0.0403382056,0.0118591063,0.0176970101,0.00438492288,0.00562818125,0.00374135232,0.0161304966,0.00205788742,0.0099873376,0.00297981579,0.00413043994,0.0027873414,0.00349264749,0.0106598784,0.00649902314,0.00980246558,0.0109771616,0.029191767,0.00231313903,0.0159008148,0.00303671085,0.00199203636,0.0135984743,0.00196258276,0.00964045663,0.0338148024,0.00579459282,0.00170021549,0.0224816506,0.011293636,0.00402617421,0.00886370793,0.0122686372,0.0282602429,0.0287306087,0.0139292376,0.00502512069,0.0307908917,0.0169053583,0.0147437244,0.00282213395,0.0093050043,0.00477567946,0.00207625786,0.0187822162,0.0175937351,0.00498733303,0.0949815635,0.00345740994,0.00220113491,0.00336123572,0.0030006514,0.0194477717,0.0173180037,0.059003632,0.0262644757,0.00536496197,0.00925312388,0.0200852252,0.0585800205,0.00392541636,0.0139079793,0.00533959419,0.0119760537,0.00151956276,0.00305283293,0.0484644894,0.00680803946,0.00406009048,0.00247804667,0.0130158169,0.0037053218,0.00165980377,0.0053622823,0.00399503808,0.0116225337,0.0798862818,0.00251635904,0.00517268134,0.0293427173,0.00406937637,0.0104899333,0.00410841404,0.0164139811,0.0265248346,0.00192876208,0.00329193079,0.0125260999,0.0237053883,0.012316248,0.0836822662,0.00928792522,0.0495818677,0.0156640138
0.0113882855,0.0208306641,0.0575291638,0.0391098832,0.0353295455,0.0010802072,0.0416192671,0.0134462169,0.0183528204,0.00447814702,0.00568489703,0.00332767026,0.0152237192,0.0020432407,0.0107848566,0.00366648893,0.00458448038,0.00352170035,0.00306334928,0.0108649619,0.00579974854,0.0115156076,0.00921136039,0.0279866385,0.00201932862,0.0174677384,0.00364334855,0.00251361601,0.014290878,0.00183006675,0.00954208071,0.0356354803,0.00587644915,0.00172771345,0.0228450198,0.0120812667,0.00478590156,0.00895499808,0.0107888534,0.0302908818,0.0309038196,0.0125648084,0.00463507497,0.0329109364,0.015887291,0.0145935575,0.00341273001,0.0084588782,0.00531983892,0.00171320025,0.0185414971,0.0187554335,0.00374882606,0.0953245017,0.00308549325,0.00247219313,0.00392788529,0.00269737048,0.0195704454,0.0174106693,0.0568787684,0.0300241063,0.00596421262,0.00957479807,0.0200391316,0.0598981471,0.00422380064,0.0151329465,0.00590662382,0.0113249201,0.000900900043,0.00281576809,0.0458802161,0.00788870841,0.00398864162,0.00241648722,0.0120192193,0.00341222458,0.0016587036,0.00543264503,0.00475927914,0.0119343752,0.0797187478,0.00200777718,0.00471532693,0.0298550985,0.00407046954,0.0100474275,0.0053074729,0.0140368837,0.0268829891,0.00195130436,0.00267513453,0.0142215986,0.0214929795,0.0122865308,0.0825127956,0.0085022837,0.0510157278,0.016510452
0.0120565132,0.0215638193,0.0581487384,0.0386683793,0.033935414,0.000942380911,0.0407865427,0.0146912815,0.0189470736,0.00450828692,0.00614726365,0.00305723059,0.0142555387,0.00216877369,0.0111485089,0.00399404236,0.00368870561,0.00371446739,0.00265220394,0.010544318,0.00506406451,0.011730495,0.00809715618,0.0261138988,0.00216856667,0.0200791483,0.00404831393,0.00312630227,0.0141117346,0.00171503904,0.00999442123,0.0372701078,0.00608960764,0.00200248213,0.0233303447,0.0122754015,0.00560312544,0.00930232819,0.0107653892,0.0311364836,0.0310652909,0.0119191786,0.00407769918,0.0339843673,0.0153776529,0.0158815743,0.00397268136,0.00818361455,0.00635290206,0.00193224209,0.0165172518,0.0208333047,0.0032694689,0.0957860165,0.0023967826,0.00253320413,0.0043585813,0.00231788037,0.0205036927,0.0174145604,0.0581341741,0.0327823658,0.00578570736,0.00754717765,0.0208809221,0.0610928946,0.0043266284,0.0159428448,0.0066570143,0.0116087464,0.00142561093,0.00233163964,0.0469705796,0.00948067279,0.00422648383,0.00276242965,0.0124336657,0.00303633503,0.00205348247,0.0054440494,0.00629932228,0.0124240793,0.0791535586,0.00223797184,0.00391802181,0.0310425514,0.0042660971,0.0106115803,0.00520203093,0.0134198019,0.0273756941,0.00247292627,0.00285855968,0.0143584057,0.0200052256,0.0128972318,0.0794419333,0.00958759496,0.0549138075,0.0170042346
0.0110769268,0.0234985862,0.0583215681,0.0389259732,0.0327703942,0.00107845539,0.0423311258,0.0156713525,0.020138179,0.00477783644,0.0074913934,0.00242096393,0.0132940525,0.0025357607,0.0101194605,0.00402674999,0.003772241,0.0037563963,0.0024087625,0.0114950698,0.00488861268,0.0137787531,0.00773162615,0.0259430431,0.00187401145,0.0231080909,0.00338555269,0.00343908333,0.0148581148,0.00178453503,0.00993062845,0.0406175321,0.00702389394,0.00207010651,0.0230988631,0.0123772603,0.00639739328,0.00921833189,0.0104253053,0.0306668724,0.0329683039,0.0108310774,0.00334821883,0.0326784377,0.0142248798,0.0160109778,0.00351122966,0.00842100776,0.007353265,0.00183030428,0.0158313514,0.0219994707,0.00321904363,0.0953559639,0.00225680856,0.00268152113,0.00489167907,0.00212936056,0.0201589839,0.0169602881,0.0607373033,0.0337480408,0.00578736643,0.00724262643,0.0216044221,0.0659643444,0.00464281311,0.0171948414,0.00678634324,0.010405828,0.00156924066,0.00265808506,0.0465331283,0.0101980611,0.00416223886,0.00295109343,0.0124924232,0.00283969947,0.00193669084,0.00457457062,0.00664083587,0.0121278958,0.0772838503,0.00260836755,0.00381165954,0.0328494706,0.00403768822,0.0101237156,0.00477687971,0.0128666903,0.0257339849,0.00400887264,0.00261910214,0.01379561,0.0177476786,0.0121160016,0.0765391938,0.00917008795,0.053472535,0.0156050239
0.0120843678,0.0243077885,0.0601658785,0.0379673982,0.0326333147,0.000945691027,0.0428943172,0.0160608739,0.0209899758,0.00425506852,0.00843798877,0.00193687207,0.0132026232,0.00240915921,0.00895754598,0.0042723435,0.00327623256,0.00339974755,0.00168086845,0.011065112,0.005181984,0.0136365922,0.00769749152,0.0225130907,0.00128995162,0.0244806607,0.00333022652,0.00356095586,0.016486885,0.00191015874,0.0104923927,0.0395198782,0.00651042644,0.00241779682,0.0222053986,0.0104065424,0.00824730073,0.009976795,0.010426808,0.0288813451,0.0339151856,0.00893997776,0.00314512687,0.0312594364,0.0144995374,0.016400998,0.00405992306,0.00737408521,0.00747432722,0.00225224986,0.0151980666,0.0244626582,0.00320979977,0.0960427972,0.00196170923,0.00308515117,0.00585878393,0.00197550435,0.0215900581,0.0158950071,0.0611538099,0.0356825986,0.00639736344,0.00752126096,0.0244180105,0.0665299265,0.0043581104,0.019160684,0.00703605659,0.00980975277,0.00157315192,0.00326241047,0.0468964273,0.0112110258,0.00389954196,0.00312196581,0.0122031519,0.00222317816,0.0010505604,0.00414691519,0.00778665473,0.0134330889,0.0707540555,0.00236612703,0.00335420168,0.031791121,0.0048960976,0.00951696877,0.00571875213,0.0117952677,0.0247161674,0.00386716372,0.00357142248,0.0141474083,0.0173739799,0.0125765283,0.0745014941,0.0100053273,0.0556848963,0.0147859454
0.0116653828,0.024573689,0.0641610804,0.036180524,0.0324187587,0.000950697775,0.0441968073,0.0186122053,0.0211483577,0.00448757894,0.0087035531,0.00145222006,0.0131339484,0.00280349153,0.00788272263,0.00452030704,0.00337541253,0.00273779623,0.00155019868,0.0110789302,0.00534029155,0.0122236835,0.00752070696,0.0190770658,0.00157053286,0.0266444204,0.00323323782,0.00390080902,0.018476312,0.00183630723,0.0105542599,0.0388817869,0.00686403473,0.00254996695,0.0211216921,0.0102198089,0.00930817064,0.00938634504,0.0106625656,0.0288507396,0.0350924981,0.00758414272,0.0030311958,0.0322851215,0.015380089,0.0171706647,0.00420722957,0.00654791123,0.00760210543,0.0021419013,0.0137260979,0.0262596119,0.00304040418,0.0975219221,0.00151177533,0.00349076721,0.00635621641,0.00174262583,0.0219184774,0.0173448749,0.0604382152,0.0359418742,0.00706357992,0.00693185161,0.0251844329,0.0679676987,0.00337078786,0.0193135761,0.00734742623,0.00995461858,0.00124508713,0.00368177729,0.0464314848,0.0120868735,0.00324977134,0.0032445101,0.0123093191,0.0024233821,0.000917672171,0.00465025276,0.00828879478,0.0132070504,0.0644047663,0.00269693806,0.00341702379,0.0320603154,0.00487858433,0.0100332227,0.00689944757,0.0112397577,0.0242752994,0.00400591593,0.00471876503,0.0157201639,0.0179112608,0.0129881605,0.0692928408,0.0103225012,0.0555175895,0.0140907057
0.011789928,0.0247343161,0.0668478916,0.0347764949,0.0337331894,0.00108592112,0.0462333681,0.0193696204,0.0213408186,0.00467289653,0.00888831385,0.0011668633,0.0136128014,0.00381827186,0.00727382492,0.00443428396,0.00479499635,0.00285097689,0.00153464893,0.0104647801,0.00595910421,0.0118733444,0.00686586436,0.0176730081,0.00184528256,0.0271675398,0.00294713021,0.00410977915,0.0204133939,0.00259437621,0.00958377255,0.0389621683,0.00702692312,0.00304582727,0.0225657128,0.00911274304,0.0103417835,0.0108010198,0.00973933217,0.0277034838,0.0362377548,0.00640309456,0.00329912273,0.0329650036,0.0140780348,0.0166891578,0.00394394276,0.00612360296,0.00755911563,0.0021659683,0.0133664245,0.0263827924,0.00338457614,0.0975437206,0.00177878491,0.0039742422,0.0070627248,0.00139646045,0.0238556574,0.0167691043,0.0581797884,0.0348910605,0.0076633851,0.00657637213,0.0273288907,0.0662809056,0.00332371818,0.020663375,0.00796250309,0.0108663753,0.00182887118,0.00344422981,0.0476497293,0.0124970692,0.00328515055,0.00294883797,0.0118194262,0.00205382505,0.000915271157,0.00551789157,0.00968226356,0.013796022,0.0580602453,0.0026121288,0.00353721616,0.0363066442,0.00505725679,0.011166529,0.00738118384,0.0107107891,0.0235927851,0.00447073146,0.00457354512,0.0149837526,0.0194552968,0.0141886617,0.0643670432,0.0102206622,0.0553827011,0.0151693539
0.0107618531,0.0222152237,0.0688200834,0.0364857009,0.0353200773,0.00122565592,0.0470151089,0.0199042536,0.0214090457,0.00479810669,0.00841836348,0.000942029399,0.0142857028,0.00468488979,0.00693576957,0.00438829613,0.00516457114,0.00221306275,0.00135151313,0.00983085201,0.00619808718,0.0113903581,0.00716823704,0.0169764461,0.00157390192,0.0305084623,0.00268143772,0.00493809732,0.0205038866,0.00300968865,0.00955066553,0.0379829312,0.00695060775,0.00399503792,0.0222327501,0.00814285245,0.0108983202,0.0104513106,0.00892339007,0.0283676429,0.038736654,0.00586218695,0.00325347385,0.034895727,0.0144335077,0.0179023822,0.00477581652,0.00577117269,0.0073836949,0.00230946631,0.0137388848,0.0284002716,0.00333797111,0.096453462,0.00163451984,0.00448126055,0.00675052456,0.000872481903,0.0234750783,0.016113875,0.0581021899,0.03492798,0.00815217637,0.00577022891,0.0275447719,0.0664537491,0.00323029757,0.0216003557,0.00711487884,0.00939035282,0.00215376408,0.00322013923,0.0491212928,0.0121721808,0.00378046745,0.00296736036,0.0112247972,0.00192472131,0.000917790333,0.00510337685,0.0111720692,0.0138348255,0.0543060318,0.00204734354,0.0030093956,0.0394630451,0.00492807498,0.0127072206,0.0079461397,0.0109796922,0.0227300161,0.00419494196,0.00531849858,0.0146876186,0.0214597043,0.0133324423,0.0639918792,0.0111368044,0.0558525199,0.0147750627
0.0102682108,0.0220666132,0.0719262264,0.0376544645,0.0379489699,0.00149700179,0.0475137129,0.0193895198,0.022527625,0.00439753887,0.00838798824,0.00093404295,0.0147481409,0.00506345349,0.00682451539,0.00401104803,0.00517099237,0.00198261711,0.00160313455,0.00987181919,0.00605280628,0.0118770425,0.00797324576,0.0158245235,0.00210450077,0.0320651138,0.00294092056,0.00440498408,0.0222552098,0.00301362841,0.00928270244,0.0385196867,0.00800711592,0.00441333108,0.0204163142,0.00763739778,0.0130801068,0.00885997646,0.00903748096,0.0281690319,0.0375691991,0.00566690284,0.00328308687,0.0357330084,0.0132758364,0.0175202102,0.00449511031,0.00558551538,0.00661948391,0.00231323885,0.0128584807,0.0281788364,0.00292159255,0.0959897355,0.00208902247,0.00623993718,0.0064691194,0.000737957194,0.0241830517,0.0146979235,0.0629786509,0.0343104111,0.00819672251,0.00596009201,0.0305772168,0.0678382546,0.00331760169,0.0202477404,0.00702281615,0.00828965069,0.00253872941,0.00369986939,0.0488439126,0.011766801,0.0034427975,0.00315563037,0.010027147,0.00142775672,0.00103734379,0.00549451353,0.0112322371,0.0151116015,0.0519487079,0.00249839851,0.00240560013,0.0430330954,0.00463147403,0.014281711,0.00861024316,0.0118170272,0.0228333493,0.0036616618,0.00546176888,0.012991036,0.0242698696,0.0130524803,0.063541629,0.0109970353,0.0547528097,0.0141833534
0.0097742066,0.0209603308,0.0750868796,0.0406807585,0.0418925277,0.00177838672,0.0501643037,0.01989636,0.0222601789,0.0041233211,0.00772419041,0.00106700895,0.0160478288,0.00604838651,0.00713305931,0.00393650147,0.0055240926,0.00181351089,0.00173735991,0.00972243484,0.00765863681,0.0105734079,0.00880560449,0.0141385589,0.00204409771,0.0315390758,0.00262295429,0.00441238402,0.0235401688,0.00310805843,0.00988758097,0.0399965833,0.00763816007,0.0044136209,0.0187429001,0.00810003593,0.0142641801,0.00796780616,0.00846314313,0.0271346721,0.0374136388,0.00551952039,0.00389863929,0.0357477329,0.0118681725,0.0183636881,0.00407615126,0.00547186921,0.00668962602,0.00204248549,0.012362005,0.0274189167,0.00299768008,0.0949512523,0.00206578946,0.00784573895,0.00673704986,0.000806669752,0.0254497383,0.0138191554,0.0642894793,0.0324566178,0.00857791943,0.00665361102,0.0307777048,0.0655718932,0.00382116777,0.0179806818,0.00639373019,0.00769446144,0.00307189484,0.0032791798,0.0480824714,0.0114798996,0.00417495419,0.00247922881,0.00892449366,0.0017880125,0.000766481618,0.00515127448,0.0120593734,0.0139200968,0.0486503884,0.00217400802,0.00278778852,0.0477687328,0.00487173082,0.0147203385,0.00989677921,0.0122370986,0.0223033956,0.00374218881,0.00534267112,0.0135517911,0.0262391057,0.0143142552,0.0607170512,0.00969981406,0.0558715812,0.0131926173
0.0102837426,0.0197057008,0.0779984918,0.0438320105,0.0420172727,0.0019355721,0.0497984251,0.0201299267,0.0215811505,0.00347132832,0.00760502877,0.00177582037,0.015769176,0.00721854446,0.00736296372,0.00363520372,0.00574712879,0.0018015343,0.00233925267,0.00949413459,0.00760505179,0.0103899127,0.00819075053,0.0137905663,0.00197252812,0.0276119415,0.00217105341,0.0048097323,0.0241225386,0.00332314963,0.00922310402,0.0401001901,0.00748391121,0.00528798111,0.0191745232,0.00705318807,0.0138222648,0.00693686972,0.00824259634,0.0292501556,0.0359210164,0.00617454172,0.00421559911,0.0365859222,0.0113063149,0.0190368902,0.00432929613,0.00526315521,0.00731382569,0.00149680206,0.0124768742,0.0280694415,0.00297659599,0.0924948488,0.00299212491,0.00852643195,0.00740375666,0.000797555764,0.025983901,0.0135627196,0.0674234467,0.0312045854,0.00814492099,0.00724446715,0.029877977,0.0657247281,0.00401375713,0.0169839915,0.00625504558,0.00838456155,0.00314136409,0.00347379823,0.0467132501,0.0104304846,0.00559223599,0.00193824428,0.00857843501,0.00193881617,0.00113967107,0.00553069083,0.0134567582,0.0145380359,0.0470797839,0.00285589236,0.00300257395,0.0491807579,0.00621160281,0.0141743517,0.0099572407,0.0116458677,0.02210882,0.00276428238,0.00586654562,0.0137430795,0.0295276497,0.0130361036,0.0571095891,0.00848434907,0.0545454181,0.0132659154
0.0105753524,0.0194846976,0.0819004771,0.0440926798,0.0424791877,0.00194471325,0.0504129535,0.0209160629,0.022896468,0.00344123343,0.00806754486,0.00213098726,0.0153244543,0.00666578342,0.00739083544,0.0035544963,0.00604501931,0.00196078609,0.00293147913,0.00876133401,0.00786386352,0.00998202197,0.00878106722,0.0127941253,0.00182162522,0.0245169911,0.00249147621,0.00506685151,0.0255071055,0.00331305634,0.00813719087,0.0399694666,0.00757461517,0.00541360689,0.0193094593,0.00667795588,0.0144725121,0.00644209771,0.00951804502,0.0318275299,0.0358709095,0.00663382933,0.00437604115,0.0376815724,0.0102344303,0.0184513506,0.00402826838,0.00546627932,0.0075393606,0.0014099622,0.0137579463,0.0272644169,0.00304177558,0.0914337028,0.00327562248,0.00862367952,0.00806565967,0.000791976024,0.0266085675,0.0132489808,0.0702395022,0.0300794834,0.00829867355,0.00731225373,0.0283049189,0.0662490629,0.0043483838,0.015284349,0.00619171692,0.00845811953,0.00292549805,0.00271780123,0.046059749,0.00903578647,0.00696531508,0.00159235566,0.00877192961,0.00206494245,0.00138347044,0.00543478495,0.0135747781,0.0156697203,0.0475786164,0.00317460046,0.00337410474,0.0513554176,0.0066465707,0.0151688384,0.0115592815,0.0116575824,0.0223605931,0.00264926923,0.00665445564,0.0143943604,0.0334469796,0.0128539699,0.050233956,0.00765878945,0.0527135955,0.0133343311
0.00957493305,0.0184031508,0.0846896907,0.0492413601,0.0442547086,0.00194525774,0.0513355542,0.0207704781,0.0247089638,0.00309079045,0.00968310826,0.00279641871,0.0145712624,0.00637201751,0.00682365414,0.00390190155,0.00697934678,0.00193567351,0.00291852967,0.00873063686,0.00720071531,0.00932678449,0.0087962962,0.0134113893,0.00236756704,0.0223791383,0.00262501828,0.00466485487,0.0252338384,0.00324227072,0.00755022207,0.0383036004,0.00906774253,0.00454873536,0.0189171312,0.00617971635,0.0168762838,0.00517727533,0.00988292322,0.0306435656,0.0359907139,0.00637028008,0.00399818547,0.0375806163,0.00761821263,0.0201373017,0.00375940224,0.00641368323,0.00869038577,0.00139645988,0.013343346,0.0287548982,0.00274064438,0.0932199307,0.00303171774,0.00948597113,0.00929766842,0.00157088487,0.0264510974,0.0124498599,0.0701187257,0.0312979943,0.0082793302,0.00823099714,0.0270836985,0.0645764349,0.00505244268,0.0130861041,0.00489371655,0.00880842292,0.003338133,0.00291480041,0.0453788432,0.00887672089,0.00786271174,0.00173333266,0.00954344352,0.0021456158,0.00149253575,0.0047303672,0.0134941289,0.0160461783,0.0462237258,0.00318000013,0.00348044228,0.0551851112,0.00722842177,0.0140918372,0.0110545278,0.0119172481,0.0230731731,0.00238208416,0.00764959759,0.0150848333,0.0342716825,0.0117768881,0.0490290868,0.00664020615,0.0531551549,0.0112141166
0.0102538374,0.0179975853,0.087434032,0.0497163693,0.0435466917,0.0019254588,0.0508022767,0.020308976,0.0241520905,0.00333205479,0.0114253237,0.00288461613,0.0146258913,0.00635418524,0.00693976508,0.00377102015,0.00745009403,0.00206064144,0.00346391015,0.00874923434,0.00704862029,0.0095403922,0.0104513331,0.014638479,0.00201341827,0.0200508577,0.00313889527,0.00462698942,0.0250144982,0.0031820129,0.00870093552,0.038835277,0.0114475107,0.00437126802,0.0180502354,0.00572801283,0.0172620066,0.00549536839,0.0103411783,0.0301161738,0.0377055947,0.00686300814,0.00369477458,0.0333513835,0.00739697239,0.0213320993,0.00380710662,0.00711814962,0.0110553311,0.00113272706,0.0144937662,0.0303030464,0.00274835841,0.0936753716,0.00270730295,0.010106787,0.00877065542,0.00180389019,0.025511115,0.0116370111,0.0705244506,0.0310924143,0.00845635863,0.00836186726,0.0288045827,0.0648765711,0.00545852147,0.0130648499,0.00468725825,0.00884466829,0.00415348841,0.00255869871,0.0453643962,0.00818216689,0.00861597731,0.00181159236,0.00964019845,0.00185767268,0.0016055361,0.0042396031,0.013898003,0.0172020311,0.0460104721,0.00343105051,0.00359116696,0.0582127421,0.00805008301,0.0151214686,0.0115999021,0.0126853941,0.0244229616,0.00203154404,0.00805350963,0.014889612,0.0348905786,0.0100518825,0.0480592127,0.0061832472,0.0537166077,0.0102468131
0.0110954105,0.0175541519,0.0888030105,0.0486606739,0.0411122228,0.00220355312,0.0484124638,0.0212415981,0.0267930663,0.0038632064,0.0133934271,0.00290226783,0.0130545573,0.00610425334,0.00637497862,0.00399508494,0.00676618855,0.0026776663,0.00431472006,0.00790362282,0.00649603797,0.0106249935,0.0111705726,0.0156096149,0.00217685341,0.018684498,0.00306788131,0.00438039569,0.0255032741,0.0029940126,0.00776607079,0.0377152925,0.0112843372,0.00494100125,0.0194794703,0.00443806867,0.0166885363,0.00503453862,0.0108728501,0.0268371892,0.0371645736,0.00738522005,0.00368420902,0.0317790011,0.0073516589,0.0198966962,0.00321817701,0.0076454647,0.0118753419,0.00119252668,0.0150217616,0.0301493501,0.00302512013,0.0936950634,0.00217526384,0.010186228,0.00887273497,0.0022684316,0.0259540417,0.0115559189,0.0716438638,0.029194964,0.00766858174,0.00906224986,0.029140129,0.0662968469,0.00560567193,0.011278537,0.00490872664,0.00974161494,0.00404724219,0.00276780416,0.0466798034,0.00857545271,0.00876224456,0.0023680623,0.00883101562,0.00149296218,0.00173074776,0.00351142922,0.0138651653,0.0177003937,0.0446106575,0.0036563033,0.00384087306,0.061129383,0.00776205878,0.0147306237,0.0119779691,0.012027045,0.0251493334,0.00229690681,0.00812957064,0.0134047713,0.035154293,0.00895916909,0.0484259709,0.00578851125,0.0537718339,0.00966111698
0.0112280687,0.0192755274,0.0905056247,0.0475685801,0.0415792479,0.00225193659,0.0469195722,0.0230501594,0.0272257058,0.00402402837,0.0149432537,0.00342006237,0.0136965458,0.00609172463,0.00671140703,0.00382003038,0.00644708416,0.00293991152,0.0047570178,0.00920417686,0.00581471754,0.00999496504,0.0110541902,0.0168464913,0.0018053269,0.0178511964,0.00323390292,0.00465247424,0.0246109888,0.0027456662,0.00642064567,0.0391737976,0.0106239662,0.00428043554,0.0194674089,0.00377918878,0.0183437369,0.00472222012,0.0116879166,0.0264992143,0.0385001448,0.00813541529,0.00379593299,0.0321861893,0.00778871091,0.0181644774,0.00285825623,0.00833781522,0.0134552825,0.00145579521,0.0160755075,0.0309473922,0.00262915826,0.0911247539,0.00171073205,0.00961658886,0.00899439582,0.00320674322,0.0241391578,0.0126741015,0.0747495577,0.0275090936,0.00737692124,0.00913907504,0.0295248574,0.0650827352,0.00564530523,0.0114675871,0.005369745,0.00886672069,0.00454606402,0.00295007674,0.0451903553,0.00870405995,0.00860513599,0.00196956978,0.00932229381,0.00148641139,0.00186497656,0.00329263437,0.0153590494,0.0170010842,0.0446432555,0.00410049128,0.00363960886,0.0632021828,0.00918117415,0.0156120042,0.0119673784,0.0118408896,0.0261970878,0.00247644,0.00817728671,0.0135101271,0.0365557028,0.00825533228,0.046757069,0.00537938984,0.0544988263,0.0104630603
0.010648728,0.0213359443,0.0942268233,0.0459111058,0.0381928274,0.00225924811,0.046522128,0.0242112964,0.0283485623,0.00389030684,0.0167400974,0.00463212219,0.0142669202,0.00585621679,0.00575713916,0.00414634181,0.00599888894,0.00278173742,0.00520224469,0.00922245758,0.00495248261,0.0100677229,0.0129432374,0.0182972094,0.00258123077,0.0165489585,0.00405908979,0.00409551235,0.0245820932,0.00330080858,0.005617221,0.0388617388,0.0112208278,0.00464190366,0.0190097706,0.00324574418,0.0208754534,0.00432776731,0.0117541941,0.0250568751,0.0353473652,0.00838904304,0.00358101434,0.0331902109,0.00766482848,0.0164621869,0.00288461598,0.00773669159,0.0143633817,0.00215285275,0.0182520205,0.0304472707,0.00358492825,0.0895114598,0.00163934359,0.00903088898,0.00808035771,0.00387016267,0.0242900665,0.0121409581,0.0769595282,0.0285617621,0.006549975,0.00957033405,0.0280919155,0.0649631018,0.00526338653,0.0102161897,0.00488916756,0.00866769049,0.00542095954,0.00295813291,0.0447919422,0.0083138459,0.00819556375,0.00345201094,0.0104940966,0.00180751026,0.00150243952,0.00358373281,0.0153661165,0.0173694166,0.0434365013,0.00494276809,0.00354804106,0.0658904026,0.00937163471,0.0165385328,0.0112134672,0.0116770133,0.0269610775,0.00214829971,0.0077283802,0.0129400969,0.0371533836,0.00667271343,0.0487839438,0.0046073214,0.053757798,0.0100935494
0.00981347849,0.0210009001,0.0965648466,0.0425581915,0.0374809082,0.00238763827,0.0443868928,0.0236546405,0.0289293396,0.00503955149,0.0172293009,0.00511371432,0.0139238794,0.00511990715,0.00524757263,0.0053321837,0.00578316533,0.00294613006,0.00533229795,0.0107790521,0.00512785835,0.0105395399,0.0131951267,0.0171897934,0.00294345611,0.0179752561,0.00430627874,0.00390625203,0.0246922182,0.00388269399,0.00518771371,0.039275494,0.0110842962,0.00398347744,0.017795384,0.00278903499,0.0235556424,0.00334649128,0.0117497355,0.0215315526,0.0339792738,0.00750394811,0.00378957226,0.0336838363,0.00777854062,0.0146070978,0.00251450504,0.00875817311,0.0136693794,0.00313565619,0.01943113,0.0320629592,0.00411227046,0.0868227973,0.000784929829,0.00800857036,0.00809036146,0.00443916591,0.0264152358,0.0125508321,0.0811617001,0.0272076764,0.00547740956,0.010987539,0.02957154,0.0643231758,0.00615742186,0.0106011003,0.00506140035,0.00789645408,0.00480704468,0.00265473296,0.0421171241,0.00869281765,0.00747206088,0.00366946839,0.0101640791,0.00218002899,0.00163481039,0.00340988039,0.0155200062,0.0165260792,0.0415417964,0.00556418602,0.00305343902,0.0690973093,0.0104882474,0.0168970168,0.0106686561,0.0130507354,0.0260333808,0.00204664156,0.00769950533,0.0129241287,0.034930105,0.00629706616,0.0446868491,0.0044750633,0.0544364389,0.0111779719
0.00828460196,0.0217880236,0.0961366219,0.0397341136,0.0333844873,0.00248086691,0.0427350045,0.0226398062,0.027666968,0.00467956865,0.0168345677,0.0049404491,0.0140070933,0.00533191464,0.00406504114,0.00522818865,0.00636362959,0.00321542959,0.00529480578,0.0113450128,0.00511473222,0.0109917465,0.0135743989,0.0175596723,0.00364096548,0.0160587219,0.00404530921,0.00373032726,0.0250217548,0.00407158683,0.00526820052,0.0389226809,0.0107722518,0.00448300363,0.0177121672,0.00274277907,0.0270360677,0.00356974457,0.0122640185,0.0187433629,0.0319002511,0.00880420109,0.00414139775,0.0337719801,0.00703151669,0.0131210632,0.00242966675,0.009889972,0.0136573113,0.00422144834,0.0212291711,0.0294149673,0.00381432566,0.0813625362,0.00062853651,0.00690735835,0.00721042683,0.00467998572,0.0276098985,0.0148044721,0.0815423088,0.024774515,0.00539690757,0.00940860196,0.0283009074,0.0665377126,0.00672310565,0.0115930738,0.00554622705,0.00795234121,0.0046741654,0.00225022392,0.0401289049,0.00920931747,0.0072709336,0.00393212265,0.0112362246,0.00181945453,0.00153609824,0.00353157372,0.0152253331,0.0148479555,0.0409847644,0.00646805942,0.00340940877,0.0732915552,0.0128706185,0.0180180489,0.0119940606,0.0140290987,0.026428153,0.00247117614,0.00735608863,0.0127036586,0.0339543272,0.00533299043,0.045526686,0.00497654777,0.0522237035,0.0120981241
0.00823944257,0.0223266559,0.0977488194,0.0377523659,0.0301401551,0.00241306307,0.0438943833,0.0226110785,0.0274520032,0.00456025413,0.0164187019,0.00504303439,0.0149112027,0.00480576579,0.00387959263,0.00492005813,0.00691992585,0.00318913064,0.00526040172,0.0117410085,0.00601910087,0.0121323039,0.0157663775,0.0176665324,0.00400512411,0.0162702967,0.00449181539,0.00328946963,0.02419356,0.00488196015,0.00465881222,0.03957924,0.010058344,0.00628794143,0.0155661256,0.00300165897,0.0286411909,0.00273329213,0.0128224159,0.0170142955,0.0301138389,0.00923380238,0.00479491951,0.0320841455,0.00759237008,0.0130362602,0.00199331274,0.00956854279,0.0158002738,0.00461990636,0.0226045405,0.0276389723,0.00458131695,0.0795066416,0.00078234928,0.00636375975,0.00790229988,0.00503714998,0.0283654077,0.0148927255,0.0847589885,0.0221479685,0.00536875408,0.00828016022,0.0289348055,0.0690043471,0.00532765369,0.0123648925,0.00664251332,0.00760600802,0.00572118509,0.00208861842,0.039095008,0.00924953443,0.00855310614,0.00432840129,0.0124759238,0.00168421168,0.0018085516,0.00326148302,0.0140067616,0.013320205,0.04061804,0.00742312856,0.00336936524,0.0753135719,0.0149764924,0.0194680582,0.0123959233,0.0141321738,0.0293417657,0.00331801955,0.00565445278,0.0138836443,0.0345550777,0.00557191806,0.0434025232,0.00508044169,0.0513108307,0.0132645498
0.00744486536,0.0221074342,0.100204165,0.0362701956,0.0279099542,0.00157864355,0.0428706748,0.0212405968,0.02612051,0.00419507741,0.016091969,0.00525677634,0.0164203579,0.00441470896,0.00466107183,0.00497822519,0.0071794098,0.00308684698,0.00501914958,0.0132933897,0.00667408341,0.0122895049,0.0163457237,0.0169235168,0.00560337787,0.015889467,0.00479210962,0.00273006151,0.0255799628,0.00479790342,0.00474161309,0.0397201256,0.00950511182,0.00676348908,0.0155172599,0.00354251049,0.029043677,0.00255166529,0.0130457599,0.0170153565,0.0266084663,0.0099431208,0.0046120094,0.0327702833,0.00904522467,0.0118876332,0.00204708571,0.00984592649,0.0158342889,0.00507114128,0.0251178057,0.0259754179,0.0042745973,0.0778519012,0.000773874578,0.00589302381,0.0076550586,0.00515201092,0.0304809848,0.0152244721,0.0860995211,0.0203113566,0.00485289992,0.0085112073,0.0283538047,0.0724818917,0.00663306603,0.0123664998,0.00640146874,0.00827964188,0.00586854359,0.00150988972,0.037334317,0.0101188123,0.00816683352,0.0039542388,0.0127299646,0.00266853686,0.0021714108,0.00346927511,0.0131865127,0.0116065233,0.0411051821,0.0085326604,0.00353307317,0.0775986914,0.0160810885,0.0198739034,0.0113784818,0.0147504117,0.0306752281,0.00374628349,0.00505773941,0.0135575343,0.0370520342,0.00608288164,0.0412220775,0.00560303235,0.0515618228,0.0151493958
0.00667593647,0.0229808475,0.100328626,0.0363144515,0.0284876509,0.00115824777,0.04751887,0.0190925502,0.0265358629,0.00418300538,0.016725819,0.00528885171,0.016590618,0.00363733891,0.00456892955,0.0049143193,0.00665123439,0.00320780971,0.00434553537,0.0140826556,0.00596559916,0.0127141731,0.016610342,0.0170835548,0.00677218985,0.0149859741,0.00435190665,0.00232650819,0.0261227097,0.00570150187,0.00562422447,0.0424836618,0.00742654475,0.0069033528,0.014327297,0.0037041656,0.0336549145,0.00263277152,0.0136339273,0.0162738774,0.0260830982,0.0105789486,0.00408341623,0.0333692422,0.00868260455,0.0127648144,0.00194678776,0.0100419814,0.0175489038,0.004887379,0.0262266113,0.0235012021,0.00443093364,0.0760151253,0.00123704744,0.00495242857,0.0071207438,0.00555982434,0.0317103817,0.0160202558,0.0891549073,0.0189430148,0.00459498684,0.0076320357,0.0272754105,0.0730056268,0.00733019737,0.0128747992,0.00767710761,0.00874662722,0.00578671903,0.0020377348,0.0388137541,0.0104450571,0.0074615645,0.00473565712,0.0120720478,0.00334681602,0.00219241512,0.00347566694,0.0131614741,0.00994077995,0.041364156,0.0107621419,0.0032389765,0.0816459216,0.0190923267,0.0214098442,0.0111235729,0.0148432928,0.0291164901,0.00479834047,0.00465279558,0.0138327926,0.0395975544,0.00571066013,0.0384437219,0.00616938149,0.0515389635,0.0150630355
0.00533906496,0.0245663989,0.0987102594,0.0332000154,0.0280850927,0.00100430344,0.048717251,0.0180938742,0.0285353131,0.00461498013,0.0179950236,0.00555329393,0.01668744,0.00326530308,0.00503860688,0.00410923804,0.00643276004,0.00303155556,0.00425872361,0.0148662318,0.00539669266,0.0113777419,0.016592787,0.0157084081,0.00768858063,0.0156210872,0.00411439094,0.00133797143,0.0261765688,0.00635930412,0.00635474889,0.0445148878,0.00760330841,0.00874965011,0.0142613316,0.00432547262,0.0354374436,0.00292441607,0.0142740974,0.0165440847,0.0254944155,0.0134121005,0.00378457078,0.0340970334,0.0093760443,0.0140787653,0.00163484109,0.00937037898,0.0188395328,0.00493349901,0.0284335644,0.0209595246,0.00473007312,0.0757979039,0.00184331998,0.0046661479,0.00755006282,0.00531097355,0.0327312877,0.0158730219,0.0928918172,0.0181545528,0.00404939298,0.00692840784,0.0270574267,0.0766837721,0.00785234545,0.0131045792,0.00871131978,0.00884764235,0.00626216984,0.00208302018,0.0386112263,0.00941364405,0.00690276497,0.00482014347,0.0117698388,0.00328809469,0.00221296443,0.00430912765,0.0147941106,0.00867956911,0.0402140521,0.0118066957,0.00297408352,0.0830524398,0.0211147021,0.0204548716,0.0115458408,0.0169148379,0.0273421403,0.00573424985,0.00418670681,0.0137087285,0.0435661369,0.00536006824,0.0365223453,0.00645025017,0.0517171233,0.0146354427
0.00431388453,0.023513012,0.103886414,0.0318235095,0.0266226023,0.00085470015,0.0511295089,0.0144452498,0.0278470309,0.00513157854,0.0185108979,0.0049171425,0.0144642555,0.00275103381,0.00489236681,0.00417721743,0.00746046995,0.00346165323,0.00339637714,0.0160118845,0.00450006585,0.0113259674,0.0169811144,0.0163353795,0.00666667015,0.0144938121,0.00442296221,0.00147670667,0.0267394314,0.00677916824,0.00621421762,0.0462039026,0.00646190126,0.010136567,0.0136949159,0.00469513001,0.0358043119,0.00297530201,0.015581416,0.0171456873,0.0255944672,0.013869557,0.00393758072,0.0335494807,0.00808446574,0.0134251791,0.00139072619,0.00866224075,0.0183126783,0.00496259842,0.033190284,0.0198618161,0.00485496305,0.075515757,0.00182398712,0.00434202217,0.00771268666,0.00635731969,0.0332808101,0.0165957042,0.091636934,0.0175899244,0.00437260252,0.00681292128,0.0253439085,0.0801200825,0.00940969845,0.0144442776,0.00960542916,0.00957214525,0.00670313975,0.00214624174,0.0402388462,0.00870422099,0.00744541819,0.00412147133,0.0119585878,0.00332225263,0.00234161683,0.00406332347,0.014690286,0.0076297854,0.0389627078,0.0108408649,0.00241958038,0.0844530707,0.0244535956,0.0197117834,0.0100294524,0.0174678331,0.0273797912,0.00721281099,0.00416610382,0.0125307033,0.0468062186,0.00434017232,0.0336366108,0.00663279928,0.0560941634,0.0123641511
0.00384148338,0.0213298293,0.103459542,0.0297813529,0.0276334629,0.000429186112,0.0547012915,0.0127581103,0.0276104437,0.00496097624,0.0182723491,0.00464521773,0.0138947546,0.00250905596,0.00498912325,0.00451750621,0.00664674956,0.00361966294,0.00325149113,0.0159387428,0.00452296693,0.0110616317,0.0166495711,0.0145406999,0.0069274692,0.014501303,0.00458384651,0.00142180173,0.0268507227,0.00748525197,0.00695607956,0.0483182394,0.00446052773,0.0105496967,0.0161329553,0.00526868636,0.0367610807,0.00401987863,0.0155174881,0.0175400775,0.0242235242,0.0165320826,0.00413583116,0.03325687,0.00746389966,0.0121221865,0.00223244816,0.00815607115,0.0183996492,0.00467895296,0.0371661592,0.0184253737,0.00568390696,0.077427175,0.0021062146,0.00440940862,0.00747456729,0.00709030201,0.0336496805,0.0171659062,0.0928195691,0.0167129236,0.00458471525,0.00765686161,0.0238941107,0.0798503241,0.00927044349,0.0141503463,0.0104673422,0.0104587506,0.00668136428,0.00284261127,0.0455863981,0.00905522332,0.00794486481,0.00384448326,0.0109430116,0.00234904092,0.00235694169,0.00542646,0.0143698076,0.0068123746,0.0387136694,0.0105166668,0.00253842993,0.0891532457,0.0287443808,0.0189291323,0.0113255037,0.0194061044,0.0265227635,0.00798763494,0.00455497794,0.0121509823,0.0519715496,0.00423728804,0.0314992283,0.00677295267,0.0567323022,0.0108187576
0.00379696341,0.0212488611,0.102808611,0.0256410137,0.0288023244,0.00043066204,0.0558917727,0.0118942662,0.0277047381,0.00442186407,0.0181371251,0.00408998053,0.0115651963,0.00225860851,0.00524917381,0.00510097275,0.00589728805,0.00427640479,0.00382737108,0.0156537885,0.00415961761,0.0109075774,0.0170352547,0.014369143,0.0071264714,0.0152024494,0.00533116459,0.00169698727,0.0278665553,0.00800363719,0.00723322069,0.0508664192,0.00395556417,0.0121415714,0.0160957364,0.00443767926,0.0408636979,0.00427729322,0.0148092406,0.0183249905,0.0246502634,0.0179419308,0.00362371502,0.0341051161,0.00794042061,0.0114690112,0.00259562574,0.00752323687,0.0182306404,0.00444604233,0.0399194209,0.0189210432,0.00579500194,0.0781069144,0.00209142486,0.00457357916,0.00767141176,0.00745662055,0.0328242924,0.014974053,0.0934507918,0.0175167852,0.00478850758,0.0082225608,0.0216755662,0.0818409676,0.0103230854,0.0154691665,0.0107463579,0.00991031016,0.00726922917,0.00263929628,0.0458910001,0.0089196572,0.00746603039,0.0039878229,0.0111127628,0.00236078552,0.00182815079,0.00457888166,0.0141542211,0.00663015362,0.0371782407,0.0109975829,0.00210556422,0.0912654802,0.0298155926,0.017684516,0.0109612201,0.0219989545,0.026078749,0.00819558981,0.00528990976,0.0111911995,0.054319518,0.00419694934,0.0302703863,0.00739541306,0.0579215079,0.00984726014
0.00308641598,0.0197890143,0.103702743,0.0248363349,0.031206857,0.000576036299,0.0571076811,0.00929477273,0.0287744274,0.00442535989,0.0169650694,0.00400978421,0.0101475901,0.00211506029,0.00419852019,0.00625234578,0.00593207647,0.00501967174,0.00469266578,0.0159746672,0.00425169558,0.01115458,0.0164498571,0.0145451776,0.00663608263,0.0147294803,0.00532611471,0.00185694707,0.0263598449,0.00837161127,0.00905009507,0.0535343708,0.00407518117,0.0138680093,0.017876652,0.00422926887,0.0419486965,0.00564718879,0.0133426358,0.0205265161,0.0241257343,0.0197274733,0.00362004368,0.033346674,0.00651360013,0.00991708412,0.00319066218,0.00718946592,0.0207560614,0.00454237852,0.04329129,0.0187144387,0.00552519853,0.0798114594,0.00257069391,0.00517499373,0.00889795274,0.00745656616,0.0325191377,0.0140726748,0.0918554511,0.0160079762,0.00425758692,0.00756950061,0.0185625214,0.0812574829,0.0135719267,0.0145385621,0.0110260377,0.00862644639,0.00790019466,0.00305321328,0.0502555628,0.00913692383,0.00607497539,0.00383391212,0.0114722642,0.0026532593,0.00185873789,0.00475730564,0.0142837258,0.00675577706,0.0371612168,0.00986933955,0.00153437995,0.0925580116,0.031967028,0.0168547444,0.0105315172,0.0234405939,0.0256046905,0.00797061272,0.00546754028,0.010045493,0.0543256431,0.00394934995,0.0290806402,0.00661262916,0.0614864529,0.00934765391
0.00344334342,0.0183635721,0.103878204,0.0232725198,0.0316096271,0.000719629901,0.0573171774,0.0087355637,0.0293843477,0.0043842224,0.0150199341,0.00390786149,0.0102011873,0.00197100138,0.0044406035,0.00576512675,0.00583570106,0.00615946362,0.00509461587,0.0156706348,0.00454223687,0.0100891879,0.0161144207,0.0132918111,0.00617986725,0.0151603918,0.00475550736,0.00158424076,0.0245038161,0.0084965434,0.00955008739,0.0554186675,0.00324149964,0.0148279159,0.0198216883,0.00387937153,0.0411588856,0.0058322145,0.0121183077,0.0212520983,0.0254703276,0.0217673167,0.00432651457,0.0306969505,0.00685483616,0.0089532838,0.00393038671,0.00646426998,0.021077122,0.004533186,0.0467326478,0.0188780016,0.00552116291,0.0796954068,0.00289386866,0.00589911297,0.0106925465,0.00818308237,0.0311807853,0.0131452746,0.0883516436,0.0165107443,0.00356953467,0.00753836957,0.0169892037,0.0782334823,0.0155422806,0.0147335531,0.0118618725,0.00855798447,0.00859917041,0.0025899306,0.0558377154,0.0098584032,0.00604185136,0.00325097381,0.0106414139,0.00239436362,0.00173425541,0.00428769016,0.0169424265,0.00622828259,0.0371819419,0.00837591246,0.00167949636,0.0924973656,0.0330474169,0.0148180734,0.0107504182,0.0262427287,0.0224905526,0.00843289025,0.00574224093,0.0102040781,0.0544294822,0.00415177049,0.0285867983,0.00615809213,0.0608125596,0.00875931731
0.00344871176,0.0175741936,0.103446721,0.0204361848,0.0324047202,0.000869566437,0.0598989877,0.00726873028,0.0300805265,0.00437085808,0.0135940693,0.00383489467,0.0110797518,0.00212344618,0.00354783093,0.0071937969,0.00547823417,0.00725325493,0.00549668638,0.016360871,0.00413577092,0.0105457309,0.0178761837,0.0125986665,0.00642486042,0.0146993327,0.00424916167,0.00187682476,0.0230745965,0.0085982687,0.0102242401,0.0558824742,0.00298507122,0.0160032736,0.0201956799,0.00340220704,0.0407761984,0.00548613512,0.0126945131,0.0227237567,0.0239994665,0.0225988947,0.00406327697,0.0283509387,0.00623202348,0.00779326877,0.00429930633,0.00665680662,0.0212142347,0.00488920688,0.0498950559,0.0184906249,0.00580551224,0.0784292108,0.00362263882,0.00615779175,0.0119780415,0.00943528634,0.0279462116,0.0127100307,0.0883261405,0.0183779354,0.0030775248,0.00680084131,0.0159240284,0.0763351069,0.0179407518,0.0152261995,0.011370739,0.00806679402,0.00892363233,0.00282365871,0.0565903434,0.00990835244,0.00648688441,0.00290570854,0.00863835901,0.00210408069,0.00174731365,0.00370420909,0.0187701366,0.00546886126,0.0387974894,0.00740581744,0.00152947634,0.094783865,0.0317021387,0.0150277045,0.0107458969,0.0285058987,0.0235797281,0.00842815633,0.00587402876,0.00946709519,0.051325025,0.00421257688,0.0255528295,0.00660250175,0.0583851077,0.00891347048
0.00342769926,0.0168276326,0.108928126,0.0195164595,0.0341829597,0.00101759006,0.0658805619,0.00937268753,0.028870183,0.00407862883,0.0114239391,0.00386227848,0.0122377524,0.00184240065,0.00317692923,0.0077587244,0.00556206319,0.00753701712,0.00623012464,0.0136352107,0.00459915553,0.0106069511,0.0181014036,0.0112639911,0.00613346765,0.0140886922,0.00468330914,0.00237264481,0.0241238317,0.00831616361,0.00961810523,0.0609109314,0.00275018576,0.0159890289,0.0206669039,0.0029664261,0.03880171,0.00560690021,0.0130983322,0.0230351884,0.0251205926,0.0228236911,0.00372970033,0.0247367075,0.006370971,0.00599935235,0.00446469144,0.00623898366,0.0231890086,0.00543347773,0.04942145,0.0204611806,0.00624696402,0.0789077499,0.00349066691,0.00521879107,0.0132302132,0.00937808341,0.0259067019,0.0112796213,0.0862497628,0.0195952376,0.00293121692,0.00622406351,0.0137524196,0.0774590372,0.0211213188,0.0150480532,0.0110757242,0.00934777016,0.00858487361,0.00284880174,0.0569756605,0.00952852121,0.00685129355,0.00352370599,0.00837216221,0.00195067627,0.001616595,0.00464671234,0.0191447601,0.00464913077,0.0415225597,0.00685791915,0.00165357583,0.0964995989,0.0306805518,0.0147851312,0.0101010081,0.0323151654,0.0242836593,0.00947934879,0.00629380665,0.00965664699,0.0507566138,0.00464233789,0.0237585444,0.00676653818,0.0592522975,0.00832150937
0.00382116964,0.0159058894,0.109587137,0.0197174819,0.0347040886,0.00117595269,0.0685483906,0.00850190265,0.0274420944,0.00450935621,0.00972117624,0.00471404683,0.0142418236,0.00181716536,0.00307637032,0.00750469143,0.00500944276,0.00772166348,0.00672468861,0.0132139533,0.00490128133,0.0118836656,0.0181915852,0.00947653776,0.00530352257,0.0131618065,0.00457462482,0.00260857354,0.0228773268,0.00770256209,0.00971195247,0.0622469471,0.00315457692,0.0156895377,0.0214235481,0.00257667196,0.0360191722,0.00504586717,0.0127252717,0.0230956641,0.0263263554,0.0219965622,0.00532768349,0.0234712351,0.00699919492,0.00689039484,0.00428776243,0.00541198575,0.0247949194,0.00588885899,0.0504247191,0.0207047947,0.00655419086,0.082779111,0.00434981733,0.00581395222,0.0146379105,0.00903770575,0.0257464161,0.0108737312,0.0863814558,0.0215825295,0.00318388507,0.00660088714,0.0128760541,0.073316955,0.0218140362,0.0147921443,0.0103278961,0.0092227539,0.00868398085,0.00240715646,0.054106436,0.010462622,0.00645717372,0.00429757268,0.00859080542,0.00167667707,0.00182039073,0.0046728909,0.0192708212,0.00430910828,0.0406350749,0.00666666755,0.00162866403,0.0963669642,0.0304403078,0.0139030579,0.00960351375,0.0353143541,0.0270976551,0.00946594755,0.00664001444,0.0085834104,0.0500732314,0.00420610575,0.0248034189,0.00642296483,0.0571600969,0.00741403414
0.00428553117,0.0169293642,0.109665527,0.019055432,0.0375992868,0.00133215218,0.0716999631,0.0100506251,0.0255099441,0.00348059153,0.00781733966,0.0048732895,0.0159317095,0.00179384409,0.00318815728,0.00820603912,0.0048848082,0.00763720499,0.00623011805,0.0126355122,0.00461750726,0.0125352326,0.0181650292,0.00770842047,0.00463565463,0.0130650307,0.00545182052,0.00248897834,0.022274516,0.00732765052,0.00989119795,0.064214887,0.003831985,0.016611867,0.0227528418,0.00261747514,0.0358819636,0.0051970192,0.0128276597,0.0246063277,0.0275496663,0.0229730301,0.0070278199,0.0220568017,0.00772106309,0.00666667272,0.00422203498,0.00613496507,0.0301383182,0.00607047897,0.0508893277,0.0215452434,0.00714109898,0.0847790078,0.00404024617,0.00636971532,0.0155555511,0.00833687608,0.0254063216,0.0107287857,0.0856223073,0.0221640297,0.00295895471,0.00613972562,0.0122127483,0.0692897143,0.0275568793,0.0155290255,0.00979245394,0.00881488775,0.00911030746,0.00221476358,0.0506862353,0.0096275659,0.00596252589,0.0049564385,0.00807834866,0.00168705588,0.00194918958,0.00538502749,0.0189434343,0.00453237772,0.0409959535,0.00694444464,0.00149945411,0.100155834,0.0307036127,0.0131559793,0.0101612234,0.0367601652,0.0287451442,0.0100469401,0.00681100588,0.00806861973,0.0498137184,0.00367254543,0.0270180135,0.00641301517,0.0565406757,0.00733231368
0.00412476782,0.0152481258,0.109588206,0.0192893203,0.0385956989,0.0011792455,0.0729333632,0.0104988743,0.0246141032,0.00320641718,0.00764019805,0.00539593386,0.0190025475,0.00259243896,0.00281471659,0.00810742637,0.00468259767,0.00735293969,0.00614459278,0.0101075063,0.00424731989,0.0118908593,0.0186039362,0.00704225842,0.00478275173,0.0128912013,0.00567017785,0.00250537006,0.0234748608,0.00659091382,0.0106504613,0.0654730456,0.00376430181,0.0177421281,0.0219935424,0.00249407704,0.0337499988,0.00494055329,0.0132289966,0.0235880005,0.0282413816,0.0238247461,0.00793298159,0.0225418257,0.00788696224,0.00696920721,0.00401272862,0.00670871347,0.0342491682,0.00679932825,0.05242655,0.0203433341,0.00711611155,0.0918220348,0.00478026146,0.00798390098,0.0155078464,0.00957417026,0.0233436015,0.0108426341,0.0872439898,0.0238332554,0.00249583969,0.0060837601,0.0136298338,0.0672891317,0.0301008141,0.0157179124,0.00881410944,0.00818989597,0.00809744263,0.00265497917,0.0503469887,0.0100528489,0.00485779058,0.00478868732,0.00681275102,0.00114334431,0.00228126516,0.00459877231,0.0178498196,0.00410899703,0.0417570342,0.00730994313,0.00136836097,0.101561184,0.0320503884,0.0130321433,0.0108288775,0.0379077928,0.0290237205,0.0109560419,0.0072727296,0.00775095726,0.0513569561,0.00353616042,0.025793898,0.00595067555,0.0586682841,0.00669728134
0.00472601292,0.0142525975,0.110131378,0.0176862027,0.0397050111,0.00149120043,0.0749381577,0.0116576343,0.0237294387,0.00283132777,0.00723002874,0.00580467331,0.0216752012,0.00359614848,0.00245244838,0.00751401074,0.00624880116,0.00694634025,0.00623392963,0.00907528443,0.00379960453,0.0123931131,0.0193438577,0.00621536542,0.00587572732,0.0126685421,0.00467675844,0.00236321912,0.0236242553,0.00615595214,0.0104632687,0.0691419298,0.00313882291,0.0183203084,0.0243387469,0.00295785431,0.0321527543,0.00417439307,0.0136476637,0.023097145,0.0275327376,0.0246873906,0.00903479155,0.023370503,0.00909850489,0.00623202741,0.0038445696,0.00744106734,0.0351776781,0.00724025009,0.0537852997,0.0194863579,0.00636982128,0.0960523738,0.00552740947,0.00930232911,0.0165490686,0.0100742985,0.0240958641,0.0107087438,0.0880208586,0.0253814505,0.00198260523,0.00503919262,0.0139664827,0.0612997539,0.0321944441,0.0163181723,0.00857227201,0.00755667141,0.00689799835,0.00302990029,0.0474296097,0.00946665687,0.00415397066,0.00493996272,0.00641026763,0.00129365975,0.00319063286,0.00549160336,0.0179280938,0.00361951718,0.0420058281,0.00736702011,0.00124035304,0.100030465,0.0335253368,0.0133245124,0.00950418001,0.0398708389,0.0275871832,0.0116450343,0.00716768851,0.0082257627,0.0501616092,0.0033733657,0.0286771662,0.00490408997,0.0571138607,0.00741498568
0.00445795189,0.0136715482,0.112094153,0.0177144486,0.040733539,0.00180614147,0.0768025018,0.0113327125,0.0227509285,0.0029745761,0.00725575993,0.00648310202,0.0212567937,0.00389238185,0.00215647361,0.00785273487,0.00734224274,0.00585883534,0.00622221516,0.0085418229,0.00296442774,0.013322776,0.0186186665,0.00626604382,0.00595332125,0.01332535,0.00506433403,0.00220941413,0.0240389505,0.00765931185,0.0111951064,0.0741947392,0.00294159058,0.0187102808,0.0227677375,0.00303480965,0.0315610823,0.00384253478,0.014820617,0.0237556822,0.027468884,0.0275062293,0.00875990007,0.0244690128,0.0107382528,0.00616698021,0.00370318899,0.00800052049,0.0340726392,0.00652998071,0.0545294999,0.0196230221,0.00638479225,0.104478381,0.00573065455,0.0100208185,0.0167476187,0.0113883683,0.022852493,0.00951848744,0.0914470958,0.0277497641,0.00153295905,0.00519006497,0.0140286263,0.0596157016,0.0354917097,0.0171892919,0.00846450977,0.00702641615,0.00688073704,0.0026448021,0.0454501124,0.00877908478,0.00464607457,0.00495793458,0.00688420074,0.00128939581,0.00295341679,0.00611680674,0.0166465307,0.00319257141,0.043456373,0.0074836987,0.000964718852,0.104069749,0.0346291807,0.0138561404,0.00932416968,0.0421579933,0.0298983733,0.0118103052,0.0080011908,0.00898203571,0.0534031795,0.00281803304,0.030081098,0.0044370895,0.0549221398,0.00698768421
0.00460739844,0.0134554367,0.112642977,0.0178651559,0.0401584192,0.00226963439,0.0794726836,0.0115677252,0.0217551237,0.00302337871,0.0069206016,0.00625000818,0.0223453401,0.00406336124,0.00216268071,0.00832786722,0.00813007902,0.00458339329,0.00737146657,0.00856400663,0.00239842403,0.0131730551,0.0185185122,0.00563851834,0.00694007313,0.0147713705,0.00581959094,0.00252416004,0.0250401481,0.00794257069,0.0110900352,0.0729880616,0.00291545218,0.0184930095,0.0224807098,0.00293933733,0.0322167399,0.00313824327,0.0137609845,0.024002566,0.0282208399,0.0289174742,0.0108074745,0.0268242998,0.0109630776,0.00581395302,0.00432633586,0.00922895193,0.0319797155,0.00645251702,0.0539927123,0.0193763258,0.00626222999,0.109497888,0.00591176672,0.00988663405,0.0174744486,0.0103362992,0.0238331954,0.00883467103,0.0951193033,0.02828951,0.00171996575,0.00468662143,0.014792048,0.0577921095,0.0374200862,0.0177290746,0.00826257747,0.00534684013,0.00649799778,0.00290812793,0.0445896315,0.00907158336,0.00417636994,0.00663422771,0.00690608149,0.00185900183,0.00300094984,0.0067487921,0.0170700213,0.00377303862,0.0409063542,0.00830244594,0.00110757486,0.10535808,0.0354477083,0.0122131785,0.010099006,0.0445655113,0.0296020486,0.013158488,0.00840088371,0.00894683406,0.0570029737,0.00322840995,0.0299927146,0.00449535732,0.0533128998,0.00635779733
0.00462130965,0.0125106025,0.111092463,0.0181093192,0.0389653548,0.00258949241,0.0808817172,0.0103579646,0.0189211418,0.00274946038,0.00711332164,0.00616746867,0.023362771,0.00417944021,0.00266698578,0.00859656138,0.00855136164,0.00393320121,0.00855453794,0.00862069907,0.00240963468,0.0134165687,0.0183039953,0.00696891937,0.00891610837,0.0148884526,0.00564739726,0.00306345687,0.0253795308,0.00682201565,0.0113768986,0.0737672962,0.00240153922,0.0190138205,0.022868716,0.00244299858,0.0310958141,0.00305833952,0.0142983526,0.0249406759,0.028291453,0.0286210212,0.0113653947,0.0316017526,0.0104270903,0.00531416242,0.00470393397,0.00977326137,0.0304732025,0.00681467843,0.0521061545,0.0214463133,0.0065684724,0.111046415,0.00588946359,0.00975024102,0.0177414267,0.0107153172,0.0257619087,0.00903868068,0.101388871,0.0288588711,0.00139081887,0.00390951915,0.0148715014,0.0566419285,0.0393169065,0.018692831,0.00856138219,0.00467223532,0.00659504955,0.003092508,0.0458231456,0.00871004987,0.00353837177,0.00788091083,0.00680272446,0.00216951033,0.00302363864,0.00622397561,0.0166621816,0.00335864191,0.0407253522,0.0102434638,0.00152629422,0.106100064,0.0342784655,0.012290841,0.00975258927,0.0414114297,0.0275081271,0.0131075806,0.00835203457,0.009046887,0.0638039984,0.00338432189,0.0298514217,0.00445645362,0.0555009609,0.00680229326
0.0052787393,0.0121041525,0.110436919,0.0201340461,0.0401431215,0.0025981941,0.0819132983,0.00987091177,0.0188411504,0.00288668173,0.00823818177,0.00510937931,0.0239092198,0.00413569887,0.0022966247,0.00892978987,0.00844864571,0.00359911775,0.00885121541,0.00747431019,0.00171183828,0.01199262,0.0181775894,0.00728540974,0.00789635143,0.0151202025,0.00542983991,0.00270428105,0.0246755013,0.00755841378,0.0117535421,0.0741184201,0.00205030107,0.0192307917,0.0238191158,0.00225620565,0.0311620179,0.00304022997,0.0127169368,0.0260851207,0.0308822072,0.0286923553,0.0121554694,0.0335502199,0.0107913686,0.0044388712,0.00522968644,0.0113676025,0.0285997473,0.00756290245,0.0505065385,0.0208665359,0.00755938969,0.113845371,0.00547473003,0.0104236252,0.015362464,0.00981533295,0.0263069298,0.0085511661,0.111004484,0.0310750751,0.00164640031,0.00365117531,0.0148536508,0.0579827966,0.0422509676,0.0204163347,0.0101398011,0.00460035451,0.00745661694,0.00308561214,0.0495923704,0.00679769234,0.00353116473,0.00775647559,0.00713316357,0.0018783437,0.00291019873,0.0057547321,0.0173160178,0.00293642614,0.0406910912,0.0110659347,0.00181589442,0.108459416,0.035170519,0.013089008,0.00928954527,0.0428975187,0.0265323357,0.0141530932,0.00799757939,0.0102626239,0.0704153485,0.00372225522,0.0295071576,0.00414244462,0.057490033,0.00678589831
0.0052516985,0.0109135343,0.117506791,0.0192055605,0.0388896762,0.00200462477,0.0824688334,0.00966221078,0.0174914356,0.00312542448,0.00928318973,0.00477983524,0.0243210715,0.004049155,0.00209307757,0.0092375546,0.00912009098,0.00341368158,0.0086185136,0.00605821915,0.00142267905,0.0106292586,0.0177059423,0.00818246601,0.00816202884,0.0161937321,0.00633434535,0.00283182955,0.0262303444,0.00739554593,0.0122400782,0.0757799632,0.00129058458,0.0197496996,0.024263172,0.00224550798,0.0307094372,0.00353940588,0.0124275755,0.027549927,0.0302909638,0.028831397,0.0119793374,0.0339296119,0.0107651577,0.00426416072,0.00551654799,0.0113491999,0.0259302918,0.00813237093,0.0460251908,0.0222804518,0.00744622687,0.114257009,0.00556792494,0.0107287437,0.0150501721,0.00950431437,0.026488973,0.00755287383,0.117881459,0.0326908448,0.00126502014,0.0035295774,0.0131119288,0.0569644984,0.0425824207,0.0212305477,0.0113882922,0.00372861107,0.00729579117,0.003778011,0.0515138365,0.00594240233,0.00487462026,0.00839241939,0.00771561956,0.00217612476,0.00237529175,0.00511356717,0.017205328,0.00281899121,0.0414020718,0.0112998552,0.0016048026,0.110335549,0.0354793477,0.013462681,0.00939701332,0.0430627553,0.0293198983,0.0156456995,0.00733944584,0.0105296742,0.0715083383,0.00397359725,0.0290951959,0.00392042876,0.0597682918,0.0069673137
0.00673785607,0.0100217017,0.120737443,0.0208396882,0.0365346941,0.00193318845,0.0842107445,0.00822065285,0.0161434792,0.00309597583,0.0109524523,0.00415949418,0.0242776818,0.00375991572,0.00198412779,0.00907765395,0.00834668257,0.00291100574,0.00938168577,0.00599652065,0.00157209917,0.00940746105,0.017974369,0.00889440742,0.00808020076,0.0155666742,0.0052634043,0.00326654954,0.0277051697,0.00938966856,0.0124484362,0.0768473782,0.00170881395,0.0202540512,0.0232740107,0.00232616847,0.0332029128,0.00406631578,0.0113443431,0.0278852763,0.0323284028,0.0272761688,0.0133886695,0.0344103936,0.0108659281,0.00352426752,0.00623369712,0.0112139349,0.0249028334,0.00896286049,0.0408767962,0.0234858017,0.00735597897,0.11614942,0.00532148029,0.00898406165,0.0135882447,0.00909625223,0.0276773524,0.00661804491,0.118741369,0.0337441245,0.00190864438,0.00344481259,0.0127773729,0.0560527548,0.0441556154,0.0233866997,0.0121817923,0.00402399049,0.00742607425,0.00369889991,0.0524601428,0.00451853803,0.00579909182,0.00817556057,0.00756104445,0.00216919531,0.00181386616,0.00503311499,0.0180462882,0.00237494473,0.0419462489,0.0114724206,0.00147554547,0.117682242,0.0350073367,0.0138242006,0.00952818667,0.0436154568,0.0294558001,0.0158751816,0.00741930366,0.0112161021,0.0730162826,0.00432608095,0.0300955687,0.00449935236,0.060467655,0.00706017423
0.00710870121,0.00964900207,0.123328812,0.0209503567,0.0380325664,0.00192456105,0.0824029534,0.00767342457,0.0152984065,0.00323058526,0.0114485349,0.00386985644,0.0249296615,0.00387382845,0.00227244459,0.00917670017,0.00791947222,0.00277200211,0.00889286894,0.00492702381,0.0015482057,0.00928460788,0.0172180537,0.0112062167,0.00832481548,0.0133159618,0.00488477522,0.00343065359,0.0267030817,0.00860390866,0.0120052392,0.0794765256,0.00177863161,0.0203292863,0.0224457541,0.00291212924,0.0340315525,0.00388259424,0.0115740765,0.0289626472,0.0313218608,0.0251960095,0.0150399511,0.0333705937,0.0113976783,0.00392157403,0.00624003088,0.0110345962,0.0236111122,0.00907556616,0.0368547045,0.0232525785,0.0093085148,0.119675602,0.00511471238,0.00800472688,0.0136363675,0.00746268472,0.029485227,0.00684012236,0.123223631,0.0357897193,0.00164786749,0.0037442372,0.012321948,0.0581564824,0.0463142497,0.0232662807,0.0132429717,0.00391928974,0.00832649889,0.0035142458,0.0538455863,0.00333864056,0.00629104689,0.0090167435,0.0077931008,0.00214500095,0.0021138631,0.0039598751,0.0168225247,0.00237318384,0.0422591085,0.0112080689,0.00188600299,0.121278742,0.0340455571,0.0146830763,0.00987314792,0.0423669615,0.0288578577,0.016614693,0.00581124666,0.0116691965,0.0804766691,0.00430744969,0.0281627383,0.0042203154,0.0626873811,0.00613147997
0.00745707711,0.00960111841,0.127897917,0.0195308611,0.0383139326,0.00198685529,0.0850064499,0.00711744168,0.016065151,0.00359855813,0.0125861771,0.00270001259,0.0280958929,0.00511850318,0.00230090616,0.00848224633,0.00717680305,0.0028132295,0.0102755862,0.00431930628,0.00194066797,0.00822183083,0.015391873,0.0118844095,0.00764900548,0.0116862638,0.00460497773,0.00466943077,0.0297220686,0.00888722189,0.0130328281,0.0799344618,0.00110056715,0.0207048349,0.02290793,0.00317217706,0.0354508324,0.00492838721,0.0128952683,0.0295756542,0.0336502369,0.0235792988,0.0164191245,0.0341297255,0.0112378199,0.00429419065,0.00683934665,0.0100765621,0.0209521141,0.0102040811,0.0348675577,0.0233784997,0.0095894307,0.119898021,0.00597319802,0.00737564843,0.0125791051,0.00723435931,0.0311631116,0.00706007931,0.123554098,0.0361211668,0.00206318307,0.00349002802,0.0103121039,0.0589906063,0.046965052,0.0237675976,0.0152064694,0.00392327753,0.00923013936,0.00376755611,0.0545746563,0.00404465477,0.00598969243,0.00993950331,0.0074793841,0.00168586885,0.00183460294,0.00380578436,0.0178859405,0.00236371693,0.0441978839,0.010714824,0.00196739594,0.128284122,0.0324026841,0.0135497311,0.0105618307,0.040281356,0.0310028896,0.0173760792,0.00429418916,0.0118882906,0.0802203224,0.00428629732,0.0286911748,0.00401295075,0.0675875672,0.00552348154
0.00848416249,0.0100671133,0.131733145,0.0175765621,0.0391470954,0.00123152765,0.0823712104,0.00775192981,0.0165139621,0.00372142524,0.0147414324,0.00227628659,0.0296499808,0.00585081099,0.00210498697,0.00802165078,0.0066864465,0.00283580311,0.0106198579,0.00352921814,0.00166204883,0.00795348202,0.0152472713,0.0115408596,0.00836191378,0.00983582758,0.00499412418,0.0053367373,0.0297946877,0.0114062702,0.0121362689,0.0821396814,0.000964053603,0.0216866789,0.0251233778,0.00408736108,0.0366933825,0.00545062902,0.0133656518,0.0298116964,0.0339843123,0.0224785321,0.0191183346,0.0331660083,0.0108653793,0.00533752452,0.00737898982,0.00869392009,0.0216093226,0.0104426142,0.0312126093,0.0222350782,0.00962091133,0.121594734,0.00606410652,0.00629925342,0.0113689455,0.00656990379,0.0318880223,0.00594373415,0.126014338,0.0392142457,0.00245541223,0.00320787036,0.00904196717,0.0550527723,0.0501139936,0.0236489676,0.0144647533,0.00462094178,0.0112010795,0.00491623204,0.0544974876,0.00426789745,0.00639944305,0.0102774228,0.0082809731,0.00166227834,0.00194147789,0.00436083971,0.017970461,0.00222452934,0.0447230433,0.011497728,0.00211000397,0.135006422,0.0322987712,0.0131097574,0.0106823661,0.0386208795,0.0333240702,0.016418712,0.00411523169,0.0108764301,0.0816763296,0.00544527108,0.0297340676,0.0041047439,0.07045276,0.00486648489
0.00868055528,0.00892199009,0.131536316,0.0175792006,0.0388079616,0.000910884138,0.0795205198,0.00719755153,0.0168345271,0.0033160944,0.0152599044,0.00226084541,0.0311696547,0.00710005036,0.00212878811,0.00706399364,0.00683156506,0.00356751077,0.0112194234,0.00414701609,0.00178644846,0.00824104312,0.0154104182,0.013032596,0.00940195059,0.0102456196,0.00475837164,0.00556063829,0.0292665142,0.0130777188,0.0119556924,0.0834585194,0.0011190392,0.0217169844,0.0247008125,0.00498147223,0.035987393,0.00551555082,0.0140397777,0.0323624311,0.0387750633,0.0221783208,0.0211898093,0.0323969418,0.0115779114,0.00643238079,0.00848834264,0.00703094214,0.0221730936,0.0105917703,0.0297469489,0.0211832923,0.00995671775,0.121792806,0.00695924308,0.00573609845,0.0112981165,0.00565575969,0.0319185093,0.00506511544,0.129362286,0.041585769,0.00195566995,0.00303371747,0.00835109054,0.0543357531,0.049654793,0.0235206845,0.0153037467,0.0049751263,0.0122098425,0.0052886603,0.0566902549,0.00474476546,0.00687455138,0.0116815691,0.00842211112,0.00137969038,0.00164315982,0.0045225421,0.0169038388,0.00214053768,0.0491875507,0.0108958867,0.00211924524,0.140206119,0.0345143349,0.0148301889,0.0101537334,0.0366978325,0.0341682838,0.0162215742,0.00358622954,0.0105444815,0.0825238552,0.00591878492,0.0298455417,0.00347321053,0.0734499943,0.005171777
0.00976489486,0.00767511144,0.135735315,0.0162150188,0.0379313087,0.00135521898,0.0766983214,0.00730371926,0.0179185457,0.00332182098,0.0165386436,0.00197349564,0.0318512703,0.0074048325,0.00266311802,0.00668605659,0.00639861926,0.00324412272,0.0109680836,0.00242994016,0.00179260826,0.00882391397,0.0150007927,0.0134317139,0.0110779739,0.00894499406,0.00425402869,0.00731859895,0.0286075758,0.0144459213,0.0125322255,0.0833790034,0.00127064707,0.021748547,0.0252499576,0.00526182351,0.0364562852,0.00576922803,0.0161029935,0.0309301661,0.0408979411,0.0214178406,0.0218517527,0.0335950676,0.0114248387,0.00657689071,0.00930199557,0.00598924648,0.0244390506,0.0101328211,0.0279180391,0.019603526,0.00902658315,0.12348039,0.00689410159,0.00516777757,0.012782627,0.00477583901,0.0320819862,0.0055379779,0.131340185,0.0436039107,0.00196206363,0.00288691653,0.00797872897,0.0514141605,0.0513223032,0.022679048,0.0143511906,0.00580408224,0.0134426633,0.00510677777,0.0561027508,0.00519973311,0.00658554595,0.0131864651,0.00975681293,0.00151120101,0.00159850712,0.00577737675,0.0176360603,0.00294160199,0.0501922613,0.0108532921,0.0030929322,0.144458425,0.0338189077,0.014431889,0.0103782678,0.0364532237,0.0363597538,0.0150161708,0.00405857769,0.00998711327,0.0846612825,0.00786749064,0.0312347301,0.00362576818,0.0758727845,0.00453980263
0.0117241362,0.007640449,0.136113756,0.016408606,0.0368526768,0.00134669951,0.0771808887,0.00678871117,0.0206599611,0.00334135011,0.0180152262,0.00240384558,0.0327633222,0.00912289251,0.00293059811,0.0059932722,0.00638445287,0.00308931894,0.0109332309,0.00266817753,0.00166159201,0.00874217101,0.0145241613,0.0131762606,0.0114385953,0.00845988881,0.00386518054,0.00793524155,0.0281395863,0.0156985441,0.0127283802,0.0834376835,0.00127172712,0.0243569202,0.023524414,0.00628332149,0.0367005916,0.00704437941,0.0176435449,0.0310898551,0.0434301878,0.0234435248,0.0237745252,0.0370870683,0.0119456668,0.00619123205,0.0097595509,0.00521467709,0.0262206859,0.00913461119,0.0280857085,0.0193366255,0.00941755599,0.127380093,0.00551626638,0.00515580517,0.0131890731,0.00390502396,0.0316361582,0.00467350601,0.138605787,0.0464013639,0.00251189487,0.00251572009,0.00641809329,0.0507926829,0.054238293,0.0224143211,0.0153928244,0.00721995835,0.0136593994,0.00453685738,0.0591895814,0.00556211231,0.00579962345,0.0128614806,0.0117526044,0.00150149922,0.0019781093,0.00755442031,0.0196256323,0.00463712364,0.0557304197,0.0104415943,0.00421466266,0.146263751,0.0318346316,0.0143147699,0.0111974738,0.0343685264,0.0399686237,0.0140493072,0.004982319,0.00886546708,0.0853414727,0.00805785607,0.0295971405,0.00329417992,0.077398889,0.00429745536
0.0116970037,0.00751822625,0.131919837,0.0173179186,0.0352390736,0.00126075403,0.0776242948,0.00745351852,0.0224539852,0.00292630736,0.0172627361,0.00242406837,0.0343183233,0.0099543686,0.00267165575,0.00532302915,0.00671093862,0.00320598998,0.010349655,0.00249919332,0.00152248864,0.00952944274,0.0138552554,0.0126356669,0.010776166,0.00737222792,0.00316856114,0.00944155486,0.0265383779,0.0154976779,0.0123629564,0.0822480126,0.00143287068,0.0262091218,0.0242249377,0.00547398205,0.0358985097,0.00623122594,0.0197307824,0.0311285224,0.0408642414,0.0250808118,0.0247952233,0.0381108528,0.0125648471,0.00630742867,0.0102185641,0.00507099074,0.0283261968,0.00858661074,0.0252750898,0.0167685671,0.00880484462,0.130754684,0.00556965435,0.00453857773,0.0143213177,0.0036690032,0.0305125318,0.00385587065,0.142481878,0.0475980395,0.00266844028,0.00200608822,0.00656588546,0.0495502393,0.0546808267,0.0214475484,0.0151311023,0.0077840067,0.0142014887,0.00446257914,0.0579710058,0.00641658155,0.00556776144,0.0146355508,0.0124040202,0.00156611598,0.00196206333,0.00701480654,0.0192764363,0.00557102563,0.0555467532,0.010778699,0.00427529997,0.148488139,0.0307186496,0.0151159064,0.0109410616,0.033929841,0.0454960101,0.0140984974,0.00633724338,0.00835167684,0.0849500856,0.00926942823,0.0287564389,0.00261818342,0.0827540711,0.00434999339
0.0124097624,0.00668202891,0.138544497,0.0182011847,0.0343653916,0.00147579838,0.0767157366,0.00687470271,0.0246247714,0.00281916771,0.0188196858,0.00257142774,0.036285906,0.0115522608,0.00261428911,0.00476050593,0.00822732122,0.00348246393,0.00926166995,0.00265957439,0.00111575999,0.0108724392,0.0121951229,0.0131170446,0.0110768319,0.00730041366,0.00372070278,0.0102829804,0.027656762,0.0164585237,0.012916823,0.0791525214,0.00201641937,0.0263656638,0.0242443949,0.00603504483,0.0334187325,0.00623978559,0.0196539854,0.0335443347,0.0407011265,0.0284611472,0.0276051326,0.0399565221,0.0131345839,0.00562958548,0.0101274709,0.00457604599,0.0310471302,0.00735095765,0.0239561659,0.016474484,0.00799418867,0.13925105,0.00442498639,0.00438596568,0.016850825,0.0035260911,0.0282705455,0.00347826208,0.142469929,0.0499442259,0.0025306293,0.00233132492,0.00624143174,0.0491864786,0.0567953752,0.0208167065,0.0135973895,0.00870734547,0.0141763902,0.00328905199,0.0574673036,0.00698486289,0.00539382266,0.0157360647,0.013535391,0.00163732996,0.0019450208,0.00770226205,0.0197212704,0.00573360742,0.0562873731,0.0114818069,0.00488008869,0.149593032,0.0296902326,0.0167803038,0.0116173953,0.031350896,0.0490493458,0.0143475287,0.00746389585,0.00753575134,0.0869613989,0.00974739981,0.0277475008,0.00205942771,0.0845764571,0.00437063349
0.0124849671,0.00547839475,0.135909156,0.0183774313,0.0348878533,0.00145602998,0.0776872359,0.00797707618,0.0260513983,0.0026852829,0.0191369044,0.00271894225,0.038032979,0.0131504928,0.00199441478,0.00392242322,0.00873572529,0.00320512803,0.00897572041,0.00352112025,0.000981078635,0.0118903069,0.0121289584,0.0136633263,0.0107320452,0.00751811871,0.00339921334,0.01313149,0.0259128449,0.0182287808,0.0131457993,0.0824736234,0.00258694285,0.0273773192,0.0231119757,0.00585736358,0.0371999709,0.00510884801,0.0193638227,0.0345682699,0.0406129112,0.0287949084,0.0285972883,0.0421109554,0.0134854604,0.0054034749,0.00990379728,0.00459646202,0.0322315593,0.00642326318,0.02180799,0.0176479389,0.00763578189,0.143571855,0.00405019303,0.00471631962,0.0182417524,0.00364906088,0.0267934629,0.00306339585,0.143221726,0.0498383617,0.00261079411,0.00272479664,0.00587083386,0.0466986935,0.0582835219,0.0199464436,0.0132606308,0.00992007191,0.0157077513,0.00332183575,0.0568065634,0.0080125557,0.00619834981,0.0154767046,0.0151962219,0.00190268605,0.00247492333,0.00832902171,0.022600401,0.00693025918,0.0579136462,0.0122844735,0.00683701734,0.147864747,0.0295980054,0.0169750626,0.0134500524,0.0289081717,0.0525749321,0.0138254384,0.0089605874,0.00762910814,0.089624941,0.0111020305,0.0268162224,0.00206124734,0.080683524,0.00425585178
0.0129186307,0.00564175226,0.131820448,0.0184472149,0.0345696921,0.00131080448,0.0775684782,0.00861671767,0.0278258061,0.00244465478,0.020442722,0.00268893438,0.0403024956,0.0150674889,0.00171957564,0.00387144036,0.00938355505,0.00306176566,0.0077823725,0.00376662671,0.00140785635,0.0128413388,0.0108441302,0.0148254309,0.0101468004,0.00725134155,0.0034126957,0.0140115524,0.0248879443,0.019119343,0.0132126319,0.0816517774,0.0032956019,0.0282163375,0.0216793752,0.00500455434,0.0383219088,0.00481540356,0.0199726295,0.0349053715,0.0421394584,0.0274380604,0.0321053467,0.0434701734,0.0145019745,0.00635378285,0.0106187233,0.00377714113,0.0313660457,0.00621584836,0.0206844625,0.0173854589,0.00645439229,0.149511881,0.00397326225,0.00517193338,0.0199486308,0.00336214934,0.0263194534,0.00282485639,0.14754484,0.0492665732,0.00300440033,0.00269796115,0.0050989801,0.0440779869,0.0597805384,0.0200781527,0.0122837645,0.0105434493,0.0166329078,0.00351392769,0.057094471,0.00927598711,0.00579839794,0.0164049932,0.0167858577,0.0026257628,0.00234496937,0.00860810693,0.024427906,0.00700486883,0.060907819,0.0125088345,0.0064093902,0.152484105,0.0298913039,0.0179779964,0.0141868647,0.0269709969,0.056986584,0.0133955855,0.0102074355,0.00798743141,0.0911686822,0.0105413486,0.0263097119,0.00163568934,0.0821841496,0.0041170479
0.0114204786,0.00424929296,0.136528183,0.0186802055,0.035411422,0.00153688479,0.0743294578,0.00848813838,0.0290632355,0.00255031787,0.0224204986,0.00275003702,0.0417518406,0.0154057885,0.00134662018,0.00415633359,0.00951086601,0.00292943458,0.00706499598,0.00358451633,0.00169419697,0.0126763951,0.011181364,0.0152873492,0.010460246,0.00817215774,0.00272654266,0.0140724101,0.0251662096,0.0179349271,0.0142287593,0.0816416704,0.00314150661,0.0286619444,0.0215046704,0.0039103251,0.0386812054,0.00429615317,0.0197607659,0.0338714092,0.0404250595,0.029573171,0.0337390876,0.0443596075,0.016743757,0.00560073634,0.0101414112,0.00345762422,0.031583769,0.00658897978,0.019401831,0.0166267242,0.00608548287,0.150067495,0.00354264858,0.00523782944,0.0225258875,0.00275750253,0.0264210787,0.00291288367,0.149629512,0.0489559929,0.00317224141,0.00278736703,0.00575142228,0.0428365101,0.0599417157,0.0186238455,0.0101541097,0.0105488269,0.0175558992,0.00303304165,0.0564181131,0.0100927856,0.00631125067,0.0171543921,0.0175718764,0.00291909985,0.00344553583,0.00755684281,0.0250675473,0.00764116324,0.0631829297,0.0125537481,0.00652439267,0.14891944,0.0297319598,0.017521299,0.0147329669,0.0250473743,0.0629454765,0.0132657468,0.0121732066,0.00782700211,0.0942978653,0.0106914896,0.0261967355,0.00164203708,0.0822340719,0.00381136999
0.0104069308,0.00431305117,0.1412761,0.0190516991,0.034683791,0.00162794378,0.0708679142,0.0088331092,0.0305125077,0.00243122638,0.0238059033,0.00276968297,0.0437023719,0.0161384511,0.000942507898,0.00375668276,0.00923429115,0.00230633721,0.00637980895,0.0045382203,0.00197684153,0.0131723778,0.010416662,0.015723257,0.00977079178,0.00839935429,0.00257981274,0.0144411634,0.0216737971,0.0180126882,0.0145956942,0.0788308408,0.00371375588,0.0288150227,0.0198999024,0.00326669392,0.0419299116,0.00426499843,0.0177514734,0.0342898085,0.038962541,0.028458924,0.0356954059,0.043625781,0.0168583631,0.0054431111,0.00966772451,0.00326619647,0.0343251186,0.00718170337,0.0173015668,0.0166341873,0.00565958475,0.15205903,0.00380254588,0.0056890833,0.0237459638,0.0024426002,0.0283537684,0.00263620546,0.145978872,0.049189876,0.00401032868,0.00264061671,0.00617834689,0.0408043788,0.0585514803,0.0191969735,0.00967649035,0.0102701188,0.0162223706,0.00327353668,0.0576249575,0.0110569144,0.00651368969,0.0181906567,0.0192167804,0.00346836655,0.00412088683,0.00727247695,0.0251798662,0.00972964485,0.0631642533,0.0130304387,0.00573316584,0.148449918,0.030284613,0.016341413,0.0148460063,0.0229326972,0.0632425362,0.0124523564,0.0134565527,0.00773057781,0.0951370358,0.0104999067,0.0261246472,0.0013450884,0.082216906,0.00401950442
0.00873892347,0.00392773355,0.148337155,0.0205416919,0.033523413,0.00191007811,0.0690722646,0.0101850404,0.0310358907,0.00259503059,0.0220550611,0.00193394503,0.0444093845,0.0175189637,0.00110527818,0.00305409817,0.00932976388,0.00212328609,0.00640495533,0.0052167029,0.00157435197,0.0135813125,0.00961835297,0.0162850824,0.0098256524,0.00807874954,0.00278414418,0.013747518,0.0224389738,0.018922974,0.0140780592,0.0811726669,0.00434533912,0.0296704704,0.0179790937,0.00266453653,0.044048568,0.00409622718,0.0177725737,0.0330229091,0.0378444701,0.0285195323,0.0358022961,0.0408530779,0.0182101269,0.00599538854,0.0111079352,0.00339006468,0.0350225624,0.00774647971,0.0173569706,0.0161798123,0.00469289041,0.158249333,0.0040146505,0.00564526852,0.0249665643,0.00240463947,0.0296562351,0.00179088032,0.147801232,0.0443438069,0.00360740806,0.00261198597,0.00653788226,0.0423264831,0.0550177969,0.0177617567,0.00806143118,0.00998032478,0.0167078572,0.00346087838,0.0594288238,0.0117092238,0.00698054064,0.0199091858,0.01981707,0.00350419032,0.00452394261,0.00743847446,0.0239148645,0.00868572063,0.063514071,0.011767853,0.00556524039,0.146772687,0.0298623942,0.0163113586,0.0143622852,0.0211220197,0.0619761764,0.0120642563,0.0153622251,0.00858456015,0.0972861952,0.00964187732,0.0260103592,0.000899549334,0.0859462684,0.0046613829
0.00741439474,0.00439078497,0.152608286,0.0205287881,0.0322753827,0.00189863952,0.0669952266,0.0101915618,0.0304693514,0.00239571152,0.0242387541,0.00179024502,0.0438799669,0.018600846,0.00125628257,0.00341173259,0.00794499386,0.00219810857,0.00562028226,0.00576391669,0.00218055002,0.0143341849,0.00880521196,0.0178052995,0.00850007774,0.0090397123,0.00249418367,0.0136665487,0.0217252455,0.0196701457,0.0132633254,0.082010194,0.00419153582,0.0289395183,0.0166797361,0.00259273873,0.047539838,0.00375833262,0.0183319987,0.0330288598,0.0375243788,0.0281743624,0.0368649457,0.0380133426,0.0198111655,0.00534351268,0.0103630746,0.00369441373,0.0333333384,0.00787514462,0.0176157575,0.0163506329,0.0049593594,0.161429383,0.00436397557,0.00706459785,0.0243363539,0.00256325136,0.0315886847,0.00166875235,0.148641893,0.040507413,0.00345877199,0.00260179657,0.00664992149,0.0424246678,0.0537759914,0.0188545978,0.00734807801,0.00885205381,0.0168357134,0.00368711731,0.0632023099,0.0112111428,0.00759605865,0.01987572,0.0197919757,0.00389609973,0.00503825825,0.00557007279,0.024663453,0.00758477283,0.0612828696,0.0109992083,0.00551371725,0.14540632,0.0301037131,0.0168161596,0.0129967299,0.0219509604,0.0636331256,0.0114633844,0.0166556697,0.00931086885,0.0974413975,0.00950554085,0.0273875099,0.00127074227,0.0871475097,0.00534460388
0.00476644498,0.00421940313,0.156070238,0.0204365764,0.0306081154,0.00201178701,0.0662141187,0.0100015039,0.0309401067,0.00215796204,0.0232758545,0.00180804214,0.0433155304,0.0204746624,0.00125838893,0.00335082008,0.00822360433,0.00213292762,0.00467796574,0.00677772764,0.00204230707,0.0144771244,0.00898158016,0.0180843274,0.00862851802,0.00891266288,0.00259501184,0.0140338278,0.0224047443,0.0207637905,0.0139984917,0.0848499116,0.00473565722,0.026510608,0.0161156113,0.00315266649,0.0496053803,0.00359356925,0.0173101553,0.033100022,0.039255914,0.0283680909,0.0409393578,0.0342776363,0.0219592371,0.00499017099,0.0121129597,0.00434295301,0.0325145556,0.0076845036,0.0167650041,0.0177268395,0.00468900273,0.16400417,0.00485369098,0.00819750606,0.0254173705,0.00265604596,0.0322781766,0.00230029439,0.150077175,0.0387055712,0.00322354114,0.00273046178,0.00758127971,0.0431802208,0.0534946505,0.0210645399,0.00683431737,0.00797153452,0.0171893297,0.00429383396,0.0607170111,0.0111690821,0.00855273002,0.0202879605,0.0214018681,0.0042997519,0.00523534812,0.00500548653,0.0240417798,0.00741017563,0.059240618,0.0102175395,0.00515326571,0.144599629,0.0309923812,0.0180006449,0.0124897612,0.0217163071,0.062724273,0.0117974527,0.0183126324,0.00986083553,0.0993977012,0.0094488228,0.0293314611,0.00118624069,0.0844771009,0.00537707554
0.00390143682,0.00499532027,0.160946893,0.0180616699,0.0276949505,0.00257363372,0.064763509,0.00969549905,0.0300471337,0.00217864794,0.0222357288,0.00183206275,0.0430667955,0.0211015751,0.00140331011,0.00382932321,0.00908564049,0.00257767807,0.00454059705,0.0080895588,0.00206519796,0.0157658124,0.00769113448,0.0202996296,0.00899999077,0.00842119541,0.00264595534,0.0126446971,0.0226324438,0.0230279563,0.0128768547,0.0817188173,0.0049942915,0.0266329743,0.0135807534,0.00344129495,0.0518887129,0.00390733922,0.0181929538,0.030932154,0.0382679047,0.0296948026,0.0407049989,0.0311180533,0.0247711784,0.00482217997,0.012424603,0.00527648473,0.0313798727,0.00808313947,0.0160237999,0.0176371243,0.00415110015,0.168025988,0.00487704282,0.00888855746,0.0252682302,0.00285761563,0.0329672997,0.00304575813,0.154944878,0.0359110869,0.0036216462,0.00315208776,0.00832609765,0.0437281385,0.0551208323,0.0210267162,0.00582334875,0.00726081907,0.0197352945,0.00471636102,0.0601465175,0.0105750117,0.00851814221,0.0192364124,0.0216290566,0.00417594224,0.00458491018,0.00456305251,0.0248024138,0.00757121156,0.0595602194,0.00878461787,0.00475938075,0.140562134,0.0312824603,0.0186106166,0.0131883018,0.0216439239,0.0630379876,0.0126129729,0.0181891669,0.0109393318,0.0988034172,0.00923863183,0.0302361716,0.00221730021,0.0819135967,0.00617026731
0.0034218489,0.00451361603,0.16428855,0.0175595271,0.0258715194,0.00249429677,0.0660121414,0.00968083716,0.0311971802,0.00219234019,0.0225757837,0.00169178634,0.0445192902,0.0215020784,0.00142328136,0.00400264204,0.00918704898,0.00257266179,0.00363901315,0.00868426769,0.00236966631,0.0173524799,0.00753310138,0.0203037577,0.00884681065,0.00805021617,0.00263874853,0.0115724322,0.0236867987,0.0243833925,0.0121542553,0.0801359321,0.0046988515,0.0276031781,0.013159693,0.0035743225,0.0520818741,0.00342370163,0.0185007671,0.029669231,0.0379922081,0.0280211168,0.040580756,0.0270027947,0.0263103477,0.00408072524,0.0129953126,0.00553820073,0.0315434051,0.00807860496,0.0167255632,0.0188553945,0.00466508687,0.175685952,0.00520048787,0.00949506637,0.0253799874,0.00325286984,0.0329304381,0.00379005359,0.156799286,0.034030875,0.00405752234,0.00330294711,0.00699754038,0.0412370891,0.0539369168,0.0210992576,0.00531151309,0.00577367538,0.0199676059,0.00498753042,0.0625256928,0.0112534862,0.00821114767,0.0180166576,0.0217932014,0.00485571445,0.00497109353,0.00402274528,0.0272418212,0.00745818433,0.0595257518,0.00852958626,0.004967543,0.135496216,0.0321266719,0.0197870317,0.0132797539,0.021799991,0.0626503563,0.0134120008,0.0179967343,0.0106034666,0.101953364,0.00935888241,0.0319750271,0.0024175814,0.0802548155,0.00633087182
0.00285209747,0.00487616568,0.165901579,0.0175898318,0.0223424802,0.00293738204,0.0713069887,0.00927042993,0.0303208299,0.00249120707,0.0228480229,0.00138291322,0.0470232625,0.0249042454,0.00128205037,0.00404422148,0.00975926005,0.00280702008,0.00316832454,0.00915539147,0.00194639987,0.0188928138,0.00670383047,0.0215902111,0.00931056373,0.00853475153,0.00225147025,0.0113735761,0.0237631667,0.0258100725,0.0132368819,0.0804850701,0.00393756824,0.0272875362,0.0123841258,0.00389523161,0.0532306899,0.00281650168,0.0176907221,0.0289934853,0.0361605639,0.0296003218,0.0389574854,0.0251099225,0.0281455643,0.00392011527,0.013946202,0.0059257134,0.0280023482,0.00808066509,0.0177269699,0.0182319782,0.00399551152,0.180163224,0.00513460184,0.00984281417,0.0255444097,0.0032143492,0.0336436061,0.00435964398,0.160434332,0.0319115479,0.00471900184,0.00361890026,0.00605711608,0.0418933395,0.0513525772,0.0224346385,0.00516588988,0.00463701652,0.0219109666,0.00615586417,0.0635249386,0.00989856053,0.00766311208,0.0154390889,0.0229944586,0.00540654916,0.00399762149,0.00328395823,0.0277317879,0.00886284922,0.0610422724,0.00785072298,0.00527158663,0.132088915,0.0332215644,0.0202723967,0.0136105168,0.0217578688,0.0603405306,0.0139626731,0.0174676021,0.0116789045,0.0999389978,0.0109796202,0.0355211398,0.00226343719,0.0755836052,0.0068445256
0.00209629615,0.00549535532,0.166378547,0.0173863659,0.020146524,0.00258918161,0.0724528261,0.00842485845,0.0300983294,0.00297353568,0.0235806925,0.00153586153,0.0493513408,0.0287434809,0.001138792,0.0044361308,0.0104448063,0.00266292662,0.00262260438,0.00960106844,0.00179479531,0.0209252261,0.00697180643,0.0230011527,0.00852011286,0.00787615062,0.00208333306,0.0100209177,0.0238746282,0.0256351316,0.0131019717,0.0784904154,0.0033605001,0.0272018349,0.0129346309,0.00456192346,0.0553273825,0.00210466805,0.0179067861,0.0298824134,0.0359754294,0.0290971346,0.0368626994,0.021900929,0.0307923605,0.00435167507,0.0137699617,0.00596104051,0.0278532126,0.00843401856,0.0198244317,0.017141545,0.00432685138,0.185877524,0.00499999697,0.00972017552,0.0252034794,0.00407263081,0.0325799376,0.00503017761,0.161125112,0.0324514022,0.00470741844,0.00328041053,0.00665062825,0.0435410101,0.0538554294,0.0217712686,0.00515762947,0.00419621384,0.0231488454,0.00640776647,0.0658278036,0.00826720392,0.00839727963,0.0153944037,0.0223592615,0.00426197464,0.00352535717,0.0038178714,0.0294226608,0.00882309531,0.0577064283,0.00700620424,0.00558547239,0.131416799,0.0337995259,0.0199128823,0.0141676551,0.0210334727,0.0587414818,0.0142057036,0.0187418466,0.0132948993,0.0993787631,0.0103099575,0.0381912782,0.00253660152,0.0705930495,0.00777310919
0.00249763763,0.00562403456,0.167381044,0.0174915914,0.0200508777,0.00274051814,0.0753195558,0.0072191398,0.0299060768,0.00256062596,0.0237270426,0.00199877302,0.0495011392,0.0303235143,0.00150818864,0.00448904283,0.0109813015,0.00295358854,0.0027209131,0.0101485246,0.00221860401,0.0220548946,0.00675470828,0.0259407855,0.00791211013,0.0070806188,0.00172473191,0.00799528616,0.0234119239,0.0237329601,0.0142675455,0.075949558,0.00287852556,0.0267486712,0.0133389448,0.00450208446,0.0551353926,0.00167714595,0.0169085785,0.0306617905,0.0351358166,0.0311636162,0.0364296319,0.020383172,0.034983509,0.00480556241,0.0130737714,0.00752703828,0.0279330925,0.00839683703,0.0209844959,0.016645582,0.00584545199,0.193625446,0.00502092595,0.00983856618,0.0248373526,0.0039566467,0.0302628546,0.00445658614,0.16719653,0.0292811115,0.00541907375,0.00336146419,0.00610178356,0.0436070087,0.0539486072,0.0223118339,0.00507025719,0.00404114952,0.024775387,0.00717425603,0.0675586815,0.00760205023,0.00795028008,0.0148318693,0.0218275359,0.00410958727,0.00371944085,0.00395512792,0.0295508831,0.00867614955,0.0576261758,0.00764212948,0.00524687309,0.128975257,0.0320512616,0.0189997328,0.013757958,0.0197295432,0.0578724904,0.0149923992,0.0204332661,0.0140945629,0.0970392624,0.0103138045,0.0402418563,0.00337208608,0.0639091171,0.00740739702
0.00363070294,0.0171624133,0.174861986,0.0217139473,0.0199325908,0.00623052327,0.180823276,0.00712656299,0.0366103342,0.00473652407,0.0333522893,0.00640652331,0.0710684657,0.0437701291,0.00479232459,0.00575314226,0.0328243993,0.00520560563,0.00588812369,0.0129518112,0.00660791986,0.0323581013,0.0101809961,0.0282963397,0.0111982021,0.0116587045,0.00436953633,0.00818124881,0.026381139,0.0578584128,0.0282574126,0.15013653,0.0058944244,0.048200352,0.0152733209,0.0101625999,0.0536948022,0.00258933116,0.0239557399,0.0366996216,0.0741719687,0.0459833677,0.0599738724,0.0322580569,0.0450169643,0.00852584382,0.0227108034,0.0204306857,0.0515077356,0.0169902907,0.0392205981,0.0474646463,0.0116099015,0.232769224,0.00870902009,0.0238095227,0.0478781753,0.00935204667,0.0454766156,0.0107353692,0.268067445,0.0370478917,0.0137244184,0.00751125822,0.0105263173,0.0529343832,0.062882628,0.0421377735,0.0114006603,0.00802292211,0.0388173864,0.0187804886,0.114491371,0.0107891523,0.0137987156,0.0374855729,0.0570247164,0.00798631449,0.0106007086,0.00725446085,0.0548845289,0.0211726185,0.0604719509,0.0199475163,0.00772297862,0.267566633,0.0485601401,0.027684571,0.0311284235,0.0227232898,0.127513259,0.0224598527,0.0442770807,0.0209424517,0.119444367,0.0312800545,0.0543477925,0.00626703505,0.079231962,0.0195195029
0.0029791484,0.0291576364,0.186058537,0.0275862454,0.0199999634,0.0104383936,0.244983398,0.00997783751,0.0426516265,0.00449440014,0.0422912056,0.00674916067,0.0914396891,0.0442973842,0.00638298562,0.00824744223,0.0421860015,0.00945378265,0.00867052194,0.0120967507,0.00955413296,0.0369807356,0.0117318467,0.0438888866,0.0109289785,0.00990099406,0.00393186185,0.0123762289,0.0325828752,0.0685864641,0.0443101116,0.175619804,0.00559511573,0.0692307318,0.0211907085,0.0125603888,0.0551391778,0.00199005057,0.0295894018,0.0356793817,0.0887360441,0.0582523825,0.0750000115,0.0392781066,0.0600858209,0.012806854,0.0281250014,0.0252747073,0.0600757221,0.0155579303,0.052889364,0.05771249,0.0149793787,0.219033358,0.0133060324,0.0342323188,0.0517948551,0.010126579,0.0593376571,0.0205761474,0.333949844,0.0480000824,0.0174358828,0.0111111154,0.00755288017,0.0611587683,0.0719738014,0.045226214,0.0115183265,0.0132596617,0.0415430025,0.0219885257,0.135676201,0.0112359667,0.0197300014,0.0518394777,0.0686784755,0.0091428581,0.0126727899,0.00787402094,0.0681372438,0.0264549894,0.0526613847,0.0322255751,0.00885826494,0.333203075,0.0452961982,0.0238095252,0.0411600618,0.0306225059,0.160269065,0.022426101,0.0506992817,0.0187891404,0.122362857,0.0337650057,0.0588552647,0.0123584135,0.078718818,0.0281488811
0.00655735744,0.0346620166,0.168103247,0.030075191,0.0163934731,0.0104711979,0.250658028,0.00693240187,0.0434425748,0.00729927694,0.0463743584,0.00539568032,0.100969354,0.0528523574,0.00336134178,0.0131362953,0.0429752728,0.00846025296,0.00777605047,0.00946969839,0.014084482,0.0452342941,0.0115453035,0.0378229038,0.0190972079,0.0120663767,0.00823044033,0.0190113442,0.0335195773,0.0663349639,0.0404530761,0.18451386,0.00834724791,0.0735056275,0.0170542651,0.0213414645,0.0585585059,0.00157233063,0.0424430375,0.029411807,0.0821812045,0.0456810554,0.0741444244,0.033613463,0.0635593221,0.0147299325,0.0225806429,0.0264084284,0.0639098145,0.0203915086,0.0548686727,0.0539628805,0.0114840864,0.221138227,0.00936036261,0.0418006587,0.0623945725,0.00957855077,0.067109246,0.0177993438,0.355966996,0.039999964,0.0236886781,0.00730995183,0.00590219124,0.051020418,0.07130121,0.0554699805,0.0118243272,0.0124113494,0.0448916798,0.0285714457,0.157703502,0.00579149988,0.0283993248,0.0581787271,0.0741351092,0.0146252195,0.0107334659,0.00366971835,0.0779967687,0.0264550242,0.0473588128,0.0328638796,0.0119760671,0.348964643,0.0417440471,0.0196581055,0.0514925602,0.0266876131,0.177004371,0.0201680365,0.0682657591,0.0182724305,0.123310744,0.0377095259,0.0635061798,0.0114006276,0.0843169933,0.0265273458
0.0037950589,0.0329218087,0.176171088,0.0298850455,0.0219298097,0.0143737244,0.254731773,0.0105932049,0.0512048587,0.00877191763,0.0545073893,0.0128479814,0.0729572048,0.0510805668,0.00411521938,0.0157480112,0.040983652,0.00994034682,0.0107526722,0.00900899559,0.0207039106,0.0523364609,0.0178947257,0.033970308,0.0143149333,0.0108695596,0.0124069443,0.0196936326,0.0405982601,0.0644531665,0.0415879533,0.178,0.010040163,0.0730769334,0.0170863272,0.0212766021,0.0611814665,0.00559700966,0.0398009655,0.0225409204,0.0855019458,0.041407857,0.0800914544,0.0409357094,0.0623700081,0.0135396585,0.0315985168,0.0337551955,0.053636344,0.0238095324,0.0543893916,0.0462776743,0.00951373304,0.217142546,0.0163339224,0.0369003577,0.0591836203,0.0140515214,0.0728070087,0.0175097411,0.359776223,0.0407674082,0.028112437,0.010256405,0.008,0.0542797187,0.06666672,0.0501791565,0.00811359765,0.0107991437,0.0499999995,0.0185529045,0.152438976,0.00655022282,0.036842047,0.0618660974,0.0784708506,0.0137614786,0.0150214696,0.00222716929,0.073,0.033057835,0.045643155,0.0366972666,0.012455515,0.350071864,0.0497787571,0.0257201492,0.0421903338,0.0282485953,0.181982086,0.0195694912,0.0719101137,0.0172414241,0.106924536,0.0318791736,0.0723542063,0.0096339001,0.088888918,0.0324675734
0.00427349846,0.0416666192,0.176267146,0.02989134,0.0240641858,0.0196560096,0.267754428,0.010362682,0.0535279761,0.0106100709,0.0728644375,0.020050133,0.0670588134,0.0593607986,0,0.0140515304,0.0404040077,0.014598541,0.0105263122,0.0137741008,0.0212766187,0.0542796937,0.0228426339,0.0324189546,0.0190023827,0.0215982663,0.0175953158,0.0252525296,0.0410256616,0.0649038732,0.0450451266,0.174528245,0.00721153776,0.0816776918,0.0198744794,0.0192719729,0.0508906227,0.00677200702,0.0428571851,0.0263157524,0.086767926,0.0494791479,0.0989010498,0.0463414309,0.0589622607,0.011737104,0.0459518588,0.035,0.0611587902,0.0261282753,0.0655173346,0.0416666875,0.0196078435,0.211316142,0.0228215943,0.0399159296,0.0582524619,0.0169491536,0.0833333567,0.0204081484,0.362949164,0.0586420319,0.0307328955,0.00414077867,0.0162790512,0.0451128027,0.0694087275,0.071125253,0.0124688488,0.0152671858,0.0639535038,0.0196506859,0.157200839,0.0123762563,0.04523226,0.054862844,0.0744415261,0.0159574146,0.0180412306,0.00264550021,0.0710843563,0.03140097,0.0453460332,0.0421286524,0.0193965237,0.371598428,0.056910606,0.0302663806,0.0458715394,0.0340136314,0.204690758,0.0230946588,0.0840108108,0.0175438349,0.0950617191,0.0429448219,0.0752551352,0.0118764938,0.0909090909,0.0336226007
0.00765305862,0.0422961095,0.169444367,0.0357143075,0.0345911927,0.022160656,0.297266246,0.0154798961,0.0553845945,0.0127388541,0.0825396277,0.0277777689,0.0813608784,0.0640669851,0,0.0175953062,0.0396039026,0.0233236058,0.0165876779,0.0174215871,0.0228571325,0.0663390359,0.03692304,0.0339506329,0.0305555655,0.0310880834,0.022058811,0.0378548594,0.0387096902,0.0544412591,0.0523559686,0.192513422,0.0120845935,0.0987341533,0.0315656712,0.0188171808,0.0545454293,0.0108991947,0.0357143025,0.0441989053,0.0870712065,0.0535117268,0.112582798,0.0535211428,0.0857143251,0.024456498,0.0454545477,0.0383387204,0.0602563848,0.0382353199,0.0813610178,0.0395480774,0.0240240069,0.20189735,0.03147703,0.0441176221,0.0428134478,0.0228757892,0.0876288242,0.0209424042,0.376429888,0.0671641348,0.0317460221,0.00783290804,0.0194444546,0.04154303,0.062499985,0.0680693593,0.0242423857,0.0214723862,0.0702004807,0.0190735982,0.169975176,0.0210210187,0.0517751477,0.0821114336,0.0790274213,0.0222929689,0.0236686211,0.00303030085,0.0623188749,0.0321637722,0.0400000272,0.0404312985,0.0200501334,0.389570103,0.0723472494,0.0310650804,0.0421347999,0.0384615223,0.22051284,0.0465753409,0.104316561,0.0193704847,0.116564417,0.0620154699,0.0806961542,0.0142045501,0.0977011197,0.051315809
0.0117994011,0.0530612218,0.188741683,0.0376569151,0.0395256492,0.028469764,0.343023353,0.0186567067,0.0520446029,0.029629631,0.0864197744,0.0358423054,0.0897960286,0.0696864818,0.00398406163,0.0235690166,0.0466101465,0.0318724846,0.0196078357,0.0330188666,0.033210352,0.07365436,0.049645405,0.0245613923,0.0387097112,0.0555555556,0.0358974199,0.0603773291,0.0411984821,0.068100353,0.0524691957,0.234727086,0.016835006,0.123563227,0.0357142718,0.0271186427,0.0658914245,0.0171821276,0.0432900135,0.0544217556,0.0807018078,0.0786026105,0.115226372,0.0488721707,0.118421092,0.0340136122,0.0714285879,0.0421941021,0.0752507686,0.0564515977,0.0909090682,0.0563909887,0.0196078471,0.221666588,0.0351906172,0.0397553024,0.0585936914,0.0276679991,0.0879478691,0.0297029543,0.388571722,0.085858558,0.034920612,0.00309597895,0.0257353,0.0442804032,0.0578512388,0.0827922205,0.035294136,0.0297872281,0.073584894,0.0180505516,0.149390225,0.0384615288,0.0820610967,0.0996169518,0.0778210471,0.0411523214,0.0385964538,0.011235962,0.0655172087,0.0433213066,0.0460526439,0.0294117565,0.0253968148,0.411764367,0.0723140436,0.0336879382,0.0457746428,0.0413793446,0.224923838,0.061643877,0.129032165,0.0232558105,0.130434662,0.0858085514,0.0760870612,0.0167784948,0.0889679564,0.0587301206
0.0144927652,0.0731706573,0.215094357,0.0588235759,0.053191458,0.0353981766,0.383802365,0.0399999448,0.057142814,0.0352422986,0.0824175701,0.05418719,0.088082922,0.0563380425,0.0144230642,0.0269230716,0.0532544342,0.04,0.0195439892,0.0536912662,0.0493273139,0.107491875,0.0540540219,0.035019486,0.04,0.0871369644,0.0392157314,0.0803571981,0.0474137357,0.106666638,0.0389105267,0.253623236,0.0171674002,0.120689563,0.0445343311,0.0347826663,0.108108026,0.0281690401,0.0384615423,0.0843881746,0.0877193314,0.0578946673,0.17901223,0.0480348969,0.134751746,0.0458333663,0.0984847944,0.0473683982,0.102,0.105882332,0.142857103,0.0540540089,0.0295566523,0.20717095,0.0459770441,0.0390070961,0.0815217302,0.0422535339,0.103305768,0.0450449941,0.432343002,0.0933333845,0.0378788182,0.0143369168,0.0289855675,0.0663507872,0.0585106,0.0936254381,0.0536584624,0.0418848,0.0955882819,0.0234741927,0.16730032,0.0658915138,0.10502285,0.121827377,0.0880830117,0.0495049662,0.0511811251,0.0216449996,0.0680850827,0.0689654828,0.0509804407,0.0336134541,0.031128414,0.455056354,0.095588244,0.0357143257,0.0593606663,0.031818169,0.287233786,0.0756302094,0.1156069,0.0238095171,0.11961723,0.135593262,0.0562770283,0.02,0.0950226,0.0977012325
0.0184501922,0.0817307112,0.223577274,0.0662651066,0.0416666275,0.0334928613,0.400734875,0.0443350091,0.0440528656,0.0430622126,0.130177431,0.0547263627,0.108280341,0.0680628408,0.0229885244,0.0295358576,0.0551724693,0.0483870523,0.0201341877,0.073770412,0.0615385238,0.129251778,0.065040607,0.0304347951,0.0562770366,0.121212206,0.0763889261,0.0814479649,0.0582959426,0.132653149,0.0311110956,0.296153422,0.0348258636,0.141129125,0.0480769613,0.0508474753,0.139130385,0.0382513839,0.0484848585,0.109090865,0.11374414,0.056818253,0.174825109,0.0536584973,0.164429573,0.0458716216,0.132231368,0.0467835836,0.111110971,0.158536577,0.166666752,0.0585365529,0.0414508062,0.214285856,0.0444444182,0.048327119,0.103225617,0.0543478854,0.112676035,0.0552486355,0.455830574,0.0852713242,0.0411522822,0.0195312582,0.0425531564,0.066666612,0.0602409639,0.0954356828,0.0588235318,0.0532544762,0.0978261083,0.031914908,0.198443531,0.0756302128,0.121827494,0.148351709,0.0877192719,0.0558659873,0.0614754261,0.0330188712,0.0631067792,0.0673077142,0.0524016869,0.0438596514,0.0325202954,0.438485853,0.0891892052,0.0485436788,0.0591132665,0.0294117529,0.319852864,0.0904977708,0.132911357,0.0208333237,0.1256544,0.177033612,0.0708332993,0.0220264469,0.119171054,0.155462165
0.0138408404,0.104545415,0.232,0.0833333583,0.04375,0.0416666979,0.414285829,0.0480769082,0.0474137553,0.0473934042,0.135483788,0.0611111396,0.123188425,0.0611111273,0.0378378542,0.0281124218,0.0519480492,0.0444444773,0.023890785,0.0934580311,0.0615384772,0.144262405,0.0817121082,0.0352941371,0.0599077916,0.133047357,0.0921052632,0.0943396377,0.0557940115,0.120603043,0.0402010523,0.29454581,0.0471698217,0.172839454,0.0518134396,0.0538921563,0.162162017,0.0564972106,0.0617978076,0.116504868,0.110599033,0.0639534212,0.227941244,0.0520833121,0.198051568,0.0473934237,0.137339123,0.0542168675,0.111111083,0.178344019,0.16352191,0.0576923119,0.0425532085,0.205533842,0.045,0.0441176296,0.119999916,0.050000018,0.105527646,0.0696201593,0.464406797,0.0894307985,0.0474137604,0.0284552754,0.0838321899,0.0685714131,0.0658681919,0.0932203095,0.0628271874,0.0561797519,0.0851062904,0.0529411526,0.221818148,0.0813007967,0.134715138,0.148148164,0.0941176876,0.061452578,0.0553359833,0.0456620982,0.04663215,0.0624999806,0.0460829495,0.0440529085,0.0423076742,0.428571663,0.101063901,0.0624999575,0.0569948358,0.0404040242,0.360139843,0.107476644,0.126582229,0.0253623412,0.121387244,0.208121788,0.0669455933,0.0225224973,0.121546913,0.182222249
0.0125785961,0.130801639,0.223484582,0.0922329757,0.04375,0.0580357445,0.410526453,0.0636362966,0.0398406256,0.0624999463,0.12337656,0.0663265158,0.123188375,0.0800000268,0.0541871827,0.0240549972,0.0645160887,0.0446927561,0.0284810297,0.111110989,0.0544554756,0.171875,0.0728744281,0.0359711892,0.063348499,0.139738021,0.105263184,0.100000052,0.0588234771,0.123711392,0.0646765894,0.282828048,0.0580356929,0.200000352,0.0603016164,0.0742857418,0.173469462,0.0679012288,0.0670391039,0.112195184,0.0923694849,0.0697673686,0.21323525,0.0682926898,0.206250103,0.0506911718,0.13229579,0.0516128655,0.110655656,0.203592695,0.178571373,0.0663506568,0.0439560752,0.177121685,0.039604015,0.0445206036,0.101796308,0.0372340668,0.095959566,0.0492957697,0.468852652,0.0701755502,0.046025123,0.0305343385,0.107142924,0.074468117,0.0639534436,0.0873015495,0.0646766608,0.0773480862,0.0845771654,0.060240988,0.242138363,0.0966385755,0.13131307,0.140476098,0.101190636,0.081521767,0.0561798292,0.044642884,0.0404040558,0.0555555578,0.0684931063,0.0421941038,0.0449438573,0.432258173,0.0854272734,0.045918337,0.0593606853,0.0414508166,0.387301604,0.108695693,0.128491592,0.0390070883,0.1385543,0.231527305,0.0671937461,0.0322580345,0.164634114,0.177489094
0.0142045447,0.157480388,0.222222464,0.0946502818,0.0487805049,0.070833339,0.411392567,0.0595744371,0.0404858374,0.0588235059,0.128378357,0.0495049959,0.122448858,0.0904254955,0.0568720244,0.0241691794,0.0779219986,0.0393259181,0.0303030267,0.148514989,0.0648147995,0.181818036,0.0631970145,0.0345911863,0.0692640279,0.160156494,0.128655029,0.0928269471,0.0500000085,0.106796122,0.0666666613,0.274193359,0.0511811709,0.192982356,0.050458751,0.0736842074,0.184466027,0.0632184182,0.0588235306,0.1365853,0.0989398699,0.0581395087,0.211678701,0.0798122348,0.219298471,0.053497953,0.141844057,0.0653594739,0.111940239,0.20224736,0.161290316,0.0555555472,0.0561224398,0.181818496,0.036082526,0.0404984065,0.0994764199,0.0558375499,0.0717703679,0.0699300432,0.495326984,0.0434782435,0.0510638196,0.0416666908,0.103448464,0.081632718,0.0765306015,0.080152646,0.0913241937,0.0761421002,0.0761904567,0.0606060739,0.26488077,0.094827544,0.128571434,0.129385958,0.0857143951,0.106382929,0.0573477133,0.0491071413,0.0339805815,0.0491227838,0.0758293266,0.049242401,0.0513698553,0.432176719,0.0588235247,0.0529100252,0.0595745248,0.0355330356,0.401274228,0.112499975,0.117318473,0.0352112896,0.139534927,0.25123166,0.0472726934,0.0366972417,0.179640618,0.174999977
0.0211640099,0.157509086,0.223728878,0.0936330612,0.0576922885,0.0677290197,0.385965228,0.0562248971,0.0405903989,0.0448979741,0.124223697,0.0533333383,0.125827777,0.0923912855,0.0604651257,0.0168539338,0.0848484973,0.0310880798,0.0259365799,0.131868,0.0643776748,0.192307415,0.0588235382,0.0349853885,0.0658436836,0.148698672,0.129729753,0.0826446289,0.0491227856,0.105042004,0.0695187682,0.278592467,0.0557491466,0.209091212,0.0381356405,0.0813953244,0.192660342,0.0702702124,0.051948009,0.0995260451,0.110410033,0.0597825576,0.216216091,0.0701754079,0.223684475,0.0505836475,0.174216093,0.0662251997,0.122743737,0.19,0.168421067,0.0737326966,0.061320729,0.17241386,0.0256410397,0.0376343702,0.0931372405,0.0772946568,0.0625000694,0.0757576179,0.4972681,0.0655737279,0.0546218542,0.049632347,0.102857235,0.0781250477,0.0970873461,0.101083117,0.0748899233,0.116279002,0.0642202694,0.0555555989,0.281421218,0.103305804,0.104166775,0.12451365,0.0731706927,0.106598933,0.0594405073,0.0398230375,0.0428570867,0.0434782926,0.0707546289,0.0541516027,0.0516716978,0.411490353,0.0572518702,0.0579710684,0.0524193748,0.0336538223,0.434650818,0.112554085,0.128205163,0.0459364343,0.097560901,0.263888477,0.0486110981,0.0462184566,0.179190577,0.177419352
0.0279187761,0.178082455,0.210443097,0.0884353618,0.0609756278,0.06690148,0.39178082,0.0537634468,0.0387324011,0.0332103789,0.134146282,0.0745614237,0.121387264,0.101522866,0.0632910843,0.0209423958,0.0963855807,0.0353535451,0.0317460119,0.142857,0.0707964329,0.218666348,0.0477941101,0.0370370326,0.0687023729,0.14878876,0.144230728,0.0862745119,0.0550161828,0.092664108,0.070652237,0.286111358,0.0636942669,0.199074064,0.0425532766,0.0755813689,0.210674518,0.0736841815,0.0629921373,0.0818182411,0.107648726,0.0540540762,0.189189102,0.0647772196,0.240099058,0.0627451056,0.184210536,0.0671140372,0.107638811,0.181395469,0.199074096,0.0669857047,0.0754716679,0.166666673,0.025,0.0289855038,0.080213926,0.083720925,0.061403476,0.0852712978,0.488126607,0.0522388546,0.0503875924,0.0469925047,0.109890052,0.0773197296,0.104545422,0.0996678319,0.0956522095,0.124463508,0.0502283256,0.0533333024,0.3111978,0.0732758659,0.0946501502,0.114285689,0.0769230923,0.124378108,0.0529594631,0.0421941135,0.0343137248,0.0379008924,0.066666678,0.0657894436,0.0526316489,0.419753331,0.0446735798,0.0597825684,0.0465116353,0.0446428535,0.450867097,0.0987654231,0.13065335,0.0498220431,0.0778442314,0.253456246,0.048543684,0.0470084846,0.193548623,0.166666585
0.0309524059,0.194174679,0.172307605,0.0811687924,0.0639534276,0.066786982,0.382978494,0.0491803903,0.0508474761,0.0308219418,0.123456885,0.068,0.1481481,0.0989583582,0.0625000644,0.0147783113,0.115606981,0.0276497519,0.033419,0.178571546,0.0580357616,0.2146598,0.0446735384,0.0280111894,0.0714286143,0.132492126,0.152272677,0.0815602918,0.0501474955,0.085820854,0.0773809986,0.299999736,0.0619469212,0.178217918,0.0340425573,0.0958082271,0.203084903,0.0670103734,0.0542635914,0.0742358015,0.123360046,0.050000011,0.168918946,0.0613718125,0.266033101,0.0780668867,0.184952922,0.0596025609,0.0846905446,0.191304374,0.23555523,0.0566037177,0.0825688775,0.149305644,0.0264317405,0.0305677434,0.0837438474,0.0829694348,0.0619469225,0.0851064,0.500000255,0.0400000324,0.0378787909,0.0396226029,0.109289649,0.0841585238,0.108333396,0.101639387,0.141128586,0.139917652,0.0440529064,0.0434782957,0.31774543,0.0609755861,0.0818182362,0.121311415,0.0619469163,0.157142901,0.0614525168,0.0414937917,0.033333293,0.0259740075,0.0682926773,0.0683760409,0.0534759613,0.418129085,0.0349206141,0.0837696503,0.0342205125,0.0619469533,0.477011898,0.0887097048,0.12299465,0.0482314441,0.0729167923,0.277512151,0.0516224248,0.0524016758,0.20855593,0.166666685
0.036781611,0.228658734,0.163888836,0.0674486798,0.0655738452,0.0740740274,0.399736688,0.0420168151,0.04601224,0.0321542759,0.139240409,0.0787400635,0.166666647,0.0753769455,0.0565217513,0.0132450436,0.123456804,0.0373443778,0.0398009644,0.215189743,0.0604839012,0.213740698,0.0401337399,0.030812328,0.079584857,0.134796333,0.137387336,0.0789473468,0.0504451491,0.0644067575,0.0726257139,0.330864106,0.0604395321,0.168367453,0.0423729164,0.09039536,0.2109377,0.0808080386,0.049645405,0.0625000306,0.126581963,0.0543478333,0.155405353,0.0611510617,0.264236888,0.0993150418,0.214080543,0.0748299529,0.0822784915,0.187233983,0.258620621,0.0700934874,0.0814479762,0.156583629,0.0310077488,0.0340681543,0.0747663289,0.0956175237,0.0515021687,0.0647059259,0.503759146,0.0434782539,0.0415094187,0.0415019817,0.113300482,0.0869566209,0.111553869,0.105105129,0.132575984,0.148,0.0476190471,0.0408162727,0.328784142,0.0582959677,0.0910542781,0.100313533,0.0583333186,0.14746542,0.0548628189,0.053497955,0.0379147453,0.0180180036,0.0876288685,0.0606859291,0.0588235329,0.426997302,0.0308988789,0.113513564,0.0257352854,0.0517241776,0.466858497,0.109022622,0.115789404,0.0510510174,0.0588235012,0.30288445,0.0439093984,0.0543933,0.26344076,0.139097856
0.0383747646,0.241887851,0.165745855,0.07199998,0.0691490088,0.0719424601,0.385572354,0.0468750567,0.0369230607,0.0283911291,0.152866421,0.0678570995,0.162436488,0.0724638043,0.0633484303,0.0201342398,0.104972344,0.0290909,0.0521092171,0.259740048,0.0488721805,0.24808143,0.0544871624,0.0302197712,0.0914827032,0.103125,0.126106218,0.0836012741,0.0501474829,0.0533333151,0.0776698845,0.353348753,0.0532994619,0.14563106,0.0452488436,0.107142987,0.221931995,0.0842104752,0.0483871087,0.0370370793,0.12470551,0.0558375813,0.140939487,0.0744337083,0.291390412,0.10749175,0.240360072,0.0588235206,0.0804954023,0.171314695,0.269387539,0.0972221608,0.0678733354,0.154121824,0.0294117709,0.0381124725,0.0761904643,0.096,0.0555555217,0.0756756726,0.52284245,0.0558659343,0.0434783522,0.0341365228,0.116279133,0.0917430739,0.119691099,0.105105207,0.159722345,0.150183134,0.0419847305,0.033557027,0.322738122,0.0476190333,0.0833333508,0.0985507106,0.0630251937,0.16299558,0.0604651333,0.0632910973,0.0432692288,0.0208768058,0.09793824,0.0680100218,0.0531177988,0.444444687,0.0287958058,0.112820535,0.0206896721,0.048780521,0.46109504,0.103321043,0.114130461,0.0539083814,0.0377358442,0.297560774,0.0397878135,0.0603447419,0.284210847,0.140151494
0.0443038124,0.244897916,0.167546264,0.0916229817,0.069306999,0.0659722517,0.390123575,0.0471464218,0.0350877374,0.0253164751,0.188679309,0.0680272128,0.178217825,0.0695652217,0.065306092,0.0173912964,0.102857204,0.0376712928,0.0526316226,0.23999992,0.0476190181,0.255555843,0.0518292076,0.0241286982,0.100574764,0.0956790393,0.119718467,0.0889570025,0.0515759788,0.0414012188,0.0717703578,0.400835318,0.0452261102,0.121212201,0.0460829653,0.101123646,0.218905142,0.0957447191,0.0338461244,0.0343511296,0.124153396,0.0616114048,0.124138093,0.0785498565,0.317987024,0.138613887,0.248218659,0.0860926852,0.0764526199,0.184615272,0.288888681,0.121621561,0.0739130708,0.128027611,0.0245613885,0.0372881775,0.0697673974,0.0967742929,0.0366300156,0.0563380459,0.546391605,0.0615384537,0.0380623016,0.0395833376,0.113445423,0.0982142613,0.112403064,0.105555581,0.193182149,0.158075534,0.0359712601,0.0496894939,0.319808602,0.0564102544,0.0784313361,0.104395523,0.0688258676,0.188311959,0.0573951698,0.0655022341,0.0338164441,0.0243902507,0.114583406,0.0610859428,0.043763687,0.453580806,0.0294840068,0.118226649,0.029032289,0.0526316211,0.478134374,0.128,0.118918965,0.0515969995,0.0418604676,0.28440379,0.0338164278,0.0622222004,0.296791109,0.152727206
0.054,0.261235829,0.161167651,0.0969388285,0.0571427651,0.0506756993,0.394736763,0.0352422911,0.0295698838,0.0210210258,0.187134531,0.0811687668,0.204761873,0.0723982096,0.0720720178,0.0129869961,0.101190525,0.0451613186,0.0565110283,0.268656612,0.0582192214,0.26913849,0.0569800089,0.0294117618,0.112947775,0.0893371357,0.0933014873,0.109243705,0.0693333259,0.0496894914,0.045248894,0.43627432,0.0507614254,0.0931373303,0.0682926568,0.0924856055,0.232057077,0.106145267,0.0317002533,0.0290908963,0.11659194,0.048543689,0.106060591,0.0576368635,0.354085364,0.134615509,0.266884803,0.084848452,0.062686505,0.194139175,0.302919686,0.12328772,0.0689654986,0.134099704,0.0268456075,0.0403225588,0.0761904237,0.121951204,0.0383274878,0.0643777013,0.585677836,0.0606060409,0.0394736721,0.0280172161,0.122529739,0.103448297,0.126530609,0.105670157,0.203703659,0.147910024,0.0270270216,0.0584415366,0.281464614,0.04,0.0801281479,0.0943952478,0.0717131136,0.18777303,0.0543933245,0.0686695747,0.0324073964,0.0228571211,0.113513466,0.0561330225,0.0374220059,0.428969644,0.0298850955,0.128865993,0.025640999,0.0551470757,0.470674491,0.13953492,0.165775407,0.0416665817,0.0387930673,0.274038027,0.0285714071,0.0590908704,0.318652812,0.151515339
0.0663082165,0.266318579,0.163366423,0.10972563,0.0675675331,0.0431893521,0.387341504,0.0307377068,0.0335051768,0.0297619027,0.213483203,0.0830671583,0.211267229,0.0641025094,0.0860656034,0.0124481384,0.101063805,0.039513654,0.0581114344,0.30000027,0.060402637,0.263341139,0.0512820338,0.0288888608,0.126684643,0.0771428253,0.0878048088,0.11307913,0.0742574307,0.0489297186,0.0493272932,0.452425525,0.0598958666,0.0861244099,0.0894736125,0.0735294347,0.245391919,0.09999997,0.0372492855,0.0168349983,0.103594145,0.04,0.097014976,0.0677507292,0.390476265,0.133333363,0.271630059,0.115151447,0.0571428206,0.219512527,0.317151679,0.126760564,0.049549495,0.0984847445,0.0273037696,0.041074336,0.0765550637,0.11392409,0.0334448067,0.054054023,0.644391781,0.0537634082,0.0298013321,0.0147058776,0.119402919,0.0823529786,0.123015812,0.111386157,0.230555369,0.125382242,0.0307692042,0.0519480332,0.25881036,0.050761383,0.0710058944,0.0909091855,0.0642570073,0.178723247,0.0530452205,0.0909090073,0.053097394,0.0245746707,0.123655962,0.06048391,0.0313111634,0.434286122,0.0431034726,0.142131903,0.0264550087,0.0496183021,0.460114186,0.164705962,0.187191639,0.0381526269,0.0404857988,0.258372998,0.024943276,0.0568720741,0.339901906,0.174603027
0.0770548369,0.270833478,0.168765629,0.109489082,0.06060607,0.0258620473,0.392059531,0.0352504425,0.0374065241,0.0306407452,0.234940036,0.0861538373,0.206422132,0.0493827005,0.099999911,0.0139442001,0.102040732,0.0385756792,0.0655339657,0.245614375,0.0690789238,0.256292544,0.0505050407,0.0317796481,0.1425,0.0704225,0.0618557612,0.120320858,0.0748129591,0.0682492377,0.0431372713,0.482472163,0.0600522738,0.0639269411,0.117021253,0.0864198449,0.237875558,0.10344836,0.0377358845,0.016025638,0.0989899169,0.0327102876,0.10071941,0.066496112,0.417910248,0.101827596,0.266113768,0.112994412,0.050531827,0.241722118,0.30743256,0.137339073,0.0316742237,0.0839694681,0.0314465078,0.0414110379,0.0660793373,0.133047315,0.0384615192,0.0646258522,0.685483909,0.0578947435,0.0439189251,0.0205761519,0.106896545,0.0760870076,0.134387297,0.109263663,0.222519733,0.108504393,0.0294117882,0.0567376,0.253699778,0.0402010343,0.0687678614,0.087248234,0.0826771861,0.165939158,0.0474382453,0.0930231591,0.0472103574,0.0236363429,0.128205064,0.0529411462,0.0249520335,0.452978125,0.0430327409,0.132352839,0.025,0.0337079274,0.439058247,0.150000111,0.236452909,0.0309478128,0.060150382,0.256756913,0.031645497,0.0555555239,0.379310366,0.173584886
0.0874999563,0.275,0.198966416,0.0997625049,0.0573770152,0.04166673,0.410757752,0.0333889866,0.0349649997,0.0417827858,0.228915863,0.0923076469,0.213636337,0.0485829733,0.141221455,0.0140280634,0.106145243,0.042735014,0.0629370094,0.192982684,0.0605096094,0.254504772,0.0423528944,0.0303030158,0.15136469,0.0688704876,0.0641711237,0.109725794,0.0707317309,0.0735294115,0.037453185,0.497349975,0.0527703958,0.0660793478,0.139534921,0.0851063745,0.236725514,0.0810809978,0.0308482886,0.0177514839,0.090019567,0.0353981766,0.104166576,0.0598086041,0.49395467,0.101990089,0.269840877,0.124352238,0.0383631807,0.23364504,0.323899621,0.148148156,0.025531922,0.0722432735,0.0361445922,0.0473372877,0.0684931856,0.145374549,0.0419161682,0.0637583326,0.717525345,0.0603015143,0.0489510481,0.0295358632,0.117283928,0.0681818339,0.11475416,0.0948275547,0.213740467,0.0932202771,0.0257142741,0.0615384505,0.247637055,0.07,0.0670241071,0.095238059,0.0977444,0.152542461,0.0457037737,0.0875576233,0.0416667208,0.0212389304,0.128712845,0.0628465837,0.023346326,0.475409734,0.04,0.129464315,0.0221129996,0.0319149096,0.446291478,0.165354416,0.246445294,0.0302457636,0.0559440323,0.256097863,0.0253905984,0.0638298032,0.414225641,0.200000394
0.0953078785,0.274314006,0.185792767,0.102803769,0.0557768576,0.0347394687,0.437500028,0.0338461874,0.0345622224,0.0580475261,0.225609724,0.114197493,0.204348274,0.0530303285,0.176678485,0.0193798084,0.101694975,0.0334262113,0.0638297923,0.214285479,0.0685358588,0.26785736,0.0365591829,0.0359281215,0.163636281,0.0744680531,0.0702702242,0.102974793,0.0722891466,0.080691636,0.0319148968,0.511884457,0.0470913947,0.0611353924,0.166666743,0.0996563741,0.210856251,0.0761903872,0.023316036,0.016713098,0.0931559498,0.0384614904,0.0972221478,0.0677569863,0.525974329,0.0839243147,0.261674429,0.133027613,0.0421545625,0.230994145,0.321656135,0.176954787,0.0192307429,0.0559701835,0.0457143101,0.0464788639,0.0478261243,0.141592861,0.0395480192,0.061538484,0.733918488,0.0542986138,0.0594059299,0.0252100906,0.117283961,0.0703812711,0.125505977,0.0946236468,0.213758994,0.102902344,0.0299727973,0.0884955418,0.246902627,0.0885417986,0.0723192645,0.099631031,0.0992063025,0.17241396,0.0472854061,0.0887850747,0.0438246778,0.022648085,0.125628366,0.0650558363,0.0262626016,0.484320594,0.0390143821,0.1377778,0.0289156707,0.0253623163,0.462405907,0.188235304,0.271028239,0.02636535,0.0562914549,0.244444498,0.0247618863,0.0913977999,0.429629431,0.212328632
0.0927693836,0.260651991,0.207650464,0.106430204,0.077551062,0.0385487516,0.449172219,0.02886,0.0342466069,0.0653266058,0.213018132,0.140983659,0.201646317,0.0609318777,0.203761525,0.0203703531,0.101694929,0.0307262975,0.0677200768,0.204081939,0.0614035443,0.250513058,0.0265306309,0.0422265348,0.178217971,0.0853079626,0.0842106103,0.0855950622,0.0915662927,0.0816901163,0.029702962,0.511570555,0.0561798293,0.06224066,0.195530655,0.106382869,0.206175157,0.064,0.0241935264,0.0240963957,0.0873606614,0.0321285122,0.0903225006,0.0643678339,0.569875666,0.0782711196,0.262084409,0.138075355,0.0350877065,0.240579678,0.351032414,0.200803258,0.0218181554,0.0419580275,0.0529100549,0.0474137053,0.0510638757,0.140969139,0.0379404167,0.0560223968,0.764758228,0.0509259106,0.0451613186,0.0326530393,0.114114106,0.073298378,0.124498045,0.0897703078,0.193853748,0.0695876251,0.0264549971,0.099999984,0.246317351,0.133333227,0.0683961765,0.112840466,0.122137507,0.203463215,0.0586264393,0.0966184071,0.037542688,0.0222984733,0.106481604,0.0683452861,0.0245901664,0.487179503,0.0421052511,0.142222163,0.0296296523,0.0181159417,0.505895981,0.190476246,0.308457666,0.026465058,0.0588234982,0.220930212,0.0238971041,0.111111042,0.452380841,0.238709317
0.0953019981,0.246851839,0.201087266,0.0878378086,0.0699589178,0.0328227389,0.471563845,0.0256410382,0.0356347375,0.0729926539,0.220430175,0.174312,0.177865329,0.0659721989,0.213889134,0.0221811746,0.0914286594,0.0287206388,0.0581896569,0.2978728,0.0612813632,0.256310939,0.0207509844,0.0536044041,0.204030026,0.0944205685,0.0909090955,0.0823528576,0.0862068283,0.0936639181,0.0325732915,0.510924633,0.050295872,0.0886075372,0.205263063,0.136231936,0.189036228,0.050179213,0.0161725258,0.0313901062,0.0690846928,0.0321284923,0.113924055,0.0723980466,0.590975609,0.0699999686,0.264456668,0.138059731,0.0299145244,0.22972958,0.35812636,0.221311602,0.0271186506,0.0451388519,0.0442260091,0.0450071056,0.047210305,0.144796436,0.0423280479,0.0493506179,0.784033916,0.0546218203,0.0426229768,0.0226414857,0.104225352,0.0671462458,0.123015788,0.0947368959,0.19764734,0.0662100588,0.0389294251,0.113402266,0.245788659,0.137755183,0.0796459543,0.115384498,0.113475189,0.197368451,0.0617089274,0.0985221491,0.0348101229,0.0197693719,0.101522893,0.0770641592,0.0408163092,0.479400653,0.0363247464,0.127272683,0.0305343505,0.0106383032,0.551876247,0.170818499,0.347368251,0.029982396,0.0529595397,0.210331642,0.0216216137,0.122092958,0.446745798,0.267516044
0.0932515132,0.23114363,0.21259845,0.0837003942,0.10212775,0.0314342342,0.515662645,0.0176544775,0.0291576809,0.0793838448,0.226804175,0.207715014,0.163497862,0.0606060088,0.221945042,0.0218978468,0.103658497,0.0248756184,0.0759219579,0.326087096,0.0542857188,0.241682974,0.0219047401,0.0539032758,0.213197951,0.102459008,0.117346988,0.0671640885,0.0891089275,0.0925925996,0.025806451,0.496805187,0.0368097614,0.0840335866,0.235751168,0.157303663,0.15999974,0.0385852143,0.0161725195,0.0417536466,0.0619967741,0.031872508,0.111111089,0.0863930868,0.589385511,0.0679917942,0.259831138,0.143859689,0.0248446975,0.223404287,0.345646269,0.226720597,0.0288461622,0.0297029828,0.059101667,0.049928703,0.0367346737,0.133640467,0.0392157043,0.0522388098,0.786042846,0.064,0.0528052768,0.0340136095,0.101123618,0.0653594804,0.115702459,0.0944798575,0.188544052,0.0653152863,0.0509977994,0.118279653,0.252433825,0.154228923,0.07419353,0.118421022,0.1309089,0.214285671,0.0650154701,0.113744043,0.0486322117,0.017944528,0.110576962,0.0741444222,0.0525291869,0.474453075,0.0335429754,0.127192906,0.0307486778,0.0103092973,0.565761575,0.191919086,0.390374331,0.0338164666,0.0455926585,0.179054205,0.0190311133,0.147727248,0.442253323,0.293604531
0.0854092856,0.21875,0.20551346,0.0760869801,0.116,0.0293039997,0.535147473,0.0162094807,0.0249999882,0.0886918451,0.228856086,0.238888881,0.157534241,0.0578230661,0.263403021,0.0255972362,0.112425932,0.0273348189,0.0932203641,0.367346663,0.0487106178,0.266283854,0.0222025057,0.0612245157,0.202564041,0.10311294,0.130890105,0.0622837668,0.084158479,0.0829144868,0.0342678854,0.462365869,0.040625,0.107437966,0.235148679,0.170666947,0.158163523,0.0421687004,0.0161725132,0.0474308433,0.0582297591,0.0367646974,0.107692348,0.104384021,0.605474058,0.0585215287,0.278779457,0.146496845,0.0258449064,0.211734493,0.330048931,0.24796716,0.0289854899,0.0354839011,0.0560747658,0.0577200083,0.0276679897,0.139534973,0.0373134185,0.0559439983,0.786343445,0.0636704264,0.0422077668,0.0296052409,0.0902964039,0.0589430388,0.12446345,0.0971615871,0.194508164,0.0587002588,0.0517241628,0.113636202,0.260050182,0.164102563,0.0852630959,0.120535655,0.132867205,0.204255162,0.0655737998,0.123222733,0.0326409561,0.0183028122,0.113207422,0.074,0.057803486,0.466442982,0.0258449228,0.11981571,0.0324858819,0.0171821478,0.598196547,0.192546676,0.415730467,0.0337422917,0.0487805161,0.173333171,0.0220339393,0.161110884,0.430730276,0.306451705
0.0712695007,0.226439677,0.213367676,0.0559140466,0.117647025,0.0245098224,0.572033673,0.00969695884,0.0231578837,0.087982787,0.240196244,0.255434676,0.153333083,0.0660066046,0.297644661,0.0231023583,0.121212091,0.0259179237,0.0966385839,0.396226377,0.0422534958,0.267161769,0.0214041222,0.0666666053,0.17654331,0.100538587,0.134020732,0.0561224121,0.083731934,0.0732265341,0.0382165418,0.450643826,0.0465115823,0.114624534,0.257991005,0.181818042,0.147404009,0.0498614994,0.025139698,0.0544089059,0.055970175,0.0428571579,0.0994764,0.11885244,0.613195348,0.0606060055,0.273859151,0.165680457,0.0255402936,0.210594625,0.34042541,0.228571639,0.0268096822,0.0320512978,0.0572687385,0.0633802278,0.0474308419,0.124999909,0.0431654332,0.0426965804,0.790204328,0.065068573,0.03647414,0.02461537,0.0882352629,0.0536673359,0.162995698,0.100451464,0.183673148,0.0534653957,0.043737513,0.122449027,0.263408734,0.177083252,0.0851703287,0.111587959,0.122866924,0.201550635,0.0691642759,0.135678579,0.0271738829,0.020000002,0.119266137,0.0700389347,0.0660550338,0.47713435,0.022177376,0.103286338,0.0414285442,0.0198675711,0.623339881,0.219402959,0.420454346,0.0371517011,0.0426829354,0.193037706,0.0167504023,0.174358983,0.443645164,0.344647395
0.0645513581,0.235211153,0.243902547,0.0469083908,0.1291514,0.0193452767,0.574597178,0.00848484204,0.0127932041,0.0890268745,0.237442839,0.282828019,0.143332991,0.0658682543,0.310638517,0.0206022325,0.109826633,0.0222671829,0.111226556,0.557692354,0.0330578559,0.271139502,0.0212264141,0.071698095,0.17574272,0.1099476,0.146226214,0.0544218124,0.0843373383,0.0582959316,0.0476190186,0.446207584,0.0375,0.122137462,0.256048274,0.215083732,0.135451529,0.0408654386,0.0212201498,0.0585106059,0.0497117821,0.0430107695,0.0864864753,0.128772402,0.60754721,0.0538922499,0.287277833,0.191056549,0.0213144043,0.208860426,0.328054117,0.200000256,0.0287769692,0.0429042769,0.0688889634,0.0707350539,0.0524193496,0.121848659,0.0442260191,0.0496894015,0.801398283,0.0694444417,0.0470914062,0.0267062405,0.0803357423,0.0543292815,0.179487327,0.101219474,0.165532593,0.0517559979,0.040219369,0.159574452,0.260171144,0.179104445,0.090263691,0.114832727,0.112956848,0.183098774,0.0635593113,0.14975836,0.0298507273,0.0236087694,0.117117004,0.0500000035,0.0776173221,0.473451447,0.0250000062,0.125,0.0440341009,0.0185758624,0.661290175,0.201058246,0.421965584,0.0278592483,0.0335365585,0.179487341,0.0198020131,0.197247423,0.450800725,0.380951916
0.0628998195,0.262463339,0.258992925,0.0497835339,0.144694502,0.0154929546,0.570039163,0.00467836201,0.0145228297,0.0988141862,0.236051553,0.27480917,0.122186442,0.067605573,0.333333113,0.0186915743,0.103825084,0.0160642533,0.113107722,0.576922885,0.0318302247,0.255834958,0.0193164729,0.0730550646,0.159142068,0.119547686,0.132743172,0.0512819846,0.0738094982,0.0449679064,0.0548387384,0.435999854,0.0318470745,0.134057969,0.2500001,0.226607839,0.117073151,0.0370370011,0.0234375335,0.0635739343,0.052739734,0.0312499663,0.0789473026,0.133333375,0.626214094,0.05020919,0.278078638,0.167098331,0.018394644,0.213555086,0.337719278,0.15953312,0.0220750935,0.0590163659,0.0741525919,0.0796222008,0.052,0.116279003,0.0413792938,0.0486890996,0.791551136,0.0804195244,0.0373333339,0.0245232078,0.0729664785,0.0515624742,0.184549311,0.110714272,0.165532902,0.0620567438,0.0513274313,0.183908308,0.247035847,0.158974396,0.0715705013,0.114583339,0.0895061693,0.217544123,0.065982429,0.154639106,0.0283688459,0.0258481497,0.111111003,0.0408560657,0.0862068284,0.485897245,0.0345454459,0.115384593,0.0405028355,0.0232558095,0.709586558,0.191142141,0.411764629,0.0273223814,0.0271084706,0.164706086,0.0323624167,0.209401694,0.478991759,0.395784968
0.0653526095,0.28220866,0.254716784,0.0503281989,0.173652525,0.0169491332,0.581005738,0.0023838001,0.0127659574,0.0990291671,0.240963441,0.270334941,0.121311498,0.0760310195,0.337686356,0.0203125,0.0883977359,0.0157791307,0.107802779,0.527272042,0.0329670187,0.269713134,0.0198019953,0.0912408454,0.162100573,0.126562587,0.161016955,0.0489864886,0.0700934671,0.0425963787,0.0485437096,0.41290716,0.0345911628,0.137704891,0.272541031,0.261429008,0.114617916,0.0304347393,0.0271605121,0.0646258033,0.0568654386,0.032894699,0.066666656,0.144194713,0.63636375,0.0444915438,0.271628305,0.183046908,0.0142180152,0.234848588,0.31991527,0.144404361,0.0189873151,0.0496894706,0.0875764053,0.0839794126,0.0530612214,0.104868919,0.0385487989,0.0507881257,0.799071629,0.0808080168,0.0390243731,0.0179487032,0.0784091212,0.0529061131,0.217021511,0.112171824,0.160439702,0.0554621144,0.0579469639,0.1935485,0.236697038,0.12565445,0.0635245943,0.12244896,0.068656723,0.19677375,0.0730993895,0.181818028,0.0306345458,0.0246305775,0.105263239,0.0457142741,0.103146868,0.47459614,0.0348432682,0.0972222125,0.036486464,0.02791877,0.721388437,0.191268143,0.409326261,0.0231065495,0.0269460663,0.146974276,0.0288,0.208,0.499014065,0.441244422
0.07135784,0.319047787,0.263658232,0.0443458884,0.200565044,0.0137328312,0.596744521,0.00118342927,0.019148948,0.0909090055,0.244979455,0.274698679,0.0968750484,0.079775276,0.346580936,0.0198170767,0.0883977094,0.0149532779,0.0972222631,0.543859719,0.033426223,0.286689189,0.021080357,0.0941175699,0.153527013,0.127753327,0.149606247,0.0422764301,0.0676856045,0.0444874622,0.0546623318,0.407755459,0.0327381214,0.140625,0.298039165,0.280172758,0.107925754,0.0292887015,0.0268456468,0.0673234647,0.0597826947,0.0283911468,0.06,0.145051277,0.634894218,0.0497835285,0.255966168,0.199275416,0.0142856943,0.238916662,0.306889495,0.105172385,0.0179640812,0.0466472409,0.0907258382,0.085714182,0.052,0.121428633,0.0412147918,0.0579216959,0.80577981,0.089743616,0.0322580419,0.017948705,0.0889370749,0.0553097635,0.230159159,0.122352951,0.150684873,0.066350676,0.0628018836,0.19999988,0.23110712,0.147783216,0.0676229021,0.121052591,0.0652819231,0.19879532,0.0780559467,0.196532023,0.029350135,0.0256,0.1186442,0.0391061685,0.109612187,0.490301285,0.0350584053,0.097222155,0.0516795814,0.03375,0.760949238,0.181467146,0.393203829,0.0232273663,0.0368097793,0.135734065,0.0303030618,0.205985632,0.482472546,0.445147907
0.0697115293,0.342532796,0.271263976,0.0377777519,0.220159131,0.0181378563,0.589743521,0.00342075239,0.0208333046,0.104129217,0.223529717,0.280742281,0.0887574427,0.0812236038,0.37541753,0.0216383909,0.085714316,0.0141342449,0.0739299589,0.543859711,0.0268817065,0.289007216,0.0198939,0.0841424109,0.192079421,0.140740771,0.159362587,0.040944873,0.0685225157,0.037313371,0.0495356568,0.41507341,0.0316091561,0.148809501,0.305454589,0.265217099,0.0981386617,0.0256916677,0.0300429023,0.0702028039,0.0626740574,0.0234603988,0.0528845983,0.150973943,0.655228459,0.0551876121,0.249132757,0.220000068,0.0183486064,0.25243922,0.308667951,0.0893470834,0.0195312067,0.038674005,0.0896414463,0.0861634181,0.0520445414,0.119718281,0.0548523208,0.0559210411,0.797900459,0.108108173,0.0359407253,0.0190735712,0.0845069217,0.0486968787,0.227451137,0.116173145,0.129670599,0.0635400975,0.0737833841,0.2222225,0.232597565,0.136150278,0.0580912418,0.123076971,0.0523255868,0.183098192,0.0796324747,0.202453708,0.0252427216,0.0285015997,0.113122122,0.0381944138,0.120717796,0.481037837,0.04333867,0.0865384194,0.0542452812,0.0368663833,0.790351049,0.184070683,0.372197441,0.0232287879,0.0376811538,0.132791232,0.0361635558,0.209999713,0.47623216,0.439834229
0.0665158365,0.377272451,0.286830423,0.0446428121,0.231343394,0.0169491283,0.593548786,0.00425531966,0.0185950743,0.113207469,0.213438685,0.302158373,0.0788732118,0.0801105265,0.385714603,0.0215716291,0.0852272733,0.0110935194,0.0612244643,0.516129413,0.033333325,0.289982417,0.0178571357,0.0718654823,0.202924988,0.136812297,0.169291381,0.0432766597,0.0647181776,0.0276752892,0.0330330154,0.42659561,0.0315186265,0.167159767,0.295532746,0.264534626,0.104273593,0.0253164747,0.0324544004,0.0829562658,0.0773557897,0.0195531063,0.0710900135,0.139465728,0.675080101,0.0558139595,0.228428795,0.233545755,0.0189504656,0.276569847,0.30283202,0.0822784232,0.0205223634,0.0253164886,0.100767812,0.0820169944,0.0514705355,0.122641538,0.0619835211,0.0675883576,0.797680454,0.105960321,0.0388349656,0.0185185194,0.0722433453,0.0475234757,0.223529745,0.112128124,0.115973696,0.0691176748,0.0692542135,0.241758242,0.217788882,0.123222834,0.0556768278,0.12,0.0468750083,0.183333648,0.0886469904,0.234567731,0.0261193785,0.0252442873,0.105769161,0.0460526489,0.131362864,0.476635777,0.0463679386,0.0801885639,0.0580356945,0.037931008,0.811570116,0.174496565,0.366811995,0.0240174459,0.0360360146,0.139410106,0.0404984217,0.20819674,0.49333368,0.447977054
0.0668425562,0.398529413,0.294180484,0.0477223819,0.211538493,0.0167865546,0.581210596,0.00497512493,0.0135922575,0.124804942,0.18823533,0.306791514,0.060685987,0.0818329072,0.400880889,0.0227617659,0.0670103774,0.0123076849,0.0541957697,0.50000005,0.035,0.274956221,0.0185643433,0.0640835156,0.236013997,0.150203171,0.161825643,0.0477611333,0.0659574338,0.0235507135,0.0364145454,0.437116503,0.0286458462,0.172566304,0.290322652,0.286981894,0.1100164,0.0192982604,0.0330739823,0.0788320902,0.077994354,0.0190735908,0.0897434553,0.143454056,0.678753659,0.066666638,0.228840176,0.250526183,0.0181058796,0.280722945,0.31004352,0.0803571661,0.0182149107,0.0288461809,0.109981458,0.0871344439,0.0404040492,0.100313424,0.0773584192,0.0736842617,0.783125,0.13468014,0.0315398952,0.0226130468,0.0745454469,0.0496774345,0.20740759,0.114967468,0.112798319,0.0769229938,0.0682170166,0.282828283,0.211273315,0.118811914,0.0516877047,0.135714407,0.0330788754,0.191304552,0.101141958,0.258278099,0.0251798118,0.0287356211,0.0935959714,0.0552923294,0.154975833,0.486818488,0.053254414,0.0794393103,0.0601202817,0.0478841493,0.81788599,0.178082177,0.309623514,0.0252365556,0.0445103964,0.129032192,0.0381680031,0.219869843,0.493720722,0.455223642
0.0637642371,0.409910024,0.318380815,0.053648057,0.18944115,0.018137852,0.592679461,0.00838769023,0.0145985577,0.135542045,0.159836006,0.312364558,0.0651628613,0.0796131767,0.409415028,0.027149332,0.0597826409,0.0135951373,0.0444443907,0.454545182,0.0415584109,0.295608164,0.0194647606,0.0664285986,0.272727465,0.163292532,0.136,0.0347322946,0.0732217597,0.0244360976,0.0468749711,0.447937056,0.0247524832,0.200000332,0.288524432,0.272727273,0.100502423,0.0261437851,0.0291262435,0.0867709614,0.0839064283,0.0147058768,0.103053381,0.138157775,0.697936837,0.0695443191,0.226593937,0.2444446,0.0180806571,0.308457869,0.295358459,0.0850439932,0.0162162013,0.0376939985,0.111692845,0.0819014281,0.0402476939,0.0928792946,0.0791367422,0.0786025679,0.778658459,0.140127426,0.0312500059,0.0242130976,0.0761244781,0.0526626589,0.207143023,0.111349024,0.105263172,0.0808917772,0.0703363639,0.292035573,0.210669866,0.143589871,0.0491631853,0.140703848,0.0315534019,0.18934891,0.0990098285,0.25000023,0.0308219343,0.0318792221,0.0776699468,0.0682147743,0.148867527,0.479132456,0.0500715545,0.0721152994,0.0645757255,0.0410525725,0.822504103,0.189306556,0.330578665,0.0296150409,0.048632191,0.122282735,0.0388640202,0.22082005,0.51010842,0.432743232
0.0668403183,0.447289232,0.315618225,0.0562769826,0.179611758,0.0121359006,0.610704327,0.00789473547,0.0155172584,0.131983371,0.113360242,0.308855107,0.0660376295,0.0777934783,0.420372835,0.0354391313,0.048648605,0.0214285446,0.035234843,0.409090664,0.0326975754,0.278606851,0.0196078443,0.0613539789,0.273983953,0.166878578,0.129411704,0.0378150982,0.0695295973,0.0192307838,0.0558252956,0.441120828,0.0190023868,0.197101482,0.271160085,0.283581889,0.114217189,0.0241157507,0.0243902215,0.0882749023,0.0852273428,0.0248868532,0.105263152,0.127741953,0.723546263,0.0771207954,0.228207767,0.257169801,0.018944523,0.33497499,0.276209822,0.102102105,0.0124555158,0.032051258,0.108433806,0.0808250063,0.0366972272,0.0878787613,0.0827814316,0.0880177802,0.784104212,0.1351351,0.0350000198,0.027906955,0.0626057549,0.0469798879,0.207407372,0.103448201,0.107142801,0.0842696766,0.0680787549,0.299145339,0.215656146,0.187500124,0.0476673714,0.129901857,0.0294117541,0.160919613,0.117460251,0.286585543,0.0307691997,0.0367278908,0.109452843,0.0779944843,0.149999913,0.456869506,0.0439560563,0.07441857,0.0715532143,0.0430672536,0.819213629,0.183616251,0.366,0.0314285279,0.04658383,0.112271625,0.0334346697,0.232025679,0.521211978,0.42023016
0.0653456512,0.475574735,0.312499797,0.0561555411,0.186311734,0.0142687103,0.600140148,0.00833333444,0.0191082961,0.135582119,0.102040844,0.312752952,0.0594713346,0.0860367329,0.436798032,0.0268987613,0.0358974221,0.0212164425,0.0289193619,0.424657527,0.0319148715,0.285229487,0.0195838422,0.0585331411,0.28890605,0.161471596,0.103448268,0.0438957445,0.0727650913,0.0266666609,0.0741573678,0.439099828,0.0114942489,0.209912697,0.281154924,0.283699511,0.128912056,0.0211800192,0.0245614496,0.0967947787,0.0817518165,0.0246636639,0.108974351,0.12531334,0.735132894,0.0728899598,0.223880694,0.254496372,0.0167741855,0.338983056,0.285713971,0.110787105,0.0157894952,0.0299145147,0.104514961,0.0971770017,0.0320699452,0.08333324,0.0789889379,0.100433571,0.785297721,0.144044219,0.0278688172,0.0235848969,0.0566038153,0.0400432436,0.210843619,0.0920770337,0.107899806,0.0875604725,0.0655977515,0.325757393,0.225497317,0.223958667,0.0464015744,0.116666608,0.0341463093,0.151428922,0.106803846,0.275280681,0.0276872736,0.0381426153,0.107843055,0.0755208678,0.145765884,0.453968118,0.0388219832,0.0849055738,0.076086948,0.0434782274,0.823572538,0.189228218,0.36274522,0.0345769231,0.0420420329,0.10776941,0.0333838933,0.255663452,0.53834359,0.417993506
0.0621399555,0.484419013,0.322616627,0.0650760028,0.182971002,0.0121506855,0.613195508,0.00780030184,0.0146198888,0.13572345,0.0622568158,0.31544242,0.0734694593,0.0933610335,0.436363763,0.0270270892,0.0402010287,0.0228244918,0.0254872309,0.4000004,0.0320000097,0.280000009,0.0222482369,0.0528986201,0.287969983,0.152933748,0.0971223039,0.0479451537,0.0847108263,0.0232557807,0.0938776081,0.423482676,0.0135134946,0.223880554,0.305388691,0.272727112,0.156294636,0.0221565232,0.0243902366,0.100840252,0.0887097205,0.0283224401,0.113095289,0.133333306,0.753187302,0.0721271264,0.21917206,0.260757381,0.0138713403,0.374082944,0.297048138,0.125714266,0.0159574564,0.02731092,0.125717365,0.102986623,0.0264705979,0.0712328785,0.090116272,0.108888833,0.780798978,0.148052242,0.0252764561,0.0308369775,0.0602409443,0.0383816716,0.199604712,0.0993520072,0.112359614,0.0970237244,0.0644257452,0.328859032,0.227111367,0.224598925,0.0440647742,0.110869543,0.0338164691,0.13031166,0.107798153,0.307692681,0.0297029957,0.0327022411,0.108910911,0.0790754642,0.1375581,0.427701691,0.0353403071,0.0841121564,0.0842027172,0.0427350064,0.82536221,0.190615554,0.39648423,0.0400348729,0.0384615262,0.10368666,0.0353303,0.256493697,0.558958415,0.426242485
0.0586569859,0.519230866,0.309313329,0.0652172983,0.178825727,0.0105139853,0.613582882,0.00957995157,0.0139859971,0.129330206,0.0694979993,0.319520986,0.074,0.0910272818,0.431080923,0.0290519613,0.038647343,0.0213371768,0.0238449874,0.392857182,0.0378787876,0.265100757,0.0214205379,0.0437853091,0.289017302,0.147671616,0.0872727661,0.0551075604,0.0795918171,0.028846166,0.101960822,0.41023419,0.0202127617,0.20114937,0.342465794,0.274853425,0.181697302,0.0228245252,0.0188679526,0.111238577,0.0839752249,0.027896982,0.116279036,0.122424244,0.7713788,0.0724299007,0.226190409,0.262215048,0.0133983149,0.408521574,0.315103977,0.131054099,0.016778498,0.0338982708,0.131372569,0.101642699,0.0242424132,0.066137546,0.0848032951,0.125726704,0.781915163,0.133569744,0.0288753965,0.0266393384,0.0678693334,0.0384226204,0.215953638,0.0948275002,0.110909075,0.0994117641,0.0648147968,0.339285814,0.220344566,0.274724898,0.0449050492,0.109170298,0.0312499944,0.113960215,0.107511013,0.312499889,0.0324674751,0.040133768,0.140845125,0.0865724912,0.11815567,0.430014678,0.0328467554,0.0961537112,0.0840277767,0.0470347468,0.82457362,0.194940803,0.43849224,0.0386230323,0.0461956254,0.117710629,0.0311042038,0.256097413,0.577844313,0.433634949
0.0563763658,0.536585046,0.313769873,0.0748031013,0.172529134,0.0124153636,0.616365722,0.00828156996,0.0107238605,0.126889806,0.0789473842,0.346085303,0.067460308,0.0850801285,0.443708238,0.0322085358,0.0398230136,0.028248551,0.023709887,0.455555972,0.0395062159,0.249152383,0.0186915717,0.0423729181,0.282236684,0.152431785,0.0659340701,0.0502717574,0.0851064796,0.0268199222,0.134751815,0.401414857,0.0209713262,0.209631815,0.343999767,0.298461908,0.199238884,0.0248963256,0.0179152627,0.132369371,0.0851063794,0.0295358362,0.123943625,0.124683571,0.781513075,0.0585683372,0.219676611,0.256508534,0.0169109857,0.434146388,0.31511223,0.138889155,0.0227272932,0.0346319997,0.125537957,0.106105999,0.0209580635,0.0613334059,0.0739795933,0.118479803,0.782901675,0.147392263,0.0263566089,0.0278884247,0.06677802,0.0452310804,0.238181573,0.0963597676,0.116906534,0.0955377653,0.0677540924,0.317918609,0.216309941,0.282486208,0.0390879144,0.135021086,0.0265060411,0.100574791,0.112244839,0.29353189,0.0326086728,0.0410256188,0.155555525,0.0922274083,0.127516711,0.400931046,0.0282021504,0.0881057958,0.0766752263,0.0503282379,0.830532619,0.207153046,0.430232539,0.0422365129,0.0454545536,0.125254643,0.0224358382,0.240469214,0.587828236,0.430322067
0.0601217756,0.536986703,0.299086558,0.0804598036,0.192492036,0.0121681241,0.609693613,0.00925926163,0.01170351,0.12336339,0.0753967666,0.344306101,0.0688975124,0.0804734014,0.437260059,0.0253352896,0.0396476413,0.0321167273,0.017879993,0.526315963,0.0448113234,0.221088611,0.0197628307,0.0363635951,0.270833799,0.153754422,0.0544218265,0.048452234,0.0794392881,0.0319549096,0.148058326,0.398492869,0.0249999902,0.20891362,0.349869954,0.315941992,0.203680828,0.0273972452,0.0191387695,0.129411793,0.0883233108,0.0352697402,0.135211254,0.114097878,0.78999138,0.0494845453,0.214478416,0.275072001,0.0147213026,0.445754522,0.304413784,0.127371328,0.0293210047,0.0304348027,0.114809923,0.113680135,0.0183486181,0.0611702227,0.0765550594,0.124273306,0.782038763,0.141509402,0.0279411794,0.0244821259,0.074162667,0.0510880189,0.235592781,0.0859872377,0.108391609,0.0883748841,0.0695970334,0.341317341,0.211349602,0.284023464,0.0400615988,0.105882313,0.0289156707,0.0894736433,0.0967129649,0.277486711,0.0395738454,0.0373514644,0.168949776,0.106492057,0.131406038,0.394132341,0.0285387734,0.0921052421,0.0813008237,0.0535331888,0.82908844,0.211764445,0.435606126,0.0429425141,0.0367647199,0.133141853,0.0181818289,0.242856907,0.596708092,0.433769855
0.0538181348,0.578512064,0.265446053,0.0824074454,0.20827064,0.0104493125,0.604932246,0.00834939439,0.0123915747,0.117982792,0.0898436596,0.356741303,0.060037543,0.0901826836,0.424133925,0.0209267764,0.0433071429,0.0404312768,0.016928669,0.557521721,0.0426008734,0.210708138,0.0193905685,0.0264255821,0.253223892,0.138856405,0.0440251479,0.0504908081,0.0756097455,0.0309090874,0.142228814,0.394783783,0.0322916413,0.214088319,0.367757938,0.321022596,0.207361822,0.0289093454,0.0220820418,0.127617137,0.0850746262,0.037401552,0.128686298,0.116265855,0.805690762,0.0384615981,0.215296157,0.280868305,0.0138476767,0.467742004,0.31442567,0.12,0.0303030239,0.0259179202,0.121854298,0.110957702,0.0228013054,0.0664893526,0.0800438056,0.120289931,0.789881659,0.14141418,0.0265878116,0.0238532,0.072280179,0.0595877492,0.242474868,0.0943395945,0.113274312,0.0877597384,0.0640871551,0.321637484,0.205645013,0.290123408,0.0459258666,0.0902255639,0.0263788636,0.0938271609,0.101242218,0.2937856,0.0454545773,0.0366056505,0.174672393,0.11244285,0.132226227,0.374999397,0.0279394725,0.100401545,0.0864978946,0.0526315437,0.826972151,0.218983685,0.452205922,0.0432412671,0.0298165133,0.141441541,0.0150501636,0.237057251,0.604861317,0.436893269
0.0564630792,0.607629463,0.247727673,0.0924908551,0.206569462,0.00918367669,0.608324881,0.00861539323,0.0133983003,0.11478424,0.0995671151,0.370576782,0.054964439,0.0788335579,0.42445194,0.0186781443,0.0377358075,0.0441766815,0.0148064095,0.61157045,0.0416666554,0.204362147,0.016143496,0.0176933427,0.248251625,0.14121712,0.0359280882,0.0539418284,0.077803216,0.025782645,0.146423873,0.388889026,0.0395298876,0.222973326,0.385749421,0.31564246,0.195995146,0.0299625396,0.0239616284,0.135700411,0.0811594768,0.0393258537,0.135638184,0.124579147,0.807631024,0.0333333327,0.211101357,0.290075924,0.0143755723,0.485125709,0.306040156,0.120689638,0.0330935599,0.0209205052,0.124183035,0.107894847,0.0202702764,0.0692307449,0.0713541729,0.130747161,0.785906571,0.121818195,0.0265487052,0.0176991041,0.0740203008,0.0625536016,0.259197069,0.104208509,0.120954028,0.0777648532,0.0657596315,0.303371532,0.207174077,0.311188978,0.047619,0.075601422,0.040476154,0.0849056682,0.099547536,0.296703363,0.0422919872,0.0350318682,0.176706782,0.135706336,0.138173337,0.369186073,0.0226244421,0.112727265,0.0824950366,0.0478087342,0.837291737,0.226796331,0.452830024,0.0446553882,0.0285713971,0.146098039,0.011764692,0.226912632,0.611637449,0.44152398
0.0531334918,0.615979705,0.242696566,0.0996343578,0.200276154,0.0106692426,0.577268838,0.00970286091,0.0238095345,0.122950836,0.107981254,0.373148374,0.0511945087,0.0679711529,0.422121911,0.0165746404,0.033457223,0.0457473663,0.0153217508,0.636363609,0.0367505307,0.182965203,0.0119965813,0.0161707527,0.245810411,0.156004497,0.0336134741,0.0553251377,0.069740004,0.0200729953,0.148596995,0.388888718,0.0349576098,0.235064948,0.423766782,0.326923231,0.189338588,0.0292326418,0.0261011245,0.12743282,0.076708546,0.0379061302,0.130102087,0.119275782,0.821371887,0.0229885221,0.205555429,0.301713798,0.0156378537,0.491686498,0.302056374,0.128878201,0.0394922614,0.0251046025,0.128172641,0.107627153,0.0173610847,0.0695876581,0.0741675085,0.120052753,0.779882042,0.115191971,0.0375722402,0.017452007,0.0888290664,0.0703924595,0.261437701,0.101010157,0.117337905,0.0647935695,0.0643616754,0.329786885,0.220947527,0.282312715,0.0451237529,0.0746753191,0.0352941233,0.0907028983,0.100663628,0.331428499,0.0408560214,0.0344827397,0.179166657,0.139508817,0.14514293,0.354212828,0.0289210878,0.107023423,0.088512283,0.0397727114,0.854606046,0.242175955,0.453124727,0.0474727239,0.0234042516,0.153778492,0.0130719042,0.219638194,0.631723953,0.440203432
0.0533423195,0.644472109,0.235789574,0.113392853,0.201799345,0.01297497,0.557796132,0.0109826685,0.0227531395,0.12677859,0.117370849,0.396190753,0.049999977,0.0652390884,0.412376695,0.0142856957,0.0341296842,0.0472154814,0.0166666604,0.666666487,0.0311355253,0.17187509,0.00889247604,0.0173299162,0.244856222,0.164062576,0.0328767168,0.0516303937,0.0688836234,0.0173912976,0.146399133,0.387478916,0.0315904367,0.254617296,0.434511436,0.304582096,0.186690322,0.0267640228,0.0304486897,0.129373846,0.072178504,0.0351758769,0.143552437,0.115783921,0.821157077,0.02290079,0.199568989,0.311254257,0.0152091226,0.49397583,0.295980751,0.116331134,0.0443863833,0.028260829,0.124381216,0.11345864,0.0246479005,0.059139797,0.0698563804,0.119850205,0.780214962,0.10651834,0.043235687,0.0229276895,0.0993864611,0.0745114392,0.275080804,0.094758116,0.123134257,0.0637019396,0.0632652699,0.319371464,0.2280424,0.274999555,0.0387930854,0.0670732055,0.0440835832,0.10322588,0.0925357493,0.375706068,0.0374677273,0.0334302497,0.172691035,0.145336335,0.151581138,0.353773433,0.0262870039,0.113564535,0.094414916,0.0294659041,0.857671714,0.247524974,0.438818572,0.0483321252,0.0207469112,0.154941281,0.00791139881,0.229274363,0.649253323,0.432748233
0.0487097086,0.660353817,0.218437031,0.112173943,0.183622837,0.0118074584,0.537544565,0.0122631073,0.027532995,0.130064854,0.136792361,0.419291246,0.0495356626,0.0644084001,0.386631108,0.0125,0.0315457426,0.0519553579,0.0135135236,0.687074591,0.0329067372,0.154687577,0.00868878758,0.0164634048,0.233009928,0.163391948,0.0280898941,0.0513833823,0.0622009424,0.0135593405,0.14818883,0.391072983,0.0318681184,0.289215373,0.457198151,0.300835976,0.1723354,0.021615482,0.0280899079,0.123502438,0.0697674688,0.0358254918,0.146853084,0.11201622,0.821912386,0.0205278768,0.211754508,0.321637423,0.0139500761,0.478873266,0.291618881,0.103752831,0.0482672922,0.0285087514,0.117046808,0.115723747,0.0409556259,0.0555555444,0.0646167809,0.115151523,0.797084604,0.10843376,0.050000028,0.02499995,0.0985915923,0.0762367878,0.290625,0.0831600167,0.110056908,0.0517449176,0.0618660727,0.294416049,0.234020608,0.279310454,0.0462833692,0.0586420012,0.057324747,0.0941884447,0.0762463473,0.375000192,0.0334128926,0.0306406989,0.156378474,0.139790508,0.161458675,0.348780606,0.0293478017,0.106824907,0.0906457176,0.0299823952,0.859024698,0.246279191,0.464912413,0.0469776153,0.0182926851,0.15499997,0.0108864741,0.243967797,0.674770121,0.438510983
0.0470664031,0.641990247,0.213894164,0.122522497,0.170616069,0.00846739865,0.520745719,0.0115575224,0.0289617733,0.139082998,0.118483354,0.413346612,0.0378214887,0.0638586992,0.388551183,0.0131108988,0.036827129,0.0557894061,0.0152855956,0.73125,0.0292095915,0.148970054,0.00771009622,0.0156431306,0.238426259,0.174430307,0.0249999845,0.0620154851,0.0616114636,0.0205832191,0.131979681,0.394121142,0.0357142868,0.295964397,0.473492154,0.305039644,0.161638258,0.0244989076,0.0220472193,0.118675376,0.0649509582,0.03768122,0.148741407,0.114563057,0.830999763,0.02049184,0.216893189,0.312145339,0.0119381965,0.511727179,0.278390118,0.0957446283,0.0484633592,0.0267856988,0.131760588,0.114576203,0.038327547,0.0396824992,0.0610287269,0.108447467,0.805019416,0.0929264531,0.0535247639,0.0248668002,0.103410456,0.0793461068,0.291139129,0.0787878426,0.100000088,0.049941904,0.0590030211,0.376190057,0.242654483,0.322463921,0.0490463003,0.0534124768,0.0612647279,0.101338408,0.0739209549,0.395721617,0.0291036131,0.0316205608,0.141025531,0.131338726,0.175954717,0.337626204,0.0310559684,0.107042254,0.0899366808,0.0251256437,0.862117355,0.228093011,0.437499802,0.0500320442,0.0211945915,0.143548363,0.015898286,0.231771095,0.698125,0.448612555
0.0360443256,0.621654517,0.222972821,0.125874086,0.155230645,0.00899426298,0.497107395,0.0120812773,0.0281457168,0.137121413,0.108490492,0.39423059,0.0391304718,0.0662911674,0.373971467,0.0101465922,0.0408163212,0.0566228234,0.0155538727,0.777777736,0.0260162675,0.147416691,0.00814814781,0.019841294,0.248914011,0.162959346,0.0238095212,0.0659061958,0.0554216734,0.0186125419,0.132195186,0.406218156,0.0318181936,0.328512683,0.478522747,0.295081753,0.17361878,0.025386283,0.023923476,0.1175689,0.0640423134,0.0344352693,0.14038887,0.109972082,0.834761203,0.0176991175,0.233530253,0.316611053,0.0105750249,0.554878089,0.282023398,0.0955882278,0.0421052955,0.0273972951,0.143015523,0.112716717,0.0357143132,0.0355330326,0.05777053,0.115675786,0.806027887,0.0868421022,0.0546874622,0.0253807424,0.101159089,0.0825132444,0.311037007,0.0631164132,0.110074542,0.0387779433,0.0564435431,0.399082666,0.239141161,0.328946883,0.0509641104,0.0485714297,0.0669216615,0.109489071,0.0758771898,0.412371175,0.0246980673,0.0304568854,0.121951259,0.121022133,0.178394639,0.334526172,0.0277492292,0.099750627,0.0968586504,0.0330033757,0.870370729,0.228498003,0.405982705,0.0503256165,0.0145454531,0.146226422,0.0158729968,0.245125317,0.727810904,0.449901816
0.0305702838,0.631090265,0.213153915,0.130584073,0.141402741,0.00980392443,0.483346697,0.0136462986,0.0291529206,0.158126267,0.114678964,0.387832698,0.0414285766,0.0687022873,0.363636003,0.00959489904,0.0640394102,0.0522088818,0.0120525807,0.811428465,0.0238473976,0.142857567,0.00587371575,0.0179171168,0.257413728,0.170675268,0.0207253765,0.0679012951,0.0486617736,0.014827038,0.130963869,0.402324575,0.0272727495,0.33069267,0.488115235,0.285714423,0.177811596,0.0260869435,0.0235478818,0.118622408,0.062860308,0.033242817,0.139186358,0.105123684,0.833451514,0.017412893,0.245895036,0.305525487,0.0105610592,0.592663833,0.28147403,0.0758546948,0.0472103037,0.0348027822,0.136929405,0.117177996,0.0496454298,0.028235267,0.0575875204,0.116943773,0.807339221,0.0760735724,0.0548302721,0.0252100555,0.0947477034,0.0847583256,0.323023799,0.0662768898,0.109665495,0.0366863949,0.0618254363,0.42857155,0.239960915,0.322981467,0.0561009476,0.0532213194,0.0689013376,0.0994940004,0.0739645436,0.456731193,0.0210810632,0.0291616477,0.11068701,0.109047649,0.181220263,0.340153488,0.0339147188,0.0900243404,0.0999293095,0.0309445491,0.878015212,0.229166886,0.406113526,0.0499718609,0.0227272977,0.139849583,0.019543969,0.251381402,0.726500556,0.449587483
0.0283175941,0.612612886,0.213850431,0.134087308,0.130965621,0.00955415459,0.477726973,0.014957269,0.0345571655,0.162500398,0.109649142,0.385036515,0.0453257514,0.0623946375,0.36231184,0.00819671869,0.0604651279,0.0505050328,0.0115303946,0.850267339,0.0204724247,0.12427746,0.00729926564,0.0196936132,0.277290867,0.18437793,0.0177215361,0.0698795689,0.0494791071,0.0211382321,0.11801539,0.409822645,0.0296804003,0.351043726,0.49919482,0.271232569,0.186312233,0.0254777548,0.0223214664,0.12082989,0.0597652906,0.0365853961,0.141025698,0.10530819,0.825322029,0.0167263984,0.250813027,0.318612124,0.0102498323,0.608974016,0.28593258,0.070230626,0.0375634734,0.0406321169,0.151545329,0.120761492,0.0607142642,0.0179775741,0.0567163814,0.126121645,0.808346275,0.0692394945,0.0580644907,0.0322580503,0.0911405719,0.0835181515,0.344086542,0.0603113094,0.115241639,0.0286069817,0.0562250149,0.420167634,0.248727447,0.327777993,0.0635359498,0.0657535605,0.0633562231,0.104851393,0.058462766,0.461702026,0.0202343383,0.0324826242,0.0905659818,0.110116368,0.178181432,0.3332,0.032567058,0.0724636768,0.104866314,0.0301204703,0.874883735,0.226322309,0.364406878,0.0461379244,0.0217391557,0.141044902,0.0193236796,0.257790008,0.747362955,0.4419524
0.0263297307,0.560126655,0.209912819,0.125401919,0.12458099,0.00878594456,0.459985958,0.0150649466,0.0441988545,0.159167203,0.105932232,0.382866919,0.0507544173,0.0728155407,0.349721527,0.00891089045,0.0569620491,0.0434782567,0.0121107259,0.872340399,0.0197568557,0.114245409,0.00795948096,0.0199778324,0.281055841,0.190134859,0.0213270202,0.0700345167,0.0542005311,0.0206349139,0.103616906,0.400150201,0.0316741585,0.370909251,0.513136701,0.26760558,0.18599499,0.0295616642,0.0218340324,0.123222803,0.0618447876,0.0435865826,0.138,0.110925795,0.834523342,0.0162224902,0.265625196,0.31809359,0.0106516291,0.633443448,0.300688771,0.0533596688,0.0335892367,0.0453563618,0.153623145,0.122191041,0.0543478936,0.02725365,0.0571929708,0.136550301,0.811154275,0.0620321045,0.0471938257,0.0356037343,0.08004055,0.0822390823,0.346428501,0.0660194079,0.124087588,0.0286396392,0.057633944,0.390151695,0.244449138,0.343434376,0.0777479783,0.0465753383,0.0539215773,0.100443143,0.0569721339,0.491870053,0.0189873553,0.0264672029,0.0789473153,0.10933332,0.180749365,0.318424952,0.027777776,0.0599077906,0.107564214,0.0350877049,0.86493994,0.227932461,0.322033639,0.0429493199,0.0197693271,0.131297553,0.0211726158,0.28000008,0.747459694,0.434931354
0.0245273736,0.536132658,0.20412553,0.115447122,0.112314613,0.00802568101,0.458393121,0.0146022064,0.0576306714,0.162188395,0.0978723954,0.364726326,0.0524297268,0.0726698144,0.354413128,0.00855512786,0.0556660317,0.0428015913,0.0139360891,0.867647092,0.0193740699,0.104621309,0.00730460058,0.0234792159,0.283497242,0.192553952,0.0160550664,0.0697412986,0.0688705248,0.0238853619,0.103174588,0.401095566,0.0334821116,0.392617612,0.518608116,0.27659586,0.18871927,0.0252016479,0.0194714788,0.124082207,0.059067321,0.0479951723,0.138339882,0.104048635,0.837209345,0.0168539661,0.275889222,0.319789389,0.0132716504,0.65366945,0.311452627,0.046966747,0.0365510692,0.0471909291,0.15668203,0.122349141,0.0486110986,0.0378947398,0.0637155889,0.139029259,0.811212964,0.0593561603,0.0414129437,0.0355522253,0.0748440918,0.0705923222,0.34962366,0.0793357891,0.129943495,0.0294117812,0.0486815613,0.392307606,0.23717658,0.328502565,0.0871862614,0.0508021859,0.0490045698,0.0979022273,0.0513023055,0.513513518,0.0193877775,0.0327313528,0.0693642508,0.11189429,0.195435544,0.319454106,0.0332068088,0.0525164305,0.116677624,0.0419681515,0.862245044,0.245679436,0.302520605,0.0384976253,0.0192307529,0.144776203,0.0245498887,0.273239346,0.74852633,0.436619563
0.0260955661,0.526975083,0.190475982,0.108386063,0.107638899,0.00969305089,0.447902551,0.0155544378,0.0641711433,0.161114332,0.0897436332,0.356047726,0.049872055,0.0707797506,0.367410906,0.00718778882,0.0541044573,0.0413385719,0.0184804997,0.877934207,0.0204225335,0.09987515,0.00640569585,0.0206521909,0.285552709,0.19429862,0.0205479866,0.0718171759,0.0678465703,0.0272314865,0.101290986,0.410950762,0.0326797418,0.373860504,0.524752651,0.281578593,0.194098303,0.0258373504,0.0159151238,0.129516115,0.0552209284,0.0596222154,0.142328969,0.103312299,0.841728418,0.0156424716,0.275741121,0.326660863,0.0139859976,0.671739117,0.328264644,0.0317756867,0.0341218881,0.0431035194,0.157894661,0.121976351,0.0586319154,0.0470588102,0.0705256522,0.152736237,0.812169614,0.0602294725,0.0378047985,0.0250737858,0.0718750758,0.0731406539,0.365018792,0.0913042699,0.149446414,0.0235849275,0.047179469,0.377952581,0.233455429,0.330143272,0.0932310803,0.0531645831,0.042918467,0.0878746478,0.0464654096,0.536231551,0.0216748727,0.0349099101,0.0821917929,0.117996592,0.1984,0.302300885,0.0351526644,0.052742639,0.133003236,0.0472222315,0.87594025,0.248148136,0.294820903,0.0378485391,0.0162074656,0.164201242,0.0263158126,0.25683099,0.74618313,0.432109082
0.0254074909,0.516160052,0.188425049,0.103787819,0.108235304,0.0102442719,0.458842418,0.0186157409,0.0691489942,0.157134996,0.0749999553,0.341503377,0.0567901225,0.0759637796,0.376997963,0.00738916647,0.0592459529,0.0373831284,0.0179760458,0.909090955,0.0147255812,0.0950506049,0.00561009213,0.0172599884,0.296520395,0.196947637,0.0190274397,0.0673469597,0.0828402183,0.0372023905,0.103377651,0.418096506,0.028571398,0.37963,0.510637796,0.308310983,0.194908631,0.0225352363,0.0233766144,0.127989676,0.0478048133,0.0688689745,0.141818185,0.0939393833,0.843767151,0.0184181928,0.26605499,0.337398372,0.0141004155,0.698894657,0.328755249,0.0271738814,0.0342287435,0.0509803442,0.159931338,0.121884367,0.0454545691,0.0497238049,0.0758064499,0.176245411,0.821958655,0.0626118638,0.0330188631,0.0267458848,0.0554371233,0.0660769033,0.394308622,0.10426921,0.158088692,0.019976509,0.0450450141,0.338582585,0.231683174,0.296803994,0.09875,0.05679018,0.0432356914,0.0879194765,0.042092842,0.578431411,0.0229884838,0.0401691121,0.0789473532,0.133935919,0.194610656,0.299461878,0.0402561295,0.0394191243,0.151681743,0.0491572785,0.873290434,0.266414395,0.26538427,0.0380809164,0.0170278829,0.172155526,0.0252100555,0.27182042,0.746971679,0.437153812
0.0258701443,0.506603963,0.205729353,0.101744267,0.10574721,0.0136217879,0.460453917,0.0196796219,0.0801644099,0.15934659,0.0815450715,0.323671429,0.064634202,0.0763785064,0.376936624,0.00565883804,0.0572450648,0.0348944518,0.0204620385,0.918918961,0.0165605407,0.0968399777,0.00738750626,0.0121681316,0.302690723,0.191034366,0.0180722744,0.0637878908,0.081871397,0.0496349987,0.100414088,0.429144706,0.0213674987,0.389333289,0.504215812,0.341772499,0.190923705,0.0197664219,0.0195121688,0.120962661,0.0414703309,0.0797644668,0.128014958,0.0853658915,0.848891187,0.0181043547,0.254192018,0.350434468,0.0154555005,0.710173914,0.343212743,0.0257732001,0.04523617,0.0569259555,0.163778109,0.121640793,0.0533708442,0.0488215329,0.0764780785,0.19139214,0.826909583,0.0649296794,0.0378006998,0.0338983564,0.0584989405,0.0691210779,0.368421243,0.104580138,0.173585287,0.013636349,0.0420331997,0.335907349,0.229964996,0.269058214,0.105386383,0.0555554961,0.0433017184,0.079605234,0.0461598369,0.606811383,0.0215557829,0.0479520091,0.08684869,0.148133933,0.193965181,0.287450641,0.0418542046,0.0311849966,0.165181453,0.048158588,0.881227731,0.266908061,0.272727335,0.0437940678,0.0141732223,0.172857225,0.0304,0.292906031,0.739555373,0.436794213
0.024356677,0.490385198,0.210429654,0.108815322,0.11135624,0.017073172,0.466174612,0.0196249365,0.085085066,0.1579084,0.0707964699,0.32171134,0.0653711552,0.0726680942,0.379565837,0.00525525425,0.0576922677,0.0362975758,0.0229738295,0.908675744,0.0144927642,0.0912547237,0.00659630983,0.00969827263,0.293155826,0.18638841,0.0211538848,0.0732394148,0.0874635066,0.0489130913,0.101387423,0.430219871,0.0259481147,0.405109563,0.516949188,0.361858168,0.184404862,0.0175438686,0.0195178537,0.119477328,0.0394230788,0.0872092273,0.122164024,0.081489661,0.862051764,0.0189673183,0.248893711,0.345327073,0.0169223071,0.730867236,0.350419873,0.0232172079,0.0444358833,0.0639854009,0.156946856,0.123782094,0.0554089583,0.0520504877,0.0787523086,0.195132619,0.828452041,0.0596365947,0.0306010816,0.0373961064,0.0616438137,0.0748070873,0.33744872,0.108946651,0.185393558,0.0126727885,0.0372786438,0.319838292,0.238112923,0.231481214,0.111422147,0.0543259814,0.0371352837,0.0833332958,0.0481651609,0.651557778,0.0204461029,0.0478048778,0.0883838469,0.153992381,0.197967576,0.280786852,0.0457370915,0.024793422,0.173417844,0.0502091799,0.882378103,0.269805149,0.246323374,0.0471863421,0.0100000063,0.170375615,0.0339805652,0.308823226,0.731770749,0.438962302
0.0225184106,0.485521,0.212103748,0.107969107,0.110223667,0.01605137,0.464523984,0.0206594254,0.0880566534,0.154827637,0.0485436345,0.319935525,0.0695092815,0.0758768873,0.400939792,0.00631135587,0.0483005922,0.0359711941,0.0235940052,0.92410714,0.0186813056,0.0822041004,0.00516462777,0.00989009703,0.280297506,0.180134576,0.0232558291,0.0731489264,0.0765027321,0.0667522373,0.0973262017,0.423232378,0.0244821264,0.413984274,0.506733954,0.395734864,0.183262905,0.0155844064,0.0187224434,0.112492346,0.0383141504,0.102523611,0.112664527,0.0740344096,0.871496497,0.0200803432,0.236524691,0.370668571,0.0157921614,0.740116048,0.367355658,0.0210697142,0.0491982177,0.0705244685,0.145798403,0.123319364,0.050377876,0.0556369384,0.0806451555,0.208010472,0.828561489,0.0596196065,0.0288153948,0.0325318256,0.0736961473,0.0934313456,0.331858313,0.118143446,0.18532111,0.00986841931,0.0402194043,0.305785206,0.245349536,0.189427144,0.102535805,0.0574073881,0.0370371296,0.0862299319,0.0435762242,0.677419674,0.0244786897,0.0482374622,0.0835321618,0.152654373,0.200990158,0.27597165,0.0495575003,0.0222672324,0.182942735,0.0490882696,0.885593192,0.273782878,0.229682141,0.0478152486,0.0146579324,0.185185473,0.0347003217,0.339658255,0.719861193,0.454707219
0.0228482803,0.470645728,0.219731258,0.106459379,0.115224204,0.0167810835,0.464436714,0.018725123,0.10172744,0.162418558,0.0442477841,0.310725278,0.0723606846,0.0721220217,0.407927524,0.00588235815,0.0545774498,0.0442324962,0.0254510558,0.937219759,0.0192307765,0.0924955815,0.00708763216,0.0106269968,0.287360572,0.170691899,0.0191971885,0.0692639989,0.0818414542,0.0656754146,0.102893837,0.411189184,0.0179211381,0.419958506,0.499199046,0.446601554,0.183084358,0.0136752157,0.0165974573,0.102211623,0.0411089818,0.108208995,0.106973171,0.0656498648,0.881293249,0.0195886252,0.230082363,0.370892058,0.0167333085,0.725110402,0.373884652,0.0259740369,0.0562890633,0.0693240993,0.141632678,0.123948694,0.0571428631,0.0663842753,0.0822328995,0.216595965,0.825722082,0.0604472272,0.0262605089,0.0330578771,0.0835240367,0.102815055,0.347825861,0.126547453,0.195501402,0.0116033562,0.0384959536,0.303418518,0.251535123,0.152466286,0.0970874495,0.0650684532,0.0439230412,0.0756358818,0.0471836265,0.678385581,0.0276046125,0.0499554632,0.0856481683,0.161189101,0.210759566,0.263624669,0.0474138003,0.0212314013,0.194106378,0.0502793449,0.884441099,0.25753043,0.220689966,0.0598441354,0.0163398702,0.188481751,0.0394537059,0.347272721,0.729149623,0.460082299
0.0233204943,0.452067803,0.221041133,0.105617921,0.11824664,0.0154559668,0.454081621,0.0205267216,0.0976525143,0.164055242,0.0422535186,0.315868181,0.075030753,0.0668523897,0.415315847,0.00563557069,0.062937012,0.0499139148,0.0279720621,0.933333339,0.0183861046,0.0979815028,0.00819672125,0.00843880886,0.294995208,0.16279052,0.0212071657,0.0692307845,0.0774818392,0.0634547395,0.111448865,0.409956368,0.0186125302,0.443137519,0.510819608,0.490867528,0.178618251,0.0141078966,0.015,0.105729505,0.0386428037,0.124598963,0.108562724,0.064690933,0.888302671,0.0200190746,0.22544327,0.374057117,0.0153624592,0.723280545,0.399353485,0.0201238469,0.0553346423,0.0728155043,0.132848455,0.122716884,0.0594965036,0.0698287572,0.0791026992,0.209437152,0.830692925,0.0620413619,0.0324215088,0.0339213041,0.0935050821,0.109369303,0.338298011,0.125333255,0.206322506,0.0121704037,0.0369393105,0.284360315,0.253824348,0.122270745,0.103448349,0.0695792712,0.0461448323,0.0687830218,0.0489560425,0.675878916,0.0347711233,0.0527659802,0.0756880883,0.164697972,0.209467603,0.260869982,0.0435510925,0.0269662819,0.206809516,0.0484094547,0.88624904,0.262294897,0.182965079,0.0666407578,0.0212418281,0.209150319,0.04347832,0.37765937,0.731319701,0.449300022
0.0221182299,0.437148048,0.223469427,0.104677042,0.119859536,0.0187266474,0.458188102,0.0198799651,0.108892865,0.162610892,0.0416666204,0.306547565,0.0753341453,0.0693000616,0.397356157,0.00718992544,0.0769231385,0.060453401,0.0269112722,0.944444412,0.0252182341,0.0986732378,0.00733048604,0.0113518935,0.290204987,0.157178242,0.0202491868,0.0718210901,0.0760095327,0.0603352422,0.115198403,0.415071749,0.0208667873,0.445732898,0.525372964,0.533049063,0.184014729,0.0131470978,0.0151946967,0.104129796,0.0326492337,0.136120135,0.114114087,0.0659340825,0.894222529,0.0202952056,0.221007212,0.388081219,0.0133210884,0.708704509,0.385107961,0.0191176676,0.0626217242,0.0762052936,0.127131177,0.120174879,0.0696902333,0.0676884288,0.0753186389,0.207637152,0.832123709,0.0664087853,0.0354746407,0.0353403159,0.100109401,0.121227821,0.299568877,0.110526271,0.201680766,0.0145489835,0.0402398339,0.27804833,0.250175666,0.11965809,0.104508092,0.071074305,0.050741102,0.0736841803,0.0548230844,0.661765219,0.0423950978,0.0497170654,0.0835214023,0.154137824,0.200303072,0.252022469,0.0458333638,0.0287081049,0.213636399,0.0393811484,0.883445961,0.279233173,0.206421724,0.0718115727,0.0258899402,0.217623429,0.0421686607,0.394648755,0.718484606,0.457594923
0.0217209533,0.452043024,0.214566825,0.11184205,0.120535635,0.0206794101,0.454203105,0.0196330315,0.121874937,0.167898353,0.0480349341,0.295754033,0.0817957563,0.0745762761,0.390472313,0.00822079219,0.0833332958,0.0609441419,0.0311004287,0.950177904,0.0279114485,0.102941202,0.0071727506,0.0142276446,0.291757547,0.154317249,0.0197568868,0.0718517563,0.078886334,0.0569280318,0.123701551,0.415197777,0.0217729354,0.44734573,0.541428481,0.544117702,0.182221101,0.0113636395,0.0140055837,0.113542281,0.0344827625,0.136314941,0.127941233,0.0604651333,0.902535363,0.0213523285,0.220265932,0.388888961,0.0119870911,0.69494732,0.374607072,0.0171674243,0.0660679536,0.0772114232,0.125173835,0.119872745,0.0732758417,0.0665054313,0.0792303321,0.203674758,0.844647433,0.0666666825,0.0412465513,0.0327868851,0.099240801,0.119859515,0.276639369,0.100518795,0.229132518,0.0144274321,0.0463743735,0.23529396,0.244746852,0.129166637,0.106275449,0.0745342873,0.0524323942,0.0741721225,0.0581551074,0.653206484,0.0482493474,0.0502373191,0.0892856927,0.160252912,0.197444694,0.236545782,0.0444444831,0.0251889078,0.222653997,0.0428176713,0.876986555,0.279876957,0.20501489,0.0760703131,0.0269360556,0.217447729,0.054363439,0.409461699,0.71509398,0.461135055
0.0222772098,0.451530661,0.211832235,0.121564659,0.113372057,0.020260493,0.465915758,0.0198663686,0.127059839,0.175454727,0.0425531979,0.280291852,0.0792452682,0.0793172862,0.396652225,0.0073947664,0.087227416,0.0720339554,0.0294627173,0.95563137,0.0286482173,0.112141659,0.00650887707,0.0166015557,0.29289298,0.153868408,0.0176991281,0.0724841225,0.0732265552,0.0543032481,0.122171936,0.429309859,0.0212442989,0.448547631,0.530239124,0.559921314,0.177066088,0.0134493686,0.0134508406,0.117528744,0.0382513781,0.139559425,0.140845029,0.0590834446,0.906741992,0.0168208586,0.223007769,0.406355565,0.0133928683,0.695255592,0.374223265,0.0159362483,0.0650793865,0.086988313,0.131595753,0.122076928,0.0761317652,0.0615199248,0.0843308054,0.208081246,0.845245674,0.0707006714,0.0394172662,0.0293040144,0.110355682,0.126459152,0.282157903,0.0936329588,0.222951197,0.0134453721,0.0548386845,0.225,0.240791127,0.1631799,0.104251005,0.0839580328,0.0514781675,0.0718710717,0.0599226532,0.623853772,0.049913917,0.0555121623,0.0842104859,0.155633037,0.187936865,0.22853587,0.0504201553,0.03125002,0.228387745,0.0424076731,0.871936262,0.287878355,0.213432842,0.0825653912,0.0326460117,0.217362661,0.06233063,0.432176706,0.713709716,0.458477642
0.0231167982,0.435457773,0.196803191,0.121848519,0.112044817,0.0205236975,0.46179176,0.0219686906,0.137117,0.183065136,0.0329218344,0.272602566,0.0767295408,0.085603139,0.381954547,0.00791854715,0.0896860243,0.0759336348,0.0305216893,0.963210742,0.0326180484,0.117124386,0.00642899757,0.0176580193,0.296109244,0.152348356,0.0188133408,0.0697439591,0.0795455553,0.058648134,0.133448878,0.424964933,0.0263929742,0.454619168,0.533512465,0.586998486,0.18732914,0.0157853092,0.0125977379,0.108078081,0.0429447351,0.145143769,0.149110735,0.0611020599,0.916273593,0.0169354855,0.22410487,0.425066653,0.0119504841,0.701087128,0.377036595,0.0175,0.0661208677,0.0869253052,0.12288639,0.124711338,0.0643862697,0.0665873806,0.0839014149,0.200218401,0.849745904,0.0807926786,0.0406976849,0.0321429087,0.119775727,0.13034197,0.3,0.0833334217,0.223509836,0.0135027853,0.0585405427,0.213930222,0.241930135,0.175965689,0.100985175,0.0815709329,0.05815107,0.0750293508,0.0679314503,0.636166014,0.0551181039,0.0543639157,0.0875486272,0.157627389,0.180669541,0.227386945,0.0620767404,0.0396825201,0.239851311,0.0398406528,0.86303453,0.287802597,0.222701396,0.0876232816,0.0418848251,0.21679728,0.0682381341,0.456385798,0.700719318,0.455273169
0.0234951964,0.442595993,0.190000146,0.131237077,0.11121233,0.0233035983,0.452702234,0.0232245127,0.144910905,0.19014706,0.041501958,0.269028892,0.0668380572,0.0898533878,0.390548694,0.0083287033,0.106796141,0.0798721977,0.0293797415,0.96875,0.032151649,0.120207715,0.00581394959,0.0207207256,0.301886704,0.153678417,0.0184658647,0.0689654497,0.0846324818,0.0627973424,0.136094652,0.428443851,0.0318378795,0.443846423,0.537111716,0.628326848,0.176238462,0.0127287157,0.0139220465,0.112486323,0.0418802896,0.157279821,0.151595762,0.0592592225,0.917537736,0.0185758558,0.230238352,0.427674711,0.0116521022,0.70319396,0.378368254,0.01560624,0.0706907995,0.0888737982,0.118110286,0.124797136,0.0540540305,0.0595947867,0.0862506552,0.192060061,0.856336274,0.0892638148,0.0361816646,0.0323699222,0.134478882,0.120146211,0.271062007,0.0646501336,0.231419074,0.0151860226,0.0702416965,0.195,0.24239496,0.195488722,0.102071046,0.0835819565,0.0594202997,0.0826542566,0.0698830604,0.608051107,0.0572183633,0.0652807654,0.0871212392,0.158703726,0.166960974,0.225060987,0.068875751,0.0320000085,0.231236242,0.0384615554,0.854690935,0.298223435,0.223900809,0.0951439692,0.0472726864,0.229028446,0.0747127767,0.450155571,0.688321091,0.459549768
0.0243716925,0.453858874,0.187041804,0.139210252,0.105924539,0.0227272542,0.44281725,0.0218375895,0.148495891,0.200241767,0.0485231838,0.26370273,0.059796416,0.0914808796,0.388699723,0.00651113075,0.104359247,0.0903048532,0.0339882509,0.967065899,0.0337255142,0.1176,0.00518732582,0.0172711626,0.315582724,0.163960255,0.0162821901,0.0732522652,0.10583162,0.0755064006,0.144230674,0.437167016,0.0336749734,0.441954482,0.554821598,0.626194696,0.182996579,0.0106122331,0.0145848881,0.116167132,0.047986282,0.154915896,0.140722338,0.0615264353,0.921142777,0.0227773703,0.232688611,0.436258552,0.00828617601,0.690159592,0.382917972,0.013824853,0.0734375,0.0971686479,0.112486568,0.122253914,0.0523364247,0.0567375524,0.0811210092,0.185446143,0.862797327,0.0902394112,0.0322817047,0.0313549963,0.132904971,0.109142553,0.258302611,0.05834309,0.236088083,0.0132743384,0.0753474174,0.199999912,0.232979699,0.222614822,0.10252679,0.0805471719,0.06192663,0.0821917979,0.0726354199,0.611452271,0.0550698534,0.0680865517,0.0886791983,0.159030573,0.153756272,0.22644911,0.0704893745,0.0359897037,0.231621593,0.0348977128,0.852683308,0.319292575,0.21721331,0.10434333,0.0481282805,0.224047247,0.0776805076,0.475856832,0.678492699,0.460616501
0.0292244523,0.456852839,0.178010827,0.141438134,0.105398416,0.0218630951,0.437972472,0.022279615,0.14358573,0.205894065,0.0510204383,0.258660706,0.0542929682,0.0891304174,0.398721499,0.00623376442,0.102401981,0.0911808829,0.0310853276,0.968660981,0.0343773547,0.11476072,0.00509337675,0.0185968002,0.309917567,0.171722435,0.0169712513,0.0691365169,0.108695639,0.083487055,0.134662383,0.437608302,0.0281481214,0.444996079,0.553908301,0.633208024,0.180435718,0.0114285667,0.014396062,0.122839163,0.0566356993,0.145892432,0.153846249,0.0613727985,0.923273693,0.019760048,0.243226596,0.448564015,0.00726630514,0.692032084,0.385416426,0.0155038927,0.0767824596,0.0993901541,0.113027829,0.119972866,0.0488246446,0.0555555317,0.0789968382,0.179245481,0.870297834,0.100301194,0.0317231569,0.033229504,0.136230113,0.104175603,0.292857355,0.0522727782,0.225210078,0.0131215511,0.0902421266,0.170588368,0.2318751,0.226666552,0.0987828843,0.0691729511,0.0627208584,0.0877994062,0.0738095399,0.626953136,0.0543571586,0.0766348488,0.0970150007,0.171487414,0.152769922,0.228402444,0.0715835002,0.038834925,0.237091672,0.0366863181,0.84850141,0.330839554,0.211021043,0.11151439,0.0492957649,0.212807421,0.0878099066,0.475629061,0.675196037,0.453321284
0.0304203585,0.478741719,0.175558378,0.148537446,0.100921285,0.0203821538,0.424312462,0.0264752749,0.150723022,0.206306959,0.0489362123,0.250278015,0.0439759364,0.0820311957,0.401474633,0.00615070323,0.105867458,0.0972516593,0.035543794,0.964088427,0.0342262157,0.113745947,0.00391279378,0.0192468635,0.311103415,0.178959814,0.0205128067,0.0669954193,0.123404248,0.10839487,0.138824477,0.442911803,0.0280649526,0.460147275,0.55459401,0.626363498,0.173479739,0.0136656264,0.0195058472,0.128051978,0.0569267469,0.13085005,0.152030621,0.0640772372,0.923665522,0.0171730422,0.24797266,0.461354458,0.00720789453,0.690829496,0.400066151,0.0153005809,0.0856974447,0.108745711,0.107902786,0.121906468,0.0524412579,0.0522222298,0.0802139744,0.178150381,0.870517115,0.101890125,0.0286312813,0.0316326894,0.127103235,0.10189766,0.309523701,0.0427807066,0.239436516,0.0122897779,0.100143554,0.167664751,0.235581795,0.263158114,0.113339536,0.0660522576,0.0696308744,0.0985442856,0.0693223136,0.647834254,0.0573913434,0.078999399,0.0977443805,0.183046953,0.156359618,0.23125345,0.0765047309,0.0359711964,0.241361774,0.0332226273,0.845522213,0.350934599,0.212793662,0.112892391,0.0515097691,0.207453214,0.0957341463,0.508553851,0.664210648,0.453547271
0.0354046338,0.497431311,0.177237644,0.152742003,0.0981570981,0.0235877939,0.409939757,0.0322981362,0.146997308,0.213776295,0.0472973041,0.239912618,0.0357995393,0.0782278816,0.411568848,0.00407539573,0.108669131,0.103212565,0.0342752481,0.965240649,0.0335235486,0.104150347,0.00440528254,0.021867107,0.314730963,0.200357618,0.0289672713,0.0707788689,0.125813429,0.12608262,0.137509561,0.457236785,0.0269679462,0.467711262,0.548200179,0.628885087,0.166749827,0.0141287366,0.0219135809,0.1265,0.0578257598,0.131215462,0.157249517,0.0634651975,0.925034152,0.0190597229,0.266954342,0.471140974,0.0074046639,0.698678387,0.412904967,0.0225806605,0.0851954152,0.116344995,0.103931199,0.120770751,0.0622836926,0.0461373283,0.0810927856,0.163798174,0.873919861,0.107638847,0.0236167557,0.0292452472,0.132586202,0.096184058,0.340135705,0.0406091992,0.25000041,0.0133502708,0.104551963,0.1625,0.243166925,0.286821722,0.118149151,0.0583597304,0.0692308226,0.112200477,0.065356205,0.68037382,0.0518266628,0.087024327,0.089947064,0.195354161,0.157320082,0.232294721,0.0758797341,0.0296127288,0.248272454,0.0287847035,0.836269419,0.364227715,0.18922319,0.122184955,0.0578231405,0.214875822,0.0934442571,0.517829707,0.660506447,0.452718727
0.0397867872,0.492714181,0.174883707,0.160353302,0.095443824,0.0232419335,0.410115686,0.0356374882,0.138963496,0.211103149,0.0573394377,0.231794893,0.0278745539,0.0803482747,0.414593077,0.00400400594,0.104903093,0.109143524,0.038658474,0.958024681,0.0363881633,0.100380238,0.00429184171,0.0180180136,0.310945691,0.221770418,0.0382317613,0.0702247625,0.118643975,0.142927003,0.13670124,0.469721152,0.0247452431,0.459639354,0.547588558,0.620629251,0.162122801,0.0142405168,0.0209316161,0.120672901,0.0628634002,0.127631613,0.168331837,0.0695935975,0.922697447,0.018960238,0.274626906,0.482826927,0.00582878086,0.688628323,0.42852897,0.0238342005,0.0817934475,0.106801343,0.0931085962,0.118840579,0.0680272322,0.0465838396,0.0766162475,0.157338606,0.87071834,0.113909499,0.0177281559,0.024107157,0.132973834,0.094854022,0.400000158,0.0396431982,0.271758684,0.0134721319,0.11095698,0.170067995,0.249263916,0.302107455,0.13572054,0.048973219,0.0690866856,0.129430293,0.064064803,0.706563952,0.0544388749,0.0871531771,0.0928195891,0.212240183,0.154202888,0.239629971,0.0687637006,0.0252631556,0.244449765,0.0249252342,0.842778321,0.377847349,0.182051186,0.129307277,0.0698052998,0.218786404,0.102381006,0.55539138,0.654279804,0.450443376
0.0433576711,0.489208938,0.169421166,0.172997361,0.0936055483,0.0204320222,0.408404388,0.0381713745,0.140906333,0.206695873,0.0462555091,0.22574463,0.0247469279,0.0743962051,0.412073359,0.00500750713,0.102739725,0.103363981,0.042334663,0.948598087,0.0345056435,0.107299251,0.00369003131,0.0146222655,0.318581136,0.246299547,0.0372526082,0.0705486963,0.107142864,0.154624295,0.135793836,0.474898081,0.0199430038,0.465113531,0.560439763,0.613712592,0.152921185,0.0110497071,0.022562681,0.124168979,0.0595065221,0.124680908,0.176900366,0.0688456542,0.926898692,0.0213270089,0.276683984,0.489368355,0.0065288332,0.700707289,0.43511579,0.02316215,0.0881898483,0.116988841,0.0903381686,0.120889695,0.0796019476,0.048,0.076055809,0.153523174,0.868589922,0.118792299,0.0156936619,0.0234113214,0.137138098,0.0962193048,0.419047718,0.0443395753,0.2675585,0.0144144126,0.114540426,0.136986382,0.254975247,0.300865577,0.136909939,0.0374592101,0.0702576684,0.137172753,0.0642070236,0.729884995,0.0567052686,0.0870602738,0.0963455502,0.212222428,0.162521662,0.234059805,0.0714285859,0.0263157787,0.255894481,0.0211742059,0.848025177,0.397376371,0.160194013,0.129347474,0.0776545346,0.223163945,0.111531313,0.562411139,0.649243783,0.459985545
0.0474639886,0.494699645,0.175195972,0.18448973,0.0950414273,0.0208817073,0.407219046,0.044307631,0.139232456,0.201734986,0.0289256157,0.219153001,0.0244988939,0.0818096866,0.403151719,0.0043710598,0.0889132416,0.102023127,0.0441473295,0.934210589,0.0337224409,0.101090969,0.0035860716,0.0129975726,0.32158992,0.259007593,0.0398179688,0.0697738386,0.0807452761,0.1625239,0.137862743,0.475974796,0.0193164396,0.462878317,0.570497812,0.615863188,0.15653451,0.0123076888,0.0242666831,0.121602897,0.0582386577,0.127016116,0.180645549,0.0646531668,0.926435118,0.0228832725,0.288260696,0.49905949,0.00754852715,0.703020205,0.442975048,0.0269461095,0.0901556257,0.126,0.09014422,0.119348511,0.0950820095,0.0511583082,0.0746534999,0.148603883,0.870180146,0.115448526,0.0158054841,0.0210016386,0.130225198,0.0971354344,0.442006603,0.0467889511,0.277597633,0.0139130489,0.107776243,0.173611106,0.256680254,0.296296231,0.1455973,0.0389610094,0.0682336216,0.151186015,0.0643163487,0.74293797,0.0616547611,0.0866510789,0.0919540133,0.209874232,0.165349964,0.227640205,0.0659917206,0.0228136887,0.269265458,0.0156393891,0.851646162,0.389313113,0.160975312,0.130227262,0.0708898991,0.231589979,0.11058151,0.582650247,0.648171654,0.460652154
0.04950659,0.509734832,0.187535582,0.202128023,0.0976591458,0.0215419202,0.410092257,0.0467668669,0.153995022,0.19244218,0.0358565632,0.219424478,0.0275330176,0.0771704222,0.412658359,0.00676982045,0.0898109486,0.105292208,0.0416873177,0.935353585,0.0407626454,0.0978030298,0.00449102062,0.0125391695,0.325501431,0.274680222,0.0509626267,0.0672338627,0.0694736169,0.157919035,0.136018097,0.476476955,0.02248875,0.462698378,0.573927494,0.59768437,0.167222945,0.0106060499,0.0279471399,0.11818598,0.0578093106,0.127925094,0.182395411,0.0714599923,0.927302322,0.0213123828,0.287552888,0.504793293,0.00828530008,0.701991771,0.453385216,0.0369630115,0.0937302444,0.13473015,0.0888569102,0.128645484,0.105754292,0.0424127617,0.0782046344,0.150267577,0.866680503,0.121505375,0.0165680466,0.0194552209,0.13975147,0.094811925,0.454005674,0.0489130447,0.2928,0.0128276574,0.118375758,0.192857141,0.258435945,0.287054281,0.152193419,0.0363037069,0.0761689976,0.165745355,0.0680000318,0.775334662,0.059925109,0.0810733461,0.0845070617,0.215524154,0.169586322,0.217914489,0.0633332642,0.0205832281,0.279732732,0.0155306339,0.856095168,0.390395985,0.161445339,0.130334947,0.0669515859,0.242016486,0.104596598,0.570394583,0.645333902,0.46388068
0.0478492694,0.515993032,0.194397024,0.197160577,0.09386033,0.0239167256,0.42209768,0.0487164469,0.162883183,0.194825425,0.037453209,0.219626258,0.0310825063,0.078282914,0.412600373,0.00959232341,0.0905,0.10533479,0.0412396167,0.942460285,0.0389318039,0.0897973613,0.0039979998,0.0134920533,0.328513477,0.285632427,0.0447927961,0.0691975992,0.0662525619,0.164908105,0.14508273,0.47900596,0.0242057769,0.442472835,0.57300884,0.578729526,0.172485999,0.0118782451,0.025980397,0.120181417,0.0594451738,0.133538004,0.186995168,0.0702924223,0.921804305,0.0192519369,0.288672826,0.519164658,0.00782639879,0.705500522,0.465226517,0.0374280351,0.0978091228,0.142371058,0.0929636664,0.134101148,0.120715358,0.042195991,0.0773604398,0.151711398,0.856894093,0.124331393,0.0183696783,0.017094005,0.133844,0.0993320061,0.483180656,0.0450132637,0.304054149,0.0127848742,0.116576861,0.183206116,0.256325054,0.296108197,0.156533669,0.0300501,0.0701566748,0.166228197,0.071295054,0.795454233,0.0654848081,0.0775568356,0.0801749016,0.211278829,0.18510881,0.211457086,0.059735891,0.0190475962,0.282485897,0.0132669929,0.844138595,0.39723626,0.13647037,0.132263279,0.067934852,0.252117005,0.106103296,0.579048826,0.642724728,0.473402769
0.0520832869,0.519704308,0.206688525,0.207554353,0.0890033694,0.0228272843,0.427047195,0.048871161,0.178528345,0.193064489,0.0390070961,0.22529822,0.0368032859,0.0820696171,0.42968307,0.00999999495,0.0748070864,0.101372766,0.0381258845,0.947470782,0.038053661,0.088598884,0.005,0.0142526929,0.339037945,0.29208111,0.0441014403,0.0691976004,0.0528455442,0.184167148,0.146954345,0.488619997,0.0277349503,0.435424092,0.584029369,0.576873184,0.177493534,0.00951683964,0.0245901694,0.115680032,0.0652876672,0.142592591,0.174327493,0.0708136819,0.919761481,0.022603477,0.290037757,0.533164685,0.00738395942,0.704081561,0.472090843,0.0389140345,0.0914820743,0.139336427,0.0853771921,0.142442326,0.120863398,0.0370370219,0.0781854693,0.151943281,0.858274803,0.128389175,0.0188366028,0.0167223988,0.147350295,0.100622392,0.503067836,0.0444638244,0.311174001,0.01222222,0.116764444,0.261193651,0.258128111,0.29459897,0.159152476,0.0317195627,0.0633218092,0.166808251,0.0700279253,0.798326762,0.067185359,0.0713886932,0.0717241371,0.203674289,0.188437136,0.196844316,0.0646944479,0.0216049387,0.279871621,0.0157356187,0.849957095,0.393662096,0.125874094,0.126912223,0.0654686049,0.261008994,0.10814605,0.588057832,0.64700576,0.486881664
0.050852789,0.530854681,0.218864693,0.21155298,0.0872211462,0.0212004488,0.434826073,0.0468969022,0.177951705,0.20025628,0.0477816173,0.223519661,0.0369989018,0.0797895631,0.437713918,0.0106629512,0.0722890944,0.0961039396,0.0359913441,0.952015351,0.03595374,0.0839642146,0.00492125976,0.0156366249,0.329170519,0.288226612,0.0449439008,0.0660021363,0.0477137038,0.193400125,0.150382839,0.482417577,0.0300632633,0.436805816,0.599518857,0.591471021,0.183535873,0.00947521323,0.0224897925,0.117503379,0.0680147363,0.151939641,0.176519801,0.0743818645,0.909765575,0.0248833588,0.274672744,0.534729945,0.00809573157,0.704081638,0.480779148,0.0361871274,0.094885953,0.137129098,0.0825330955,0.145557115,0.114122669,0.0363967177,0.0801258806,0.154217162,0.848049493,0.132626784,0.0169491442,0.0159846493,0.149319846,0.10369364,0.514377143,0.0433715424,0.322115484,0.012127908,0.12049329,0.321428491,0.260558309,0.296355365,0.157415911,0.0303514036,0.0623333476,0.157679872,0.0741771621,0.815197404,0.0662526345,0.0595744643,0.07171312,0.199220042,0.192922223,0.187542404,0.0682957602,0.0175953333,0.283766929,0.0185735424,0.852856226,0.398805249,0.117224855,0.121849969,0.053593949,0.269935712,0.10518993,0.573837048,0.65692622,0.492161699
0.0514842456,0.532863791,0.238624626,0.220508623,0.0837802618,0.0221169524,0.433250145,0.0450327643,0.189306308,0.200343826,0.0594405358,0.223571012,0.037924157,0.0800259591,0.44090658,0.0110650001,0.0865725188,0.0904787039,0.0288579391,0.958633068,0.0302663617,0.0794836477,0.00529610293,0.0149476816,0.336215157,0.281865235,0.0490195088,0.0613131318,0.04448744,0.199927474,0.151977408,0.486627028,0.0287081914,0.430171856,0.626253596,0.625898943,0.185844412,0.0117907139,0.0217580413,0.118409426,0.0669828161,0.166781252,0.182639286,0.0819362766,0.90824762,0.0225544885,0.265405292,0.531783861,0.00698079777,0.711733055,0.478154244,0.0333048095,0.0955794269,0.133492792,0.0854603807,0.156716336,0.124999994,0.0386740193,0.0823037237,0.161433612,0.847046591,0.13608717,0.0185650048,0.0166964789,0.143423465,0.103567885,0.517915321,0.0409638317,0.32026156,0.0114754094,0.123558037,0.393103641,0.259647466,0.292049022,0.157894734,0.0285261732,0.0618955441,0.156878214,0.0741078849,0.812260549,0.0709005518,0.0578534383,0.0660500998,0.199055037,0.201243296,0.168260304,0.0692213273,0.0211864542,0.276417813,0.0179856034,0.852203982,0.398972557,0.110588162,0.126711209,0.0406060589,0.277280806,0.0928442401,0.56355432,0.662241674,0.510202097
0.0480826377,0.533282828,0.253304348,0.220345612,0.0863076135,0.0228333792,0.428219781,0.0452585701,0.197765048,0.197991628,0.0531914574,0.227486442,0.0438512991,0.0825726248,0.447596958,0.0131998125,0.0925605521,0.0844223718,0.0280190034,0.963833639,0.0303571434,0.0733018827,0.00612629898,0.0137382479,0.346042387,0.286744262,0.0486187649,0.0576923246,0.0388889473,0.204815067,0.159733649,0.483339403,0.0272873715,0.438278424,0.637040336,0.644676172,0.190834493,0.0160000448,0.0212397171,0.116615737,0.073913084,0.182712161,0.190617731,0.0840597924,0.906750748,0.02215508,0.255618082,0.534725521,0.00766282863,0.706907574,0.498522355,0.0275229343,0.085221425,0.133240816,0.08156827,0.163488004,0.130315432,0.032021971,0.0888697773,0.166895625,0.838371399,0.145560154,0.0198643394,0.0125858108,0.14346946,0.105946147,0.514376942,0.0449264154,0.359529454,0.0124728768,0.125829762,0.454545526,0.263261946,0.303167821,0.160280417,0.0320512458,0.0588235085,0.153661958,0.0786618222,0.782101433,0.0697599266,0.0604060657,0.0576671681,0.195731902,0.202740882,0.15641398,0.0747265932,0.0245566448,0.269565226,0.0191387518,0.857841362,0.410930844,0.103529323,0.129330573,0.0359550581,0.283259711,0.082659542,0.556583366,0.67414393,0.515169898
0.0492413285,0.518657067,0.264405481,0.228867508,0.080065352,0.0213631527,0.440792499,0.0384914562,0.204841936,0.196938011,0.0573476984,0.224923895,0.0473537517,0.0781125895,0.457492972,0.0116906445,0.106851622,0.0877057298,0.0278721958,0.971066892,0.0272621696,0.0690322583,0.00656660717,0.016620473,0.357163849,0.286492974,0.0509625971,0.0523704683,0.0486110992,0.202747638,0.167864835,0.482970016,0.029268297,0.451505738,0.648308745,0.644571291,0.19950351,0.0179487209,0.019770414,0.11715809,0.0777027191,0.19611088,0.200719155,0.0849056301,0.90427748,0.0212228559,0.247087362,0.548518923,0.00767888299,0.688096633,0.51083252,0.027424487,0.0851883588,0.133960633,0.0803649913,0.165638706,0.12027019,0.0268096445,0.0877976304,0.169472736,0.835246312,0.153769683,0.0171102571,0.0128491556,0.146907015,0.10470778,0.555223884,0.0396578388,0.380923473,0.0124661274,0.126315781,0.535032052,0.267740083,0.312590308,0.15148611,0.0354267895,0.0592873277,0.155803181,0.0762560515,0.771593482,0.0711096777,0.060665353,0.0548128488,0.194577107,0.230088079,0.145459074,0.0784431161,0.0234070028,0.26139406,0.0188925093,0.860674081,0.419648696,0.0883721962,0.136027328,0.0327153872,0.287566682,0.0800711352,0.560860684,0.683798152,0.513679673
0.0503482015,0.513274374,0.280903544,0.227491515,0.0781960581,0.0188862107,0.451529886,0.0420823904,0.210021401,0.19609317,0.051020398,0.23035843,0.0538600171,0.082014679,0.470143781,0.0119669299,0.112421375,0.0804392665,0.026578688,0.971880506,0.0232429385,0.0683269761,0.0073327265,0.0181086361,0.377174212,0.290689517,0.0484054556,0.0495076789,0.0579216228,0.20827852,0.167666226,0.491160798,0.0286624406,0.445773834,0.660017261,0.662042198,0.205739702,0.0172967733,0.0189442366,0.117932387,0.0792515156,0.205769277,0.211511864,0.0831300314,0.904788452,0.0205063316,0.238597332,0.560659648,0.0100105351,0.681082995,0.510809744,0.027340846,0.0853091328,0.135525983,0.0817288252,0.17411186,0.114624536,0.0236427481,0.090508788,0.174239413,0.838512483,0.16535435,0.0160771784,0.013706131,0.152018252,0.107516495,0.586206712,0.0408006296,0.374423813,0.0134989132,0.12320925,0.532966509,0.270308806,0.310191687,0.156815864,0.0347551344,0.05848626,0.1408,0.0809313328,0.74903809,0.069435669,0.061884747,0.0520000364,0.191800518,0.238183239,0.137673937,0.0827068071,0.0218789956,0.250744104,0.0171210992,0.862142779,0.422845356,0.0782998284,0.133416494,0.025130878,0.304582088,0.0722943105,0.571573511,0.698857282,0.51853945
0.053113509,0.512426933,0.296861398,0.2290019,0.0724776784,0.0161067599,0.453678538,0.0424943135,0.209974698,0.201217895,0.0529801595,0.221765122,0.0589789554,0.0824971484,0.480918978,0.00979556795,0.124051609,0.0759083284,0.0266528471,0.969543189,0.0201377923,0.0651485621,0.00747252279,0.0139152433,0.369282204,0.277740111,0.049999894,0.0523504513,0.0599368818,0.214195544,0.165560736,0.490182743,0.0259542662,0.451219126,0.666799324,0.66629207,0.213377814,0.0181051719,0.0184549376,0.112236249,0.0764297602,0.214377543,0.220051679,0.0849168904,0.909040869,0.019338408,0.240478234,0.567002865,0.0122163951,0.666364725,0.520090661,0.0269607308,0.0846672076,0.140202972,0.0848535378,0.17681307,0.11598547,0.0220713045,0.0885956744,0.173940272,0.842062679,0.164878048,0.0146096586,0.0131075993,0.164941795,0.11161729,0.584382763,0.0366492321,0.384970835,0.012800004,0.122861984,0.547368217,0.269732691,0.315789516,0.156948512,0.0376175891,0.0543538707,0.134368072,0.0754593188,0.730919974,0.0637437445,0.0564479221,0.0592285947,0.191414276,0.24275103,0.137196629,0.0884855285,0.0199253052,0.257443934,0.0144057698,0.86607771,0.437459713,0.0712644356,0.135396756,0.0240083653,0.334386192,0.0603885216,0.565237865,0.698775018,0.523674171
0.0545553579,0.507924898,0.308724812,0.227062253,0.0680250535,0.0169946322,0.458315065,0.0431034694,0.214357501,0.203653479,0.051987789,0.219142577,0.0649123223,0.0882250044,0.487891072,0.0105042038,0.13659232,0.0754299437,0.0283272202,0.972310119,0.0179671532,0.0634013973,0.00693541045,0.0152624986,0.37640656,0.283321755,0.043156605,0.0509833455,0.0597243578,0.214809953,0.171232548,0.483654859,0.0282317603,0.44547802,0.662548161,0.682280068,0.209449209,0.0179317196,0.0184312043,0.112868766,0.0754377336,0.215792435,0.227131304,0.0778126459,0.912443878,0.0219751897,0.239831941,0.567907037,0.0135044038,0.654009818,0.51838218,0.0252185837,0.0836454348,0.145292232,0.0906862721,0.182038248,0.112808505,0.0189612475,0.0873921231,0.174681338,0.83971123,0.166911867,0.0134615381,0.0120798335,0.164849401,0.118305761,0.577102796,0.0355858505,0.402934278,0.0137347997,0.124929252,0.563451959,0.274725129,0.296023646,0.151139842,0.0433436787,0.0564048489,0.131324239,0.0787554145,0.711798782,0.0610357961,0.0561749713,0.0558659078,0.194137789,0.243116333,0.130929298,0.0962611339,0.0194411102,0.256833387,0.0134818173,0.865946839,0.440165615,0.0604751627,0.140276269,0.0197238575,0.34156534,0.056390955,0.560506708,0.716164614,0.524158614
0.0533633458,0.499999925,0.31922793,0.226585909,0.0588235094,0.0175513606,0.456708,0.0443577176,0.216009952,0.206469433,0.0553935389,0.224982183,0.0702515575,0.0918882834,0.504661502,0.00963955135,0.135025473,0.072744789,0.0259550093,0.974320246,0.0176704807,0.0623536,0.00790020169,0.0142433231,0.388716231,0.282328325,0.0386533499,0.0518590835,0.0673352336,0.226023316,0.177066354,0.47283085,0.0229554648,0.44556231,0.666913599,0.675598872,0.208952328,0.0202169551,0.0193142329,0.104825002,0.0692385844,0.221311518,0.233591936,0.0770119848,0.916439287,0.0215298643,0.237625998,0.581515415,0.014604524,0.656746817,0.519579478,0.0222293887,0.0814001581,0.141791395,0.0918811437,0.185767443,0.0959367653,0.0160901029,0.0880292304,0.175249931,0.838256326,0.17005421,0.0142092355,0.0118130474,0.163761614,0.126553998,0.582057172,0.0322238401,0.405586798,0.0160610909,0.132619394,0.54929601,0.277269381,0.286307032,0.153092819,0.0472673072,0.0567226937,0.134783028,0.0811539749,0.688679514,0.066240573,0.0542328017,0.0552486246,0.200629759,0.246740779,0.123177904,0.0972899934,0.0205010961,0.260774385,0.0148656351,0.870000056,0.460076062,0.0518671518,0.139184681,0.0173076928,0.366543451,0.0665322601,0.566936577,0.715890985,0.527672337
0.0507060819,0.507596805,0.322310712,0.224621889,0.0540229776,0.0181293882,0.464526723,0.0417767155,0.223814387,0.202762788,0.0529247967,0.219031155,0.0756803052,0.0962771822,0.503939678,0.00987247554,0.132278743,0.0679474965,0.025779783,0.976777936,0.0161265081,0.0592740088,0.0059594669,0.0108447475,0.405810894,0.289723359,0.0292620219,0.049028752,0.062583215,0.224619725,0.17535505,0.465533425,0.0220082945,0.441818142,0.68642858,0.685012078,0.202588134,0.0195796939,0.0207514109,0.107764014,0.0696393176,0.231176191,0.247384056,0.0807591899,0.920271941,0.0246231183,0.238438633,0.592164834,0.0169683262,0.651505977,0.517083852,0.0254913921,0.0818330474,0.144694156,0.100967097,0.189402389,0.0949781691,0.0141176551,0.0838825813,0.17349384,0.842380182,0.168556057,0.0144074549,0.0105686942,0.178821576,0.13459141,0.578947491,0.0309168766,0.406526673,0.015031638,0.125000096,0.545454778,0.282957191,0.281470939,0.156904234,0.0465116798,0.0535152096,0.132956287,0.0807596207,0.683112148,0.0668555444,0.0526492043,0.0625850656,0.205749453,0.250000103,0.12037917,0.103410321,0.0156950754,0.2671435,0.0110558308,0.874885223,0.467992693,0.0489237039,0.140422343,0.0166666502,0.374431787,0.0709804372,0.572620962,0.723856708,0.535467402
0.0492471475,0.501388811,0.335584034,0.233915802,0.0495520755,0.0175159367,0.463945119,0.0399716279,0.233408888,0.202363212,0.0512129736,0.232973803,0.0783034622,0.101429102,0.510536226,0.0136272561,0.13546767,0.0689333899,0.0271196845,0.98050975,0.0125670496,0.0594785446,0.00573614186,0.0123042469,0.416974081,0.296979909,0.0288858162,0.043555518,0.0696040529,0.22380086,0.176578908,0.462894216,0.0217096226,0.432533179,0.701863401,0.680211721,0.196107436,0.0215700375,0.020842485,0.10621325,0.0681282552,0.235749519,0.233921464,0.0834566761,0.915747515,0.0264868084,0.242592587,0.592834613,0.0177115477,0.647306549,0.509734305,0.0258258237,0.0733415361,0.138582772,0.102297933,0.197160629,0.0823654273,0.0128108559,0.0828791847,0.176665627,0.842652222,0.172048584,0.0129430632,0.0097513435,0.194790262,0.141294489,0.579681345,0.0340184394,0.435114206,0.0157754154,0.122129494,0.557778144,0.27837159,0.245867813,0.14917677,0.041018412,0.0566929583,0.142609698,0.0748286006,0.682509643,0.0745464823,0.049856391,0.0706370845,0.213065228,0.252779161,0.1286991,0.105070402,0.0180466926,0.275769353,0.0101604287,0.878479616,0.490042241,0.0471698008,0.146079315,0.0163487686,0.388938372,0.0805085142,0.583202032,0.737625939,0.537379796
0.0474739645,0.48731641,0.34635981,0.240702191,0.0455043852,0.0166731166,0.466666521,0.0385960284,0.232568482,0.196738488,0.0355329782,0.249671788,0.0782504185,0.102846541,0.522984307,0.0156250049,0.132037205,0.0678929055,0.0288576232,0.977843443,0.0135013619,0.065547967,0.00593911872,0.0149088976,0.425851639,0.293514007,0.0211267572,0.0419716231,0.063473013,0.223760072,0.182746227,0.45284124,0.0201342228,0.416932447,0.721090396,0.679999433,0.190097298,0.0217983881,0.02066116,0.106174403,0.0681921658,0.239615536,0.240368253,0.0877769158,0.916836021,0.028656108,0.243221252,0.598234466,0.0187016483,0.64628825,0.510840385,0.0285374566,0.074516256,0.132660644,0.107400735,0.197464838,0.0716542641,0.0107913598,0.0806912407,0.174382545,0.844368856,0.175726349,0.0114075748,0.00920542348,0.208103477,0.144872573,0.580152402,0.0319807225,0.46723992,0.0165491354,0.133316337,0.546052833,0.270890199,0.235743979,0.154628709,0.0385145069,0.0559566344,0.144010694,0.0720221463,0.676082722,0.0825028386,0.0456691323,0.0828651758,0.217096157,0.246965821,0.133715543,0.102001086,0.0227038,0.280495635,0.00880372115,0.876277792,0.49562185,0.0493358436,0.148919776,0.0132626035,0.390909195,0.0819486208,0.591914511,0.750868783,0.546903076
0.0447380842,0.4903722,0.36291727,0.236092165,0.0405684646,0.0161043127,0.477717243,0.0352337234,0.242804346,0.197551173,0.0280612121,0.248598135,0.077777763,0.10976696,0.530479109,0.0166666888,0.132418754,0.0711703633,0.0288405465,0.978292334,0.0109082821,0.0673588997,0.00530746337,0.011571594,0.435455028,0.283940654,0.0229555287,0.0445135449,0.0609612479,0.223300862,0.177706465,0.451080814,0.0207792196,0.406833864,0.724756033,0.692992575,0.182372016,0.0281967555,0.0190687256,0.11248952,0.0664844616,0.247509378,0.246705907,0.0924192949,0.913975298,0.029341,0.24999992,0.597942273,0.0201132759,0.648147998,0.516584877,0.0330773815,0.0787545415,0.128908796,0.11678583,0.205173877,0.068931014,0.00757575973,0.0772447702,0.165013544,0.840575248,0.186660351,0.0117537328,0.00896226178,0.216929488,0.148943801,0.573034014,0.0316666668,0.495322233,0.0179240018,0.134218191,0.58760703,0.270467349,0.227086142,0.161389084,0.049159042,0.0560913724,0.148719458,0.0691073024,0.661172471,0.0808743273,0.0422810598,0.0899999979,0.219229338,0.241485647,0.145757264,0.100322751,0.0273972864,0.293206238,0.00671140345,0.877853619,0.490797447,0.0424354559,0.154310804,0.0147186078,0.39144434,0.0818048705,0.60059352,0.75210731,0.550429358
0.0436432665,0.493333554,0.366632715,0.240192827,0.0350126826,0.0142482157,0.475967449,0.035561105,0.255516375,0.202937169,0.0197531131,0.249387965,0.0821181951,0.109343085,0.529192999,0.0147169722,0.143037929,0.0695613259,0.0272467321,0.973277071,0.00959023923,0.0753527206,0.00545198246,0.0118984599,0.44865852,0.283051653,0.0253353113,0.0390312061,0.0485651228,0.218136189,0.172331496,0.451705889,0.0184478015,0.393627961,0.736722771,0.690812261,0.165021333,0.0337966404,0.0173385338,0.11097663,0.0625568831,0.255151901,0.257775612,0.096106105,0.909069529,0.0322352637,0.244577832,0.60012557,0.0224752152,0.664556585,0.518348631,0.0348629557,0.071774179,0.128419127,0.121448959,0.209349951,0.0653267266,0.00835475343,0.0753109957,0.165218712,0.832747712,0.187299027,0.0133406387,0.00961538333,0.218964511,0.14928664,0.581501482,0.0303429705,0.514084852,0.0180788144,0.131475993,0.574688663,0.268851874,0.210095537,0.16700828,0.0473301204,0.0516888783,0.158591846,0.0660741904,0.658514783,0.0858748085,0.0393916973,0.113636334,0.22611345,0.241702865,0.14777882,0.0916533847,0.030273437,0.303891957,0.00702812129,0.878006441,0.473486863,0.0463457877,0.158473822,0.0210970942,0.387931134,0.0879827785,0.585982662,0.751171092,0.563615632
0.04218158,0.489905005,0.38113498,0.246305665,0.0316091559,0.0118037721,0.470719053,0.0319244632,0.267170141,0.201739021,0.02147968,0.252743956,0.085137056,0.109682085,0.53975725,0.0133810778,0.150547534,0.0726590288,0.0302736693,0.974322415,0.0106655202,0.0706730127,0.00618982349,0.0100369835,0.455072293,0.28820382,0.0303489976,0.0398676907,0.0481283758,0.214720506,0.168919035,0.457254991,0.0203955127,0.38726491,0.733795164,0.703488391,0.154083963,0.0358958661,0.0162901864,0.112665069,0.0565661254,0.272513688,0.253659695,0.104866388,0.906163348,0.0367375615,0.252147511,0.599211134,0.0215869648,0.669291353,0.527417153,0.0404280502,0.0760304152,0.129213735,0.126609357,0.2153892,0.0521255,0.00664250291,0.0745978595,0.163173369,0.830868515,0.195229884,0.0136494185,0.0106856613,0.213427039,0.152143719,0.569573456,0.0328905504,0.5225677,0.0186486822,0.128333378,0.561181312,0.258963936,0.195020693,0.175757858,0.0472972384,0.0518292923,0.167599486,0.0676346838,0.647601472,0.0931372865,0.0397761748,0.121985829,0.23498951,0.242578817,0.160502244,0.0872534461,0.0355427829,0.31645544,0.00731707022,0.87869225,0.456001782,0.0518783925,0.161684167,0.0273859387,0.388987467,0.0937499405,0.576976342,0.759207101,0.564003775
0.0473672104,0.487847239,0.391873947,0.245406218,0.030930263,0.0101229198,0.473578493,0.0294848592,0.281560362,0.197402864,0.0163551582,0.250446261,0.0948700765,0.109464711,0.544562829,0.0127531984,0.153709128,0.0745880401,0.0332699765,0.975988705,0.0101608836,0.0755649977,0.00721961902,0.0117208341,0.469750048,0.286662193,0.0363086727,0.0462857684,0.0386179023,0.216986335,0.152922535,0.455836973,0.0207316656,0.374813114,0.739751296,0.712087862,0.147390007,0.0409630911,0.0133192258,0.108875446,0.0640123813,0.289488698,0.261939967,0.108528344,0.906527778,0.0380210152,0.247751144,0.591820218,0.0232491131,0.671114487,0.539629931,0.04510617,0.0792563961,0.131615627,0.130053837,0.216028737,0.0419727047,0.00688468386,0.074689303,0.156477535,0.825331205,0.19854502,0.0124561307,0.0102345362,0.223544813,0.154439635,0.553435491,0.0367372438,0.547046995,0.0209712983,0.122290277,0.573770659,0.254112776,0.170765019,0.180796468,0.0457446644,0.0507792892,0.185811013,0.0650467087,0.631386649,0.0901467326,0.0372752488,0.125344413,0.249712856,0.245432382,0.167398757,0.0839787,0.0371040269,0.332146197,0.00830077375,0.873794988,0.451166536,0.0418118241,0.164417467,0.0373831703,0.401469254,0.0985273211,0.562204668,0.754559644,0.561643944
0.0500472312,0.489864489,0.414313737,0.251995496,0.0277402136,0.010775111,0.474751372,0.0291921363,0.300469478,0.192042646,0.0209302162,0.267159572,0.0950704431,0.107450064,0.556239145,0.0103973222,0.160091303,0.070817262,0.0364761581,0.975000014,0.00917430308,0.0851357505,0.00680158844,0.0147757257,0.482816938,0.292067645,0.035548756,0.0519431997,0.0341796862,0.209415401,0.145182534,0.459914513,0.020151201,0.370199171,0.736679167,0.73269469,0.150083542,0.0462158753,0.0147480488,0.111009784,0.0673460794,0.289678363,0.260028166,0.120128793,0.907868179,0.0373664886,0.245701578,0.585878304,0.0232426673,0.673068606,0.557995011,0.0533332752,0.0784388816,0.131524979,0.12583601,0.220829986,0.0414452843,0.00656815194,0.0740647611,0.150954919,0.815982254,0.201935199,0.0118801761,0.0086313188,0.220462355,0.150560794,0.521568796,0.0406212305,0.569117268,0.0195440122,0.118513492,0.584980371,0.252890626,0.16168484,0.193135516,0.044642794,0.051357998,0.194038765,0.0679486966,0.632275357,0.0963917667,0.0357651556,0.135989184,0.245716768,0.253825753,0.180008851,0.0849322243,0.0394737224,0.338507716,0.0083702615,0.876807424,0.439534525,0.0431177116,0.164328596,0.0406779547,0.418546729,0.0990203518,0.559905753,0.744116518,0.560504067
0.0512700294,0.47489503,0.425913532,0.242967195,0.0275228904,0.0102880823,0.460424754,0.027846127,0.313615418,0.188012128,0.0175438368,0.261403102,0.0893230557,0.106551901,0.565179074,0.00847458686,0.176710042,0.0676755115,0.0403120464,0.97311823,0.00918964274,0.0876475648,0.00673677111,0.0170630746,0.486115547,0.286905795,0.0428993888,0.0552009471,0.022900755,0.206036852,0.141868562,0.461551849,0.0232843212,0.385461402,0.722356355,0.737720689,0.147825819,0.0429184741,0.0119664883,0.110199662,0.0678040082,0.295148128,0.265278218,0.132925853,0.911392383,0.0407801209,0.241913131,0.597499197,0.0256011358,0.677911252,0.572691599,0.0609267399,0.0842990442,0.136090698,0.12810643,0.218955579,0.0442287624,0.00683490465,0.0786256044,0.146814393,0.810142469,0.198789842,0.0110469027,0.00825796267,0.226284933,0.146158256,0.505952603,0.0446635972,0.582533821,0.0216099697,0.11513905,0.595419884,0.254449685,0.161825745,0.200201814,0.0473485234,0.0475146031,0.206151268,0.0727273341,0.621992878,0.098734143,0.0344285537,0.128808933,0.248492838,0.261552676,0.181301817,0.0876958185,0.0472102791,0.35141315,0.00925474961,0.877165128,0.423552947,0.0437499913,0.168065312,0.0510460029,0.4268,0.0876143865,0.568092625,0.733118989,0.567664198
0.0521566333,0.477473039,0.448097887,0.252983033,0.0242863563,0.011647246,0.461096118,0.0272482474,0.330684154,0.185601907,0.023041496,0.254271129,0.0893469873,0.106920024,0.567891574,0.0089383423,0.184545998,0.0704225592,0.0440761313,0.970399,0.00772043957,0.0935528124,0.00535540005,0.0170340739,0.501304684,0.290011933,0.045911051,0.0606999674,0.0231267332,0.196865172,0.128972421,0.46229792,0.0218978412,0.398152832,0.717917849,0.758945192,0.147098268,0.0440366579,0.0148854893,0.113620116,0.0710880042,0.293094097,0.263397001,0.132279225,0.911888738,0.0414316568,0.230126235,0.605623191,0.0271894427,0.692387842,0.589152379,0.0644698872,0.0854014519,0.140441827,0.129596974,0.219372831,0.0569551402,0.0070886145,0.0787681813,0.151895579,0.804277073,0.19565249,0.00983005504,0.0078858429,0.227876332,0.138103227,0.496,0.0490524614,0.589285763,0.0226651989,0.116108357,0.612546384,0.24917668,0.153954725,0.198952695,0.0412843708,0.0446043266,0.209399317,0.0760029069,0.624573172,0.105355384,0.0343498038,0.127175356,0.254544278,0.265131665,0.186126553,0.0901212527,0.0484282201,0.357406827,0.00862069137,0.875594084,0.412314146,0.0451237371,0.170245456,0.0523495452,0.440370605,0.0842580922,0.546290376,0.722551095,0.569887158
0.0553123125,0.489473694,0.471937257,0.25367255,0.0229357603,0.0107597139,0.456977728,0.0287043508,0.331149274,0.183347686,0.0267260339,0.252772059,0.092808271,0.100064203,0.576927332,0.0078381323,0.200470381,0.0664236994,0.0477600554,0.966750308,0.00671141703,0.10396689,0.00629641574,0.0168869293,0.507898141,0.28504671,0.0440771645,0.0624999888,0.0249999532,0.192609736,0.121339605,0.473944131,0.0270935828,0.412731496,0.720816657,0.772237313,0.147249245,0.0451843397,0.0171460155,0.113078699,0.0736434318,0.307110393,0.262558317,0.13437213,0.912537941,0.0444588163,0.218015485,0.610079641,0.0284482474,0.707723067,0.601583917,0.0603689041,0.0839362269,0.14926794,0.127999947,0.216709233,0.069079009,0.00797872107,0.081482375,0.148990212,0.798520567,0.193934181,0.0100944261,0.00644930911,0.229186497,0.131227884,0.455508152,0.0487804851,0.61004799,0.0257431161,0.110089704,0.630661824,0.246185124,0.134564682,0.197830811,0.0445026089,0.0448357285,0.2066266,0.0803693437,0.615979642,0.107913634,0.0323200238,0.131648965,0.264498391,0.276354162,0.181610731,0.0911194537,0.0552396118,0.363011125,0.00938527139,0.872697038,0.398996442,0.0509194003,0.170940086,0.0520504748,0.447626598,0.0830519896,0.544723059,0.711086199,0.569298128
0.0557959703,0.493885287,0.479692887,0.250899641,0.0241636216,0.0125200635,0.458487976,0.0315993384,0.336011644,0.178037874,0.0349345363,0.257072835,0.0855131027,0.0952899222,0.580848919,0.00769794329,0.215995615,0.0673574486,0.0515359528,0.972256412,0.00623052712,0.110126605,0.00511999795,0.0160390476,0.50810739,0.293945344,0.0429530548,0.0674708001,0.0283898774,0.19654115,0.116901244,0.485334543,0.0290403902,0.42805554,0.722315577,0.771794908,0.156866129,0.0469678547,0.0184515285,0.114428937,0.0721513091,0.296030097,0.255381034,0.131040762,0.912674719,0.0467762371,0.214081094,0.621200998,0.0284435173,0.717608502,0.602071951,0.0594916592,0.0855123763,0.151713669,0.12703695,0.214610611,0.0837867092,0.00816612761,0.0855041376,0.14679591,0.797595477,0.196922375,0.011997407,0.00627834163,0.235064164,0.12860509,0.43496786,0.0531234162,0.608695475,0.0280748314,0.101615085,0.642857494,0.24205059,0.132315435,0.188688601,0.0448335287,0.0459873323,0.211151497,0.0825115805,0.59682844,0.102989247,0.0300934392,0.120000026,0.27351778,0.289302595,0.177016121,0.0971464194,0.0551697858,0.363968106,0.0099953455,0.866195324,0.383443472,0.0493826605,0.175001834,0.0480844082,0.457639397,0.0764938386,0.546196736,0.709857255,0.561721247
0.0608952043,0.50911582,0.493553402,0.265864953,0.0292542261,0.0115726064,0.468931708,0.0319853719,0.346027391,0.1706867,0.0329670095,0.254385827,0.0889042542,0.0939239446,0.586751181,0.00793078146,0.226558217,0.0684985549,0.0523300275,0.974226823,0.00421617183,0.115657626,0.00476947469,0.0195681726,0.514008508,0.292805884,0.0360963027,0.0727446736,0.0313773634,0.197910973,0.112786172,0.485738428,0.0307124925,0.442666612,0.735787352,0.785124224,0.161356778,0.0521865354,0.0226548753,0.119788471,0.079229102,0.302619233,0.256058308,0.134083411,0.913140834,0.0491052716,0.206662601,0.625467658,0.0264354538,0.725559362,0.61208697,0.0596621287,0.0857308075,0.162016421,0.125070538,0.213100344,0.0858960613,0.00964187697,0.0837845464,0.144992283,0.790330511,0.196020782,0.0111940224,0.00641458542,0.231142183,0.130485277,0.39957253,0.0609440513,0.594703397,0.033649585,0.102519427,0.656050686,0.24482527,0.147165223,0.198458324,0.0549084052,0.0466287409,0.213717469,0.085992442,0.575427754,0.103002335,0.027796624,0.116603405,0.28018887,0.29471532,0.17124408,0.100780194,0.0659670414,0.375094294,0.0110609423,0.869454313,0.370228338,0.0556328033,0.169187708,0.0460170276,0.463610726,0.0713367694,0.552147608,0.714910719,0.557013435
0.0608138843,0.498194966,0.493932876,0.266483194,0.033051165,0.0124961525,0.471957467,0.0336409067,0.359015029,0.173417764,0.0405117484,0.236451806,0.0794587565,0.0941757508,0.591222232,0.00848656974,0.22769577,0.0668439896,0.0516679639,0.973595437,0.00454716944,0.116427041,0.00397582629,0.0208882915,0.507776652,0.295941464,0.0316622573,0.0774842707,0.0293435928,0.196269519,0.105823117,0.496130304,0.031591758,0.46296335,0.75520003,0.789239058,0.165083747,0.0517734343,0.0270645344,0.121696108,0.0783986553,0.302790848,0.252816081,0.135493754,0.911956487,0.0538872554,0.21241662,0.626151297,0.0271708956,0.727850203,0.612341415,0.0575314455,0.087239132,0.154638989,0.128009335,0.211462531,0.0936490435,0.010430842,0.0844344033,0.140194028,0.796866552,0.195901725,0.0113323038,0.00605653211,0.219140029,0.130877591,0.383747013,0.0631605605,0.609225668,0.0373548597,0.10568573,0.6520377,0.239904131,0.154462126,0.202216403,0.0554680989,0.050364335,0.200676536,0.0884438378,0.557575905,0.106827963,0.0297455815,0.11,0.283283821,0.289078785,0.170388938,0.10354517,0.0723831326,0.376948275,0.0101075342,0.866496067,0.371815521,0.0554804145,0.171150591,0.0400149626,0.443520182,0.063351625,0.565992818,0.704816405,0.552333719
0.0617879619,0.516696672,0.499032434,0.269383943,0.039019604,0.012206428,0.483678765,0.0368732271,0.364050512,0.174168055,0.041152306,0.238501282,0.0728813351,0.0898469294,0.593906543,0.00907822355,0.234189288,0.0676775036,0.0474074503,0.975649355,0.00449100797,0.124198762,0.00358590484,0.0224071791,0.506698439,0.298774009,0.0248138689,0.0761905823,0.0303703997,0.193217435,0.10371744,0.503455076,0.03125,0.476443025,0.766783707,0.792192625,0.168820526,0.0567796705,0.0285665745,0.120329499,0.0816701147,0.313103209,0.249126749,0.137573577,0.912448404,0.055188126,0.208295422,0.627018893,0.0257013687,0.734038858,0.620528932,0.0554691266,0.0868608282,0.157894341,0.127092248,0.208159856,0.108510764,0.0116175261,0.0854998733,0.138872838,0.790622622,0.199483231,0.0124733829,0.00434201415,0.219763749,0.130925756,0.363013213,0.0659604466,0.615771888,0.0371621479,0.105263136,0.666666963,0.243069095,0.149606357,0.202359981,0.06134255,0.0543754961,0.193558119,0.0851714985,0.55504591,0.101417445,0.0274725102,0.105582542,0.285114832,0.286305868,0.168205359,0.107822433,0.0788122816,0.38519248,0.00971073555,0.86501175,0.370630926,0.0561496787,0.169581621,0.0354045935,0.444072253,0.0624756928,0.556643256,0.70407738,0.551244353
0.0599828568,0.539485138,0.501775677,0.275483895,0.0451010284,0.0134481725,0.482825076,0.037863657,0.387496081,0.177388114,0.0481927561,0.237279553,0.0759705358,0.0884768054,0.596038223,0.00922130474,0.24365615,0.0671561575,0.0446142252,0.976620623,0.00519095231,0.125593301,0.00554699648,0.0232067566,0.501185393,0.298111694,0.0215311035,0.0769384009,0.0335714576,0.187499738,0.106592671,0.516156858,0.0344827728,0.494535478,0.778817755,0.781763859,0.176903746,0.0591698007,0.0313628073,0.120475896,0.0836613989,0.31754277,0.250287769,0.141681788,0.913908848,0.0558043898,0.209591889,0.619081907,0.0274675333,0.747012608,0.628949161,0.0567839465,0.0848930664,0.161736269,0.12761134,0.209744808,0.112805001,0.0123110168,0.0820130872,0.13050552,0.791261371,0.206607021,0.0147145419,0.00456919246,0.219245015,0.135451907,0.350347903,0.0608356684,0.594150863,0.035065619,0.105355621,0.666666757,0.245570893,0.161964472,0.211273645,0.0680963008,0.0522849484,0.189776382,0.0861595036,0.544709413,0.102401692,0.0246012371,0.0974914671,0.281760652,0.283533535,0.16208598,0.11308294,0.0787233613,0.389251122,0.0089144246,0.861850146,0.366919198,0.0589812513,0.170692508,0.0275292148,0.458579842,0.0637170803,0.556621088,0.702004078,0.555038625
0.0589835021,0.54529145,0.503178211,0.286917672,0.0509241709,0.0139631701,0.495864116,0.0365933258,0.399180172,0.17966433,0.0491803033,0.238167345,0.0770751047,0.0880421058,0.598696194,0.00837802013,0.257196899,0.0714035415,0.0420157269,0.977134151,0.00589101762,0.125798732,0.00538599548,0.0273437598,0.494307969,0.303867586,0.0164512428,0.0769546189,0.0352941644,0.175556304,0.110856477,0.521437544,0.0338346094,0.493801582,0.784462132,0.769847167,0.17519825,0.0566460166,0.0290490449,0.121498542,0.0805407212,0.324846235,0.260574222,0.153706009,0.913342606,0.0577909213,0.205649915,0.622422051,0.0281875341,0.755898549,0.635346697,0.0509648714,0.084093885,0.157371549,0.129350314,0.212594288,0.123267735,0.013733915,0.0833522183,0.128794623,0.798184683,0.206594578,0.0149492085,0.00453220876,0.213434351,0.134909202,0.343114799,0.0611382616,0.594427275,0.0368790678,0.10471088,0.680601919,0.249493958,0.170234589,0.212499924,0.0833333362,0.0546656067,0.185120666,0.085904395,0.52290033,0.0983996838,0.0231175881,0.0917285485,0.276691335,0.285609293,0.158657171,0.114291407,0.0777238637,0.402208806,0.00802753027,0.863033685,0.360232025,0.0561497692,0.169581761,0.0238908038,0.457819696,0.0606229825,0.558269941,0.695849297,0.56040651
0.0647657068,0.531895974,0.507854491,0.291767815,0.0560074227,0.0136296237,0.508966175,0.0380880734,0.409635053,0.178130458,0.0504032704,0.249999998,0.0734375,0.0893368089,0.607804746,0.00769488092,0.270133096,0.0708177001,0.0398426024,0.978016406,0.0055928392,0.127838667,0.00662935212,0.0283588048,0.500144247,0.303154397,0.00961535913,0.0712197474,0.0358362275,0.174999625,0.105966028,0.528898582,0.0347937591,0.507355775,0.789279356,0.759414169,0.174925686,0.0525559512,0.0304249463,0.118677775,0.0811518064,0.328964407,0.258537787,0.158481552,0.912018873,0.0588815688,0.208357183,0.625427673,0.0294501217,0.75640648,0.64805417,0.0526943675,0.0825489439,0.154504818,0.130808309,0.214162598,0.135707077,0.0139948943,0.0822568916,0.122655157,0.798206598,0.212848217,0.0173542045,0.00414144974,0.195276505,0.136783808,0.334821694,0.0552688096,0.58437743,0.0349926253,0.109705449,0.701666601,0.253400051,0.172032185,0.20457931,0.0883212245,0.0596985379,0.185897579,0.082028896,0.514178961,0.0915820809,0.0223417641,0.0866533676,0.272499247,0.28375462,0.158374826,0.111702139,0.0826990201,0.407036987,0.0073855268,0.853862633,0.360633611,0.0608108004,0.166129874,0.0203805001,0.476190638,0.0602410237,0.55014594,0.689311512,0.557685094
0.0651894781,0.546263322,0.513427438,0.30139046,0.0578602605,0.0121352268,0.520106201,0.0382811137,0.417834597,0.176177159,0.0488322559,0.252480319,0.072827362,0.0876899541,0.6167963,0.00728234816,0.288322661,0.0709114623,0.0389385135,0.979466147,0.00691160797,0.128544136,0.00707546772,0.0308933791,0.502587123,0.303661776,0.00469484023,0.0764453879,0.0329560308,0.170863513,0.105085814,0.542325265,0.0354429682,0.508093818,0.791114488,0.756028002,0.170742851,0.0492137227,0.0274234381,0.12202878,0.0861633795,0.332697603,0.266105607,0.173619724,0.911758012,0.0614274749,0.209014094,0.623334272,0.0298281331,0.766297241,0.649190422,0.0529922631,0.0866897744,0.14952108,0.139504119,0.21942725,0.145587105,0.0130542944,0.0851469515,0.122442796,0.806727864,0.217407073,0.0184305641,0.00338878287,0.18548967,0.142537035,0.332622854,0.0536615922,0.579832107,0.0385947697,0.105523531,0.707812708,0.257175207,0.172447076,0.205006995,0.0967166501,0.0580708716,0.182723107,0.0851567619,0.50145949,0.0932740821,0.0198854946,0.0830972548,0.268948825,0.28768035,0.151816772,0.108185974,0.0792312877,0.414518752,0.00885897444,0.849204626,0.358288559,0.0645586364,0.162357645,0.0162272084,0.491744035,0.0630423422,0.55490185,0.680224293,0.565233104
0.0697451536,0.546001855,0.521074515,0.303466179,0.0589550178,0.0119562075,0.530822982,0.03782585,0.427350644,0.177001113,0.0460525918,0.254901787,0.0695283423,0.0869181533,0.621387015,0.00657895223,0.300525754,0.0708306687,0.036981106,0.982510278,0.00766017252,0.131387157,0.00745840403,0.0314765214,0.509235854,0.310199553,0.0106508688,0.0760497342,0.0345694601,0.168432125,0.111477583,0.548918566,0.0397436211,0.496660349,0.796263924,0.751565914,0.170488578,0.0470657448,0.0249211349,0.122422663,0.0852510682,0.340908826,0.270047034,0.186900278,0.913802744,0.0626661627,0.209741497,0.621924026,0.0301575649,0.76728015,0.656588961,0.0507705734,0.0922609451,0.139191714,0.146243919,0.222910141,0.172202655,0.0120408113,0.0909091075,0.124999723,0.808658748,0.217948802,0.020307392,0.00265017651,0.178268749,0.140923069,0.32851319,0.054370136,0.578718962,0.0417461937,0.105925287,0.72324167,0.261756458,0.181564204,0.193479518,0.102426717,0.05414717,0.176010425,0.0868987173,0.500000175,0.0900880531,0.0188005088,0.089720522,0.262440724,0.285995869,0.148142674,0.102801892,0.0790365974,0.413907254,0.00865351396,0.845673488,0.360708869,0.0610389387,0.161674456,0.0141988009,0.499344594,0.0619918798,0.566686095,0.678632285,0.578914664
0.0731654966,0.54719352,0.523004411,0.307955038,0.0647396491,0.00987689768,0.537761113,0.0370177251,0.430449386,0.174001478,0.0614035374,0.26578559,0.0723177383,0.0819180881,0.625074251,0.00774193839,0.316603835,0.0711532272,0.036127552,0.985522217,0.00795023934,0.126138091,0.00704820781,0.0306320457,0.513308875,0.313989131,0.0104529594,0.0797757234,0.040973477,0.17392354,0.113404078,0.562082566,0.0414507565,0.489407378,0.79615264,0.747083108,0.172948533,0.0428240868,0.0226715673,0.118729918,0.086764258,0.3464,0.269121078,0.195865348,0.916541783,0.0628019508,0.213855582,0.625275228,0.0339817996,0.769082037,0.661433114,0.0469442199,0.0911610248,0.134689133,0.145056523,0.225173712,0.199404552,0.0108606565,0.0925473337,0.123571589,0.805082212,0.227450986,0.0210467553,0.00311879572,0.165264755,0.141606019,0.33368648,0.0551070135,0.577635996,0.0418968207,0.107767391,0.734722395,0.261790338,0.176936639,0.193150393,0.1102836,0.0583598032,0.182631432,0.0864880424,0.526666655,0.0962087066,0.0197126521,0.103599675,0.26697552,0.28646668,0.146645561,0.0974196419,0.077770351,0.410163025,0.00784983259,0.841617401,0.360539179,0.0638036426,0.160420508,0.014102558,0.517150155,0.0664179103,0.584650209,0.68090803,0.598811484
0.0742005251,0.551367135,0.522180221,0.309580168,0.0671792042,0.00864757396,0.556541435,0.0397021607,0.44736107,0.172703689,0.0744185913,0.263196813,0.0710195311,0.0820710371,0.625611005,0.00890868214,0.322420574,0.069133818,0.0356678211,0.986625497,0.00816606533,0.12448053,0.00548546287,0.0304132053,0.514828339,0.310598337,0.0167973015,0.0798141582,0.0416920264,0.17832301,0.106547213,0.569061461,0.038961023,0.491548674,0.793968059,0.753989048,0.175595404,0.0433295183,0.0204573292,0.121496738,0.0887044068,0.353958544,0.273270052,0.197076068,0.918398281,0.0660616352,0.212705548,0.628357004,0.0319860742,0.774977857,0.66278487,0.0434028303,0.0965353367,0.129375065,0.154847557,0.23315872,0.208979878,0.0118464069,0.0906354679,0.124861963,0.800524047,0.221030089,0.0213315786,0.00273898004,0.154483049,0.143432508,0.329787119,0.0539195994,0.581835568,0.044157695,0.106913184,0.756613819,0.258587897,0.183193173,0.185944487,0.114137916,0.0584348027,0.182914415,0.088996299,0.513255106,0.0970931614,0.0231136684,0.111921131,0.263996604,0.284803495,0.143367726,0.0922454805,0.0805670576,0.415342962,0.00680967084,0.834355178,0.369213697,0.0643274749,0.164603982,0.0148423035,0.513432087,0.0702492887,0.603165255,0.677650605,0.605606283
0.0803097864,0.548267369,0.527487904,0.317293867,0.0698234002,0.00793208733,0.565982725,0.0419062646,0.454012174,0.174306318,0.0956072468,0.26248146,0.077932906,0.0782608741,0.625292652,0.0088383889,0.325698899,0.0753746164,0.0350436541,0.98443986,0.00719785074,0.130003988,0.00484522411,0.0294990904,0.519688451,0.311980807,0.0150537743,0.0795840007,0.0428571353,0.185166839,0.10351406,0.576906387,0.0392286941,0.49478578,0.790336804,0.758987653,0.17308244,0.0425904326,0.0192595205,0.119266003,0.0899521541,0.359691715,0.272141128,0.210286104,0.921966926,0.0686793938,0.211504871,0.628548793,0.0306755971,0.777887644,0.670834184,0.0415254265,0.0992439096,0.123768547,0.160436812,0.234861292,0.215271937,0.0121605271,0.0943939126,0.128694202,0.804662407,0.21982156,0.0211191615,0.00394218145,0.15388652,0.145338868,0.329764455,0.0519052126,0.574999667,0.0436741052,0.103747507,0.782278535,0.266522762,0.175409573,0.187253339,0.115196147,0.0629630204,0.181043364,0.0879397556,0.501416586,0.0956557168,0.0268068343,0.116161511,0.262987132,0.293759484,0.138851765,0.0850165377,0.0793103108,0.412187686,0.00735785205,0.830493872,0.376864288,0.0728476682,0.158456891,0.0126735032,0.520580568,0.072297936,0.604032398,0.681325829,0.609908237
0.0826803216,0.551507353,0.541182546,0.315399257,0.0660946759,0.00675489304,0.57998244,0.044328445,0.455837148,0.181088417,0.104838669,0.268963866,0.0880604837,0.075017951,0.622734047,0.00998099652,0.33047471,0.0770858914,0.0345478936,0.984374983,0.0058327988,0.133171275,0.00630583162,0.0296579368,0.535695029,0.311350207,0.0128617197,0.0794936059,0.0427272271,0.184845854,0.103028539,0.59009595,0.0346598651,0.492151502,0.791434343,0.768159855,0.174654485,0.0381549115,0.015527949,0.121951189,0.0883092075,0.36319565,0.274626636,0.224033355,0.924402554,0.0711041068,0.209953814,0.638021511,0.0287016289,0.778453191,0.682052324,0.0455517267,0.101025994,0.129674585,0.167702313,0.2382554,0.226983862,0.0123801915,0.0971056532,0.133377692,0.798381551,0.217767845,0.020021352,0.00381097687,0.145578573,0.151916446,0.336980911,0.0571319687,0.576968998,0.0474898179,0.100648988,0.791865871,0.266196825,0.177083516,0.177683544,0.112348234,0.0649350602,0.181439789,0.0884163635,0.470426281,0.0983005217,0.0263318035,0.12842899,0.266573976,0.292175902,0.139653761,0.0800881815,0.0816108878,0.40243042,0.00851621512,0.824814921,0.396136254,0.0753715717,0.159522845,0.0174115092,0.531735084,0.0723039554,0.610587053,0.684000051,0.623805477
0.087782459,0.550612533,0.545351843,0.31413801,0.0659561575,0.00723253255,0.593687521,0.0446181284,0.46523668,0.184845958,0.118421132,0.273959379,0.0868532202,0.0761836683,0.62369455,0.0106350095,0.325280011,0.0756450128,0.0340385297,0.98157627,0.00557966157,0.139214832,0.00621600444,0.0308619735,0.539555459,0.308463882,0.0159574449,0.0786468685,0.0412591956,0.194737158,0.103392383,0.596514718,0.0283505316,0.482693673,0.788561561,0.777181072,0.177993333,0.0467820685,0.0144885473,0.12524996,0.093406594,0.356871001,0.280566271,0.223159261,0.923126815,0.0773196497,0.210708243,0.637499796,0.0273504063,0.781098285,0.690904494,0.0405175916,0.0919689035,0.119952341,0.177406298,0.236416674,0.250200574,0.0107484104,0.101323482,0.13605096,0.797792974,0.21853486,0.015633383,0.00344402966,0.136641502,0.157866647,0.347673885,0.0568782825,0.55826598,0.0445902922,0.103821904,0.789099828,0.266864878,0.178187408,0.175816945,0.115785928,0.0675569236,0.188797548,0.0868730994,0.473541163,0.102160738,0.0272276985,0.142799689,0.263317707,0.298165376,0.132440899,0.0748336678,0.0806802177,0.394539643,0.0112576503,0.817836133,0.409940152,0.0811225092,0.15880853,0.0184460489,0.53416557,0.0706450262,0.611600249,0.687500306,0.630976921
0.0926239578,0.549921036,0.543685489,0.313055668,0.0661194511,0.00684564559,0.607083372,0.0492730711,0.483691442,0.187938472,0.126984083,0.295498215,0.0940748292,0.0761589813,0.621379236,0.0113219033,0.324865269,0.0766831697,0.0304172487,0.985221677,0.0048484792,0.136313801,0.00953116461,0.0278962298,0.540955359,0.311336851,0.015889817,0.0790669209,0.0377181352,0.195133439,0.10554273,0.610310057,0.035935566,0.481814803,0.79091694,0.767717258,0.1767535,0.0523935953,0.0136947245,0.123895423,0.0945822961,0.354138439,0.280638086,0.225274924,0.924481138,0.0807770308,0.214279196,0.642602217,0.0237569244,0.783142964,0.705695716,0.0446049683,0.0949415488,0.121134003,0.181641589,0.243723787,0.254515923,0.0107441352,0.106959214,0.138693295,0.80268447,0.222683489,0.0144964496,0.00312650043,0.125207768,0.162721982,0.377528106,0.0554731319,0.540639138,0.04068471,0.10000002,0.799533932,0.277426147,0.18058662,0.171339597,0.11937494,0.0703370215,0.193916726,0.0841365828,0.473272801,0.105487607,0.0293471714,0.150282343,0.264424036,0.306939728,0.132111865,0.0668380943,0.0824855289,0.391438219,0.0122718704,0.813942583,0.4205992,0.0844530567,0.154871614,0.0189908078,0.535714328,0.0587000967,0.616949726,0.681750848,0.632498512
0.0970700313,0.541892773,0.542648039,0.314986214,0.0696277173,0.00844104644,0.618517726,0.0511762995,0.493509699,0.193516461,0.133858236,0.306639028,0.106646065,0.0786459614,0.609774093,0.0117505338,0.323838199,0.0789203391,0.0283069666,0.985604609,0.00397175226,0.128752329,0.0104354529,0.0261954733,0.555316519,0.310815923,0.0171890588,0.0772613213,0.0384118601,0.194352445,0.101846605,0.616608597,0.0321046001,0.485767508,0.789607052,0.769205131,0.183090755,0.054465655,0.0126816799,0.123094581,0.0961596616,0.343477915,0.289694584,0.223558842,0.922039461,0.08449283,0.207839362,0.651360562,0.0229080985,0.788480027,0.715578636,0.0439105,0.0973000545,0.121712001,0.185038437,0.25096539,0.254372211,0.012185223,0.104966342,0.142183741,0.800736365,0.220618098,0.0135994152,0.00307110616,0.121845233,0.168833916,0.394144298,0.0544155365,0.540510235,0.0373499073,0.0964187135,0.802273021,0.284657307,0.183032128,0.186075183,0.118208899,0.0719636703,0.193906139,0.0854771595,0.46526076,0.10276245,0.031200731,0.161133658,0.26597469,0.310046057,0.133221962,0.058333285,0.0757683046,0.391617923,0.0133353625,0.815282167,0.42793099,0.0790191037,0.154870579,0.0245815823,0.536451941,0.0506692399,0.622917581,0.67637725,0.637744577
0.0990803032,0.555014791,0.544892101,0.31865766,0.0713395293,0.0109660672,0.628834652,0.0537231317,0.504267451,0.191640614,0.129476603,0.317862407,0.11725,0.0771913693,0.609783707,0.012004799,0.322431928,0.0827913382,0.0310016159,0.983914215,0.00378457076,0.124955852,0.0123737255,0.0239959377,0.565591051,0.305274789,0.0136054409,0.0746392186,0.0384614962,0.200764506,0.112943162,0.62548895,0.0326721465,0.485879835,0.78707324,0.760899117,0.1828448,0.0603840699,0.0114831226,0.126564401,0.0989505297,0.35016247,0.299207752,0.220638056,0.921061519,0.0847341008,0.207659186,0.656303285,0.0189858228,0.789086992,0.716774761,0.048387064,0.095921149,0.119859526,0.195305696,0.255263194,0.259755353,0.0124748424,0.110503739,0.14132776,0.798802507,0.224167376,0.0153694057,0.00373743995,0.12138882,0.177788965,0.423077363,0.0519005351,0.525118022,0.0359947698,0.0993727983,0.79959138,0.288728575,0.179004049,0.174322775,0.115274645,0.070812005,0.19348189,0.0790983668,0.478823647,0.106066167,0.0338709537,0.163166638,0.260042941,0.316568379,0.132764672,0.0499456705,0.0712240887,0.386188224,0.0147679357,0.815629105,0.424512241,0.0754464397,0.1562849,0.0236139464,0.528815753,0.0413585328,0.617780985,0.675799121,0.643651646
0.1050643,0.549418526,0.54619165,0.3155106,0.0732920406,0.0115325546,0.640507347,0.0585189608,0.508702889,0.194459712,0.153846082,0.331002506,0.131353809,0.0756800895,0.613428285,0.0117302031,0.328412182,0.0782711253,0.0327115332,0.978910362,0.00399543292,0.125264688,0.0120898131,0.0245347048,0.574672919,0.302386529,0.01770737,0.0772324999,0.0408970569,0.201071815,0.116473297,0.632007519,0.0356756807,0.486985693,0.788502625,0.76296272,0.182731256,0.0588953708,0.0136339061,0.125428019,0.0955039455,0.345486331,0.306855491,0.225579305,0.918905504,0.0832769288,0.204340334,0.669547891,0.0182764609,0.797255662,0.728995724,0.043695092,0.0890562286,0.11300456,0.201369069,0.259507028,0.260885649,0.0108086382,0.110833154,0.138741105,0.803249242,0.231121321,0.0148465893,0.00439306432,0.122341865,0.189896316,0.449131456,0.0531374468,0.516364011,0.033375887,0.0983476821,0.783269585,0.299944286,0.184549711,0.174216016,0.113197072,0.0740599794,0.18963963,0.0777017188,0.501731865,0.106938423,0.0359605563,0.166262483,0.260875593,0.320835892,0.131812446,0.0453890433,0.0667856604,0.383054509,0.0139797716,0.816387248,0.432868075,0.0776315799,0.157013243,0.0224719122,0.53033072,0.0361584022,0.619771676,0.671387993,0.652165874
0.10690486,0.545746866,0.553931676,0.320374327,0.0779953793,0.0122199478,0.643639178,0.0603583817,0.51646373,0.195434672,0.15745857,0.355013579,0.134871747,0.0762496292,0.617207819,0.0116754271,0.322113589,0.0779398335,0.0317647125,0.979966607,0.0047766238,0.120383251,0.0129806618,0.0232326177,0.583288533,0.301605921,0.0178730836,0.0767123067,0.0448548653,0.210191042,0.124600407,0.63164125,0.0297378318,0.488632508,0.79558318,0.763758429,0.186374516,0.0611406711,0.0146666641,0.125877992,0.0951064025,0.339932106,0.308188956,0.226101168,0.918492299,0.0836967755,0.20065374,0.677052358,0.0156886236,0.79708567,0.739225564,0.0467961085,0.0835029353,0.106372086,0.203231824,0.266986323,0.26079268,0.0090652581,0.114082947,0.139819792,0.806423525,0.241990172,0.0150358141,0.00434583825,0.12455322,0.198255274,0.503731154,0.0530498933,0.516179453,0.0327456103,0.109392815,0.760067311,0.302819227,0.186417001,0.172884275,0.107279637,0.0714020914,0.199312025,0.0747408747,0.509714356,0.106839202,0.0372483254,0.170095204,0.267946035,0.330520029,0.125911998,0.0449458289,0.0621942592,0.377948038,0.013977866,0.815525161,0.431945841,0.0776613767,0.159120025,0.0245820785,0.539101074,0.0306548893,0.629987533,0.668355586,0.656707164
0.111932974,0.545836004,0.563284951,0.319038602,0.0836805091,0.0125858208,0.653648589,0.0646618827,0.527923807,0.192201685,0.147945231,0.354570201,0.146645918,0.0769142301,0.631635978,0.0148644729,0.322103507,0.0739796037,0.0289893297,0.98083067,0.00497924985,0.115265432,0.0132732587,0.024800314,0.580022043,0.306910273,0.0215703183,0.0761757118,0.0460441379,0.217342745,0.130616884,0.623878231,0.0285714177,0.495504679,0.804725132,0.766889854,0.182332486,0.062236784,0.0140332722,0.125021922,0.0967232044,0.332824543,0.311276784,0.227493267,0.919867893,0.0789560981,0.196814185,0.682647447,0.0135784618,0.800211754,0.743510619,0.0511385667,0.0808860363,0.10336303,0.209540512,0.275298162,0.269309359,0.00888170413,0.115467833,0.138631138,0.80446878,0.244740317,0.0132426753,0.00449539636,0.126817378,0.19988008,0.522784737,0.0599414535,0.497698498,0.0294960597,0.108301734,0.744479278,0.308667967,0.188490319,0.165354319,0.109375052,0.0799417999,0.213348947,0.0678542625,0.517006473,0.107404755,0.0393595456,0.178823184,0.265250692,0.334181277,0.129007849,0.0451499678,0.0556686879,0.376648859,0.0130766963,0.821694183,0.426219052,0.0791031348,0.16374734,0.0245074191,0.536058006,0.0261850451,0.643346611,0.657938958,0.656053738
0.110872663,0.549019469,0.55820005,0.316151938,0.091095078,0.0124779542,0.661371936,0.0689038401,0.543180576,0.189004547,0.155124648,0.354166696,0.155102342,0.0781659708,0.647319182,0.0144050195,0.323271405,0.0693538001,0.0283777049,0.979623798,0.00488732483,0.112947191,0.0131826708,0.0245098323,0.582921267,0.306075075,0.0210437634,0.0762015941,0.0519563678,0.227716032,0.134098292,0.628627836,0.0273472911,0.504866891,0.814110915,0.765657451,0.186183327,0.0628518228,0.0134133864,0.121680934,0.0934551915,0.330261669,0.307548154,0.228560256,0.920452463,0.0808580738,0.192131504,0.691134477,0.0100864591,0.803856124,0.742357637,0.0587897929,0.0844895544,0.104543199,0.212067569,0.288088361,0.275371416,0.00881057367,0.118093606,0.13692798,0.806178549,0.25228442,0.0140197554,0.00516389552,0.133311884,0.20874267,0.560301348,0.0596528032,0.50873285,0.0275009681,0.115584429,0.725403608,0.308237351,0.196970002,0.165813677,0.106623553,0.0839273502,0.215064188,0.0696202959,0.540449438,0.107484631,0.0422811952,0.182545614,0.272486263,0.345079634,0.13301123,0.0484985115,0.0508474649,0.379899302,0.0110848376,0.81773266,0.423363673,0.076078138,0.165702634,0.0270774697,0.528538034,0.0213345376,0.654088262,0.653230436,0.651196304
0.11249681,0.547169474,0.560477715,0.320286448,0.0974393077,0.0124470973,0.667773825,0.0721524343,0.54805235,0.18719046,0.145888543,0.35290187,0.163840345,0.0823339233,0.658694658,0.0159744744,0.316997874,0.0681293704,0.0273141432,0.977361413,0.00478978296,0.110779409,0.0126786497,0.0263422767,0.585909514,0.305711034,0.0259414455,0.0764774584,0.0531055441,0.230130923,0.139064993,0.627595946,0.0239520638,0.49994975,0.813976051,0.764951562,0.189878533,0.0559754544,0.014271535,0.123501556,0.091429421,0.32870116,0.307725725,0.229865535,0.923137839,0.0800197472,0.191945138,0.69515614,0.0105061985,0.799375253,0.737943055,0.0655522192,0.083353592,0.0997190656,0.215395386,0.299653433,0.281269572,0.00922212648,0.116296018,0.131447478,0.804846143,0.254316331,0.0146672919,0.00506942975,0.144196352,0.211902317,0.56249931,0.0609845476,0.516453751,0.0249209039,0.114621591,0.717709328,0.308000091,0.201825831,0.164744264,0.105693215,0.0863309483,0.227425634,0.0683171688,0.551208596,0.10905141,0.0431997635,0.186427737,0.272046816,0.354562343,0.132870667,0.0497791803,0.0430621871,0.379990511,0.010701542,0.822129194,0.425644801,0.0863486637,0.166122294,0.0243792438,0.517583609,0.0171635128,0.663896907,0.645223466,0.655928513
0.115560365,0.541801927,0.565480598,0.322896796,0.10274696,0.0118343268,0.672079087,0.0728245156,0.549584473,0.179983232,0.150395839,0.360803999,0.174657825,0.0788293028,0.66971566,0.0185451213,0.315975765,0.0626417613,0.0278195495,0.978978979,0.00445959517,0.10782718,0.0137468763,0.025900528,0.587147828,0.304516057,0.0247319915,0.0745461797,0.0600947351,0.238011939,0.137863481,0.629599171,0.0193548152,0.49917395,0.825123182,0.765796433,0.188528871,0.0547055852,0.0157355449,0.124221192,0.0875415864,0.32865435,0.304807153,0.233359032,0.921246856,0.0799347444,0.190732705,0.698262469,0.0104366616,0.798108183,0.7393924,0.0665685634,0.0846942084,0.0965675779,0.218671119,0.30512579,0.29207618,0.00864440018,0.117312464,0.124272623,0.799170625,0.257225379,0.01586142,0.00502951905,0.147068023,0.212255674,0.593366313,0.0634950188,0.51325968,0.0250195079,0.123401077,0.712328419,0.309381836,0.212467327,0.158090081,0.111959384,0.0937186348,0.239002921,0.06484966,0.565984224,0.110764694,0.0431795315,0.180420191,0.272818916,0.36267889,0.135390128,0.0517015784,0.039364638,0.375880877,0.00960384096,0.821624325,0.426571323,0.0944171136,0.171643657,0.0221827985,0.521690788,0.0182449913,0.671132388,0.651130745,0.656885946
0.112880467,0.547723333,0.568823569,0.329777147,0.110776054,0.0110867432,0.673707606,0.077215775,0.552255426,0.173634239,0.137055808,0.359221044,0.181398915,0.0720499558,0.682240772,0.0209760268,0.310046774,0.06212126,0.0275482361,0.976831085,0.0043433771,0.109445518,0.0135315094,0.0242555942,0.597020959,0.303541641,0.0303797029,0.0744259628,0.0565661988,0.242248378,0.144066302,0.630056969,0.0205905248,0.502598845,0.833068085,0.757494972,0.19243696,0.055808683,0.0167928042,0.130381547,0.0804205387,0.330765013,0.304992936,0.231945551,0.924436384,0.0801514988,0.187840746,0.69489544,0.0102016247,0.802890383,0.740380155,0.071351136,0.0892307521,0.0905979619,0.217939972,0.312871442,0.287761204,0.00868878253,0.115187498,0.123431938,0.798286998,0.256192967,0.0182793047,0.00431685776,0.146290767,0.208358541,0.581560824,0.0647214294,0.517423319,0.0225607469,0.128576752,0.693473054,0.305704302,0.221790099,0.159057775,0.108739853,0.0987916428,0.241455238,0.0690101466,0.586856962,0.115755442,0.0405226344,0.183807432,0.269362234,0.367756691,0.140166827,0.049618311,0.0336105203,0.382594597,0.00930026603,0.82380126,0.439445351,0.09733447,0.176348823,0.0224331499,0.514523444,0.0145735121,0.682718854,0.651984735,0.656255203
0.111422915,0.548348251,0.574045523,0.327766752,0.113280226,0.0112601758,0.677573983,0.0752947206,0.556748479,0.178403019,0.138497578,0.357618689,0.186472197,0.0713026079,0.697651513,0.0237556611,0.309786152,0.0634226658,0.0327227901,0.97758496,0.00430924966,0.104739395,0.0140875932,0.0229221636,0.604335889,0.308838261,0.0334447967,0.0728463875,0.057536464,0.246407073,0.146920097,0.633969312,0.0177761206,0.506838473,0.836612551,0.745901285,0.193527036,0.0537946567,0.0176334086,0.132806632,0.0833110009,0.334122572,0.303325111,0.234105207,0.92118571,0.0781715954,0.184918165,0.687796948,0.0093958105,0.803319667,0.74695362,0.0781305759,0.0925799812,0.083781357,0.221058175,0.319448996,0.295166723,0.00977199351,0.116287532,0.119358108,0.790042672,0.254819933,0.0171088554,0.00423280352,0.147671001,0.205342736,0.580189642,0.0656866292,0.522610467,0.0222879807,0.139474682,0.686635872,0.304329457,0.237357578,0.167699003,0.106843914,0.0998727435,0.248555038,0.0682619601,0.578475138,0.106289318,0.0360465633,0.186154966,0.260321957,0.378084524,0.138668031,0.049798296,0.0322468514,0.391151928,0.0100770562,0.825544306,0.433735054,0.101181065,0.188958845,0.0245554892,0.516134601,0.0138888954,0.693730698,0.66202104,0.654746654
0.106440408,0.548405364,0.582016252,0.33923495,0.120685169,0.0116917256,0.681202596,0.0797950555,0.552094959,0.184376459,0.129496347,0.358572561,0.192732575,0.0697198286,0.699733893,0.0237489329,0.32383381,0.0572580508,0.0319226386,0.979403443,0.00399600144,0.102112663,0.0155213066,0.0221966495,0.613133628,0.314628333,0.0349915288,0.0721710928,0.0631523352,0.24523484,0.15218934,0.6290803,0.0196226441,0.512972573,0.836090017,0.732095353,0.198885322,0.0567485,0.017398218,0.139375137,0.0804290445,0.331106803,0.311680806,0.237433451,0.921591881,0.0840488933,0.179532048,0.685137026,0.0105475175,0.809490689,0.746579167,0.077351916,0.0952007457,0.0837905713,0.226727841,0.324818951,0.297101627,0.0095579399,0.120821256,0.115540522,0.792693112,0.249027764,0.0165669924,0.00358196621,0.16498012,0.202729082,0.572430221,0.0667163751,0.529021699,0.0240288,0.148769554,0.697975088,0.308436208,0.251242228,0.165556637,0.102588213,0.103385455,0.246325398,0.0712173657,0.598913271,0.11011617,0.0342942565,0.18607964,0.260361603,0.387685598,0.141382627,0.0528330163,0.0326012029,0.397209249,0.0104986966,0.821849081,0.435446626,0.112021876,0.198405208,0.0240284426,0.517125362,0.0143442556,0.698521096,0.668464129,0.654889258
0.10708731,0.559934107,0.592050202,0.339251431,0.126117763,0.0116527923,0.674975292,0.0779514616,0.550441538,0.190164355,0.114219018,0.371671612,0.194419181,0.0718664584,0.706354175,0.0236986472,0.319888301,0.0547368782,0.0329434336,0.977181197,0.00375939916,0.0979214215,0.0155858144,0.0194762725,0.62075339,0.311796023,0.0372750716,0.0750202728,0.060683297,0.254980335,0.158996738,0.639307245,0.0218023312,0.51467593,0.844350413,0.708115545,0.204714236,0.0593220618,0.0173233263,0.144786287,0.080881115,0.330174466,0.312901639,0.243670973,0.921324987,0.0867014122,0.175120201,0.681637346,0.0105882313,0.816356172,0.753281021,0.0781250098,0.0993406468,0.0875141894,0.226601341,0.330955969,0.302794085,0.0102848163,0.124327517,0.109929015,0.786193483,0.251231077,0.016182075,0.00375156264,0.169056211,0.203773894,0.54196623,0.062059944,0.539485674,0.0264658359,0.155589203,0.674010945,0.307736846,0.265924289,0.167691647,0.099770094,0.106695128,0.242117905,0.0727694095,0.614044271,0.110409544,0.0324739152,0.183615828,0.251237057,0.389834072,0.145004922,0.051254599,0.0341216464,0.399625838,0.00907759802,0.81833509,0.432827397,0.121270186,0.206000659,0.0230290126,0.515034022,0.0139832217,0.710312883,0.671290746,0.656017675
0.109198829,0.555791471,0.600920081,0.342019506,0.130377283,0.0113106394,0.668405619,0.0806484768,0.556141957,0.189064407,0.101851888,0.367863156,0.198240628,0.0743532128,0.708581257,0.022947154,0.325068066,0.0546895068,0.0363417355,0.978505309,0.00477746497,0.0936671762,0.0166666754,0.0197987647,0.629607054,0.315694044,0.0398798768,0.0763556016,0.0611742184,0.263394482,0.159991577,0.643498429,0.0200831032,0.51529453,0.847723617,0.693189074,0.202755199,0.064262007,0.0184937667,0.14867134,0.081549846,0.346720812,0.309171053,0.251160748,0.922696304,0.09065097,0.171218262,0.67751244,0.0100349965,0.82242501,0.751987598,0.0819348271,0.0980222978,0.0826666,0.228836064,0.343539501,0.294615067,0.00960031607,0.125073767,0.106918878,0.789539817,0.25807818,0.016996481,0.00427699024,0.172453817,0.202869807,0.540539993,0.0644510164,0.545393341,0.0259395324,0.161963833,0.670964479,0.314161982,0.268899883,0.168962301,0.0975076642,0.109744763,0.238039834,0.0710159757,0.609342747,0.113155441,0.0315181761,0.202665767,0.251648378,0.396010018,0.145521506,0.0509716669,0.0365458835,0.402300238,0.0090431693,0.818543941,0.444305401,0.124808051,0.209943384,0.0228394939,0.522817146,0.014335521,0.715520555,0.677282858,0.662819915
0.109441603,0.565917137,0.607330538,0.341806173,0.13078139,0.0111111101,0.673205649,0.0800371644,0.558578242,0.192940765,0.102272697,0.365417769,0.197514126,0.0765464706,0.713225954,0.0227893034,0.328340907,0.0580636558,0.0365361626,0.978576134,0.00475832583,0.0862241044,0.0155810203,0.0183412893,0.623164601,0.313341068,0.0353871298,0.0733254162,0.0669557295,0.273404397,0.167760135,0.647588898,0.0165540479,0.525138419,0.860055644,0.688685201,0.199543858,0.065660699,0.0200994581,0.15659542,0.0776579806,0.353664367,0.308653701,0.257741625,0.921274579,0.0964825904,0.167973806,0.672056136,0.0112679168,0.826278003,0.756643532,0.079530702,0.101078251,0.0788776985,0.23221103,0.341473521,0.294399693,0.0116600876,0.129824521,0.104352652,0.783479022,0.268607543,0.0173381399,0.00426482607,0.173255296,0.20452156,0.515723612,0.0630646672,0.550869646,0.0240147781,0.175619782,0.667785594,0.314868254,0.267089672,0.17421847,0.0966838781,0.121579677,0.245125165,0.0679392531,0.603599174,0.113787424,0.0329184103,0.215608079,0.248486175,0.397836366,0.143187277,0.0498638349,0.0385822066,0.410673337,0.00897850309,0.824399671,0.454471724,0.133587695,0.221555699,0.0230054867,0.530690779,0.0154403207,0.72489457,0.680833464,0.665915665
0.112231053,0.553686155,0.60624864,0.354046805,0.128540849,0.00995601334,0.666631197,0.0815860869,0.555232624,0.195933315,0.0865800524,0.373236572,0.193533829,0.0805265859,0.716652958,0.0218749674,0.328004964,0.0663024075,0.0379625536,0.979443392,0.00448989711,0.0807926806,0.0151455007,0.0175023619,0.625347655,0.315512687,0.028029734,0.070303216,0.074707309,0.275129068,0.175151401,0.641279778,0.0167873729,0.52221926,0.866242283,0.672121019,0.196366539,0.0701010562,0.021232573,0.163119685,0.0759041437,0.361893193,0.311987555,0.265502981,0.921202676,0.095850782,0.17314071,0.666304547,0.0113013771,0.838612661,0.761532502,0.0797194388,0.104914604,0.0788038642,0.235161823,0.348305447,0.296198411,0.011067965,0.133191528,0.103977735,0.781848799,0.264143783,0.0168652954,0.00459632017,0.187328853,0.205147264,0.535714126,0.0621837262,0.554791315,0.0260290667,0.183684992,0.661327625,0.320080832,0.290593425,0.170883309,0.0956663798,0.126322458,0.245739255,0.0714961625,0.621928153,0.113516841,0.0343872039,0.21956661,0.246949008,0.407499665,0.142770247,0.052212314,0.0368097544,0.420374058,0.00759381021,0.82280235,0.453884962,0.156505231,0.230002434,0.0259132683,0.543062235,0.014738843,0.723960242,0.685627067,0.661153408
0.115100299,0.554934139,0.606567626,0.354291942,0.1235881,0.0102482322,0.663021625,0.0874767543,0.559344437,0.193267094,0.0736841606,0.386383239,0.190476,0.0871639446,0.729330028,0.0203749384,0.330214722,0.0723165285,0.0366399299,0.979153737,0.0052070405,0.0802906795,0.0146562992,0.01760123,0.631521442,0.321414782,0.0271653051,0.0678353882,0.0791781159,0.282016089,0.183426969,0.648237474,0.0123992536,0.526572465,0.873136678,0.657216264,0.1920295,0.0764279257,0.0227371467,0.174697075,0.079123432,0.371637909,0.322502358,0.264755476,0.92332332,0.0960998979,0.171976339,0.662869718,0.0106909677,0.846017222,0.765493935,0.077189663,0.105773319,0.076733277,0.228875095,0.345654439,0.299812518,0.011416419,0.135981524,0.0969951262,0.780799201,0.267002728,0.0153574995,0.00417827468,0.188500828,0.211689919,0.535269401,0.0630266723,0.564253788,0.0260922365,0.18162948,0.65653188,0.31710043,0.303727265,0.172219629,0.0935136507,0.135852306,0.248736532,0.0711761015,0.6230836,0.115047065,0.0342792865,0.216125048,0.245731316,0.410185238,0.14001886,0.0503442315,0.0334506747,0.422105902,0.00864342477,0.823406635,0.457446584,0.168656694,0.226923206,0.0285774637,0.559018295,0.0147492132,0.725016963,0.688676549,0.660839576
0.126352475,0.556590364,0.613879914,0.363577962,0.128783818,0.00915381953,0.653052665,0.0900892168,0.56294435,0.202502244,0.0788954624,0.390685486,0.183431783,0.0897177958,0.730451984,0.0202033906,0.328328242,0.0804921813,0.0344661183,0.980570707,0.00525687007,0.0736592115,0.0136180525,0.0185851226,0.629833995,0.32384964,0.0300925421,0.064588785,0.090491516,0.287960589,0.190064693,0.646774687,0.0107270663,0.527017231,0.871315121,0.650859542,0.184525493,0.0770766456,0.0246440239,0.183333625,0.0776172019,0.37925806,0.322028998,0.267804866,0.925443883,0.0976906902,0.169190526,0.666025743,0.0111881811,0.852849048,0.774564406,0.0708989906,0.112170076,0.0831380267,0.225272517,0.348852044,0.305568233,0.0128303336,0.133860672,0.0959208235,0.772885279,0.268343535,0.0168567143,0.00438596614,0.189734754,0.225974653,0.552829681,0.066851419,0.569564487,0.027124065,0.178665662,0.657687876,0.321250386,0.300057299,0.167407798,0.0941635111,0.138529857,0.256246882,0.0731533836,0.614166797,0.116297525,0.0349705114,0.225419646,0.247475534,0.411291213,0.133920039,0.0506507962,0.027666868,0.435973636,0.00888953401,0.828049817,0.467494499,0.183732388,0.235904269,0.031896546,0.560987074,0.013669059,0.731631312,0.692338138,0.661546467
0.126553935,0.556237931,0.614113638,0.364561425,0.125286341,0.0092206317,0.657871335,0.090365127,0.568864233,0.206901625,0.0942698782,0.403156557,0.176957824,0.0926452675,0.741572466,0.0200584261,0.327949318,0.080944603,0.035318217,0.977923623,0.00468384066,0.0733685831,0.013662258,0.0226666589,0.625894073,0.331242367,0.0302114976,0.0607302939,0.0898596348,0.293931582,0.201369238,0.654043746,0.00971428174,0.5319972,0.878773868,0.639776261,0.17707131,0.0803357215,0.0242203624,0.193147852,0.0756315184,0.383372932,0.326656881,0.266240164,0.925555362,0.101717862,0.162354279,0.662123762,0.0102396528,0.859521676,0.783623311,0.0712897923,0.114654236,0.0851561634,0.227696487,0.34648056,0.320826072,0.0134048368,0.130692016,0.0960355222,0.767440725,0.273826422,0.0185773456,0.00397693381,0.194946851,0.234261498,0.557223149,0.0715272952,0.580836962,0.0268860258,0.176168668,0.651716763,0.319647843,0.303176368,0.165716777,0.0918406195,0.144645875,0.271264895,0.0727554452,0.620341541,0.112815523,0.0364645571,0.233471266,0.255836774,0.416430022,0.131977296,0.0498320528,0.0256622648,0.446644023,0.0104620589,0.827297805,0.473068868,0.199650681,0.242445032,0.0372112914,0.575807341,0.016157637,0.731399725,0.690245708,0.665164006
0.133269518,0.564577384,0.599287452,0.376576029,0.126673334,0.00732080195,0.667413548,0.09119495,0.577637473,0.207573043,0.10270274,0.399529639,0.175675423,0.0948831622,0.745845194,0.0191646284,0.337964174,0.0875175915,0.0353228159,0.97497017,0.00462107276,0.0695133839,0.0147173891,0.0212059968,0.631543476,0.339134922,0.031531558,0.0570851413,0.100844028,0.285876018,0.204434618,0.654375969,0.00773053678,0.533286382,0.874701356,0.641978706,0.171588979,0.080678461,0.0259609218,0.200196217,0.0764265073,0.387433027,0.337730584,0.265666769,0.929859838,0.103422579,0.159454855,0.664127442,0.00849302609,0.861340128,0.788079588,0.0706442913,0.118654427,0.0826981909,0.225406206,0.344125301,0.321710512,0.0116848943,0.131770665,0.100452964,0.766146189,0.277046157,0.020894438,0.00392927668,0.198457345,0.239978282,0.57733791,0.070957583,0.583454869,0.024404499,0.17957599,0.65168566,0.319579606,0.291989248,0.177643028,0.0957325147,0.14978253,0.280472155,0.0764802713,0.629213595,0.114921954,0.0392918627,0.237119685,0.252115102,0.419345976,0.131965623,0.0504224483,0.0234375051,0.456776524,0.00933104107,0.831485063,0.475238449,0.197895318,0.241927309,0.0431992935,0.580555838,0.012495597,0.740712641,0.690443278,0.667183936
0.139278955,0.572093343,0.595710391,0.382022226,0.128096012,0.00629202963,0.66949129,0.0985494158,0.574988273,0.202519452,0.125220422,0.393626332,0.174630913,0.0974707231,0.74928204,0.018300657,0.340579648,0.0923311345,0.0397213325,0.981449276,0.00457560908,0.066169151,0.0140150089,0.0191210587,0.635191453,0.342594473,0.0357414309,0.0530160849,0.112423128,0.275786509,0.201842272,0.651356284,0.00596205851,0.527132432,0.877022935,0.644113177,0.167715689,0.0790774301,0.0252966115,0.209075078,0.0721673862,0.402170912,0.345974562,0.263265499,0.934257501,0.108547696,0.156961229,0.663182409,0.0072210092,0.866422974,0.796407376,0.0739289245,0.121196754,0.0819953766,0.22338592,0.342747054,0.326163366,0.010131336,0.131530221,0.102222211,0.760641593,0.277461399,0.0216506758,0.00330867977,0.196239071,0.246505821,0.590082316,0.0742709951,0.5853448,0.0214451848,0.171633163,0.661325435,0.314778029,0.283725753,0.185582738,0.0905702849,0.158577481,0.282681404,0.0787456771,0.632142421,0.116737932,0.0371452376,0.242371922,0.257313368,0.42236148,0.134724136,0.0512647887,0.0236178451,0.465599058,0.0100141022,0.835932564,0.472952275,0.205465671,0.239275575,0.0475987255,0.592087489,0.0110556295,0.737522234,0.694532315,0.676420722
0.148237581,0.576100279,0.592945072,0.390890944,0.134179317,0.00748503002,0.676288229,0.097600082,0.577735158,0.204747415,0.145104933,0.401898071,0.164199156,0.102117844,0.753566972,0.0193009665,0.340494989,0.098389706,0.040847675,0.983212088,0.00363801321,0.0596701752,0.0155851766,0.0207518637,0.640902613,0.352489102,0.0389611038,0.0515520909,0.118220274,0.269313452,0.205779135,0.658643564,0.00653238409,0.520716266,0.869520763,0.65349832,0.165059283,0.0764292,0.025378401,0.215005253,0.0694864552,0.408853438,0.356527676,0.26929643,0.934329837,0.116235105,0.149739803,0.670175725,0.00661229855,0.871741174,0.798818885,0.0802180506,0.123580889,0.0790454604,0.223497909,0.345908081,0.33470701,0.0112638345,0.129520801,0.105613797,0.760179094,0.278827231,0.023211257,0.00307160296,0.196159204,0.250297372,0.605136415,0.0799040486,0.596913556,0.0180519476,0.169000264,0.665384405,0.316182697,0.288983117,0.193681924,0.0884729011,0.160332112,0.296749514,0.0780852692,0.644071619,0.119694946,0.0353134266,0.249999777,0.251388859,0.430344853,0.143158461,0.0504101029,0.0263866806,0.470473841,0.010290389,0.846365151,0.474315106,0.20131109,0.238914243,0.0534962998,0.588010777,0.0100322387,0.73919856,0.704262826,0.679744256
0.157072507,0.591355808,0.591016316,0.392981738,0.139411988,0.00772281704,0.678171524,0.0955612772,0.573649683,0.204647378,0.152777647,0.40235797,0.163143943,0.106704688,0.758026984,0.020015448,0.343065743,0.100165324,0.0447684595,0.983642333,0.00389997088,0.0585774062,0.0145650506,0.0194301728,0.640791633,0.354915683,0.049883127,0.0495213424,0.123324987,0.270457838,0.210463363,0.662313429,0.00782937219,0.518361485,0.867995749,0.6665913,0.161836238,0.0788031826,0.0242739459,0.224465546,0.0663675692,0.42069773,0.369485937,0.27190207,0.934403395,0.124963403,0.148242355,0.676388906,0.00602146046,0.87772192,0.806909782,0.0832022516,0.12926839,0.0764355005,0.225252491,0.348928678,0.335772875,0.0118465537,0.132710492,0.113513698,0.758743754,0.282516786,0.0259400216,0.00260165493,0.197135806,0.256119433,0.61661593,0.082517727,0.602230461,0.0145061063,0.171641764,0.646624636,0.313397348,0.286537673,0.197342006,0.0858623794,0.16500471,0.305126466,0.0795687177,0.650360063,0.128461701,0.0356476052,0.258439212,0.255899229,0.441648138,0.145954099,0.0506596218,0.0262321153,0.483214813,0.0101984561,0.848288079,0.480125641,0.204238756,0.239018353,0.0543705595,0.585591374,0.00879972799,0.745428765,0.713803995,0.691792887
0.164511337,0.600889103,0.581435597,0.395729187,0.136522643,0.00769862151,0.686518271,0.0900998884,0.571288525,0.205696283,0.159857696,0.396009455,0.161261144,0.106265942,0.758740819,0.0199023945,0.350676141,0.110662442,0.0481124213,0.983792522,0.00402055442,0.054723992,0.0157519425,0.0165620134,0.644417452,0.36802566,0.0497552724,0.0486466828,0.128536236,0.269059744,0.211249829,0.663417908,0.00993021516,0.511211529,0.869565254,0.667621998,0.156170389,0.0733501332,0.0247961697,0.229481967,0.0663408179,0.434262541,0.367969059,0.272889971,0.9377643,0.126145438,0.141246848,0.684001501,0.00426530211,0.882599208,0.811763744,0.0881255445,0.132851974,0.0755342396,0.22287393,0.347953089,0.352038539,0.0137114871,0.135252646,0.1146762,0.764268024,0.28052554,0.0279665659,0.00291998882,0.192121237,0.261777436,0.610058371,0.0816257286,0.612278939,0.0121113538,0.165743174,0.641850757,0.309111238,0.269857995,0.206206434,0.0845983616,0.169223832,0.3094,0.0789237338,0.653869752,0.131331831,0.0361652067,0.263268814,0.256889573,0.448380247,0.148310002,0.0520386577,0.0297055499,0.492354012,0.00907340396,0.845801139,0.485872536,0.206508166,0.242304415,0.0598815917,0.576940309,0.00741786815,0.739022664,0.720347419,0.694849721
0.164189821,0.605034268,0.57370166,0.402541754,0.142840041,0.00814937319,0.687782678,0.0889034726,0.565857787,0.205889667,0.155172364,0.390209922,0.16016012,0.112784102,0.758118163,0.0215845033,0.35505087,0.113397122,0.0486606625,0.986170217,0.00289081233,0.0515463204,0.0148743696,0.0157965773,0.644396624,0.372758477,0.0580807906,0.0462691712,0.133119515,0.263393956,0.210736002,0.667520275,0.0111398931,0.510569127,0.869212755,0.666596053,0.156213422,0.0738905902,0.0258226039,0.234178384,0.0668033401,0.442870698,0.370142264,0.269574233,0.939731769,0.132183915,0.140862024,0.68956291,0.00386017226,0.892013707,0.813222162,0.094547709,0.137524407,0.0702419449,0.224669883,0.351312632,0.343620616,0.013493257,0.136102611,0.121010809,0.773972709,0.280831564,0.0306193006,0.00312438806,0.185093267,0.269736956,0.60376002,0.0793149393,0.614959098,0.00912017889,0.173273857,0.64202353,0.314759357,0.26687283,0.207076963,0.08391355,0.171823002,0.311703561,0.074278077,0.652147637,0.136104592,0.038690461,0.264720564,0.255079087,0.461837908,0.154274719,0.0481261742,0.0291951526,0.494129739,0.00821244129,0.851313117,0.497872338,0.201429022,0.249607539,0.0645229098,0.575348435,0.00622621317,0.731023781,0.723028621,0.689771519
0.167379157,0.606450052,0.574830985,0.415186928,0.150419216,0.00824949232,0.694558519,0.0877406755,0.571140346,0.198690464,0.164021355,0.386167435,0.159107506,0.11714498,0.753573934,0.0216733635,0.352239052,0.118534427,0.0527613088,0.987113393,0.00262123131,0.0519561539,0.0162377466,0.0149044931,0.643048197,0.379844365,0.0619765337,0.0407083249,0.133040411,0.259380199,0.221060709,0.674499053,0.0129375843,0.504007383,0.866636989,0.66728932,0.153499322,0.0702259133,0.02751212,0.242157948,0.062262646,0.453226337,0.377207637,0.279653147,0.939256515,0.13096247,0.140897151,0.689893956,0.00301010349,0.895566206,0.818720161,0.0979010117,0.14000002,0.0723158026,0.225358276,0.34825512,0.338264711,0.0134529178,0.141655523,0.124254415,0.783744785,0.283099237,0.0337250676,0.00349786588,0.179484283,0.272079916,0.607681276,0.0779474175,0.622268395,0.00941386169,0.178413332,0.644003928,0.315771148,0.257848549,0.210504441,0.081374426,0.173070777,0.309700235,0.0732504307,0.646726103,0.137394298,0.0392131679,0.265587426,0.254938532,0.465952249,0.156032283,0.0453074385,0.0307570399,0.494057529,0.00700243028,0.848205109,0.503890533,0.190507626,0.253208857,0.0680573435,0.586451733,0.00657894092,0.730800739,0.725019505,0.693863832
0.170010937,0.613198902,0.579107647,0.413508656,0.160359262,0.010491604,0.689994051,0.0899999161,0.579493207,0.205470907,0.171506217,0.40264691,0.157980146,0.125728204,0.757679911,0.0218742139,0.353950845,0.114730063,0.0554169801,0.989738313,0.00281690319,0.0510678224,0.0179083076,0.0129963958,0.639414947,0.380721582,0.0671902134,0.0432868561,0.131339142,0.264936852,0.224967051,0.680518462,0.0148707898,0.506794007,0.874669154,0.66430285,0.153159851,0.0650623263,0.024493217,0.249438764,0.060109942,0.457829379,0.379829066,0.277538503,0.938172765,0.131849428,0.139651467,0.69758419,0.00284028713,0.902019285,0.82136956,0.100781255,0.143954149,0.0715479216,0.23095383,0.353641662,0.336538384,0.0142961916,0.143660826,0.132898781,0.787521985,0.28444988,0.0383640151,0.00346753838,0.178661659,0.287049914,0.605757352,0.0795564384,0.626348172,0.00648414953,0.183439091,0.654298459,0.316444569,0.259644604,0.21698894,0.0782960518,0.178749146,0.305469372,0.0724326233,0.660745033,0.146537666,0.0462628857,0.270931423,0.261739878,0.473953977,0.15734033,0.0432930133,0.0289893601,0.49166488,0.00764364461,0.84730867,0.50594597,0.190349866,0.258473677,0.0721338888,0.585588994,0.00622621417,0.73180675,0.726485781,0.697202157
0.177483057,0.616809946,0.582128472,0.418893834,0.163502233,0.0119612514,0.696269579,0.0854361693,0.583704071,0.210532409,0.18073435,0.406852006,0.160835651,0.133013503,0.763770056,0.025042368,0.348979869,0.116687034,0.0591010621,0.991556733,0.0027777783,0.0502749882,0.0175330084,0.0135156444,0.634535834,0.385089264,0.0611888542,0.0420882017,0.130015693,0.271712175,0.232593096,0.683388498,0.0176274457,0.508480661,0.875844878,0.677979564,0.149032411,0.0683355456,0.0223909368,0.259072678,0.0610855716,0.465205387,0.380650624,0.270094346,0.937942072,0.133416822,0.135999003,0.691738838,0.00243902313,0.905024984,0.819941304,0.102936507,0.143990828,0.0702909265,0.235391386,0.356648073,0.342893606,0.0162481484,0.143890034,0.144327039,0.789638025,0.288779184,0.0403428766,0.00346087245,0.172527157,0.292390624,0.604594727,0.0853619892,0.638938879,0.00752419024,0.188378362,0.655796818,0.322695651,0.260632521,0.229868449,0.076374076,0.182238905,0.307953302,0.073507377,0.658234773,0.147264854,0.0475581941,0.272558892,0.260808271,0.484890821,0.159778582,0.0384299151,0.0301746952,0.488904983,0.00923035931,0.848318948,0.504317555,0.194389446,0.26243558,0.0820139939,0.583405383,0.00616439384,0.733200676,0.72504554,0.702661033
0.182760189,0.616581726,0.587823577,0.414760171,0.160820562,0.013673016,0.70312007,0.0837927552,0.590554072,0.210641523,0.188324019,0.419678232,0.168076244,0.139969135,0.775436837,0.0266146441,0.339879926,0.115658765,0.0616963153,0.99198718,0.00312434923,0.0475749496,0.0170298241,0.0126320693,0.634077274,0.387307914,0.0615384184,0.0476618019,0.129146989,0.27374773,0.237485253,0.689976831,0.0183738978,0.510620668,0.87605711,0.678857273,0.147573165,0.0749656203,0.0227254846,0.262986855,0.0624715787,0.462075017,0.385706666,0.271019892,0.941031263,0.133748321,0.134856719,0.688646807,0.00342544359,0.908766066,0.821532039,0.0983296481,0.142783332,0.0698943338,0.246249151,0.360461239,0.352002782,0.0171967355,0.142640993,0.155390487,0.798379352,0.296483617,0.042480685,0.00425367518,0.16559745,0.302763345,0.59252439,0.0894855212,0.636511376,0.00689155298,0.194877202,0.653501331,0.332936926,0.268126812,0.235459139,0.0737122983,0.178042195,0.309061374,0.0757194306,0.651682446,0.147582358,0.0517241895,0.274291239,0.265393847,0.503187549,0.159728302,0.0373408614,0.0312332115,0.490305075,0.0105880274,0.853973514,0.497749029,0.196474949,0.272317644,0.0925765634,0.578460962,0.0051107372,0.73009035,0.72596572,0.703510087
0.183386316,0.620808422,0.59670666,0.405330643,0.162950833,0.0157495633,0.706689236,0.0870607265,0.599635419,0.216843503,0.198874099,0.428469785,0.173312293,0.148778512,0.779107047,0.0288118873,0.341240387,0.119447109,0.0643897574,0.992896171,0.00290095326,0.0460385188,0.0155315273,0.0142369073,0.635421966,0.397248869,0.057798106,0.0483170701,0.1326689,0.278762067,0.243338354,0.690625179,0.0207768573,0.517472342,0.886670454,0.678717433,0.143057694,0.0801490768,0.0211991572,0.269531013,0.0623000265,0.467431608,0.397329703,0.272626332,0.941007394,0.131725729,0.135574924,0.689441005,0.00468250311,0.910142584,0.823695078,0.0938204469,0.145911981,0.0699693014,0.247595991,0.371885519,0.350487229,0.0181443887,0.141532289,0.163472521,0.799902534,0.301491954,0.0427118239,0.00438763723,0.162989793,0.30790817,0.567856631,0.0957849289,0.641929115,0.00661278328,0.196291549,0.653473918,0.339040263,0.277501355,0.247408394,0.0742503526,0.173856374,0.302979921,0.0826688968,0.651150362,0.149655318,0.0526048581,0.276437249,0.263410109,0.507365253,0.162168026,0.0331531386,0.0314875019,0.49156935,0.0134957823,0.852519979,0.494054679,0.202772806,0.275391342,0.101860062,0.587886261,0.00642977868,0.728308636,0.728507716,0.706568808
0.190692511,0.622611492,0.599808771,0.399599669,0.168835539,0.0163011869,0.711327775,0.0870609256,0.611093531,0.222125291,0.218146513,0.446844172,0.180117178,0.162792027,0.781804376,0.0300307659,0.335525902,0.120615675,0.0646743175,0.991046452,0.00267710061,0.0461231444,0.01804577,0.0175754839,0.640523874,0.397368571,0.0537228712,0.0502167476,0.132520541,0.275712103,0.247206632,0.695606545,0.0218722897,0.523606114,0.887743674,0.686932389,0.138634541,0.0874126119,0.0205027728,0.265296617,0.0644830677,0.468764963,0.403936526,0.274852395,0.941873689,0.129598788,0.136285334,0.681033174,0.0051570516,0.915774032,0.82541738,0.0939324793,0.145584191,0.0698832796,0.248119062,0.374360279,0.347138016,0.0163472391,0.137455057,0.169969095,0.808639248,0.309774914,0.0425846135,0.0046966726,0.160416406,0.31923698,0.548199991,0.101967581,0.642816106,0.00755287482,0.211669424,0.643999928,0.34339886,0.283381462,0.248824105,0.0769898819,0.173486964,0.305155092,0.0827912205,0.662533028,0.151005724,0.0551672047,0.278937656,0.260174323,0.510013919,0.166992723,0.0278650646,0.0313531334,0.494270181,0.0150666023,0.859699913,0.490634584,0.190751216,0.280083389,0.114386334,0.594776929,0.0056666671,0.727077031,0.733742322,0.711963173
0.196961393,0.627222657,0.607274054,0.395059062,0.169543023,0.0177803873,0.707083813,0.0846792093,0.62057559,0.226437515,0.237374058,0.460741933,0.190093307,0.170895643,0.784971991,0.0280611972,0.344514954,0.122151932,0.0693634815,0.988901223,0.00285481317,0.0442827262,0.0183558373,0.0204398824,0.63433295,0.406875859,0.0478469282,0.0566002706,0.136073425,0.272444235,0.25530904,0.704534659,0.0220017312,0.525641132,0.897998913,0.700182471,0.137600059,0.0954056494,0.0197400812,0.273900689,0.0643167409,0.462958463,0.417648897,0.288109918,0.941506,0.131160672,0.138486508,0.676661159,0.00614657155,0.915835345,0.827696865,0.0874797248,0.146967236,0.0701062856,0.252009891,0.379692839,0.347773384,0.016427495,0.135745782,0.17450931,0.815054071,0.320357691,0.0440609349,0.00490678265,0.157338933,0.327917776,0.527397046,0.101357695,0.647406907,0.00803366506,0.219218082,0.649507721,0.348052303,0.2908329,0.258339752,0.0827313011,0.177165117,0.302028802,0.0841295894,0.671859001,0.158580536,0.0575825399,0.283864745,0.25791255,0.515743158,0.175410399,0.0265323446,0.0321865045,0.498984434,0.0167578293,0.861100441,0.48336636,0.188775122,0.290998301,0.125000013,0.610020993,0.00668672969,0.723782036,0.737753138,0.72053485
0.20305398,0.633482407,0.608201718,0.401796173,0.168840519,0.019532268,0.712106859,0.0841487576,0.628443252,0.229920691,0.256730528,0.479763968,0.190309573,0.180679668,0.794564907,0.0291340178,0.347685345,0.131013355,0.0708062969,0.984092156,0.00291241888,0.0428271823,0.0219718068,0.0218978495,0.643501083,0.406986651,0.0417881637,0.0551925006,0.133630586,0.282687852,0.255299714,0.707895121,0.0228799429,0.527049747,0.89805554,0.704790709,0.137274456,0.0982846156,0.0210221792,0.285876856,0.0700157387,0.460509902,0.431522346,0.292879447,0.938970993,0.131199078,0.135253221,0.674856321,0.00669535806,0.913227037,0.829563899,0.093739754,0.15075608,0.0699966194,0.255540637,0.382545627,0.346352727,0.0169100756,0.138464919,0.173807094,0.818376984,0.318366293,0.0443327286,0.00494364227,0.156159234,0.331808129,0.505612251,0.109714929,0.636376321,0.0076103611,0.225625077,0.643952859,0.352638434,0.296994305,0.276153773,0.0894518954,0.179498203,0.294413534,0.084666686,0.665368571,0.156743799,0.0579727982,0.282705077,0.265644698,0.515760268,0.183823557,0.0252906835,0.0277935329,0.505625211,0.0180369868,0.8633732,0.482288844,0.188775107,0.290619835,0.132697373,0.61907751,0.00465425839,0.729892822,0.741608894,0.726813502
0.199881328,0.644690601,0.608891258,0.40223426,0.167723215,0.0185074731,0.707343484,0.0826986431,0.641921743,0.220252295,0.257198048,0.486165711,0.187251499,0.185151972,0.797732443,0.0280246577,0.356353603,0.134370181,0.0726729561,0.976947565,0.00294488625,0.043414071,0.0242854241,0.023365553,0.654268015,0.409932053,0.041095815,0.057846754,0.134831464,0.281730879,0.265745458,0.712445829,0.0240165714,0.534068402,0.902746691,0.71793944,0.140677984,0.104195492,0.0231044033,0.288294514,0.0700429898,0.467176784,0.425520943,0.306088207,0.939109567,0.131733506,0.132026827,0.67538388,0.00746988374,0.914576387,0.830493383,0.0955488819,0.153358272,0.0689534114,0.254501957,0.380379863,0.338220375,0.017453019,0.136557867,0.168111559,0.820167329,0.320964293,0.045037791,0.00615201186,0.157685169,0.335540967,0.495637457,0.118937314,0.639940189,0.00732459974,0.238650549,0.634615302,0.349741202,0.323712479,0.298069539,0.0937391842,0.1893289,0.302471193,0.0847703462,0.666162506,0.160614155,0.0593573962,0.283282928,0.263416904,0.51156784,0.186739416,0.0257808235,0.0254957555,0.507759635,0.0213064986,0.86743228,0.48184888,0.197484678,0.299039421,0.132930419,0.628741457,0.00424697842,0.731156527,0.747496147,0.730778164
0.204311284,0.653194648,0.614292238,0.40638026,0.165117116,0.0196138143,0.710983276,0.0815877376,0.648832094,0.214534148,0.259117187,0.479519622,0.185228148,0.190628539,0.797337,0.0291801859,0.358980747,0.133935236,0.0734833271,0.971816298,0.00276419191,0.047270155,0.025969429,0.0241952929,0.672858388,0.407739365,0.0418794856,0.0663991581,0.132868439,0.282465273,0.270104282,0.723585622,0.0251663996,0.533524213,0.90076124,0.71991476,0.141964516,0.116569848,0.024609368,0.296702523,0.0681397704,0.464463162,0.429919643,0.316783217,0.937612525,0.134474477,0.129909868,0.678369567,0.00730014128,0.914380639,0.83860988,0.0988293964,0.151984374,0.0644061782,0.25729239,0.37488204,0.334594092,0.0149169257,0.139046322,0.163665663,0.821059517,0.31955802,0.0432880162,0.00747776489,0.161364947,0.346471098,0.487526963,0.120405049,0.639595538,0.00540330568,0.2584293,0.632697461,0.348212365,0.337129584,0.304922794,0.0998567099,0.200722534,0.303547221,0.0836126875,0.667836757,0.158856945,0.0620034042,0.283613922,0.274120855,0.527887309,0.189770438,0.0261183048,0.0235929452,0.512130417,0.0243193006,0.872968041,0.48828005,0.208868824,0.302531954,0.138721965,0.648571479,0.00482625132,0.740031566,0.752556886,0.732678528
0.209484072,0.654623473,0.616884122,0.413793062,0.167177276,0.019261777,0.705341756,0.0800132814,0.661903694,0.206404452,0.256931371,0.480822647,0.185214992,0.197003343,0.800780606,0.0298855923,0.375518748,0.133728083,0.0728260665,0.963202392,0.00338983173,0.0464255463,0.0289890106,0.0256942746,0.677400316,0.41612584,0.0384614996,0.0736462541,0.141324515,0.280235273,0.276709201,0.732135011,0.0346963801,0.532474096,0.90048006,0.732471551,0.141109154,0.127724123,0.0239410235,0.294037351,0.0698960339,0.459017463,0.434150349,0.32301037,0.934125805,0.141318206,0.12281174,0.683117372,0.00839127033,0.909067401,0.844546424,0.102405583,0.158472575,0.0603106574,0.26056104,0.37217502,0.316193254,0.0142749682,0.142251527,0.158550241,0.829638458,0.312872192,0.0430660252,0.00855049289,0.167700018,0.349501174,0.469279913,0.12080432,0.637320963,0.00464756116,0.267045723,0.616795036,0.351524701,0.352019756,0.320758273,0.108461635,0.217116331,0.314881276,0.083597595,0.675710946,0.162188097,0.0650692866,0.288932078,0.273526831,0.52985244,0.196443455,0.0267803471,0.0231150268,0.521401595,0.0247867215,0.873452046,0.481398685,0.209508199,0.312158868,0.135886409,0.647718623,0.00448429907,0.748269222,0.764028335,0.734632519
0.215604635,0.657606462,0.616813989,0.420190593,0.161759994,0.0196138678,0.705916436,0.0800736122,0.672252943,0.205284729,0.252707231,0.494552052,0.18116435,0.199843704,0.806811793,0.0310522561,0.37890808,0.135187898,0.0748913601,0.95980627,0.00422654329,0.044680254,0.0313175008,0.0263786257,0.681859547,0.416182673,0.0329787619,0.0823149544,0.143592448,0.282622486,0.287893307,0.741921467,0.0386170772,0.541802683,0.902203842,0.743802789,0.138504942,0.135750689,0.0266350188,0.298729867,0.0710774074,0.455888441,0.435589992,0.333533388,0.932049171,0.146631635,0.115692573,0.686826552,0.00748792837,0.908848363,0.853717375,0.110281579,0.159547295,0.0614695816,0.270565965,0.375502216,0.303983417,0.0111409778,0.145821029,0.157582985,0.829787152,0.313259139,0.0445487886,0.00985425024,0.163184853,0.354366405,0.485893512,0.124441587,0.631626603,0.00424710152,0.282599721,0.606060644,0.353377534,0.379692767,0.331264779,0.113109893,0.222666783,0.319461715,0.083279868,0.685952838,0.160995396,0.0682131351,0.292537653,0.280481752,0.531277588,0.202723366,0.0311948666,0.0197123171,0.531117667,0.0272663295,0.875379559,0.480926598,0.20775764,0.317403034,0.140464291,0.657621912,0.00498908868,0.754266967,0.771987788,0.740510056
0.21947685,0.658723315,0.620463669,0.435310368,0.167153839,0.0194124911,0.703936283,0.0791936416,0.68394321,0.198577,0.261904507,0.496504935,0.174313797,0.199238539,0.811982103,0.0314258861,0.387984163,0.135791896,0.0714079481,0.952041799,0.00372747569,0.0462196406,0.0326505663,0.0253451202,0.681965693,0.417785699,0.0327510275,0.0863538703,0.139344314,0.284137942,0.290072103,0.744827473,0.0419693399,0.549898647,0.901441605,0.75115606,0.134076513,0.139662718,0.0272750979,0.297628179,0.0737680144,0.449657194,0.424531407,0.339510658,0.929425358,0.153128804,0.108876432,0.693316617,0.0086559287,0.906491776,0.864719559,0.118025039,0.155957155,0.0557986415,0.275690215,0.374971891,0.295003036,0.0110983572,0.142587547,0.155301093,0.832081307,0.316531534,0.0466226934,0.0103863714,0.162790504,0.358369077,0.473068747,0.124362292,0.637865152,0.00458715764,0.296325542,0.622404685,0.355984715,0.401509113,0.347976933,0.115233776,0.230005182,0.332219826,0.0819973539,0.68816714,0.168929738,0.0645584868,0.28051368,0.286390211,0.544520918,0.206818903,0.0359987901,0.0197300019,0.537258002,0.029302359,0.874523082,0.485149726,0.209583063,0.325001009,0.148034944,0.660241815,0.00467143822,0.766173728,0.783152405,0.743719374
0.227449692,0.653292495,0.623155227,0.438347183,0.167618743,0.0199212021,0.69706421,0.0789354908,0.695894474,0.189462851,0.249999837,0.500666047,0.174651178,0.195514927,0.818599279,0.0345533554,0.398309509,0.137541599,0.0712440875,0.942219188,0.00389902633,0.0459430682,0.0297429249,0.0237424124,0.674172655,0.42139092,0.0370786948,0.0930355146,0.143276735,0.288933917,0.297609775,0.7560424,0.0443958241,0.549890307,0.906655841,0.759829793,0.129567179,0.142768048,0.0271217792,0.307876952,0.0753906553,0.446739636,0.421833981,0.357074795,0.927702313,0.155690752,0.0990669233,0.700989781,0.00933908011,0.907038493,0.871759384,0.119972515,0.163762706,0.0485829909,0.285780979,0.371398159,0.294180967,0.0116545622,0.144569474,0.160440853,0.836692736,0.313966049,0.0492085397,0.0118324615,0.158003833,0.362091866,0.494908578,0.118886841,0.646783697,0.00420489281,0.304096995,0.626072191,0.352704149,0.420436734,0.35037428,0.109124139,0.235763367,0.33663022,0.0816217058,0.696473604,0.172043001,0.065672116,0.282335868,0.291979492,0.551118631,0.212441305,0.0408103971,0.0203873603,0.546674589,0.0318951626,0.872236996,0.485738016,0.203764993,0.33609151,0.149837233,0.657301561,0.00553845452,0.774476832,0.798468762,0.753811944
0.233058491,0.64766299,0.631323689,0.443968458,0.176485553,0.0197774689,0.698828344,0.0819299494,0.7017356,0.188877116,0.248061806,0.509711669,0.166821858,0.199955412,0.820963545,0.03588104,0.414303676,0.144813354,0.0727915882,0.934489068,0.00516208952,0.0461235499,0.0330710879,0.0238506414,0.684763455,0.417145484,0.0320000226,0.0993066798,0.143027519,0.293538168,0.301864468,0.762844163,0.0510230247,0.547320977,0.906167021,0.765603245,0.129125807,0.151527527,0.028502627,0.308883935,0.0792609336,0.4541818,0.422895625,0.365645357,0.927985866,0.163645057,0.0906383658,0.702176398,0.00820056707,0.906469359,0.881249057,0.112542895,0.163021315,0.0442478375,0.2942,0.375717954,0.286068315,0.0108159527,0.146183273,0.164411086,0.834311239,0.316780108,0.0514790178,0.0119974848,0.157851254,0.36392238,0.508366141,0.110158596,0.648782665,0.00347490268,0.314268341,0.622705018,0.358256694,0.431376514,0.360940114,0.109985389,0.239004291,0.345356105,0.0783469654,0.703669127,0.188846501,0.0660559304,0.283409867,0.296514154,0.560321711,0.211996587,0.0467208883,0.0193679945,0.549506423,0.032839915,0.868170616,0.487595733,0.202827345,0.343667432,0.15623744,0.66471432,0.00624219794,0.779095019,0.807535187,0.756762856
0.240332563,0.644669014,0.646607938,0.441128424,0.187819015,0.0188306282,0.693592628,0.081933375,0.708134225,0.190822447,0.249999857,0.511780235,0.170727785,0.198268179,0.82285176,0.0375158922,0.423899678,0.152165341,0.0703042486,0.929362316,0.00598925853,0.0490586034,0.0324611462,0.0211298525,0.68441102,0.418458249,0.0354690738,0.106513734,0.148111572,0.289441478,0.306386589,0.766447794,0.0521807838,0.556214468,0.907866947,0.775473589,0.126036931,0.156782574,0.0286711838,0.310313191,0.0810677936,0.447099411,0.428507177,0.368580433,0.925536428,0.161420793,0.0882575371,0.70763041,0.00694283631,0.907163286,0.88637756,0.11654003,0.16463417,0.0411635194,0.304003411,0.378175769,0.274864579,0.011513764,0.148432604,0.163995652,0.8305318,0.313720968,0.058748821,0.0116743729,0.150763577,0.366404135,0.523740653,0.106873834,0.650845327,0.00390319797,0.316866475,0.612716345,0.363244449,0.436336031,0.373754097,0.104159067,0.241241483,0.357666639,0.0806770559,0.699816058,0.188867744,0.0653090999,0.273868472,0.305230424,0.570236196,0.211009381,0.0497308305,0.0204081676,0.559408061,0.0337995796,0.860154361,0.486747007,0.200262,0.34328044,0.157613198,0.659336446,0.0062092617,0.780218402,0.82488179,0.76786754
0.250760412,0.648367097,0.645148358,0.441393969,0.198909542,0.0209756283,0.689797168,0.0815685855,0.714338779,0.186250439,0.258892855,0.520579524,0.170935185,0.199419711,0.82660475,0.0380866647,0.425146941,0.160407258,0.0691567796,0.9286649,0.00623182296,0.0531605355,0.0340093688,0.023285109,0.692734652,0.421228758,0.0346420428,0.111092993,0.150568179,0.290669771,0.306460457,0.774026549,0.0564298893,0.558303658,0.917139963,0.777913217,0.132771752,0.161253963,0.0297029323,0.310999796,0.086873033,0.441502939,0.437215826,0.37484006,0.922828139,0.160276799,0.08492089,0.717137464,0.00571036975,0.910666846,0.885753271,0.108126715,0.16894143,0.0375227476,0.308508543,0.374816779,0.282483483,0.01120822,0.146538787,0.168490246,0.823495206,0.309154334,0.0620497553,0.0120898052,0.150256329,0.363144145,0.54995288,0.100163206,0.659603816,0.00395570095,0.322451656,0.616559304,0.369786607,0.448320507,0.376180368,0.0998506272,0.236107083,0.366884262,0.0838543554,0.706973472,0.197265888,0.0682024137,0.272452484,0.314193557,0.577369808,0.210890257,0.0581459811,0.0176274389,0.573112928,0.0367112358,0.847541422,0.489480845,0.194244894,0.344384257,0.170472736,0.652679904,0.00650960429,0.784225138,0.835467057,0.778519381
0.257078986,0.651009436,0.658687315,0.437618967,0.209075585,0.0206574676,0.693084154,0.0811285045,0.717964639,0.189343316,0.279182919,0.528127225,0.169640402,0.202444285,0.831067337,0.0452998664,0.433525699,0.162852497,0.0703069867,0.922993528,0.00704370999,0.0558176049,0.0340576201,0.0265965034,0.699406238,0.42329211,0.0370369852,0.116488791,0.155216623,0.289599066,0.308638511,0.781560247,0.0582153023,0.564752155,0.917413524,0.786112189,0.130776057,0.16322073,0.0298795321,0.318664501,0.0911871509,0.44959084,0.440080444,0.386369226,0.922974534,0.153095387,0.0832121309,0.715003235,0.00446628038,0.915670038,0.887805043,0.112391009,0.181807774,0.0384756379,0.320160209,0.375041763,0.288308202,0.0122568101,0.150046706,0.171442487,0.81514938,0.308272239,0.0663808794,0.0115359308,0.152160087,0.359980229,0.573091112,0.104904229,0.669409582,0.00352941434,0.330304745,0.604072445,0.376185232,0.452311369,0.382054701,0.0976620395,0.228710602,0.375108031,0.0832760042,0.707241416,0.206525306,0.0700977218,0.272942773,0.314736987,0.584021036,0.215414579,0.0571349102,0.0173370236,0.578610932,0.0402852927,0.839434111,0.49671785,0.20274693,0.348532357,0.172874472,0.659177888,0.00654613223,0.780059103,0.834932754,0.78673423
0.270562102,0.653727284,0.662258137,0.42476506,0.223022223,0.0209313478,0.703602636,0.0825461372,0.722629766,0.194756695,0.299242436,0.539986599,0.172932172,0.198353018,0.828608742,0.0471748439,0.439935416,0.168747093,0.0737259791,0.914098766,0.00753138638,0.0603245771,0.0323515238,0.0298865402,0.708491268,0.426738986,0.0402611368,0.124364724,0.161575278,0.286348961,0.314520856,0.79195786,0.0562926088,0.569083516,0.91618501,0.796476721,0.131775236,0.171013817,0.0293213604,0.321949686,0.098187633,0.463474705,0.456915132,0.388094111,0.926026444,0.14911882,0.0845360448,0.716180133,0.00412774383,0.918735964,0.888681437,0.115845046,0.178682263,0.0380116891,0.326563424,0.366677486,0.291666845,0.0151694071,0.152428546,0.171287746,0.809079942,0.314765061,0.0678984221,0.0126134153,0.148287832,0.363957691,0.5960475,0.108681757,0.682075176,0.00388349763,0.330184771,0.603703627,0.37279762,0.459161752,0.38145656,0.101865936,0.225633263,0.382890234,0.0794178318,0.692324508,0.215009574,0.0690513736,0.276002965,0.317897118,0.587288495,0.218123244,0.0583242081,0.0162545796,0.598737762,0.0405714692,0.836152117,0.494262899,0.207872537,0.351564184,0.174809801,0.6617342,0.00792895159,0.777392103,0.837731806,0.800835875
0.278189616,0.650152285,0.665235253,0.415495376,0.230637536,0.0201727433,0.707181168,0.0837678294,0.728121599,0.196570303,0.324662338,0.546305017,0.171526144,0.202520654,0.83415257,0.048445299,0.4439734,0.178827076,0.0782039835,0.91098488,0.00825221937,0.0619097877,0.0334940083,0.0321880892,0.721213181,0.434707141,0.036441606,0.130602728,0.157897814,0.280491234,0.322525496,0.798759673,0.0522583394,0.565235559,0.918875,0.806284994,0.134645925,0.172137242,0.0297053099,0.32676641,0.103788728,0.474759768,0.469362541,0.388552822,0.930452297,0.145760114,0.0810730899,0.721336303,0.0026327306,0.918366367,0.886302762,0.118864342,0.177701423,0.0364506687,0.330941397,0.359670748,0.295517319,0.0153102386,0.155498125,0.177127112,0.808492792,0.319421014,0.0722906038,0.0137441731,0.152280672,0.367577903,0.618018202,0.11093148,0.688063737,0.0053578298,0.332316059,0.609914335,0.372138847,0.465374094,0.379820535,0.096183161,0.222500782,0.388873698,0.077466456,0.684381921,0.218499031,0.0729095908,0.280948768,0.328574891,0.587427475,0.222799407,0.065070381,0.0145190589,0.604831185,0.0433827553,0.830189987,0.498357863,0.220103459,0.354270313,0.182844702,0.656843144,0.00842697008,0.778729468,0.83878285,0.810415457
0.291749706,0.658989816,0.677728903,0.406578389,0.234267917,0.0211522681,0.712584908,0.0840559242,0.730617555,0.203158357,0.339924417,0.552493742,0.166710532,0.208534405,0.833954418,0.0526908855,0.442683641,0.180549218,0.0789473827,0.910936217,0.00878885496,0.0654794224,0.0365060351,0.0356024424,0.728324096,0.441679193,0.0354457555,0.134686073,0.154208651,0.28006563,0.326232676,0.806528367,0.049495742,0.569490879,0.92320146,0.812874259,0.134514976,0.172717774,0.029219732,0.331002194,0.108123625,0.482050991,0.473775351,0.384317959,0.928591167,0.142264679,0.0760489197,0.720081571,0.00237222459,0.918082536,0.888528006,0.12031523,0.179089563,0.0394495741,0.331289887,0.364143393,0.297415017,0.0150774303,0.155059477,0.184765412,0.804629301,0.316857029,0.0785664182,0.0148514795,0.163397957,0.36116205,0.626343933,0.104751303,0.686980948,0.00685192251,0.341698737,0.606717736,0.370641925,0.471577455,0.394133051,0.0985108352,0.222099239,0.395261233,0.0750228334,0.68304929,0.223964607,0.0774712249,0.281119116,0.328272718,0.588993903,0.22402522,0.06348567,0.0139013388,0.616495911,0.0476702246,0.828753789,0.499597444,0.231850926,0.361778625,0.176138611,0.659322406,0.00870647579,0.775017604,0.839285533,0.813457972
0.299110726,0.664586934,0.682941829,0.400585432,0.240111079,0.0199487109,0.715713825,0.0858441327,0.733559204,0.202805231,0.375468007,0.562135881,0.165935901,0.213622773,0.835192382,0.0501576415,0.445060087,0.177973655,0.0783259774,0.912162094,0.0107758566,0.0692204233,0.0357313371,0.0372895137,0.733455981,0.434969234,0.0417122533,0.141537169,0.15506015,0.281403938,0.328429958,0.811204937,0.0475578529,0.564581785,0.919905442,0.825056859,0.137333262,0.172828385,0.0270388206,0.329983326,0.107233039,0.486987613,0.482593613,0.387154396,0.933241558,0.141633672,0.0738652933,0.723435703,0.002370687,0.92004794,0.893642003,0.127009624,0.180289287,0.0383345907,0.332293847,0.36678927,0.291642024,0.0130452481,0.158871933,0.189444523,0.798951718,0.319339302,0.0792257593,0.0169797499,0.168720742,0.366051653,0.631533139,0.0999367101,0.701661454,0.00794251368,0.344918433,0.607671613,0.376258718,0.484450516,0.40204011,0.0993388721,0.219046176,0.40425,0.0785480828,0.678887262,0.231481278,0.0823818811,0.286466198,0.327178315,0.591441556,0.228240033,0.060458799,0.0112410059,0.616331001,0.0511528047,0.824086785,0.497246131,0.236406299,0.36412252,0.173524832,0.664957074,0.00856793448,0.775028674,0.838268152,0.816782961
0.307675575,0.680226568,0.680082737,0.389647662,0.238310579,0.0213146135,0.722869164,0.0895788266,0.732032299,0.204453665,0.399817728,0.568997946,0.167564385,0.215573446,0.841253731,0.0531231569,0.448585075,0.175066976,0.0806624558,0.91425708,0.0118790477,0.0718844974,0.0334763504,0.038972125,0.74348574,0.429776863,0.0387596505,0.144050782,0.15334584,0.280701645,0.33680224,0.814376015,0.0424353802,0.571758925,0.923939775,0.827388599,0.139865654,0.17120737,0.0261816934,0.339025681,0.111642598,0.489904511,0.488932078,0.395357213,0.934524606,0.145393676,0.0728026061,0.71538271,0.00281507262,0.924473774,0.899207798,0.130535744,0.180454181,0.0355387873,0.334724502,0.370049233,0.288296222,0.0143619215,0.161477675,0.187074218,0.798192926,0.323322158,0.0771980313,0.0172388421,0.182809306,0.378569935,0.644577985,0.0981469473,0.708393678,0.00816629694,0.353688762,0.617475978,0.377775992,0.492489805,0.413998877,0.0998039356,0.215281876,0.412131134,0.0788980921,0.673760652,0.226729793,0.0879218937,0.292110095,0.326224974,0.586298933,0.230278526,0.0606557514,0.00936246406,0.619922889,0.0539628986,0.81736,0.498911132,0.238286705,0.371430897,0.176037526,0.666082276,0.00819423066,0.781463019,0.841116502,0.821324206
0.314145307,0.689866847,0.688931813,0.385612754,0.240122824,0.0203666919,0.728361502,0.0942545484,0.735167753,0.205772316,0.415315388,0.573296009,0.169117702,0.220185646,0.846131529,0.051141452,0.442393376,0.176106901,0.0840908762,0.913974266,0.014728526,0.0712891383,0.0348394983,0.0424145256,0.749852233,0.430234618,0.0418963914,0.141618477,0.14624785,0.282707197,0.341014483,0.814259914,0.0402425818,0.573265029,0.919512208,0.837384809,0.1423218,0.170488561,0.0269800652,0.345178928,0.113313292,0.493324809,0.490436231,0.408027467,0.936069568,0.151913005,0.0725783705,0.714689835,0.00283039638,0.924566764,0.901493573,0.136385229,0.173327114,0.0354825954,0.336926142,0.378790065,0.283286797,0.0196720845,0.163477237,0.195316941,0.800995787,0.32958635,0.082482838,0.0190709417,0.195273372,0.383172172,0.662142612,0.0954516604,0.711356107,0.00879442515,0.366309986,0.621708947,0.376827304,0.492778612,0.422843782,0.104942935,0.225257284,0.429569208,0.0764391691,0.678524413,0.226320989,0.0913812539,0.309652213,0.33405914,0.583642278,0.225358839,0.0600385327,0.00863637029,0.621571609,0.0569245933,0.813208531,0.504605795,0.243055857,0.379898658,0.173012384,0.673258791,0.00967059288,0.792063879,0.84505267,0.825282446
0.32209983,0.70639226,0.699327606,0.395913215,0.246913893,0.0200915141,0.733203333,0.0986563482,0.739220305,0.205493195,0.455801002,0.572763627,0.169033352,0.228164302,0.845557748,0.0514661885,0.440712792,0.179408288,0.0867724492,0.919774706,0.0161362628,0.0727298727,0.0360338988,0.0416489398,0.751035303,0.43204065,0.0401737317,0.14443808,0.149516921,0.283543514,0.340876896,0.81769201,0.0420246345,0.573814395,0.919213108,0.842274788,0.149215693,0.173265884,0.0278484081,0.340722121,0.112309517,0.501761689,0.497211689,0.412598862,0.934427301,0.15733919,0.0744555572,0.714918297,0.00367567097,0.92716319,0.907199147,0.145170985,0.169670607,0.0373507808,0.347827604,0.388807403,0.279610026,0.0198183282,0.166795101,0.201117889,0.800239003,0.335458681,0.0815072955,0.0208146054,0.208533361,0.381902228,0.676004019,0.0889095346,0.713832461,0.0103244754,0.38363669,0.629061934,0.376994162,0.504948964,0.433628164,0.107100302,0.226339696,0.445190338,0.0797489136,0.683422716,0.23160697,0.095332413,0.321722093,0.333598732,0.586766769,0.221208157,0.0585486926,0.00613206762,0.623161734,0.0673148321,0.812250078,0.515352059,0.244310216,0.386519798,0.174325291,0.668987293,0.00924544737,0.794999305,0.847031889,0.827317503
0.330624085,0.714593281,0.710895152,0.391771045,0.249362713,0.0202782948,0.738059099,0.0997652887,0.745084298,0.207972345,0.486288413,0.578312823,0.168004504,0.23388572,0.846889013,0.0526158005,0.445278699,0.181570526,0.0844211854,0.925246029,0.016845166,0.0752960178,0.0364353951,0.0405376835,0.751111234,0.429088214,0.0445387229,0.150555646,0.149018013,0.2882885,0.343164998,0.819892936,0.0370863244,0.577891681,0.92007852,0.845560223,0.147848507,0.166161852,0.0273812278,0.345138778,0.114217981,0.503803564,0.491688017,0.43042489,0.934081731,0.161227568,0.0752913525,0.713650684,0.00407900244,0.930809075,0.909826834,0.148341697,0.164531385,0.0387779042,0.357911013,0.390512404,0.277170364,0.023927349,0.171062812,0.204694199,0.798842215,0.332785736,0.0807984744,0.0220675724,0.22128143,0.382439087,0.679635408,0.0889844345,0.720847846,0.00839723363,0.397885799,0.638938545,0.376351369,0.514543713,0.451925753,0.115173021,0.225053317,0.464323396,0.083121735,0.684894673,0.229797668,0.09921924,0.344334482,0.328099071,0.590530066,0.217564096,0.0613285875,0.00543477984,0.616430117,0.0749008278,0.81600155,0.515839264,0.248322598,0.396575606,0.173484398,0.671316726,0.00920154771,0.800126736,0.846147229,0.83421244
0.326408698,0.733536271,0.717689725,0.381037729,0.263263409,0.022193694,0.744884282,0.100305744,0.750609901,0.198451982,0.512704204,0.57200562,0.168040633,0.23258238,0.853343623,0.0529010158,0.442323641,0.188450918,0.0829656062,0.930740698,0.0192695478,0.0744649833,0.0369363005,0.0386680437,0.748289168,0.431892076,0.0444674993,0.153052714,0.146670239,0.294089531,0.340867864,0.821834467,0.0329649206,0.57878689,0.918771244,0.843139777,0.158878515,0.16748828,0.0293364364,0.350639027,0.117869945,0.510790435,0.491335715,0.437323181,0.934748804,0.163962021,0.0769580461,0.712707626,0.00428724221,0.933549642,0.91583946,0.151087094,0.160442105,0.0439905845,0.36622608,0.393641905,0.278513903,0.0224252044,0.17751479,0.209615079,0.793064454,0.344924691,0.0821673377,0.0250787217,0.227502297,0.386585901,0.690181875,0.0899849023,0.730518843,0.00762526484,0.406500421,0.651183111,0.380111016,0.518779646,0.469760776,0.116927476,0.227734161,0.481432359,0.0844880562,0.688657717,0.231189735,0.104180037,0.360126386,0.330734526,0.583796503,0.216901552,0.0578513038,0.00503838242,0.610166066,0.0808181445,0.807468955,0.51956262,0.252212438,0.401918804,0.165528523,0.672966789,0.00911495875,0.803567919,0.846465657,0.841558093
0.329943682,0.742395848,0.724924965,0.387767616,0.274812196,0.0244501221,0.743815214,0.0996707794,0.756716376,0.199683592,0.546296676,0.573952981,0.165506335,0.240979331,0.85888807,0.0541903522,0.44601098,0.190228604,0.0846237243,0.927844407,0.0216125455,0.0766163746,0.0389088513,0.0379787047,0.747648665,0.437035484,0.0453141041,0.159108647,0.151680479,0.301831801,0.342202375,0.825559126,0.0309218064,0.577228693,0.918166331,0.845044818,0.163976999,0.178629746,0.0319470682,0.351791092,0.120568201,0.513958257,0.502252599,0.442856028,0.934336984,0.159922249,0.0847639634,0.712802334,0.00466991643,0.93606284,0.917919255,0.154581417,0.152716545,0.0465489174,0.382536041,0.393760279,0.275215708,0.0218932021,0.183442889,0.212896318,0.799448773,0.349410968,0.0828781474,0.0271248095,0.239392584,0.390650988,0.681189401,0.0898014373,0.741874175,0.00939985031,0.415776615,0.643178066,0.381289516,0.532876114,0.492632923,0.120544551,0.241752871,0.492402886,0.0847418742,0.681922642,0.225739503,0.106994517,0.367288116,0.320118089,0.59205782,0.212639672,0.0625174151,0.00731822256,0.605091052,0.0845733311,0.797994318,0.52604601,0.262278027,0.407247655,0.165017566,0.663503272,0.00991124198,0.807092476,0.84581239,0.842094089
0.337241838,0.747360222,0.733232404,0.38147041,0.28765244,0.0265469826,0.742957213,0.1007287,0.760313566,0.20000016,0.568058103,0.579498413,0.170399133,0.253122231,0.865643063,0.0539405388,0.448946297,0.196853094,0.0909583091,0.925233577,0.0226406504,0.0731777861,0.0402611617,0.037969284,0.758238439,0.439058527,0.0448653631,0.157366566,0.149140958,0.30861892,0.340111178,0.826225817,0.0315134791,0.581407824,0.91851848,0.848211206,0.175230133,0.187233423,0.0351078712,0.345467889,0.126966949,0.522112203,0.50974791,0.456603172,0.932352043,0.161442025,0.0847511761,0.710382684,0.00463548277,0.937096243,0.921360876,0.155630397,0.153389013,0.0560258121,0.391374594,0.394206607,0.279741774,0.0228136975,0.187919406,0.211230204,0.800970678,0.362238302,0.0819480278,0.0261555842,0.243062338,0.395824693,0.702153028,0.0990172124,0.753827666,0.00922313713,0.432237161,0.64262951,0.38095676,0.541211185,0.501782031,0.126877566,0.251146125,0.506605761,0.0872013143,0.679565132,0.233099764,0.110176696,0.390563366,0.311307938,0.598039333,0.213745497,0.0701952699,0.00789095842,0.606814998,0.0877976463,0.794662451,0.535996613,0.257480805,0.406378545,0.169288449,0.654775432,0.00974600711,0.812735493,0.848349701,0.84550864
0.337569471,0.76069301,0.739368524,0.37464078,0.30746383,0.0252944101,0.738644176,0.102892365,0.764274643,0.1977909,0.579310242,0.586364757,0.167942918,0.255878213,0.87544134,0.0547312104,0.460251415,0.205131173,0.0959035309,0.928950151,0.0221723997,0.0776392127,0.0409237268,0.0380840235,0.755213624,0.441992527,0.043977123,0.160513154,0.150991313,0.320291616,0.338286188,0.828921758,0.0294711291,0.584957039,0.919928061,0.850025252,0.183729017,0.200540165,0.0366137946,0.353182001,0.123209192,0.523947386,0.514756396,0.466053856,0.934140894,0.161912318,0.0867888261,0.714075506,0.00477574844,0.941385533,0.921401761,0.159779563,0.15236414,0.0596591046,0.402947624,0.401912087,0.275351083,0.0258693656,0.187188548,0.214905991,0.809758153,0.375726603,0.0800423196,0.0267736175,0.251147938,0.395008292,0.706324256,0.0991111368,0.75925578,0.00993965938,0.449651572,0.644357058,0.381870092,0.550698781,0.508170428,0.123617795,0.260265725,0.522461002,0.0892116781,0.68432407,0.235657907,0.113337654,0.409218338,0.30544009,0.596739293,0.217493677,0.0752551442,0.00656295131,0.606747755,0.0933772206,0.790732217,0.541612741,0.259525196,0.413212345,0.167143438,0.651770293,0.0114734191,0.817132177,0.847651151,0.851439618
0.338807124,0.771558397,0.742922909,0.365204253,0.325571422,0.0245003998,0.73667671,0.110299316,0.770635526,0.200333636,0.588524621,0.599661315,0.170765595,0.262805723,0.87843332,0.0562836053,0.468025239,0.210700013,0.0954152855,0.929954162,0.0222994596,0.0750853338,0.0432256306,0.035706743,0.755226345,0.442224843,0.0359446338,0.157655095,0.154623789,0.327020161,0.334086515,0.829118416,0.027043522,0.586921021,0.923463371,0.851422885,0.187631042,0.210613215,0.0380384013,0.354265867,0.127432073,0.532198925,0.523968487,0.462156066,0.939809759,0.160531159,0.0876271967,0.71338839,0.00396080932,0.945804734,0.923352315,0.153533956,0.15126065,0.0668040917,0.418240322,0.405796346,0.278634096,0.0285050644,0.191554314,0.221477295,0.810230943,0.38425698,0.077193017,0.0254884356,0.250791485,0.408513773,0.708142761,0.105115445,0.765303656,0.0116678166,0.459433574,0.640786798,0.384197414,0.559347513,0.514389377,0.120428039,0.263296443,0.525338786,0.0890155506,0.692373639,0.233926665,0.121468965,0.428571433,0.300772088,0.604232997,0.221751747,0.0821214968,0.00698122399,0.608419862,0.0918912504,0.78265004,0.547588475,0.253183198,0.418583983,0.178038459,0.653955328,0.0123100299,0.821914328,0.846636567,0.854096956
0.334405227,0.77723225,0.754700586,0.353394738,0.344690775,0.0249952132,0.732943903,0.10955389,0.779198331,0.200521977,0.604575203,0.607869951,0.176653197,0.262584496,0.88539142,0.053940266,0.470374117,0.218437324,0.0988212626,0.928460646,0.0223914191,0.0813920718,0.0414167918,0.032939239,0.760555423,0.448809456,0.0353261346,0.15510523,0.161532426,0.343420574,0.330161095,0.831653165,0.0211381943,0.595373388,0.924267866,0.859864351,0.188304494,0.213967033,0.0393285038,0.360035045,0.127920647,0.539722829,0.51715029,0.460689658,0.943064644,0.159961937,0.083696053,0.721552342,0.00348789344,0.947719952,0.920661218,0.149795391,0.147522343,0.0674796973,0.432923322,0.414835809,0.279555079,0.0293388088,0.193933948,0.229157919,0.811416949,0.398537472,0.0781139264,0.0256693899,0.257631922,0.41684071,0.703458602,0.10999995,0.772019723,0.0134273213,0.473664458,0.654223756,0.389716088,0.569451436,0.524168727,0.113433955,0.273730854,0.534269911,0.0882992559,0.698218673,0.236957739,0.128213524,0.436138988,0.307277341,0.609879368,0.231592096,0.0834511506,0.00732859938,0.60916445,0.0905770558,0.771651617,0.552553977,0.257812807,0.426736656,0.187834418,0.660744023,0.0144304598,0.822361935,0.84880372,0.856788751
0.337238134,0.786187059,0.758298623,0.352347165,0.363374753,0.0253677867,0.738347725,0.109230751,0.781016037,0.197057028,0.606532008,0.613682049,0.176126858,0.264035389,0.890486966,0.0477927591,0.488327847,0.224701705,0.103434207,0.932367955,0.02164743,0.079182997,0.0428305063,0.0339598397,0.765765082,0.45499582,0.037205083,0.156410165,0.169843468,0.350112819,0.330714433,0.835366612,0.0204248343,0.604026459,0.921418315,0.867878717,0.190884902,0.220434041,0.0393534281,0.363559681,0.128491694,0.546842417,0.520319412,0.466126448,0.947038353,0.159392376,0.0748752191,0.721957218,0.00288838351,0.948774343,0.923036082,0.14943664,0.148653816,0.0669099706,0.43521928,0.417542172,0.27720301,0.0321194859,0.200297523,0.238494708,0.816679415,0.412296891,0.0773697139,0.0257675534,0.262502979,0.418233465,0.711607569,0.115454523,0.779135697,0.0123087154,0.482284204,0.654925604,0.399128973,0.573931623,0.530200454,0.112288167,0.279335579,0.549567038,0.0867023855,0.699968543,0.241874419,0.128253244,0.459718188,0.306310274,0.616660304,0.240847329,0.0877591639,0.0093283569,0.620574685,0.0897807526,0.771213044,0.551595194,0.25411088,0.441223621,0.203835175,0.664391152,0.0129350154,0.830542422,0.85080202,0.854435242
0.338353422,0.793369558,0.76414722,0.355650791,0.381326332,0.0263942955,0.744401541,0.107854077,0.788760839,0.200496023,0.605384588,0.622862991,0.179805603,0.266261229,0.891531996,0.0533060464,0.496814314,0.231180306,0.105947482,0.935434963,0.024215229,0.0807037514,0.043930543,0.0331557042,0.768702971,0.449794314,0.0434782062,0.153099357,0.175080071,0.359498992,0.333818643,0.836667682,0.0241336529,0.611917087,0.917679802,0.866349798,0.193036748,0.220130315,0.0419211121,0.36351855,0.131051496,0.555476789,0.52332477,0.468912032,0.950299233,0.159532074,0.0739202449,0.721317054,0.00206185799,0.95070606,0.926301033,0.145180207,0.144343519,0.070515435,0.440533411,0.427504002,0.276528657,0.0359477495,0.208883574,0.247765604,0.817286242,0.415204694,0.0775679149,0.0254126803,0.259603305,0.420571696,0.72136319,0.117027863,0.789776747,0.0111146984,0.492204844,0.652573691,0.405832295,0.576437491,0.529988239,0.113662984,0.281733453,0.562690339,0.0835578327,0.704490787,0.244690384,0.135325335,0.456301911,0.322171079,0.624975819,0.246176744,0.0916618855,0.00890346858,0.626582051,0.087206578,0.768365727,0.559109583,0.256584065,0.444424814,0.215532393,0.669211783,0.0120110986,0.834690166,0.850726391,0.855298762
0.337427837,0.804329296,0.76763301,0.351526595,0.390294638,0.0252155653,0.754017146,0.111383435,0.793854298,0.204002209,0.609882102,0.631316188,0.184204304,0.26282236,0.893301669,0.0512048138,0.503409194,0.239399035,0.107564554,0.939634514,0.0271352027,0.0793938219,0.0470403887,0.0314612071,0.777604344,0.447154902,0.0448028181,0.147084747,0.17888145,0.367369054,0.331825411,0.840755042,0.0217568252,0.618851264,0.911619249,0.865659813,0.192692994,0.220933012,0.0426857992,0.372172837,0.132218612,0.562241462,0.528676823,0.467461208,0.952466222,0.16204514,0.0682885594,0.723227795,0.00211550739,0.951166623,0.928857198,0.152176219,0.142835479,0.0698543908,0.451317431,0.43248,0.282247666,0.0406954096,0.210668542,0.263612387,0.818054003,0.426085841,0.0735746842,0.0265354179,0.262781443,0.423856006,0.738967722,0.116482411,0.796029705,0.0102394528,0.488839933,0.651178395,0.413375199,0.584164569,0.534843374,0.117071161,0.289413643,0.574411451,0.0849570486,0.705029284,0.250069711,0.136489204,0.470392156,0.328476304,0.637964234,0.255510193,0.0912698177,0.00768187849,0.638460455,0.086244943,0.769529121,0.57082853,0.275833967,0.457543561,0.229901319,0.66998906,0.0129929688,0.840442207,0.855513147,0.857917738
0.338754928,0.816361138,0.776329585,0.358095895,0.401780851,0.0253657171,0.759027994,0.115727195,0.795930139,0.206661374,0.610169276,0.641444311,0.185513353,0.272018673,0.897735473,0.0482019504,0.511589264,0.24158791,0.109884789,0.940583915,0.025854395,0.0803621354,0.0518157474,0.0329751899,0.776740013,0.444527783,0.0498267358,0.150889403,0.177895667,0.3797446,0.325375749,0.846779084,0.0239384188,0.623933687,0.904542304,0.86541612,0.191803611,0.222670626,0.0426800226,0.378912047,0.130454032,0.570976109,0.535367776,0.471527962,0.953208721,0.160315745,0.062478477,0.722448871,0.00235093194,0.948812485,0.933270244,0.154173129,0.137990616,0.0698180254,0.457113444,0.431989375,0.28540479,0.0417962211,0.210862707,0.28100939,0.821023309,0.442193617,0.0707119241,0.0272902302,0.260876637,0.423629756,0.759481219,0.115240576,0.79943529,0.0107099183,0.487607705,0.668147841,0.425926049,0.590340419,0.537109069,0.115172926,0.289366456,0.579668661,0.0876599026,0.709405664,0.261046212,0.134888514,0.480648315,0.348604953,0.654048131,0.260170935,0.0897965892,0.00700526185,0.649195299,0.0835862456,0.764513956,0.574526952,0.301136201,0.469780788,0.249126612,0.686694521,0.0126817138,0.849101771,0.853898485,0.85710321
0.341350632,0.816554109,0.779616844,0.355970308,0.418078364,0.0252029543,0.768923904,0.114384074,0.802396067,0.206118836,0.641379285,0.648793225,0.179174944,0.277276181,0.899953829,0.0480399562,0.523591344,0.247827862,0.111485277,0.941886587,0.0262514084,0.0796025751,0.0551066454,0.031490193,0.777286641,0.447540624,0.0592274376,0.150345955,0.178550853,0.386651468,0.32707455,0.847244901,0.0252083423,0.628630866,0.901880019,0.871062169,0.191888079,0.224944916,0.0456324573,0.37829781,0.130031346,0.576862247,0.53733413,0.472884505,0.954331983,0.166833659,0.0628964113,0.719681892,0.0023539479,0.951135241,0.934227034,0.157506197,0.13216005,0.07106405,0.458655715,0.428637556,0.290044144,0.0465648566,0.217652282,0.295700895,0.826207638,0.447145538,0.0684686535,0.0294857812,0.267922735,0.435240117,0.760784728,0.116571192,0.803824319,0.0111850074,0.497553333,0.679974376,0.429352487,0.600725972,0.538035091,0.115510236,0.291173855,0.586431948,0.0879746176,0.709596848,0.269479309,0.137160399,0.495292231,0.361559461,0.661328147,0.275539004,0.0912615746,0.00804744731,0.653389591,0.0841120786,0.764364652,0.578496528,0.305824947,0.472695396,0.260688185,0.696477888,0.0119084889,0.856825151,0.852894887,0.859243365
0.34381899,0.827427176,0.78241028,0.361685459,0.437217651,0.0239080896,0.776065185,0.115229132,0.804534959,0.210081787,0.683127613,0.656115407,0.180119059,0.282900841,0.901087936,0.0463283799,0.535084131,0.253029927,0.110517518,0.938227168,0.0268603939,0.0794277937,0.0618255804,0.0303813768,0.780693885,0.45103873,0.0567434867,0.15266781,0.185812662,0.392790299,0.325346936,0.854486104,0.026913366,0.629199273,0.904548652,0.878289426,0.188838382,0.21478466,0.0482327111,0.38189561,0.131596643,0.584086311,0.54154545,0.474923709,0.957589821,0.166830977,0.0705668575,0.719544292,0.00241492921,0.952691036,0.936784784,0.160799168,0.120693569,0.0748610193,0.468887708,0.432506458,0.29298654,0.0523737745,0.226919418,0.306126288,0.8283331,0.450137139,0.0722021676,0.0313016875,0.271344853,0.447045426,0.761308786,0.118643988,0.807494906,0.0101190385,0.505418227,0.696115401,0.428631497,0.614191687,0.546361938,0.117771193,0.296304391,0.595667208,0.0895908989,0.712223747,0.277012564,0.138215584,0.501358689,0.376478066,0.666396117,0.296898197,0.0896384514,0.00795312036,0.658761249,0.0795588492,0.764154247,0.585447618,0.329358341,0.478411099,0.266643872,0.706023542,0.011104061,0.862924025,0.84919819,0.861107119
0.348447546,0.835552171,0.791112641,0.374607485,0.450093119,0.0237823693,0.781133279,0.118403327,0.810573969,0.221896061,0.70027069,0.666213864,0.178188258,0.289673721,0.900582257,0.0465922257,0.543615205,0.259083738,0.109610298,0.936514433,0.0289502981,0.0793474185,0.0708634226,0.0314430753,0.785982214,0.454880567,0.0531915337,0.161254284,0.181339092,0.402518785,0.323935193,0.855575581,0.0256300985,0.638084318,0.901694437,0.878362823,0.184910812,0.212201328,0.0511154152,0.394771043,0.136168852,0.581770522,0.539178587,0.474365019,0.958303243,0.165423438,0.0701383801,0.724598573,0.0026743917,0.956211944,0.93737545,0.158959503,0.120647851,0.0810324362,0.473869382,0.432641947,0.297771877,0.0571214001,0.224957042,0.31955953,0.830877581,0.453086425,0.0736803887,0.0332717518,0.270854224,0.45391736,0.770144966,0.113942753,0.812066213,0.00801187338,0.504180614,0.705687318,0.429319514,0.628186737,0.550032352,0.120697129,0.303535466,0.603178945,0.0864791566,0.713598938,0.289921359,0.139223782,0.504983074,0.378837477,0.676011747,0.307071866,0.0926328284,0.00905350065,0.661771138,0.0817399538,0.765584652,0.590751839,0.322115263,0.484829386,0.274727092,0.710002512,0.00883508216,0.862377269,0.852372669,0.866256163
0.358711905,0.840449446,0.795250573,0.379190618,0.464694991,0.0232198728,0.784902192,0.117093702,0.81488063,0.237572863,0.709190988,0.657514487,0.176587324,0.306226446,0.903198011,0.0456530508,0.557478094,0.261725405,0.108962561,0.93538878,0.0303163054,0.0767946432,0.0758086876,0.0324531997,0.79138093,0.463748802,0.0520915554,0.166502451,0.180258693,0.411209069,0.327190636,0.859871662,0.0273044858,0.632439445,0.896850781,0.885979257,0.18087289,0.212695986,0.0557625295,0.401490222,0.139111469,0.577463433,0.539843216,0.47402817,0.956886216,0.158206907,0.0709876091,0.722848008,0.00270880519,0.955007707,0.939179443,0.156089714,0.11214035,0.0820618974,0.484164509,0.430544248,0.309572478,0.0575512807,0.226733428,0.33653584,0.836179822,0.453762816,0.0782640191,0.0340024355,0.271594539,0.467132964,0.782708711,0.110016693,0.817160909,0.006748827,0.511405769,0.712350826,0.429978539,0.640105293,0.558250369,0.123371157,0.311247831,0.612276375,0.0862275748,0.704482576,0.294792055,0.137289237,0.511383686,0.38865279,0.6831983,0.314929643,0.100892628,0.0082440201,0.668849578,0.0859262204,0.766868938,0.595205643,0.326378153,0.48551491,0.279143129,0.712519399,0.008660892,0.866244232,0.856725218,0.871162666
0.36588182,0.836695028,0.804496655,0.387926077,0.483330016,0.0239812973,0.790447255,0.118767368,0.81810712,0.240413301,0.731383044,0.66135493,0.177039326,0.308569683,0.907490818,0.041174166,0.571998782,0.26791865,0.103279176,0.932543911,0.0283330202,0.0773826347,0.0832227265,0.0311737193,0.802355436,0.473710061,0.0512422828,0.17110082,0.18133698,0.4126508,0.333166111,0.865499964,0.02539408,0.635485502,0.899223925,0.887865384,0.176313831,0.21766554,0.0596789753,0.399965927,0.141181871,0.570354777,0.536759476,0.468788137,0.958383705,0.155246042,0.0713508938,0.723357416,0.00299125512,0.954973258,0.94045823,0.157886204,0.106351858,0.0882720877,0.495845543,0.432274556,0.30739793,0.0596146944,0.224986611,0.35113097,0.84016618,0.443804799,0.082908455,0.035546005,0.278752302,0.480475619,0.795290987,0.114158366,0.821224324,0.00650502843,0.511945465,0.713678444,0.436810018,0.651357498,0.569158739,0.132460209,0.322751768,0.621354189,0.0909890387,0.703833689,0.300726058,0.133788936,0.518646349,0.396681482,0.689454944,0.333492397,0.102113763,0.00815660329,0.673173927,0.0855768379,0.767486611,0.601399098,0.334529956,0.490737856,0.283584572,0.711530174,0.00888888473,0.873997469,0.857136423,0.875437741
0.377307464,0.843975501,0.810010517,0.391482582,0.492301229,0.0227091409,0.791787628,0.1252895,0.821389253,0.247288714,0.741793335,0.660490723,0.173334617,0.32389477,0.910338778,0.0418,0.585654031,0.272687928,0.10410957,0.930281542,0.0283828772,0.0825348875,0.0905345459,0.032697499,0.801714822,0.480087227,0.0406130232,0.175589025,0.183735804,0.431078115,0.339798884,0.869184505,0.0266311646,0.646418505,0.897704153,0.89240656,0.169189748,0.221221654,0.064160896,0.403479432,0.146537568,0.563936859,0.54460683,0.469107683,0.95876732,0.154211774,0.0718727277,0.729070595,0.00209205019,0.955191968,0.938541911,0.15971072,0.105026678,0.0907894775,0.501002672,0.433093708,0.311785455,0.0588343294,0.229670807,0.363290667,0.847563669,0.439698676,0.082178461,0.0346838123,0.282646534,0.490874899,0.796188293,0.118219677,0.823281239,0.00714499077,0.518134009,0.725089653,0.43490304,0.652300689,0.574978197,0.13750008,0.333812629,0.628421204,0.0872780035,0.688489551,0.309088758,0.133657057,0.53035241,0.409331079,0.690648468,0.345303665,0.101830284,0.0077298583,0.680826871,0.091143277,0.765492494,0.600140506,0.333865628,0.499345491,0.296827779,0.71588617,0.00834201749,0.874499222,0.857607354,0.882336817
0.387821172,0.844864224,0.813070179,0.402764527,0.509142744,0.021459189,0.792029932,0.130985693,0.821542265,0.248645007,0.763837695,0.661696126,0.166628289,0.337230457,0.913619737,0.0452883964,0.594333165,0.277633557,0.102447767,0.932597774,0.0256325374,0.0821712633,0.0986611434,0.0326110966,0.80281648,0.490318749,0.0330260879,0.183390339,0.181027613,0.449429229,0.358027967,0.877696203,0.0251544269,0.651703041,0.897456314,0.896890699,0.163339522,0.223842332,0.0693857521,0.408668249,0.151429412,0.564623006,0.544954616,0.469192148,0.958799497,0.152777829,0.0701657254,0.737123084,0.00234246902,0.956322361,0.937827872,0.165023815,0.10277642,0.0949253437,0.507345482,0.439196328,0.315351406,0.0603978239,0.227370941,0.36567844,0.850441328,0.441266794,0.083655307,0.0355927145,0.284293801,0.504634435,0.811047984,0.121059913,0.821756034,0.0072484763,0.521081732,0.736439043,0.437118069,0.661140852,0.582801659,0.14483042,0.336185778,0.637681108,0.0871763244,0.685091155,0.3113989,0.130404545,0.531555862,0.407778006,0.69478156,0.36272144,0.114447975,0.0097008944,0.690420255,0.0948100341,0.766161079,0.600166165,0.333728186,0.497387879,0.296422178,0.719036929,0.00900106432,0.871807116,0.857199593,0.890542498
0.397171185,0.848166836,0.811817246,0.419229157,0.52139934,0.0198338223,0.794417697,0.132964912,0.825687903,0.254321481,0.770452018,0.659772209,0.164416169,0.342154964,0.915820347,0.0481557978,0.614872743,0.27466545,0.101176017,0.934498457,0.024639277,0.0855348292,0.104371649,0.0306543677,0.809692675,0.488687672,0.0242113255,0.188616895,0.184773973,0.46620115,0.371609201,0.885611097,0.0259911854,0.658223019,0.897328716,0.894044425,0.15681633,0.233100468,0.0715,0.417653119,0.156505378,0.560752723,0.551169591,0.469464918,0.957626113,0.148535531,0.0705271314,0.746497006,0.00188235113,0.957729189,0.940025949,0.173217429,0.111571184,0.093567279,0.51532892,0.437604264,0.313380844,0.0590181075,0.229090369,0.370608685,0.857708548,0.436088437,0.0860695564,0.0387328616,0.296106981,0.510474307,0.824012172,0.132045385,0.826679719,0.00583600437,0.532502286,0.739736596,0.439996451,0.666396424,0.591407677,0.152040745,0.342816943,0.653126736,0.0861090678,0.668428874,0.312038706,0.134030359,0.534362143,0.413980929,0.69215621,0.366439779,0.129697215,0.00946816041,0.698791573,0.10198302,0.770088365,0.603528791,0.327091703,0.498931819,0.305154656,0.723976646,0.0091905302,0.877644162,0.861430749,0.898469137
0.407563653,0.846248927,0.81427546,0.430637416,0.539901336,0.019409242,0.799116367,0.14507333,0.830624895,0.253564304,0.763986026,0.662452556,0.16101351,0.354738821,0.920587852,0.0473361319,0.631131786,0.271025022,0.102343199,0.936468679,0.0238735505,0.0822830707,0.108125649,0.0290480552,0.808881305,0.489332617,0.0184501816,0.196181589,0.189007501,0.478205614,0.379708929,0.889315624,0.0219565222,0.666902816,0.897757815,0.890012617,0.156991295,0.239906597,0.0710882103,0.412910455,0.160291484,0.555418667,0.549584093,0.473150546,0.956961159,0.150361891,0.0747593724,0.754967623,0.00288808793,0.958536962,0.940210418,0.177269563,0.110658637,0.0964155884,0.522923872,0.436714852,0.32370975,0.0555555126,0.234336769,0.375034781,0.863747865,0.426852151,0.0878473348,0.0412328775,0.300785977,0.531550018,0.820869559,0.133333311,0.83032867,0.00589971052,0.540050723,0.744521068,0.442139279,0.678385077,0.596298996,0.156955175,0.355915839,0.665058406,0.0873055303,0.657112696,0.306419479,0.136450388,0.543698573,0.422159998,0.698332999,0.371250865,0.140863997,0.00966961074,0.702910047,0.11010507,0.778325231,0.608127687,0.322998241,0.510661896,0.315335765,0.725467555,0.00883704561,0.879200781,0.868701338,0.905930511
0.414392809,0.850721744,0.815133525,0.43374685,0.553254054,0.0178454489,0.804201934,0.150413311,0.831691945,0.247485603,0.765202319,0.666294882,0.154582999,0.360552588,0.921601084,0.0496497271,0.647115068,0.27023729,0.101551482,0.933333325,0.0232870429,0.0838807637,0.10891091,0.0290042284,0.811784202,0.494711868,0.0169241966,0.200855737,0.193131957,0.48452183,0.391390656,0.894598676,0.0192391841,0.672854166,0.904046148,0.888473757,0.162493869,0.25053028,0.0691816674,0.404005411,0.160676258,0.546048582,0.542991497,0.481194296,0.959629514,0.148199277,0.074587653,0.764166152,0.00321384778,0.959646884,0.941559672,0.1879838,0.11394087,0.106232944,0.533936321,0.437992395,0.337165052,0.0590893379,0.238747844,0.372456908,0.872504509,0.420010865,0.0902209384,0.0426096162,0.302979968,0.539905225,0.81636114,0.134635732,0.831487053,0.00590493075,0.535662573,0.753581826,0.447045212,0.68327027,0.595328554,0.166323232,0.364241219,0.672449415,0.0862198197,0.644325523,0.295652045,0.136765852,0.552546017,0.424874918,0.695116894,0.3694583,0.148781562,0.0108473311,0.717111392,0.11912355,0.776838866,0.606242633,0.326205028,0.512399351,0.323338611,0.736828484,0.00963222496,0.882509119,0.869642652,0.909230143
0.42675567,0.855577731,0.817052752,0.442684596,0.565202779,0.0162699604,0.811726972,0.156302125,0.832652153,0.24727962,0.755675508,0.672326536,0.15220857,0.372969821,0.927133284,0.0466805433,0.668342994,0.266438451,0.106230952,0.936917169,0.0215162108,0.0862397596,0.111453172,0.0268881506,0.813170377,0.505684895,0.0206337588,0.209443331,0.19451603,0.490504418,0.399754044,0.902860983,0.0162741019,0.679627764,0.905418787,0.886508596,0.165210096,0.256971244,0.0713191095,0.40581482,0.161508675,0.547107132,0.541678089,0.489641251,0.961226601,0.150214182,0.0719285182,0.769656714,0.00351582172,0.962062683,0.944703768,0.19999997,0.116281692,0.108280265,0.548228176,0.436606894,0.337920013,0.0527844071,0.240371171,0.373215111,0.872840876,0.417096444,0.0900053857,0.0429883616,0.308451315,0.551588063,0.801560684,0.141257254,0.832901708,0.00690069035,0.529583749,0.762045286,0.455525723,0.684112007,0.599087171,0.171964123,0.366390375,0.683527733,0.0917746222,0.627911748,0.293523715,0.137208775,0.55982934,0.43319868,0.691789412,0.370462455,0.155766781,0.0119292413,0.724643598,0.129123798,0.780920948,0.603585796,0.333596531,0.513495359,0.337456483,0.750834652,0.00983196229,0.881329136,0.874213783,0.91260371
0.433254113,0.861126697,0.816730969,0.448321331,0.578983967,0.0137816903,0.808536389,0.164095825,0.835258054,0.250281419,0.748699367,0.68104782,0.15099266,0.374711938,0.92967427,0.0487094457,0.681764594,0.252747619,0.109674253,0.940277405,0.0207357642,0.0914950986,0.115311677,0.0255212669,0.820281697,0.51284809,0.0205429245,0.216357193,0.19709068,0.500792342,0.413285716,0.904590435,0.0132391742,0.680639441,0.914124512,0.883646407,0.171904341,0.265780077,0.0729219441,0.408142688,0.157070715,0.543151396,0.544419807,0.498120528,0.963128555,0.151837567,0.078973397,0.779383718,0.00412052757,0.963433841,0.947127363,0.203030342,0.121705818,0.11360541,0.560286322,0.43204931,0.3368085,0.0518240491,0.246293763,0.378078446,0.875289492,0.426685038,0.0928173729,0.043492294,0.316487403,0.564713172,0.79466724,0.136532095,0.83325385,0.00773514936,0.527929804,0.769160886,0.46186863,0.69574941,0.599512928,0.180538645,0.369599,0.690344522,0.0977906209,0.620479432,0.295007949,0.134991912,0.566754893,0.435998671,0.691180646,0.371076001,0.161875577,0.0114583354,0.731266135,0.143190292,0.77785186,0.607397462,0.33024944,0.52504737,0.346553216,0.75434531,0.00768956346,0.879429824,0.881709611,0.916616923
0.435203031,0.869403113,0.822957289,0.45235737,0.585569804,0.0132850226,0.812125209,0.17428026,0.835526127,0.247272958,0.753319649,0.680537673,0.149766798,0.378122182,0.933212663,0.0480928993,0.696438083,0.240942384,0.109104263,0.945862311,0.0207027683,0.0916092605,0.114055453,0.0226560555,0.823486802,0.530294999,0.0209689149,0.219716704,0.202381005,0.503796274,0.419831066,0.907343062,0.0118213751,0.685779548,0.917221787,0.885369571,0.174135929,0.278730034,0.0707571215,0.411020019,0.152945317,0.548284985,0.547822801,0.504089941,0.964495304,0.155288009,0.0854481039,0.788979938,0.00489312354,0.963963453,0.950035528,0.211004384,0.125284811,0.114343711,0.566710352,0.435867467,0.344864197,0.0498816949,0.253819948,0.382510047,0.875517269,0.427540372,0.0970758344,0.0412394603,0.315110668,0.566729396,0.788238562,0.142883383,0.836716652,0.00759974978,0.525522363,0.777598369,0.466616613,0.697776351,0.600949224,0.189906588,0.37052657,0.695750811,0.100049938,0.618152001,0.296194562,0.139630223,0.590858118,0.434720344,0.685975046,0.374369379,0.166361452,0.013586955,0.743301034,0.155739993,0.781969544,0.60562876,0.335055877,0.526698701,0.356999405,0.762614435,0.00651701572,0.884801584,0.887322786,0.918613924
0.434712024,0.873063614,0.824897519,0.456836777,0.593184342,0.0130633567,0.818356563,0.184210597,0.836064191,0.250568809,0.760199127,0.685783889,0.151848345,0.386829085,0.937733833,0.0448449234,0.701117743,0.2398778,0.11745394,0.948748049,0.0227581206,0.100195034,0.11417493,0.0256535854,0.826911607,0.539848835,0.0210755825,0.224616899,0.211583335,0.511749377,0.432459793,0.911736079,0.00937082089,0.689524492,0.921723963,0.881407492,0.181829972,0.280423626,0.0702055109,0.420932073,0.147763426,0.550890083,0.552764617,0.514753245,0.965430509,0.156155355,0.0938038154,0.791038051,0.00414830971,0.96324182,0.9499007,0.207349364,0.127869189,0.11340914,0.582152541,0.438052386,0.357842806,0.0486710076,0.250818455,0.376941979,0.884910435,0.434948617,0.1041906,0.0412218189,0.320470521,0.580874336,0.787533474,0.141316563,0.842084479,0.00670713568,0.521856166,0.781015521,0.472581066,0.70960883,0.601713432,0.19533415,0.376119871,0.703709543,0.105521397,0.611155598,0.285697833,0.140459309,0.598693941,0.431617662,0.676896351,0.374621132,0.173346028,0.0110497328,0.746779258,0.16625179,0.780151253,0.609679253,0.332162374,0.533825037,0.371369848,0.765008993,0.00805565902,0.884804288,0.890058982,0.920974604
0.433955553,0.880761498,0.826796207,0.460013216,0.602713782,0.0128596413,0.819772483,0.193775444,0.838733176,0.259135835,0.759901106,0.692167696,0.153539476,0.39430891,0.943393881,0.0443445302,0.707499299,0.236761527,0.119399166,0.951058237,0.0233325898,0.10231975,0.116137482,0.0258748613,0.83241908,0.547556929,0.0250883223,0.22990426,0.219537476,0.517136968,0.439046656,0.917390727,0.00750883278,0.693958252,0.931064584,0.880564301,0.183910575,0.296701172,0.0698852867,0.421552815,0.139387059,0.546388906,0.547526747,0.525823522,0.966386857,0.163430504,0.104726837,0.799909376,0.00443285203,0.962950791,0.951312789,0.217711106,0.13010792,0.116986387,0.589771607,0.444913835,0.368872648,0.0507321623,0.251138416,0.376338379,0.882790706,0.435779247,0.10719246,0.0393442228,0.321153725,0.588070432,0.784146182,0.143387918,0.846884022,0.00747238856,0.520737964,0.787900153,0.484404397,0.718495196,0.604708239,0.211943909,0.379736788,0.712732184,0.111867837,0.605504641,0.288772742,0.14303643,0.609735409,0.43025835,0.664751485,0.381240598,0.174674907,0.0116079132,0.757066931,0.17459225,0.787689956,0.615241184,0.330905168,0.543696728,0.395704616,0.768444825,0.0079066298,0.888494981,0.892100851,0.92436154
0.43067255,0.880397209,0.826975461,0.461792607,0.604221733,0.0128430389,0.819371665,0.197921712,0.840415477,0.262781839,0.750978501,0.700064039,0.149055277,0.400837987,0.948267332,0.0431219988,0.711842829,0.242459727,0.120746984,0.952520694,0.0225183703,0.106607387,0.120842316,0.0250685459,0.837512577,0.566279021,0.0263527286,0.22952674,0.227605591,0.525080465,0.44740638,0.921353522,0.00885740283,0.697472138,0.929946955,0.878420347,0.192584783,0.30301851,0.0680979567,0.428847053,0.129096865,0.550132441,0.544509259,0.5442576,0.966355315,0.16362036,0.10743493,0.802018831,0.00518941076,0.961369199,0.95409022,0.222077939,0.135291221,0.11609263,0.599631991,0.45062083,0.388497228,0.0516255906,0.254662464,0.378045449,0.888106185,0.443509777,0.114539981,0.0400330218,0.325418651,0.588889215,0.783435863,0.138325833,0.852370649,0.00888158055,0.514689087,0.788219577,0.49469133,0.726182961,0.614413911,0.220254157,0.378709686,0.721079417,0.113086515,0.605551248,0.298301902,0.1477166,0.620000109,0.432025406,0.661963541,0.380946434,0.172990874,0.0119811812,0.765380252,0.18152353,0.779115453,0.62166938,0.321623645,0.555712241,0.415721032,0.774938639,0.00677710939,0.885261868,0.898529745,0.927069329
0.433989887,0.884123785,0.830235541,0.461023442,0.603231639,0.0121712648,0.821937844,0.207252163,0.847080575,0.267836378,0.750239048,0.70299298,0.149702387,0.40985317,0.95303621,0.0442515983,0.721300681,0.242307502,0.124643292,0.956923904,0.024184062,0.112175056,0.121723668,0.0296878662,0.843398681,0.577054321,0.0215605462,0.229308809,0.238491933,0.538262154,0.453825261,0.924333433,0.0098965366,0.701265943,0.928955319,0.878214324,0.193741007,0.305712365,0.0723823864,0.439605847,0.127801194,0.553596624,0.552797776,0.551792371,0.967505524,0.166029685,0.103007507,0.805976883,0.00600523123,0.961140444,0.953481279,0.224935571,0.139783406,0.114327108,0.607901937,0.460987212,0.396452932,0.0509191019,0.248650879,0.377469125,0.89250914,0.448846358,0.115179613,0.0408583918,0.331359847,0.602564321,0.783425106,0.13805415,0.857887847,0.0103505931,0.522585952,0.788150046,0.495899184,0.7371361,0.629455913,0.22291921,0.383333288,0.728658714,0.115475832,0.607280885,0.301970343,0.150705724,0.62413978,0.436439445,0.65540427,0.384804517,0.177627955,0.0105663551,0.776051666,0.183453577,0.776650517,0.617515288,0.320907076,0.56578255,0.421715644,0.781789486,0.00690713945,0.886330446,0.903962681,0.929606537
0.43291095,0.879595408,0.83285422,0.477513069,0.609274411,0.0112798228,0.820584632,0.216783222,0.846091517,0.278133891,0.759064449,0.704978034,0.144967922,0.408819737,0.957323205,0.0475778414,0.72927837,0.248072096,0.129061559,0.958716814,0.0237294614,0.114199219,0.13087915,0.0299024579,0.848774265,0.591927893,0.0200544232,0.230349909,0.2367032,0.541680615,0.4645146,0.927982808,0.0111756901,0.70385831,0.930340797,0.880834988,0.202040914,0.311397782,0.0725976974,0.449268867,0.127561966,0.559890021,0.565400242,0.560750801,0.968121936,0.159501316,0.109421898,0.811868362,0.00500000198,0.958879986,0.954694657,0.228208703,0.146445465,0.119197204,0.621020773,0.461941242,0.413307971,0.0489940535,0.241024236,0.383222419,0.89256112,0.459120085,0.118527962,0.0423853652,0.338345237,0.60923378,0.791907384,0.138086164,0.86309471,0.0110961553,0.522874748,0.793103405,0.500472175,0.745159313,0.641683076,0.230944194,0.391239725,0.741149293,0.119748781,0.621684228,0.293854513,0.161963408,0.636947657,0.440993838,0.65550036,0.394883491,0.17756368,0.0165675457,0.781653801,0.182546486,0.77334676,0.617071538,0.311291886,0.57276922,0.432405834,0.789182901,0.00771901948,0.888060334,0.902500152,0.931948506
0.42942456,0.877259915,0.840232482,0.486697803,0.612582145,0.0132514543,0.816079556,0.21380069,0.850176567,0.290009191,0.771468389,0.705407304,0.139818655,0.411333927,0.95712659,0.0498282115,0.733733969,0.251974778,0.132579782,0.961628294,0.0249413811,0.116945421,0.134293478,0.0307074371,0.860366765,0.60540236,0.0187585496,0.229256434,0.238803347,0.554653742,0.467012729,0.928245017,0.0115504174,0.704743709,0.926559614,0.878972316,0.202150586,0.318640812,0.0758739393,0.450394565,0.129668253,0.568201118,0.573285504,0.569992461,0.965001774,0.160060854,0.118811841,0.811988975,0.0046235172,0.958655294,0.95667995,0.234396331,0.151083022,0.11087159,0.633298691,0.473511871,0.425043851,0.0515104867,0.241829682,0.382355103,0.896828649,0.464474514,0.12500009,0.0444278566,0.340680766,0.613411781,0.79053756,0.134848576,0.86938329,0.0117307049,0.529487657,0.793982285,0.512974468,0.749634054,0.643958127,0.229338921,0.389791103,0.753636218,0.11801828,0.621159581,0.287196227,0.176163626,0.64883614,0.444456874,0.652223472,0.397209895,0.179142049,0.0177230964,0.790137827,0.187388551,0.772951482,0.616334994,0.307370741,0.579135648,0.443099081,0.795794222,0.00962672117,0.886187503,0.906772243,0.933658798
0.430996373,0.875808677,0.843445628,0.495165313,0.618193047,0.0142459694,0.818170173,0.21733716,0.850803064,0.285651015,0.785714398,0.699486096,0.13510145,0.415111243,0.958949182,0.0514456401,0.734072101,0.249594029,0.1305445,0.963533645,0.0248287598,0.121157518,0.144823693,0.0326659874,0.86512577,0.622161281,0.019420661,0.229956364,0.246927672,0.556757604,0.476302433,0.929967917,0.0118942675,0.708063313,0.926086007,0.880692326,0.192940524,0.318582891,0.0819180472,0.448794052,0.127622088,0.574745332,0.579804206,0.575717445,0.965433959,0.166394202,0.128468233,0.811743793,0.00424065826,0.956405731,0.958333318,0.234067571,0.148563318,0.114914498,0.638473752,0.478047031,0.428185443,0.0549800534,0.243618457,0.387947868,0.905893608,0.469753581,0.121426946,0.0469807002,0.358265543,0.618077241,0.780061401,0.130651351,0.874158645,0.0141917541,0.541361674,0.800654598,0.513444069,0.756760467,0.654814127,0.23194112,0.390625144,0.758970914,0.117909496,0.626584876,0.28537672,0.185082896,0.662422419,0.447329448,0.655557565,0.40639314,0.175103598,0.0231178129,0.789828429,0.181709075,0.770253972,0.613121176,0.299405408,0.588090288,0.441048994,0.801052542,0.0129293802,0.885015147,0.90554854,0.935350837
0.438174913,0.877001014,0.846370657,0.499507523,0.624685789,0.0140875604,0.81531454,0.222044718,0.856322393,0.287389244,0.788444963,0.697565848,0.124663095,0.421616294,0.961816374,0.0552742636,0.733928274,0.256065907,0.132819802,0.962751092,0.0246398247,0.124826972,0.157130341,0.0371241296,0.869587888,0.63465727,0.01839238,0.23603232,0.243468469,0.576949277,0.484905612,0.929165256,0.0102678576,0.716193129,0.925090313,0.882251507,0.194748987,0.324189576,0.0822320443,0.451779077,0.131976,0.577978552,0.587985822,0.585379142,0.967182228,0.16608037,0.133017133,0.815944059,0.00509383728,0.956625296,0.959268631,0.234702656,0.147990806,0.118836287,0.645566754,0.486675598,0.440873483,0.0611088563,0.242508397,0.398182391,0.908499465,0.47370541,0.123872875,0.0493970807,0.366694588,0.62530419,0.78777738,0.123723515,0.876180432,0.0174896807,0.551652313,0.802489267,0.513779671,0.765545135,0.665055987,0.230347521,0.40363911,0.764707157,0.119423426,0.633612413,0.271201621,0.198125283,0.679452753,0.450262484,0.663109828,0.416935518,0.173834759,0.0274885472,0.797653333,0.178157086,0.766727948,0.616697143,0.299245047,0.594401529,0.446065493,0.815715647,0.0140735419,0.885153478,0.903992566,0.938580398
0.447462788,0.875625767,0.855131707,0.511100378,0.643147726,0.0152891787,0.814647911,0.226193584,0.856490927,0.291163958,0.7911237,0.691941605,0.121326454,0.41819103,0.963046888,0.0592729705,0.738941493,0.258327794,0.135783186,0.962578225,0.0237717866,0.131390852,0.162882227,0.0386221925,0.876609018,0.644727315,0.0174802085,0.244754757,0.243994225,0.582364745,0.493308558,0.930658258,0.0100364904,0.716311564,0.928126838,0.8804063,0.194491157,0.327729504,0.0849426034,0.4534429,0.137233171,0.586532285,0.591155395,0.594788838,0.968475572,0.166191316,0.136750495,0.82022987,0.00529746936,0.956561422,0.960870112,0.235885306,0.143763661,0.110762575,0.647564177,0.493695694,0.444751403,0.064276875,0.246109113,0.404994441,0.912173169,0.474165541,0.126248065,0.0485270571,0.385378074,0.631508949,0.797156862,0.124046574,0.876314868,0.0171815487,0.548961516,0.795143581,0.52208412,0.775901479,0.681767289,0.226807789,0.404262511,0.76476983,0.119020738,0.635573908,0.263892123,0.203412632,0.696441966,0.456082959,0.663835437,0.434667854,0.177510969,0.0332657445,0.800390975,0.175038727,0.764830355,0.616197455,0.311972686,0.59646901,0.448027448,0.81956422,0.0145404743,0.886127876,0.903945556,0.940701309
0.454651606,0.875590327,0.860459363,0.531156273,0.653174551,0.0160457747,0.817231989,0.229021507,0.863863767,0.29469721,0.787890902,0.690200019,0.116546606,0.41964045,0.96268888,0.0599918236,0.748833824,0.257431572,0.138032112,0.962449088,0.0247403409,0.132421333,0.166312168,0.0429312858,0.880135218,0.653009483,0.0204917914,0.25303531,0.240074737,0.592529506,0.495604553,0.934246642,0.0114573783,0.721500199,0.928045405,0.883919392,0.1869871,0.332318074,0.0818277189,0.456293848,0.139795511,0.596323826,0.588861429,0.606654021,0.969427619,0.169341452,0.130987415,0.82477044,0.00676048407,0.95850251,0.959619775,0.236758666,0.144222874,0.111346446,0.658116935,0.500710066,0.460712367,0.0696413486,0.247189797,0.420562216,0.913459554,0.475531282,0.128025942,0.0489305449,0.405636683,0.63358734,0.802023349,0.114198779,0.874244021,0.0193185356,0.565753733,0.792507264,0.532421316,0.783336524,0.700771487,0.228185232,0.413331916,0.767955507,0.11609974,0.634141833,0.260745244,0.220975262,0.710062848,0.463535592,0.663654207,0.452593239,0.176650409,0.0347947829,0.808760986,0.178024253,0.763432979,0.612850372,0.324961251,0.603243151,0.450037606,0.827879859,0.0147286801,0.883222491,0.906390975,0.944747347
0.464072065,0.871065489,0.86018388,0.542707476,0.668547143,0.0164797022,0.816601261,0.229024252,0.861984671,0.291928067,0.794555965,0.684324115,0.114988153,0.435712819,0.962323157,0.0611923033,0.746924183,0.260853321,0.142254401,0.960091497,0.0241252378,0.13993359,0.172779933,0.0518843307,0.88446214,0.659371079,0.0240480975,0.252659498,0.238570238,0.593144036,0.502051524,0.931692344,0.0110310768,0.724319804,0.930025643,0.88647854,0.185839829,0.337161057,0.0791409751,0.46613918,0.140028558,0.608219413,0.596935966,0.616897071,0.970305958,0.167888969,0.131153567,0.828761488,0.0058537918,0.96165428,0.96014931,0.234633317,0.146926504,0.108037827,0.661620473,0.505422781,0.478183086,0.0813075685,0.250735164,0.446505508,0.913086092,0.476581033,0.129172869,0.0487607545,0.41996878,0.638239823,0.803651009,0.114440229,0.877561588,0.0203164515,0.572741813,0.781012367,0.540955161,0.784286537,0.709824262,0.231300408,0.412095047,0.768183256,0.113555452,0.637976262,0.252097908,0.229267352,0.725163827,0.464522449,0.661505772,0.471457218,0.184831956,0.0365508468,0.814811851,0.182035369,0.763165033,0.627477207,0.328124797,0.611748512,0.450470842,0.830631366,0.0146948151,0.884250154,0.909728475,0.948331433
0.479073281,0.866831839,0.865551239,0.549009748,0.675991628,0.0178362809,0.821703419,0.22917183,0.867798508,0.291601563,0.790808723,0.685760329,0.118814806,0.447368657,0.96238644,0.0609227356,0.745187821,0.272084068,0.146291482,0.95712479,0.0236363964,0.145074268,0.177821017,0.0583941008,0.888192558,0.671790602,0.0252323979,0.254743098,0.238095743,0.58884235,0.504243017,0.93356706,0.0103448243,0.730890594,0.932639455,0.890576495,0.181349539,0.347862481,0.0768152703,0.474421802,0.137297384,0.622420907,0.598164896,0.622571095,0.971599144,0.17091012,0.132675805,0.82978574,0.00677201144,0.962670949,0.961570195,0.236395561,0.146747028,0.111719839,0.670681837,0.51062891,0.492623582,0.0856963558,0.25273144,0.463155972,0.911631049,0.470267011,0.130235656,0.0470765375,0.430769421,0.641222372,0.810466187,0.110947341,0.879485209,0.0219920029,0.574881129,0.779549594,0.548954216,0.791515431,0.722943851,0.221436793,0.419501342,0.763761858,0.113864708,0.641312019,0.245628371,0.234659771,0.737489777,0.463410397,0.660655446,0.48099054,0.187816392,0.0383826471,0.820368747,0.185350278,0.764764555,0.628709874,0.345650325,0.609103907,0.463333699,0.837607779,0.017182131,0.886466335,0.914750396,0.951720381
0.497060987,0.865284547,0.868424482,0.555668554,0.689200207,0.017364391,0.822886492,0.236476177,0.866907277,0.296811358,0.801277283,0.685864958,0.123966885,0.460390294,0.965677727,0.0576544454,0.752668232,0.285679278,0.148891237,0.951314171,0.0213100679,0.149837193,0.184236635,0.0669818252,0.89317907,0.678254419,0.0302233715,0.258759629,0.236314621,0.591081481,0.51039177,0.936393956,0.0089919571,0.737553676,0.934893238,0.890694635,0.184649708,0.341507789,0.076062083,0.474837244,0.136244432,0.628932937,0.607939421,0.624476923,0.974550702,0.173566634,0.136380711,0.8343263,0.00753404619,0.965171787,0.963074009,0.239872401,0.14393755,0.109550552,0.677828398,0.527263211,0.506680491,0.0960912391,0.256644504,0.488671003,0.907336977,0.456806995,0.124652335,0.0447065241,0.448706685,0.637092079,0.813009145,0.0987341368,0.87989215,0.0245931166,0.577772172,0.777811943,0.553417184,0.798274991,0.727528495,0.225781071,0.421849047,0.766283502,0.110307056,0.642282286,0.247690283,0.237400691,0.748743698,0.459257866,0.659714745,0.491928158,0.189241131,0.037906904,0.828699849,0.183207232,0.769683608,0.626482436,0.343894851,0.612192169,0.470711251,0.84195099,0.0205713841,0.887049982,0.914947251,0.954128403
0.502672512,0.870626952,0.867034523,0.570381694,0.699988266,0.0184429468,0.828939464,0.240355405,0.870203399,0.306915091,0.805138976,0.682290724,0.125489326,0.463062772,0.967758718,0.0544709505,0.758901963,0.292484687,0.150806051,0.948125,0.0193575717,0.147420597,0.194170871,0.0748218517,0.898753223,0.685276367,0.0354041347,0.254750089,0.238930967,0.599937956,0.512338413,0.939744498,0.00828056981,0.743672512,0.940772985,0.895706759,0.185942985,0.344832777,0.077720897,0.480965607,0.142920152,0.648174053,0.609591151,0.637086799,0.975858785,0.179041661,0.134090936,0.835032795,0.00652432209,0.966474857,0.964699514,0.246166235,0.14449765,0.106215196,0.687992376,0.528947094,0.518650764,0.106752919,0.26615063,0.50938758,0.907768866,0.450160298,0.115285285,0.048288416,0.462720295,0.649901323,0.831070751,0.0955690095,0.882450312,0.0292611947,0.581443602,0.774446842,0.564293227,0.805356112,0.737302838,0.230303081,0.428340104,0.767928993,0.112811452,0.646729542,0.24351861,0.23514871,0.757363536,0.459537392,0.670635877,0.502370221,0.193568709,0.0383326029,0.829173886,0.191115142,0.774240469,0.626386799,0.355393875,0.612435257,0.484837346,0.847317143,0.021137569,0.891022501,0.915175156,0.957678705
0.524634076,0.871143955,0.867358962,0.585109926,0.70385915,0.0147082475,0.838166234,0.247009542,0.873009199,0.313548593,0.813624039,0.674614749,0.12861153,0.474917673,0.96646685,0.0535576108,0.761293024,0.301645289,0.151631046,0.94792187,0.0185820829,0.152191276,0.203745563,0.0857712866,0.902661124,0.695181457,0.0440587638,0.2513054,0.242064443,0.60008239,0.524650501,0.940930541,0.00903615369,0.754154587,0.940142882,0.896689283,0.19180699,0.352791516,0.0749049234,0.483281668,0.138470061,0.659956054,0.616535238,0.637847436,0.977934043,0.185162521,0.133307313,0.83651919,0.0083732093,0.968544421,0.964290614,0.249349744,0.15277,0.107192563,0.700026677,0.53885408,0.526393889,0.106829078,0.271720662,0.536070604,0.910453174,0.449129054,0.107404524,0.0496031242,0.47163015,0.659349392,0.840536642,0.0868673138,0.887122272,0.033060871,0.580968797,0.771209683,0.581188074,0.811461929,0.741064389,0.225779937,0.442186634,0.773736349,0.114857583,0.655923394,0.242346428,0.231403998,0.769709734,0.459131564,0.668506827,0.512515452,0.197528235,0.038328323,0.836608948,0.197946649,0.777243991,0.633980758,0.351615549,0.611979847,0.502733529,0.845971939,0.0186064732,0.896246082,0.914325517,0.959743614
0.53568114,0.877666168,0.869662813,0.589232644,0.710674139,0.0154962834,0.838771352,0.24804231,0.870883435,0.31924747,0.811904711,0.682046994,0.128668405,0.473275854,0.968235346,0.0491452985,0.768938546,0.303505956,0.153835643,0.94652018,0.0179139417,0.156297323,0.215416263,0.090392373,0.904695674,0.704799677,0.0506165013,0.251340841,0.244667851,0.604048727,0.538589853,0.943888348,0.00914634293,0.757175154,0.941335432,0.903458061,0.199480558,0.365165651,0.076251849,0.482877869,0.144370569,0.676168734,0.614043707,0.640482772,0.977973588,0.18978523,0.142071292,0.834038977,0.00959520115,0.970222254,0.964995934,0.251173579,0.156829364,0.109880038,0.710082507,0.545487971,0.539667851,0.110808665,0.285430497,0.548848359,0.910991994,0.445514526,0.10923916,0.0504260575,0.48949196,0.671133791,0.842584009,0.0827906324,0.884803899,0.0345665252,0.581877024,0.777708621,0.590673379,0.815804872,0.742091771,0.230473853,0.439151975,0.776657937,0.112752646,0.666131327,0.247710213,0.2360718,0.776283426,0.459647289,0.672790456,0.515170997,0.209430051,0.0369392709,0.842162495,0.201723887,0.777357803,0.635162418,0.362527989,0.613644566,0.514505224,0.84993886,0.0203511321,0.898472402,0.917982255,0.961975489
0.547471349,0.879030231,0.869286764,0.598666592,0.714680644,0.0133184815,0.840765271,0.262982885,0.875293102,0.314961777,0.832439728,0.678588419,0.128159954,0.468791993,0.969262132,0.0492736656,0.777927876,0.308318708,0.148296238,0.944781078,0.0171162966,0.154733157,0.221186467,0.0929469819,0.90949842,0.716123966,0.0521907271,0.252564628,0.246668429,0.613890638,0.550775593,0.946612323,0.00816744535,0.768674382,0.946346518,0.90260663,0.206823673,0.376281233,0.080487112,0.495763801,0.153912332,0.679406154,0.61410349,0.647529665,0.976875838,0.192892314,0.148056395,0.834030542,0.0106902986,0.972145938,0.963655839,0.249325637,0.153691663,0.103823958,0.723531895,0.559257038,0.554026116,0.1118546,0.290090376,0.562590024,0.914899934,0.440630942,0.113049498,0.055427669,0.499409843,0.687551985,0.850046318,0.0814673252,0.886930189,0.0361559051,0.581367978,0.786247927,0.600339364,0.821213421,0.745686298,0.235800441,0.447195676,0.777061765,0.108485201,0.675704474,0.257116853,0.231846928,0.783544914,0.46890736,0.665367586,0.516587087,0.213812417,0.0394558037,0.848346174,0.202619662,0.785333065,0.633072967,0.360073095,0.619137591,0.531616648,0.85496263,0.0199604448,0.901415341,0.918224879,0.966012607
0.559960821,0.885613517,0.870311354,0.611545204,0.718234584,0.0112629677,0.847667104,0.274797346,0.877109052,0.316619857,0.8328844,0.686097124,0.131238332,0.473701889,0.97230025,0.0439230134,0.782709585,0.316867134,0.145299487,0.942509133,0.0178414777,0.15744489,0.232767431,0.0917319598,0.908046959,0.721682348,0.0536868596,0.243192685,0.252792167,0.618374708,0.559598412,0.949648007,0.00725013045,0.772510835,0.946746157,0.904286261,0.205700743,0.389956256,0.0794812534,0.502553537,0.156275483,0.679795714,0.60898027,0.651875916,0.978892602,0.195308554,0.156214528,0.840859344,0.012824478,0.972921916,0.964186059,0.251113267,0.156868017,0.109265729,0.731686589,0.5708722,0.5600859,0.110201735,0.294042886,0.570881147,0.913334582,0.434788412,0.115598785,0.0540346269,0.512321848,0.690849219,0.852560144,0.0857830799,0.891949233,0.0371396786,0.587940169,0.792781818,0.61480709,0.825575202,0.749909719,0.259194445,0.447618979,0.778879386,0.111186446,0.691721724,0.274163954,0.235310906,0.79258691,0.478445864,0.673943526,0.524100687,0.206267014,0.0463004423,0.848058413,0.200429853,0.791648039,0.64336401,0.360810166,0.626714726,0.557142781,0.856969638,0.0206594542,0.901204844,0.921627943,0.964573607
0.566757965,0.886785444,0.869983283,0.61902393,0.724381918,0.0107115526,0.845245732,0.28731773,0.8815431,0.310286382,0.840740915,0.686676222,0.130968835,0.470127557,0.97423764,0.0427883255,0.793436504,0.320822417,0.150201107,0.940989004,0.0193095067,0.160079199,0.242420299,0.0874182486,0.914375545,0.731490967,0.0518806958,0.24514653,0.257560737,0.626420032,0.572699289,0.953304944,0.00678142496,0.780561534,0.947630753,0.905189833,0.21125878,0.396078615,0.07965967,0.503231056,0.159955957,0.684954979,0.613202783,0.666066239,0.978130988,0.197686145,0.162342641,0.843094977,0.0151326197,0.976411918,0.963048815,0.253028677,0.162036695,0.107375318,0.733965312,0.578269442,0.5655878,0.110774294,0.299113847,0.582197437,0.918703289,0.428296897,0.122749344,0.0520414367,0.514351486,0.702243433,0.847168682,0.0850591398,0.895626012,0.0335753398,0.582997732,0.797912298,0.622775505,0.830536839,0.75451359,0.256944142,0.461589794,0.78795898,0.108923095,0.703945412,0.282401085,0.237419419,0.801700396,0.477424372,0.677866863,0.524417643,0.211512017,0.0498850797,0.854148547,0.201784775,0.799234755,0.651275444,0.362437734,0.637452517,0.574326281,0.859380218,0.0198491518,0.902494164,0.921471635,0.965631126
0.578253758,0.893365401,0.870829704,0.63359375,0.724699029,0.0100334453,0.842241175,0.301051496,0.882093461,0.31414717,0.835719256,0.689507784,0.132506254,0.469873277,0.975597685,0.0408830638,0.800695394,0.325760801,0.151206255,0.940164853,0.0220961631,0.168466932,0.258977786,0.0858098714,0.915389608,0.737880662,0.0516788098,0.245548624,0.255320023,0.631670539,0.57873266,0.954978342,0.00833332966,0.786231573,0.947259008,0.908715738,0.217666974,0.412498695,0.0794811944,0.510447504,0.161418557,0.690880324,0.620478797,0.678073945,0.979784002,0.207438286,0.169165717,0.846590178,0.0167087417,0.977637611,0.962404728,0.245711193,0.173945126,0.109454779,0.73604965,0.589106407,0.575919363,0.113524059,0.306566807,0.596647074,0.919995994,0.436021124,0.125000105,0.0520057216,0.51849802,0.708213017,0.851532768,0.0820601488,0.899907252,0.0325581524,0.577482995,0.799406625,0.6305865,0.837186254,0.759696506,0.264597686,0.463863725,0.79395505,0.11319464,0.70833334,0.283918672,0.240136485,0.811784413,0.488695844,0.679432646,0.527806502,0.218039393,0.0520977553,0.855871628,0.200417832,0.805964578,0.6546561,0.35923785,0.648745994,0.587234671,0.8609523,0.0207668121,0.90288223,0.92229051,0.966344172
0.594038001,0.889746065,0.870360428,0.641690945,0.729854558,0.0091647,0.845243599,0.320009943,0.883218652,0.316058439,0.838414413,0.690828688,0.135529587,0.468370001,0.97694159,0.0426928981,0.807282081,0.330946875,0.1485218,0.941216653,0.0249770366,0.175913243,0.273417284,0.0850439536,0.916983015,0.749553811,0.0538253528,0.254002341,0.261347319,0.630769055,0.591620491,0.957322937,0.00929271282,0.79059983,0.950248231,0.910209822,0.223945872,0.42856554,0.0772692321,0.514407272,0.167878456,0.695239977,0.617892631,0.681850402,0.978564253,0.211665429,0.176012469,0.847184014,0.019056871,0.981832911,0.962067796,0.240760962,0.175102044,0.110020841,0.737666545,0.599344886,0.586892195,0.109955006,0.311253137,0.609230982,0.922661096,0.436866638,0.132382917,0.0526693767,0.531860671,0.712918202,0.853135824,0.0874004786,0.906289718,0.0323454506,0.580403284,0.807824586,0.640536933,0.844552708,0.765245151,0.270122722,0.475192627,0.798567498,0.115402356,0.71157779,0.294325241,0.250980068,0.818520877,0.488007987,0.684607824,0.533715121,0.219168202,0.0519357713,0.858831644,0.200794809,0.800847916,0.65511088,0.355579494,0.66178442,0.595751828,0.865060453,0.0195764971,0.903021259,0.92225779,0.966084795
0.608147651,0.890755356,0.871342686,0.649037008,0.73559635,0.00697368313,0.846637766,0.335443971,0.884743785,0.30510353,0.845686873,0.691284519,0.136555597,0.467401228,0.978695453,0.0427807457,0.817155892,0.334643824,0.153794191,0.942474427,0.0282787888,0.177681142,0.284113895,0.076838182,0.918180318,0.759905519,0.0548697073,0.255150898,0.263467629,0.630228821,0.593881983,0.958488154,0.0113052302,0.794655646,0.951069431,0.909874196,0.229549432,0.42033673,0.0809840505,0.522186314,0.1712042,0.700096309,0.624871385,0.689981051,0.978587317,0.212308087,0.190624938,0.84892033,0.0210833797,0.98348608,0.962671886,0.250748731,0.179434633,0.113071318,0.742093514,0.602603261,0.604179487,0.102883074,0.306238597,0.622764922,0.921101209,0.435337765,0.136118513,0.0529054219,0.537099448,0.720923876,0.857728233,0.0926114342,0.910825355,0.0349964494,0.577425671,0.813088319,0.650536655,0.848165027,0.772130949,0.274185998,0.491894809,0.80203752,0.117121331,0.716934346,0.310134668,0.253227162,0.825745529,0.501442321,0.68539082,0.5365222,0.22343993,0.0477661788,0.867599664,0.194775923,0.805167539,0.659961494,0.362555534,0.674198278,0.603065373,0.872193829,0.0216184146,0.90621129,0.921898725,0.968542782
0.617135502,0.886012688,0.874959728,0.652045219,0.740344395,0.00813449781,0.849012177,0.345886456,0.888775952,0.302940497,0.849050547,0.70007769,0.137527227,0.471555577,0.979255174,0.0416146697,0.830658481,0.339794841,0.14953314,0.94520393,0.0290322303,0.185532209,0.292162069,0.0710593917,0.921856994,0.768235491,0.0545455299,0.258302295,0.263871388,0.626759067,0.601517275,0.961169325,0.0135064974,0.800385238,0.952298879,0.91107256,0.235307822,0.423016534,0.0881599287,0.525177251,0.175000007,0.702559406,0.640087123,0.70515135,0.979045095,0.216329524,0.196372812,0.849692735,0.0187747338,0.986237652,0.962562825,0.250092855,0.181809385,0.11994467,0.752428566,0.612365577,0.613549193,0.0929486925,0.313070142,0.630893217,0.923099859,0.440804275,0.140345454,0.0520651108,0.540738536,0.72686321,0.859365896,0.0890375261,0.914636001,0.0361042354,0.567110162,0.812294404,0.658027016,0.849028053,0.780056812,0.278123259,0.505511287,0.809129433,0.120376878,0.719300724,0.316050663,0.254072768,0.831730295,0.51033125,0.689864837,0.543813024,0.223268725,0.0471191218,0.869804468,0.187475738,0.806123158,0.667328345,0.371087844,0.679416943,0.607257879,0.877194758,0.0211546562,0.908562379,0.92195489,0.967753312
0.625295547,0.884659005,0.874047081,0.65632041,0.743065719,0.00890870108,0.853587194,0.36146341,0.894237611,0.302836884,0.848900671,0.710282088,0.141371332,0.477496704,0.978202073,0.0425263399,0.837556904,0.331632908,0.15150269,0.94860979,0.0298645435,0.19101395,0.298962856,0.073396923,0.92306418,0.771443106,0.0596797068,0.263351432,0.268136692,0.624517198,0.604784239,0.961368788,0.0150818006,0.805070861,0.953238094,0.910413436,0.230814562,0.424935834,0.092530769,0.533140001,0.18287105,0.706373477,0.650983307,0.710079988,0.978317558,0.221251449,0.202761276,0.849641896,0.0198135132,0.988367623,0.961931718,0.254477856,0.18856338,0.126808357,0.757949951,0.618293717,0.629342523,0.080284554,0.315397251,0.64320538,0.925079797,0.44180753,0.14419819,0.0525857104,0.547050117,0.728837423,0.859319028,0.091893284,0.91609519,0.0361612917,0.563976472,0.819913596,0.667239571,0.852734144,0.785220835,0.277463183,0.524323074,0.814342331,0.128331389,0.718113352,0.331526973,0.260803328,0.840346409,0.508499549,0.691140935,0.550677971,0.234884617,0.0466699212,0.87432219,0.180443212,0.811302325,0.67604941,0.371745494,0.687492594,0.622154706,0.882823052,0.0227093323,0.91165988,0.922317386,0.969656481
0.644816507,0.879615021,0.872922069,0.654743859,0.748640429,0.00908575481,0.85828414,0.366065048,0.897739541,0.296653385,0.851697337,0.712215103,0.147910375,0.485227843,0.98033402,0.0373072567,0.838804162,0.331308438,0.152191609,0.952900125,0.0353362477,0.193736369,0.300280257,0.0751373504,0.926353316,0.782722453,0.0689655919,0.267736601,0.273099541,0.62459339,0.614885944,0.965329408,0.0190231696,0.811388027,0.95661001,0.913038494,0.237041436,0.42861335,0.0956475871,0.535326663,0.190870026,0.704596743,0.667173773,0.710816074,0.978282198,0.221759956,0.218076694,0.84845481,0.0206569883,0.989870367,0.963228047,0.259077216,0.186232552,0.135069472,0.762240004,0.628023459,0.636261464,0.0763265386,0.315847411,0.660655133,0.927424106,0.442776641,0.137592611,0.05157206,0.558372025,0.731429144,0.864347198,0.0939112894,0.91938528,0.0329632381,0.56321739,0.819283944,0.678968303,0.857528588,0.791456387,0.282381109,0.536171156,0.822517918,0.132925068,0.716895867,0.34129969,0.268251873,0.842100741,0.520117779,0.692961585,0.558246169,0.236701964,0.0405471889,0.878071415,0.177333787,0.811609952,0.677696841,0.374002839,0.701556094,0.627980088,0.887490384,0.0229357513,0.915903037,0.924747278,0.969971217
0.654919413,0.879093805,0.872136187,0.658708547,0.749224844,0.0106597509,0.860687394,0.371466109,0.903378448,0.29290536,0.863274836,0.714744564,0.148239584,0.489986829,0.980940742,0.0366819036,0.845722248,0.330164553,0.154627662,0.956947804,0.0344611193,0.199083427,0.307494148,0.0758458942,0.929143642,0.791879685,0.0749449326,0.268052158,0.284020494,0.626851586,0.625191139,0.967499541,0.0210499061,0.819832576,0.955930632,0.916807911,0.241123265,0.437666224,0.0939958126,0.546187108,0.201818691,0.709311437,0.680721294,0.711533116,0.977641218,0.225304779,0.221169403,0.847389817,0.0208904521,0.989859969,0.963838632,0.272097067,0.197352631,0.137298681,0.762246985,0.638928334,0.651190106,0.0743871697,0.318069741,0.671632005,0.927495033,0.447368783,0.137214709,0.0437611169,0.568036099,0.736375225,0.870199841,0.100888767,0.922504243,0.0305262703,0.564634052,0.813501643,0.689718781,0.864846195,0.793800268,0.28685207,0.548407116,0.833769505,0.132248146,0.705533577,0.351770011,0.273515765,0.841966991,0.538507138,0.691582973,0.563762858,0.236713463,0.0383631299,0.882959614,0.177703385,0.816790525,0.682230725,0.393172708,0.707613788,0.642915634,0.890824639,0.0262525598,0.920019475,0.92709865,0.971284399
0.66267045,0.877661843,0.873018171,0.661370093,0.750582224,0.0125522953,0.869913477,0.384789052,0.906165876,0.297211065,0.854211787,0.721915847,0.148589503,0.499507725,0.982943095,0.0369118267,0.852077871,0.333588291,0.159772919,0.957668508,0.0325810521,0.206346768,0.317988559,0.0788800677,0.930132849,0.796013892,0.0834557939,0.272782876,0.292588485,0.627676469,0.634552125,0.969116728,0.0250263497,0.828566566,0.959780087,0.914204803,0.247845043,0.438452042,0.0938079802,0.547257316,0.21459909,0.71267506,0.694380647,0.70818927,0.978716059,0.228719035,0.231994027,0.846568764,0.0214286094,0.99070257,0.962149403,0.279400276,0.199665555,0.138833845,0.767493541,0.652836471,0.663973934,0.0737378312,0.325688023,0.6837311,0.929377483,0.452989093,0.143018269,0.0397281356,0.579829379,0.740516425,0.874028047,0.0974331624,0.924424127,0.026959886,0.571428438,0.817027419,0.697174595,0.867157301,0.789128239,0.297267387,0.566474313,0.846919711,0.132425987,0.705754623,0.361337024,0.281457715,0.850363345,0.545269025,0.693045822,0.575098092,0.23650938,0.0373368149,0.88829961,0.177078883,0.819058812,0.682510287,0.391251067,0.71365223,0.657644362,0.894985801,0.0273700718,0.920314558,0.92790202,0.971241806
0.675863547,0.880843638,0.871475675,0.659222655,0.754489035,0.013198294,0.870715768,0.39348357,0.90849459,0.306333416,0.859009519,0.73429589,0.146722711,0.501440276,0.983214437,0.038117296,0.856044348,0.339787026,0.163844542,0.961255019,0.0310679957,0.216576969,0.331855257,0.0785568296,0.933046284,0.799748391,0.08709676,0.278286284,0.298028254,0.630718218,0.650000149,0.970101083,0.0301938968,0.841272576,0.960357544,0.91725786,0.255292021,0.465002829,0.0963646,0.555111962,0.219896812,0.720627037,0.702015437,0.703868118,0.978096065,0.231009901,0.240365043,0.849399531,0.0205353558,0.991401421,0.96407485,0.288222713,0.192378437,0.1316,0.774412664,0.667073145,0.670724644,0.0640257812,0.332929902,0.692353182,0.928494048,0.444153847,0.149244199,0.0368372373,0.579857295,0.739832458,0.87324844,0.0987125978,0.928990797,0.0264465255,0.570992634,0.809883648,0.708522963,0.872471377,0.793359749,0.306005906,0.575952087,0.859854169,0.137408167,0.705774206,0.372493046,0.291211442,0.853013768,0.559799146,0.691344085,0.580609401,0.233676891,0.0424577539,0.89477931,0.174463582,0.819641643,0.687667346,0.387353217,0.719114166,0.67217657,0.902103971,0.0280673722,0.921040409,0.9299352,0.969924435
0.683135754,0.880193687,0.875092577,0.661496118,0.757465001,0.0114553159,0.878728086,0.407728917,0.916589951,0.304179891,0.857596787,0.741325147,0.156948493,0.507447194,0.983956923,0.0421215294,0.85972131,0.33556036,0.173046725,0.962231294,0.0306258507,0.219422317,0.347931617,0.0829650028,0.932737643,0.803572512,0.0896328053,0.280187524,0.305809898,0.633227998,0.658125628,0.971043328,0.0272624745,0.849639796,0.962205392,0.914694365,0.263226515,0.483376958,0.098850853,0.561452641,0.223260215,0.724648587,0.715405986,0.699916399,0.978055808,0.225254362,0.247561202,0.856847957,0.0177895141,0.991415699,0.963999494,0.295470473,0.192861552,0.135249567,0.777449842,0.683071473,0.669383769,0.0587413194,0.345625121,0.703090343,0.927759888,0.443840312,0.154188631,0.0360554963,0.583077728,0.740895823,0.87938818,0.0962783144,0.930752136,0.0256223063,0.580529126,0.808955179,0.716214622,0.873739723,0.796283527,0.313158197,0.581076085,0.869672868,0.139907775,0.705239749,0.377496515,0.307533242,0.854953801,0.568722799,0.698044664,0.590370064,0.233679267,0.0417318324,0.899114117,0.169774949,0.817234991,0.686976734,0.389514971,0.718779703,0.683626483,0.902065135,0.0285829282,0.924368031,0.932497326,0.970386379
0.689997769,0.881497128,0.878989249,0.670004771,0.762291181,0.0117627529,0.879914979,0.425533042,0.920997542,0.297528158,0.850863547,0.748726362,0.163185025,0.5109972,0.984120458,0.0481370824,0.864392215,0.340128768,0.18146671,0.963763746,0.0308288494,0.217916203,0.361227916,0.0868508475,0.936267068,0.810520986,0.0902421329,0.281643883,0.307331051,0.634073363,0.660469459,0.97135591,0.0312322825,0.86033201,0.965351408,0.920690279,0.275706283,0.497751265,0.0945266539,0.563988682,0.229361425,0.726588333,0.715390124,0.700101753,0.978158199,0.22930742,0.258152418,0.85915441,0.0171887123,0.992449819,0.964369301,0.299091243,0.186696252,0.128194925,0.778509251,0.69726924,0.663235551,0.0596727936,0.35718663,0.712338007,0.928584881,0.437553448,0.163389914,0.0338299093,0.585792523,0.751119179,0.88654318,0.100108403,0.933265256,0.0269969695,0.591078726,0.813471078,0.730938969,0.879447845,0.800551425,0.320812954,0.588877379,0.875982029,0.13635246,0.706246352,0.385092131,0.323784701,0.857192313,0.5730514,0.70063413,0.60060166,0.21577164,0.0490862146,0.902475737,0.168790061,0.818281567,0.695533352,0.389830601,0.719878587,0.69129025,0.908876427,0.0291102713,0.925572215,0.934475448,0.972835232
0.702604661,0.88340964,0.878916164,0.675407441,0.772539482,0.0111645413,0.883298513,0.435524541,0.923131603,0.300947292,0.845587924,0.747948694,0.171822336,0.516637097,0.983260982,0.048223378,0.868105914,0.343683935,0.184355874,0.965471624,0.0281303475,0.217828141,0.376208939,0.0859279797,0.936882487,0.817734417,0.0917926032,0.283818187,0.312134756,0.635241627,0.67048295,0.971520971,0.0284222297,0.862347107,0.96700409,0.920087806,0.284229557,0.512883846,0.0929076457,0.569682696,0.245596515,0.725882214,0.720453666,0.693281048,0.978820781,0.228873073,0.256432072,0.863552568,0.015390483,0.99215378,0.964524035,0.301808126,0.194961128,0.12478836,0.782794595,0.710418556,0.666146551,0.0654905708,0.371572563,0.724387301,0.931099085,0.44103346,0.162143575,0.0306853596,0.588502072,0.751868115,0.882402215,0.100812916,0.936490937,0.0243901816,0.59997332,0.81526447,0.742012228,0.88500332,0.809832457,0.33423502,0.591472644,0.880705647,0.136586539,0.711720945,0.39479017,0.332032863,0.858119429,0.587933349,0.709250908,0.61330666,0.208917244,0.0527301183,0.912577444,0.157533846,0.819942686,0.69747067,0.385407562,0.723229713,0.692579458,0.912806364,0.029702946,0.928308737,0.93999285,0.975760066
0.719061837,0.886879183,0.884324683,0.686885075,0.779874626,0.0126692206,0.886089628,0.445515663,0.928525699,0.311833092,0.843973169,0.750433989,0.187447376,0.524160518,0.984257633,0.0541401663,0.873464861,0.342479148,0.191431606,0.964358396,0.025744313,0.22206389,0.377273778,0.0895890576,0.93995603,0.817832992,0.0957675496,0.291610035,0.313418081,0.651594652,0.672661949,0.969043338,0.030642271,0.867724346,0.969568582,0.91673649,0.295158313,0.526804762,0.088602543,0.585274228,0.255091757,0.73374106,0.722916402,0.699221126,0.979380752,0.231850041,0.272556582,0.866303608,0.0113899603,0.992087946,0.966534818,0.300507441,0.197708599,0.120835038,0.783711701,0.72307873,0.666085793,0.0717833852,0.390277928,0.724037839,0.935342373,0.445695877,0.166837402,0.0290606211,0.58639669,0.757075634,0.885950177,0.105835552,0.941931962,0.0268735632,0.605227534,0.809402475,0.750622232,0.889544013,0.813972683,0.329099039,0.595409823,0.883716947,0.136589464,0.709028151,0.398856254,0.351658797,0.86247724,0.602612791,0.724330997,0.634051706,0.207192561,0.0527584493,0.922296008,0.161554289,0.814933665,0.704492847,0.388787714,0.729132099,0.693775934,0.916544844,0.0295376342,0.926957136,0.943003323,0.976508211
0.728296991,0.888500354,0.885531813,0.688800551,0.78425458,0.0125797203,0.883669154,0.465292891,0.92873421,0.313856107,0.836802255,0.743826672,0.195501143,0.530655325,0.984895334,0.0545023776,0.879637024,0.34712745,0.191736292,0.965458235,0.0226236478,0.235545046,0.381233464,0.0955159398,0.941339358,0.823611742,0.0985663042,0.301888721,0.316102283,0.650662182,0.676292809,0.97054198,0.0274462968,0.869930541,0.970593905,0.916680744,0.310135243,0.539151496,0.090150943,0.593440543,0.256155523,0.742766787,0.721241568,0.701168956,0.980742166,0.228951026,0.278271878,0.869015321,0.00990476254,0.992125039,0.966104976,0.296123115,0.203503712,0.119718596,0.78290051,0.731491927,0.667270868,0.0841584255,0.410478181,0.730560625,0.9387999,0.454438914,0.178522105,0.02944921,0.579673632,0.762459706,0.888915056,0.104056892,0.940313133,0.0299112624,0.618701075,0.8146418,0.757195485,0.893790239,0.816605049,0.341479861,0.603058251,0.887093634,0.137957259,0.70757212,0.406967345,0.368966898,0.862601163,0.614474067,0.739004904,0.649999638,0.200324094,0.0598688093,0.92521977,0.159621482,0.818778682,0.710104848,0.388938438,0.726512957,0.697372434,0.916196121,0.0309677543,0.927549291,0.945281981,0.976539641
0.744812779,0.884374597,0.889624484,0.691594138,0.790914376,0.0142405082,0.885693565,0.480646467,0.932224767,0.318339399,0.829185198,0.743326133,0.21737451,0.53955377,0.984442202,0.0580110164,0.884686713,0.336214141,0.196826509,0.966052445,0.0212988932,0.24059553,0.386626137,0.103073552,0.9449109,0.831813398,0.109191468,0.307421625,0.313299436,0.657113588,0.675138366,0.971124814,0.0253776864,0.873317502,0.972995866,0.920868141,0.322369647,0.556665254,0.0888977899,0.600320863,0.261759269,0.743101334,0.726319692,0.705824174,0.982758631,0.232142691,0.289801795,0.875418913,0.00806761916,0.992064206,0.965071939,0.294265692,0.217545504,0.12649356,0.788531627,0.739560643,0.674339395,0.0870514185,0.431256734,0.731335557,0.943880295,0.46317945,0.186078437,0.0298556295,0.575981869,0.763815569,0.894399046,0.106604322,0.941172734,0.0315469598,0.627005823,0.814740307,0.764810702,0.897008686,0.824245065,0.341151305,0.600506782,0.886113941,0.13151156,0.715715453,0.412876011,0.377997673,0.869239132,0.629992809,0.74591297,0.651524228,0.194494334,0.0630879877,0.930907518,0.157137507,0.816971479,0.714622758,0.371493413,0.731023225,0.706446176,0.916862739,0.0297669813,0.926939792,0.946325162,0.98019457
0.753953329,0.882561997,0.893078282,0.70141283,0.796958584,0.0135039051,0.887900693,0.481568481,0.93709172,0.31410697,0.832539324,0.742820579,0.228144032,0.543727352,0.985150027,0.061945076,0.886072901,0.336447015,0.204718116,0.966232222,0.0196529841,0.251975969,0.395307347,0.113972586,0.946550268,0.83826489,0.117397509,0.31713929,0.314260279,0.654982338,0.676513091,0.970774886,0.0262373316,0.873298195,0.975086558,0.921526168,0.328317924,0.569659828,0.0893663134,0.610272435,0.267119018,0.750036523,0.719221635,0.714694479,0.983762166,0.235302423,0.288690724,0.876809171,0.00470772628,0.992228761,0.964746904,0.293777343,0.234618285,0.123160874,0.791451142,0.751567127,0.680087288,0.0875118062,0.454350648,0.73545166,0.945356693,0.468489645,0.194641801,0.0319972999,0.57839335,0.767875992,0.89855229,0.118829422,0.943961675,0.029961799,0.638093707,0.812013328,0.77902449,0.899685964,0.830183944,0.341185166,0.608116695,0.889428521,0.126216176,0.719699133,0.422775236,0.388636194,0.86648907,0.634229087,0.762198186,0.668892731,0.19333023,0.067371964,0.934992638,0.152583314,0.818050923,0.719263825,0.356232977,0.734227504,0.710333731,0.917655958,0.0319654253,0.92566696,0.950244706,0.982617927
0.759332186,0.881692447,0.897466611,0.719088975,0.801906581,0.0130861581,0.889782352,0.488023995,0.939194056,0.319068665,0.835250994,0.744078893,0.231419379,0.554775064,0.986048643,0.0609756269,0.887904066,0.342413343,0.206745611,0.965314472,0.0188645628,0.263708677,0.393313884,0.11964087,0.950266057,0.842297354,0.127512204,0.322121269,0.309617318,0.658298442,0.671568124,0.970120333,0.0236077843,0.87629339,0.979166677,0.917095747,0.334437574,0.577361978,0.0918588982,0.605160452,0.267315754,0.757196335,0.717619331,0.722244203,0.984861607,0.238607629,0.289315423,0.88239646,0.00444084904,0.99186663,0.966876917,0.295898942,0.240521381,0.127533604,0.794525945,0.766217986,0.689006244,0.0861344686,0.481111259,0.74304881,0.946000353,0.481452855,0.200035446,0.0319402051,0.589360914,0.774679903,0.901087094,0.128217976,0.942535116,0.0297104064,0.652945402,0.817732121,0.785713936,0.901901139,0.831575613,0.349521827,0.60820447,0.893497269,0.124016884,0.724557329,0.427930518,0.397762077,0.873998489,0.639792855,0.772137272,0.680980418,0.189416747,0.069589091,0.937969945,0.155186202,0.825527042,0.72203555,0.338129374,0.737045539,0.718258307,0.919622425,0.0325469325,0.925607567,0.952994552,0.982906598
0.771095175,0.884791298,0.898171208,0.72819263,0.807234558,0.0109209938,0.894871034,0.487374289,0.939223381,0.332390612,0.832589444,0.745728134,0.239767281,0.560662877,0.986610309,0.0625512634,0.890487976,0.349264608,0.211898156,0.96504585,0.0176895627,0.286466929,0.399517578,0.124106856,0.954843419,0.847810836,0.133744868,0.326675984,0.309179655,0.651127026,0.666768228,0.970657408,0.0254288833,0.879812917,0.981198262,0.920218081,0.342189859,0.585261794,0.0912439059,0.612985185,0.269993587,0.766742195,0.725156856,0.723290226,0.986196705,0.233440694,0.299258812,0.885326333,0.00494233685,0.991596131,0.966024371,0.29609343,0.25172736,0.136731932,0.797125546,0.776780078,0.703883496,0.0870260855,0.496849121,0.754062849,0.9492358,0.491798173,0.203893924,0.0339279634,0.59975486,0.78397847,0.905255091,0.141547866,0.945230534,0.0281450961,0.663342718,0.816519832,0.794427811,0.909407739,0.836207733,0.359669889,0.613843245,0.898150867,0.123350383,0.732717575,0.440485775,0.400709065,0.872084344,0.644018598,0.788094688,0.696622869,0.185933096,0.0769231645,0.939725739,0.151918899,0.825421774,0.718758411,0.327649476,0.736255469,0.716585809,0.917747695,0.0343915536,0.92436511,0.954896349,0.982338892
0.775110258,0.883408556,0.899042859,0.739087926,0.810531407,0.0122630949,0.89971768,0.483015304,0.939846775,0.329389338,0.838224568,0.747763792,0.242839756,0.567794909,0.987127309,0.065359438,0.895320376,0.345903889,0.222207473,0.966150879,0.0209377763,0.29751361,0.412227119,0.127398417,0.957864898,0.849919328,0.139057203,0.333639191,0.307231872,0.655478347,0.668812025,0.971743724,0.0241785948,0.883273572,0.983389557,0.923734427,0.342423895,0.600222511,0.0902371235,0.608923325,0.270720852,0.765106394,0.723128377,0.732484258,0.985499199,0.226415452,0.30121835,0.891420768,0.00496072801,0.991141875,0.966866203,0.296406401,0.272789501,0.1431059,0.799480658,0.782560222,0.703700023,0.0860897422,0.515818237,0.757917537,0.945665756,0.499257108,0.207074154,0.0350070633,0.608156949,0.784371508,0.906537028,0.140627645,0.947652537,0.0302917285,0.676705981,0.815555037,0.801677526,0.910514177,0.840179963,0.371538282,0.614965648,0.901990919,0.11908708,0.740877092,0.439434469,0.399969347,0.876662765,0.655850905,0.799737204,0.71060026,0.188312064,0.0838339469,0.944276707,0.151421051,0.823846069,0.718372737,0.29270537,0.73596371,0.728737533,0.919866161,0.0354402036,0.924094057,0.955382781,0.981690095
0.782684046,0.886674498,0.90133661,0.750334754,0.817376342,0.0128544509,0.900911592,0.485615569,0.944229376,0.338719811,0.84500567,0.754052352,0.246514984,0.573585856,0.986167612,0.06729976,0.898062046,0.346835408,0.226829001,0.964940765,0.021907224,0.31464098,0.421757109,0.136883446,0.96078112,0.855747805,0.144502923,0.334017405,0.311337116,0.656433116,0.677318494,0.97369817,0.0234857811,0.889647886,0.983959579,0.924264999,0.33817039,0.612624242,0.0908835255,0.612682643,0.26555178,0.770560561,0.721955474,0.737106651,0.98569157,0.221749928,0.314710776,0.895857007,0.00606060049,0.990986978,0.96743857,0.303666625,0.2924953,0.151402724,0.805738981,0.786067988,0.714625583,0.086690833,0.5387933,0.763078825,0.945870441,0.506316148,0.207384652,0.0365985374,0.618053655,0.792083292,0.907889263,0.154398135,0.949313134,0.0318590774,0.685047266,0.815560586,0.806038958,0.912811375,0.844613582,0.375174087,0.626091908,0.906089666,0.111482714,0.75131309,0.448000253,0.393562202,0.880191762,0.664298726,0.800068942,0.720436882,0.185720199,0.0859125911,0.94734803,0.156893302,0.829527877,0.721527218,0.271349747,0.739071586,0.731629177,0.917115306,0.0406950542,0.926563466,0.954873721,0.981393423
0.790470799,0.887366311,0.902348745,0.765966644,0.820582132,0.0151341131,0.904315866,0.493100036,0.942520807,0.346186217,0.859029802,0.760384093,0.253145659,0.581876762,0.985870238,0.0735415227,0.899218003,0.349497127,0.23687809,0.968027152,0.0224370182,0.33008762,0.440116934,0.135720956,0.965277698,0.859164276,0.139035701,0.344984403,0.32250284,0.662110836,0.678163799,0.974701822,0.0258461228,0.897446964,0.98270992,0.925690119,0.339381839,0.624036813,0.082034608,0.620938109,0.269567979,0.772572943,0.727908178,0.742652761,0.984819163,0.220450766,0.317266715,0.89646829,0.00711743929,0.990441366,0.967296862,0.315412159,0.314266611,0.163200738,0.802776268,0.793642929,0.721868116,0.0855590612,0.553045408,0.770622457,0.945284327,0.510888542,0.213978481,0.0403488917,0.626799933,0.795725755,0.911169619,0.161986893,0.950616624,0.034792309,0.697718153,0.818900809,0.810801038,0.917496835,0.849594961,0.386704214,0.638678912,0.906572456,0.108354746,0.761125351,0.447425222,0.394842181,0.884375119,0.67532033,0.80557005,0.734871727,0.188694877,0.0869109035,0.952061822,0.157550265,0.826165988,0.722521121,0.249536195,0.744532935,0.740199931,0.912406665,0.0401560011,0.925985202,0.95614193,0.981010893
0.79558737,0.889586454,0.906394427,0.770984457,0.823358488,0.0165257528,0.903768191,0.496353449,0.945390729,0.345465671,0.870034015,0.768553421,0.252501386,0.591829934,0.98570115,0.0789257997,0.902591838,0.357974242,0.246035717,0.96887235,0.0269188443,0.338904738,0.460333619,0.138187502,0.968467775,0.861968094,0.142130253,0.350605784,0.333225694,0.666822554,0.682485158,0.975430963,0.0305810204,0.902545418,0.983658412,0.929334247,0.338318885,0.639083266,0.0858424344,0.630960679,0.27422771,0.77170566,0.723592968,0.75081019,0.983942195,0.218230527,0.328289066,0.90171083,0.00747252707,0.990036155,0.967586251,0.323913701,0.319927108,0.168235106,0.806433686,0.80600417,0.727267301,0.0848135002,0.568338409,0.782975639,0.945369564,0.514630362,0.221984154,0.0395826613,0.640648296,0.803742532,0.91249996,0.169281026,0.953945361,0.0383333872,0.704359531,0.818637618,0.814686267,0.918262558,0.854275646,0.39491477,0.650650865,0.906842174,0.106322638,0.776057662,0.457419997,0.394381224,0.890565352,0.680868866,0.812979697,0.75022405,0.182971272,0.0834180917,0.955605677,0.158020831,0.826874329,0.72213828,0.236111097,0.750181503,0.746800828,0.910698062,0.0375098248,0.928825481,0.956398053,0.982028883
0.804019513,0.893136136,0.910168734,0.779679973,0.827734039,0.017408123,0.908261312,0.50577,0.946204109,0.343832024,0.875737386,0.773851658,0.256072048,0.603330104,0.9866269,0.0891423725,0.9027367,0.367709642,0.252303849,0.970267774,0.0299378978,0.349558741,0.477497133,0.133161092,0.969080271,0.864569553,0.135117086,0.359883861,0.340052657,0.665497077,0.689595551,0.976490586,0.0319855,0.909924866,0.983550309,0.929771649,0.344006541,0.646844925,0.0892438633,0.637031927,0.285462639,0.769721251,0.727247114,0.756375368,0.984185777,0.214243688,0.350756012,0.906911047,0.00949796185,0.9893015,0.965568418,0.333805201,0.326846493,0.175407354,0.815190448,0.812572536,0.73880317,0.0774584698,0.593551607,0.792376356,0.944801319,0.514344499,0.229414239,0.0392473541,0.648948876,0.811598536,0.909651309,0.17846608,0.9578264,0.0418401415,0.70618799,0.815028369,0.823822761,0.921775288,0.862106137,0.394581923,0.66580922,0.91137055,0.110526295,0.775793332,0.455119816,0.406103105,0.89596554,0.691002183,0.816750871,0.767366274,0.178396096,0.0851607353,0.956023252,0.160827727,0.836507188,0.73650369,0.234120033,0.756366948,0.752800674,0.913689297,0.0377990256,0.931743366,0.954814796,0.982384097
0.807850041,0.896132062,0.913647013,0.779330674,0.834003215,0.0178779246,0.910100068,0.510138457,0.944781454,0.337760321,0.882374182,0.77485823,0.260338424,0.614991389,0.986808332,0.0913684411,0.906977209,0.371546015,0.262074124,0.971957424,0.0303532528,0.361635069,0.488477581,0.138584463,0.969559036,0.868995703,0.127829697,0.363989436,0.351168093,0.669799361,0.696737121,0.976293462,0.0288697953,0.911260091,0.984015478,0.930605328,0.349847167,0.660930579,0.0881316997,0.63576445,0.296350004,0.768700102,0.722013112,0.762871708,0.98489397,0.208952541,0.366252237,0.908678831,0.00912408468,0.988520852,0.96610627,0.349694478,0.332105481,0.179282759,0.8201418,0.820315554,0.740123239,0.0833333281,0.602216184,0.799350884,0.945439446,0.524771072,0.231957182,0.0420377836,0.66795819,0.811122082,0.910920046,0.18117001,0.959817162,0.0476098493,0.711737296,0.809536708,0.828105555,0.924685859,0.869709595,0.397524594,0.679119762,0.910645294,0.111628033,0.779385214,0.469154379,0.411598726,0.901286026,0.699493245,0.821051033,0.781957605,0.180064482,0.0890657235,0.955332724,0.160453727,0.837503132,0.741720135,0.227993233,0.763212527,0.759239889,0.911162972,0.0330656704,0.933704224,0.957021849,0.983386347
0.809380873,0.896208327,0.9191592,0.787057521,0.836166441,0.0156371949,0.9127269,0.523523424,0.94444444,0.332818702,0.888656133,0.783420682,0.255662672,0.627931731,0.988723361,0.0944761312,0.909861013,0.372266907,0.279120705,0.974066795,0.027746565,0.377265125,0.495227025,0.138923748,0.974086081,0.871173953,0.125084404,0.370132539,0.363589627,0.665993213,0.705173104,0.979015138,0.0282208426,0.916907011,0.98571675,0.936005193,0.363706292,0.670355524,0.0878518242,0.645735631,0.311603771,0.769485195,0.72902595,0.765853832,0.984901606,0.208308405,0.38837667,0.916046647,0.0128735597,0.988111897,0.964734489,0.353429977,0.353589149,0.191366659,0.821413755,0.828516017,0.750483524,0.0755395395,0.618639902,0.808018411,0.948892832,0.530721906,0.230722724,0.0407102698,0.676315642,0.81855663,0.916605638,0.181657415,0.963959578,0.0488494405,0.710145372,0.804069134,0.835825818,0.928109907,0.876169097,0.406570158,0.692910819,0.917010553,0.121238411,0.789481882,0.473404082,0.430604276,0.905588503,0.709256713,0.817493742,0.794661207,0.187094559,0.0908385849,0.958371761,0.168511439,0.840836122,0.743389726,0.233128745,0.769515078,0.760073376,0.912978766,0.029815387,0.938345656,0.960150244,0.983683772
0.812322836,0.89935375,0.922798226,0.786040211,0.842747704,0.015932314,0.915389716,0.534343526,0.942630347,0.327353495,0.896308731,0.789595797,0.270268945,0.634277983,0.988108784,0.102676503,0.907964439,0.377719386,0.295595865,0.973854428,0.0314232935,0.38816631,0.503950644,0.143909638,0.975606031,0.876892354,0.122565582,0.37620118,0.376508004,0.675713816,0.703595557,0.979478623,0.028307736,0.919510207,0.985548141,0.939984972,0.374576761,0.681328535,0.0833086757,0.646620885,0.321573807,0.764214554,0.728837271,0.768971177,0.984440529,0.207151273,0.412480073,0.918517305,0.0148768022,0.987652716,0.963462269,0.363585793,0.367602664,0.194369969,0.825763529,0.831520837,0.758775265,0.0810250088,0.633657587,0.812492419,0.949861937,0.545629894,0.235914078,0.045748113,0.680164818,0.829210818,0.919360601,0.179938709,0.968278486,0.0510160655,0.716629951,0.80475827,0.842236902,0.932078169,0.886174202,0.427216184,0.704341647,0.917675416,0.130475072,0.789387138,0.486303087,0.437722544,0.905111532,0.722044353,0.81805139,0.801188246,0.190028903,0.0898963251,0.957770525,0.175917854,0.848727113,0.754741669,0.239388502,0.779184546,0.769189583,0.916724446,0.0294392902,0.943116047,0.960549751,0.985160542
0.812629816,0.900208141,0.927953126,0.793804094,0.842225486,0.0152054021,0.919815893,0.550641766,0.944322906,0.3195115,0.896057474,0.803991739,0.277777695,0.647315378,0.98660903,0.109610357,0.908560811,0.383871591,0.308645719,0.974476863,0.0347455022,0.402651005,0.513054677,0.142129228,0.972780442,0.881676233,0.113451166,0.37980976,0.390350832,0.674495902,0.706078159,0.979756602,0.0259740407,0.922946451,0.987268125,0.94411284,0.386232787,0.696096044,0.0848575735,0.656208489,0.331271588,0.765484531,0.734681596,0.77691784,0.985425892,0.209428419,0.432220266,0.924528323,0.0152261406,0.987270649,0.963144526,0.370631594,0.376271805,0.197404188,0.825939548,0.831513239,0.767507015,0.0889671169,0.64939087,0.816519784,0.952286673,0.558349183,0.239162477,0.0493135627,0.683870955,0.836687704,0.922817956,0.184607297,0.972222223,0.0519313277,0.718025643,0.800502048,0.852062752,0.934938067,0.889188051,0.439442025,0.716124241,0.919154679,0.139792922,0.792186723,0.493091835,0.451311347,0.906381444,0.731177517,0.819147,0.807730773,0.188327399,0.102164707,0.95722445,0.173261248,0.857192485,0.757395253,0.256990455,0.782710327,0.77361019,0.923344117,0.0285910132,0.946137848,0.961939315,0.98779179
0.817103315,0.906000822,0.933678603,0.799822889,0.847870503,0.0162891811,0.925258609,0.559258448,0.94366194,0.315110282,0.897510449,0.812486485,0.288805271,0.65726625,0.986105175,0.114629787,0.912213284,0.394412076,0.314273343,0.97392326,0.0361132213,0.411959943,0.519971495,0.14154373,0.974252042,0.888195983,0.112348186,0.379143762,0.384948068,0.680085851,0.717105415,0.981348945,0.0269931018,0.923589099,0.988325542,0.947206374,0.387131516,0.697358096,0.0836902835,0.662514353,0.340359133,0.767554042,0.742662229,0.783069397,0.985377604,0.215537885,0.446138996,0.929254022,0.015631981,0.985881939,0.962373567,0.3727272,0.377675014,0.194285691,0.832162151,0.843057613,0.773680024,0.0907787848,0.664356665,0.826100968,0.954919541,0.579705329,0.239602709,0.0486774997,0.693874286,0.842626116,0.926631281,0.201871737,0.975095212,0.056903342,0.718857682,0.791826271,0.865697772,0.940324247,0.893122261,0.453083668,0.720357654,0.921953967,0.148284787,0.792447689,0.500370538,0.468381848,0.907691203,0.736418371,0.825162711,0.819047223,0.19643576,0.110344771,0.957311863,0.178480298,0.862511826,0.75684364,0.26711819,0.791033309,0.769603867,0.927131545,0.0271441089,0.946644959,0.961233046,0.987737495
0.813948968,0.906921936,0.937720499,0.807731698,0.852740224,0.0135458127,0.92859009,0.566759818,0.943479835,0.314628093,0.902146131,0.817899974,0.301215659,0.661476151,0.987002573,0.123084065,0.912822238,0.40280032,0.320339412,0.974762201,0.0399698229,0.413792757,0.522816408,0.140241569,0.975358409,0.890039666,0.109764602,0.388333225,0.387546549,0.683121504,0.714381828,0.980583127,0.0280579983,0.926814129,0.990695382,0.94983381,0.393062669,0.698752315,0.0797971424,0.665262381,0.347138052,0.768811875,0.752174222,0.786020457,0.98644103,0.22477584,0.456585129,0.934192086,0.0162351389,0.986106161,0.961677895,0.380362258,0.383960629,0.200045188,0.8311415,0.847394021,0.783127902,0.0985636075,0.675790196,0.832818663,0.956234467,0.59152994,0.242067822,0.0508849399,0.701848632,0.848723133,0.925907241,0.199403044,0.978705944,0.0547230729,0.72027724,0.798672776,0.876918981,0.943263325,0.8958121,0.46358787,0.730829439,0.925707716,0.157100641,0.80000031,0.512830794,0.485876487,0.912364998,0.733463761,0.830623113,0.823661209,0.193304295,0.113477151,0.955836786,0.180408044,0.864690647,0.757846368,0.282878873,0.797994099,0.776309014,0.928989396,0.0312358973,0.950496987,0.963281122,0.987188165
0.815495379,0.905163198,0.938424807,0.814263113,0.859081385,0.00969305246,0.935336077,0.5804034,0.942034158,0.316302329,0.903664036,0.822357929,0.31252387,0.662996948,0.987271545,0.127099829,0.917435686,0.408262388,0.330014165,0.975679645,0.0432950091,0.428873931,0.536388249,0.14774693,0.973812786,0.893262018,0.109440518,0.396880739,0.387543039,0.698766787,0.712841408,0.981501525,0.03037087,0.926850178,0.991522719,0.954233539,0.396814038,0.698716442,0.0827564279,0.672962053,0.356329986,0.767907892,0.762980304,0.798198295,0.986384176,0.225433257,0.475684631,0.93488876,0.0173641781,0.987069354,0.961753348,0.378116764,0.384965673,0.209379214,0.837853532,0.850249289,0.80027953,0.10572577,0.693082111,0.839948243,0.959602215,0.603145188,0.241269419,0.0535844707,0.708700836,0.857086161,0.926255947,0.205675694,0.982040277,0.0595350536,0.726092818,0.796249732,0.887188328,0.948983802,0.898715845,0.479112351,0.73791877,0.923393672,0.158271322,0.807750757,0.521526092,0.500161018,0.915952922,0.747021429,0.832379984,0.82531821,0.191018889,0.122323327,0.955401794,0.170258828,0.871179284,0.758662893,0.291537426,0.808662092,0.78137035,0.930497857,0.0323868869,0.952778833,0.963420691,0.986510056
0.823294391,0.905310232,0.943736227,0.817851344,0.866974915,0.00865265472,0.940634938,0.586238263,0.942672571,0.332855769,0.905810679,0.829837912,0.324382122,0.6635179,0.986487968,0.13052379,0.921201881,0.416801433,0.330458409,0.977624461,0.0481624891,0.427828553,0.557138705,0.149815488,0.973008046,0.894145557,0.10757245,0.399140408,0.378583035,0.704328879,0.723476303,0.981576838,0.0268276543,0.927095495,0.993031359,0.959132728,0.400665999,0.697964642,0.0837004565,0.685142459,0.356057444,0.760754744,0.769832587,0.804858719,0.985222185,0.230111947,0.496229969,0.938924803,0.0154253028,0.987130222,0.963718182,0.387156806,0.396822996,0.209102724,0.83935385,0.85280008,0.812153799,0.111139955,0.7050113,0.850026619,0.956656548,0.610823248,0.233897716,0.0596986676,0.719515834,0.867721402,0.931501992,0.223386864,0.984110066,0.0615495414,0.731953588,0.792979282,0.895609321,0.952303361,0.902362675,0.487573149,0.739357541,0.926216285,0.166666567,0.822208792,0.532974588,0.513073143,0.91682627,0.754847593,0.837481634,0.82935042,0.194276296,0.130216661,0.954294245,0.171568746,0.874819634,0.760052701,0.310170834,0.817756191,0.791873299,0.937578579,0.0333481741,0.950695175,0.964943754,0.987826089
0.823877292,0.913019057,0.944383254,0.820880126,0.872688884,0.00788381748,0.944130991,0.586399963,0.947327922,0.344477775,0.905931387,0.837566786,0.331431091,0.667569014,0.987357093,0.133093427,0.926805216,0.428140645,0.341307386,0.975864692,0.0515643667,0.431369563,0.569219015,0.156332947,0.97209405,0.89633016,0.109363794,0.405389119,0.370598361,0.705603529,0.726803229,0.98103249,0.0265306251,0.928526429,0.993651047,0.962229083,0.405335585,0.703470529,0.0831983868,0.694853449,0.35037329,0.761017551,0.772717246,0.81356506,0.987558566,0.238663259,0.518987337,0.940363454,0.0173988677,0.987933767,0.964998602,0.391280582,0.391005552,0.211782872,0.833115033,0.862604277,0.825607951,0.113492048,0.718671566,0.855287094,0.956757924,0.621363895,0.229748058,0.0554944948,0.724657491,0.873852449,0.931506103,0.244066984,0.985861143,0.0607297105,0.73579267,0.794248494,0.904017321,0.956326712,0.905347114,0.502469098,0.740775705,0.930217334,0.1709339,0.817644931,0.542638583,0.518350189,0.920693621,0.764707884,0.843423438,0.832132679,0.186046853,0.128728417,0.952084373,0.169713227,0.878089727,0.769645456,0.315666749,0.827486151,0.794510719,0.939786088,0.0391010881,0.953217866,0.963351989,0.988300995
0.828104942,0.914234336,0.94233411,0.825266164,0.877211361,0.00855066017,0.946325575,0.592711043,0.950094522,0.349270672,0.907153789,0.846088817,0.335236195,0.677717093,0.987345266,0.135562987,0.932025101,0.436769902,0.345514749,0.975997753,0.0544845843,0.434659079,0.587186163,0.15811789,0.971511878,0.897334446,0.109613968,0.412310439,0.368617171,0.707442063,0.741345958,0.981759348,0.0242105524,0.928024739,0.995097263,0.966272344,0.406871159,0.704245592,0.0880211497,0.70984072,0.35310623,0.75979365,0.772485392,0.81955335,0.986873218,0.24610446,0.520720662,0.939879515,0.0167525716,0.988281838,0.967537601,0.406359536,0.392259224,0.211360726,0.837140139,0.867963954,0.835495107,0.111877069,0.72907515,0.862316025,0.958852302,0.630596489,0.219341643,0.0578812639,0.735079206,0.884334491,0.929941549,0.269543942,0.986378126,0.0599514869,0.737555275,0.793030308,0.911268097,0.960839052,0.909437653,0.512743007,0.746213166,0.931863952,0.175296381,0.822264401,0.553604485,0.530016801,0.925441062,0.769348444,0.846771571,0.837130617,0.18114885,0.13534225,0.954809014,0.170852334,0.881913744,0.770317705,0.345454596,0.834145528,0.801862602,0.940812739,0.0417592405,0.954374159,0.963375255,0.989586118
0.826479063,0.915607845,0.943632102,0.831372658,0.883920126,0.0100305312,0.949200572,0.587696193,0.952052426,0.360348941,0.904754924,0.849312459,0.330031193,0.688546622,0.98760105,0.141174158,0.936959951,0.453050924,0.346635359,0.975823182,0.0546782019,0.438119583,0.604435878,0.167105205,0.974353249,0.901177186,0.105340207,0.412073146,0.370716977,0.711659309,0.752448422,0.981702016,0.0287517556,0.932243394,0.99553072,0.969013239,0.411653054,0.706977974,0.0898122885,0.722410568,0.349610261,0.763017376,0.777397997,0.819963265,0.98681282,0.254297323,0.535511367,0.941568817,0.0149700513,0.987848946,0.968448158,0.414245421,0.400505143,0.222150593,0.84033873,0.875557225,0.841145215,0.116692865,0.734013524,0.869622315,0.956795514,0.637108553,0.218140852,0.0570410685,0.74647261,0.8927259,0.933102055,0.29257647,0.986872646,0.0698324511,0.750296973,0.788304427,0.916901767,0.963835376,0.913694215,0.533933183,0.746931812,0.933897416,0.176598145,0.822524673,0.56568853,0.530739139,0.931151227,0.775599488,0.853629807,0.841572704,0.182848606,0.136989836,0.955889768,0.176593173,0.889191848,0.77504604,0.34828707,0.838386839,0.814562692,0.944183824,0.0398582664,0.95476909,0.962550114,0.989121784
0.827191462,0.91489556,0.945613605,0.83705711,0.889232505,0.0118235575,0.952094089,0.592066167,0.953526735,0.370932866,0.90581357,0.853704342,0.331040918,0.698874517,0.98777466,0.142760692,0.943045123,0.467942513,0.347351675,0.977251401,0.0582345647,0.456008379,0.6175263,0.173976838,0.975755404,0.904394492,0.10776483,0.417162802,0.367885141,0.718114708,0.766240818,0.981567636,0.0262421784,0.93410573,0.994804988,0.971159931,0.403978057,0.711861767,0.0928192842,0.736451556,0.361297848,0.766457777,0.7782206,0.82143498,0.987388344,0.259730846,0.551499052,0.939744515,0.0158458341,0.988355562,0.973242372,0.434886916,0.402868853,0.230868344,0.843987306,0.881231873,0.849999866,0.128029595,0.738988161,0.87560548,0.95852034,0.632165574,0.214760133,0.0578438709,0.74990794,0.901213726,0.935768689,0.304028606,0.987058476,0.0756022579,0.76120553,0.786076335,0.923311356,0.966325035,0.91892311,0.552154675,0.752474703,0.934989598,0.179289156,0.825296081,0.572164644,0.538623524,0.936059386,0.785019696,0.860475777,0.847313658,0.179723613,0.14376913,0.95801809,0.173983267,0.894417868,0.780296216,0.346793912,0.839807071,0.824339701,0.947850202,0.0466485189,0.954019952,0.961095993,0.988334889
0.830896814,0.917642585,0.949836115,0.840352892,0.893266336,0.0132638609,0.954085997,0.596448675,0.955062657,0.390366037,0.909015542,0.854166617,0.327569938,0.704981989,0.988104213,0.144102424,0.94450042,0.47241497,0.355867464,0.978571417,0.060945816,0.47793148,0.615725653,0.176675112,0.974536726,0.906222311,0.114224151,0.422793822,0.373319006,0.732498534,0.7716042,0.98109826,0.0211924729,0.93434627,0.994163431,0.9732642,0.408339572,0.716570596,0.0988467609,0.744470337,0.364814927,0.764117875,0.781533146,0.820040591,0.987034706,0.269230646,0.562027506,0.939391703,0.0176116789,0.988982089,0.977251914,0.447191112,0.413431199,0.234557588,0.849087811,0.886669686,0.859188047,0.136435437,0.749738679,0.883881777,0.95913528,0.632483946,0.213817282,0.0558339927,0.763819559,0.908362219,0.937980927,0.332618054,0.985967952,0.0821371613,0.767265109,0.778373762,0.925035706,0.968753053,0.925838774,0.56668896,0.754939194,0.938394436,0.190814336,0.827543155,0.574315441,0.543399877,0.938523639,0.792448826,0.866012407,0.851332482,0.173669897,0.142599266,0.957993052,0.176192422,0.900362733,0.779981258,0.336123836,0.844885728,0.824360608,0.950036951,0.0532676594,0.952673024,0.960811005,0.989309746
0.831868497,0.918404095,0.949921518,0.849381915,0.894056628,0.0169327495,0.953632502,0.608625795,0.957183067,0.391540467,0.911323383,0.85748174,0.32791126,0.719534605,0.987777667,0.153989708,0.947599447,0.481619437,0.357327834,0.977915068,0.0583263301,0.501900251,0.622740761,0.184032891,0.974694569,0.907966632,0.127547506,0.435952241,0.369689736,0.739863395,0.781812093,0.979695674,0.0248700617,0.937306972,0.994542755,0.973692577,0.411535369,0.719116258,0.103957086,0.747198204,0.37150343,0.769596282,0.784625069,0.821281918,0.987763145,0.277486355,0.567433195,0.941710387,0.01724882,0.990156054,0.979025582,0.469444967,0.421633833,0.245674891,0.852603868,0.890427124,0.867809581,0.145212141,0.764565386,0.890525797,0.960266278,0.634780375,0.208640652,0.0533003356,0.774828126,0.91229399,0.941397295,0.357142335,0.98518067,0.0798458924,0.778694942,0.784158656,0.924823154,0.972145499,0.929589831,0.579813889,0.76307538,0.940097355,0.201134361,0.826235102,0.578956746,0.547766557,0.940742843,0.798507685,0.870344055,0.857655562,0.173689536,0.140521181,0.959040552,0.175108343,0.905091435,0.78405106,0.326449958,0.848863076,0.829752249,0.953892941,0.0528327028,0.951474294,0.960245693,0.989603895
0.830436321,0.919887065,0.952739058,0.852435899,0.900847039,0.0180399856,0.95680484,0.613829523,0.957832211,0.391378811,0.913280643,0.85891015,0.333060502,0.727858428,0.986673034,0.155969687,0.947999273,0.494787838,0.365913905,0.976455126,0.0620545384,0.5117889,0.620370439,0.189785214,0.972990519,0.912905928,0.143938933,0.445741638,0.364768821,0.758254445,0.782631344,0.98015876,0.0253303996,0.934915417,0.993576746,0.971621171,0.412588849,0.727881405,0.106768316,0.754313651,0.374338553,0.775797516,0.784807646,0.824227817,0.98891423,0.27698963,0.570826579,0.942598703,0.0223978925,0.991451045,0.981787442,0.470473029,0.425225014,0.25686612,0.859766514,0.89843501,0.869982527,0.147073994,0.763474479,0.894581854,0.962134238,0.633176652,0.213842834,0.0495750317,0.784517276,0.915505625,0.944201158,0.375388381,0.984650455,0.0870421713,0.788876607,0.791156145,0.923569259,0.973036785,0.933775723,0.595214551,0.763586456,0.942917368,0.209495524,0.824784002,0.583522677,0.557024905,0.944732933,0.802113908,0.875902099,0.863128828,0.183832043,0.141440516,0.963597573,0.170879854,0.904280406,0.78329413,0.328674108,0.84858519,0.834211896,0.955084181,0.0495003899,0.949508793,0.961774191,0.989833398
0.829602085,0.922343396,0.955356175,0.86046508,0.901963594,0.0201409976,0.960430383,0.628102564,0.959314573,0.384048882,0.915084078,0.862701939,0.352055791,0.738736703,0.986269924,0.161079023,0.952073975,0.511689453,0.363663151,0.978438473,0.0583440886,0.518633968,0.628133581,0.194832129,0.974743118,0.911668899,0.153108115,0.453755108,0.363282337,0.766603035,0.788538,0.98187456,0.0256317673,0.937802332,0.994919556,0.972403547,0.419049963,0.74086995,0.106254292,0.762372616,0.371730576,0.781128627,0.791598707,0.822272046,0.989714463,0.282416421,0.574594121,0.945190911,0.022947918,0.991773479,0.984286217,0.485223441,0.432504555,0.272092381,0.870127316,0.900365493,0.874879148,0.153138359,0.770369199,0.900494736,0.966599394,0.639170471,0.214866197,0.0478059411,0.786391278,0.915424247,0.945145165,0.382804556,0.985271788,0.0903890106,0.800244825,0.791498084,0.92516449,0.974539885,0.936089871,0.604322646,0.763602104,0.944364522,0.21994332,0.829040949,0.587411565,0.563400856,0.943783861,0.806454954,0.885415118,0.865062954,0.188421748,0.142156921,0.965980617,0.163560646,0.90376574,0.787101489,0.326271096,0.850416346,0.837727507,0.955780901,0.053016422,0.95031095,0.964706861,0.989707406
