0,0,0,0,0,0,0,0,0,0,0,0,0,0,0,0,0,0,0,0,0,0,0,0,0,0,0,0,0,0,0,0,0,0,0,0,0,0,0,0,0,0,0,0,0,0,0,0,0,0,0,0,0,0,0,0,0,0,0,0,0,0,0,0,0,0,0,0,0,0,0,0,0,0,0,0,0,0,0,0,0,0,0,0,0,0,0,0,0,0,0,0,0,0,0,0,0,0,0,0
0,0,0,0,0,0,0,0,0,0,0,0,0,0,0,0,0,0,0,0,0,0,0,0,0,0,0,0,0,0,0,0,0,0,0,0,0,0,0,0,0,0,0,0,0,0,0,0,0,0,0,0,0,0,0,0,0,0,0,0,0,0,0,0,0,0,0,0,0,0,0,0,0,0,0,0,0,0,0,0,0,0,0,0,0,0,0,0,0,0,0,0,0,0,0,0,0,0,0,0
4.38865937e-05,0.000131107574,4.41716102e-05,4.34047081e-05,0.000132152684,4.38807881e-05,4.43105119e-05,0.000131949337,0,4.36090941e-05,8.58996226e-05,8.66363393e-05,8.76039922e-05,8.70093937e-05,8.77192364e-05,8.67190046e-05,4.3346281e-05,4.3733071e-05,0.000131654026,0.000175971051,0.000174110075,8.73744443e-05,4.41013947e-05,0,0.000174863142,4.39231954e-05,8.74469971e-05,4.39405875e-05,0.000132374461,4.43125176e-05,4.4027575e-05,4.36357003e-05,8.79160322e-05,0.000131665525,4.37388264e-05,4.38808077e-05,0.000175284685,4.32096276e-05,0,0.000133660208,8.61734453e-05,8.75617363e-05,0,0,4.33651027e-05,0.000131365823,0.000218026363,8.67565567e-05,0.000131033087,0.000130298783,0,4.38942888e-05,4.37923686e-05,0,4.39154876e-05,0.000132960931,0.000219683495,9.00332288e-05,0,6.55537038e-05,0.000130451833,4.41482223e-05,4.43556851e-05,4.46050295e-05,0,8.71764116e-05,0.000130861546,2.19780011e-05,0,4.35653789e-05,4.40917134e-05,8.69226683e-05,4.35331899e-05,0,0,0.000175909158,4.32115104e-05,0.000265064203,4.3500999e-05,8.85269895e-05,0.000217382006,0.000176157196,4.40547638e-05,4.36529117e-05,0.000130332958,4.39038902e-05,4.36585691e-05,0.000131827589,0,4.32563289e-05,0.000173070463,0,0.000132837335,4.38038879e-05,4.46926854e-05,0,8.83822187e-05,0,0,0.000131342678
0.000118896626,0.00015731912,7.93115681e-05,7.8492938e-05,0.000198539007,0.000177957127,7.993923e-05,0.000159159673,0.000118296586,0.000157103176,7.72557566e-05,0.000195197934,7.86782071e-05,7.8532995e-05,0.000118315191,0.000156519002,3.90807981e-05,0.000118793178,0.000119803506,0.000276932072,0.000236239188,0.000195994099,0.000118760103,3.93638807e-05,0.000237576585,0.000158397267,0.000197769017,0.00015921054,0.000199433433,3.98979043e-05,3.9824807e-05,0.000118077658,0.000158215314,0.000158372114,0.000236779876,7.88177913e-05,0.000238227712,7.77152214e-05,0,0.000140839314,0.0001162386,0.000118826104,0,0.000158950804,3.9140487e-05,0.000196881433,0.00027617792,0.000314638435,0.000157164797,0.000195304989,4.00705005e-05,7.91327935e-05,3.95334946e-05,9.79854734e-05,0.000119331608,0.000159757302,0.000277425278,0.000161923557,3.94383878e-05,0.000177605851,0.000156868742,0.000119712573,4.00576901e-05,8.0997781e-05,0,7.875262e-05,0.000117956985,0.000118544406,3.94336933e-05,7.83145768e-05,0.000159153288,0.000234521427,0.000117841221,3.94508202e-05,7.95008591e-05,0.000238549753,0.000116473287,0.00033811983,7.85516077e-05,0.000119674482,0.00029454512,0.000396055086,0.000157903326,7.91733831e-05,0.000195771372,7.9725867e-05,0.000157772411,0.000317472734,3.92480063e-05,3.91052681e-05,0.000272447592,3.98788193e-05,0.000159343545,0.00015787785,4.01961908e-05,3.90457232e-05,0.000185273228,3.94757977e-05,3.99026063e-05,0.000196386533
0.000148000067,0.000311377856,7.40905889e-05,3.65176937e-05,0.000203922764,0.000203072089,0.000187343099,0.000223563479,0.000220498663,0.00016565448,0.000163108597,0.000328407201,0.000147302375,0.000128393265,0.000147563172,0.000292793436,7.27165444e-05,0.000184222914,0.000149840763,0.00048246425,0.000257618137,0.000291662052,0.000147972783,0.000111086447,0.000295464813,0.000222049675,0.000259191984,0.000148126384,0.000186511435,3.72912037e-05,0.00011125952,0.000147465532,0.000203869805,0.000258579293,0.000240464717,0.000110027039,0.000296834982,0.000145549999,0.000129490521,0.000131648327,0.000145174783,0.000147923579,7.34349848e-05,0.000221647586,3.63821713e-05,0.000184209459,0.000294171874,0.000313583559,0.000147178042,0.000254610365,0.000112820044,0.000147879575,7.37708167e-05,0.000201598168,0.000111383354,0.000223522083,0.000296647969,0.000265131177,0.000110200803,0.000202503749,0.000220207728,0.000112321717,7.46380192e-05,0.000113361658,0.000110652008,0.000183391997,0.000182942567,0.000111404092,0.000202809844,0.000182648407,0.000166846094,0.000255688888,0.000110484909,0.000258187907,0.000147885182,0.000261145181,0.000109019777,0.000329245876,7.3461853e-05,0.000149014753,0.000331797684,0.000445351449,0.000128908805,0.000148027702,0.000257476068,0.000111548904,0.000147585162,0.000297165657,0.00021986102,7.31396197e-05,0.000308596996,5.59200746e-05,0.000222609675,0.000221124736,7.47383607e-05,7.30593995e-05,0.000209946593,0.000110253568,0.000111652846,0.000256579617
0.000160921237,0.000336700088,7.17385867e-05,0.000141919618,0.000233385035,0.00028656383,0.000254148335,0.000217186857,0.000358088914,0.00019622527,0.000158662913,0.00038872026,0.000286522524,0.00012487954,0.00017808805,0.000355062924,0.000176335469,0.000250223371,0.000255204211,0.000504558661,0.000321359535,0.000354020057,0.000250133663,0.000252333819,0.000322766165,0.000286697429,0.000287386986,0.000214830594,0.000180746989,0.000144326066,0.000143884785,0.000178641435,0.000232724665,0.000322164964,0.000306848316,0.000142186703,0.000287966391,0.000316912444,0.000233075001,0.000127662836,0.000212089138,0.000196737541,0.00016013664,0.000225972728,0.000140879499,0.000178833523,0.000427670228,0.000320444232,0.000320011244,0.000336021484,0.000109625006,0.000142821487,0.000143169278,0.000231283518,0.000179752694,0.000253091289,0.000288049782,0.000404932705,0.000142156546,0.000373360076,0.000284981675,0.000145317228,0.000144817213,0.000145507676,0.000232458255,0.000214324092,0.000177544019,0.000180505396,0.000303962457,0.000283005719,0.000163010892,0.000371523627,0.00017922457,0.00041081662,0.000251192859,0.000289467117,0.000105786608,0.000359971142,0.000177267189,0.000144399153,0.000322939821,0.000448672237,0.000124661587,0.000161818186,0.000285164664,0.000108045744,0.000177929612,0.000288246569,0.000248359272,0.000106898391,0.000333356976,0.000197777722,0.000358938231,0.000250160995,7.23902976e-05,0.000106254866,0.000316130634,0.000124924089,0.000107754966,0.000248394441
0.000148538857,0.00037780473,0.000111131737,0.000184488054,0.000334075939,0.000401412841,0.000321057261,0.000302137575,0.000354729054,0.000203439966,0.000238095254,0.000402650587,0.00029652702,0.000242392677,0.000258092634,0.000442070476,0.000273513058,0.000259480343,0.000342309577,0.000602772378,0.000370947292,0.000365256754,0.00037141607,0.000300683984,0.000445367984,0.000316149994,0.000299569664,0.000298920187,0.000224626744,0.000186881123,0.000187673486,0.000167193022,0.000242718476,0.000369850155,0.00035660637,0.000184216363,0.000281130666,0.000401400951,0.000243217847,0.000132425359,0.000257088704,0.000241285873,0.000239950288,0.000344022491,0.000181956979,0.00025905794,0.000464632366,0.000461936271,0.0004063837,0.000310400174,0.000153086887,0.000259991423,0.000148323993,0.000315961704,0.000222271647,0.000262152853,0.000375911934,0.000420939736,0.000221598602,0.00053399168,0.000369248749,0.000226937339,0.00018725211,0.000339917623,0.000389047075,0.000371858041,0.000222469279,0.000263346163,0.000410861416,0.000348611268,0.000347248419,0.000406188768,0.00022392253,0.000445964041,0.00029689032,0.000302777713,0.000109974603,0.00033649922,0.000203666056,0.0002254796,0.000468287463,0.00061578671,0.000238812641,0.000224769633,0.000295530044,0.000188259939,0.00029645035,0.000337154401,0.000259048362,0.00014813712,0.00036415306,0.000224929757,0.00037475615,0.000445864764,7.5374993e-05,0.000129179763,0.000500742248,0.000149009141,0.000149359615,0.000294377533
0.000252844705,0.000467353399,0.000210048745,0.000252153716,0.000350700046,0.000584104252,0.000411612469,0.000301503326,0.000383386592,0.000378262679,0.000271887161,0.000459924181,0.000377675123,0.000449043907,0.000419656524,0.000641481536,0.000328353437,0.000465569246,0.000396615587,0.000671459829,0.000466635506,0.000620886525,0.000464389125,0.000366663641,0.000465982518,0.00035874096,0.000298583857,0.000381032634,0.000339486702,0.000339804372,0.00034270085,0.000148866568,0.00038453307,0.000420556851,0.000410083688,0.000459847421,0.000342041071,0.000515315093,0.000277079227,0.000236416838,0.000377168595,0.000273040246,0.000397789564,0.000417816803,0.000267963824,0.000420999244,0.000845700859,0.00064888902,0.000460250905,0.000393261081,0.000351401865,0.000295658155,0.000253260624,0.000488654558,0.000252068895,0.000255841941,0.000516017942,0.000521330881,0.000251667219,0.000612822785,0.000630781823,0.000345886427,0.000169391093,0.000427314181,0.000536869449,0.000358135464,0.000168137946,0.000299657231,0.000529885647,0.000477693508,0.000565780038,0.000669820484,0.000297416707,0.000547345169,0.000377643328,0.000432601159,8.32951395e-05,0.000437686034,0.000272696365,0.000298953969,0.000490404951,0.000916882691,0.000332281039,0.000234521946,0.000335401598,0.000214298037,0.000379138398,0.000384057307,0.000420167732,0.000210490989,0.00037038605,0.000338968797,0.0005117924,0.00054808354,0.000168719634,0.000233031049,0.000760134614,0.000254313015,0.000212929028,0.000377643643
0.000228979602,0.000419231082,0.000183074797,0.000276714827,0.000351134474,0.000690639387,0.000496594869,0.000280478787,0.000511556525,0.000389675657,0.000435499513,0.000452263834,0.000367461585,0.000517062945,0.00045526982,0.000699417377,0.000401105299,0.000506049494,0.000485837874,0.000568262348,0.000553300856,0.000767980145,0.000597536222,0.000496219409,0.000718157506,0.000600683765,0.000465008157,0.000416146222,0.000414422187,0.000393354461,0.000467333132,0.000231728014,0.000490219299,0.000504263074,0.000355130199,0.00063578604,0.000280938494,0.000568967577,0.000351337464,0.000232991437,0.000412673773,0.000344463135,0.000767943785,0.00045448337,0.000224709052,0.000458126658,0.000924984393,0.000659749934,0.000410265887,0.000519421633,0.000508745992,0.00027700839,0.00032552088,0.000670458349,0.000227707485,0.000277571922,0.000543452345,0.000755572896,0.000366770256,0.000761597113,0.000714252552,0.000379128593,0.000184646722,0.000507988925,0.000706988009,0.000321218694,0.000229210467,0.00027962874,0.000810335514,0.000739600437,0.000713250596,0.000788355595,0.000466352876,0.000714384636,0.000408849252,0.000428428727,0.000180766476,0.000395938049,0.000478840001,0.000514355592,0.000538036484,0.000937646724,0.000541149267,0.000256398271,0.000251451724,0.000281716905,0.000551292537,0.000327271155,0.000462213962,0.000276484749,0.000492853528,0.000460998786,0.000668387664,0.000568592063,0.000321572877,0.000347189908,0.0010430189,0.000323759279,0.00027804839,0.000526003231
0.000249475915,0.000389711561,0.000248237404,0.000351776401,0.000463929351,0.000663151793,0.000489716019,0.000255741952,0.000481037399,0.000427737346,0.000691874131,0.000344572909,0.000371048179,0.000721167337,0.000490051806,0.000762434836,0.000485578231,0.000646573431,0.000587136517,0.000620699789,0.000501203637,0.000889547831,0.000747868409,0.000793529476,0.000734029008,0.000752333029,0.000454361196,0.000453789154,0.000447694244,0.000430532454,0.000562515939,0.000252767787,0.000535714135,0.000501730451,0.000414680104,0.000856516728,0.000256226556,0.000655689491,0.000360360393,0.000254284896,0.000399799737,0.000376619165,0.00106562255,0.000468742194,0.000492126109,0.000502714507,0.000933494193,0.00067114109,0.000373654516,0.000555310273,0.000586104762,0.000300586054,0.000279585241,0.000739456085,0.000445831171,0.000253485345,0.000517731669,0.000799544798,0.000299416161,0.000852942066,0.000859324136,0.00048241769,0.000351299984,0.000554855692,0.000820855036,0.000250764914,0.000249389025,0.000380228394,0.000936757098,0.00110924786,0.000892720003,0.000889398857,0.00050617509,0.000695790496,0.000496228431,0.00063055082,0.000245109962,0.000454638128,0.000838511849,0.000507460036,0.000507563246,0.000915842319,0.000540249368,0.000395063945,0.000323850423,0.000310334347,0.000498803031,0.000382574893,0.00045173808,0.00030093289,0.000437636982,0.000549752612,0.000728387524,0.00070625076,0.000422864396,0.000431100315,0.0012851062,0.000453468501,0.000354179114,0.000570663291
0.00038039368,0.000482936143,0.000272049463,0.000384827845,0.000459111986,0.000668184232,0.000928636668,0.000223588034,0.000475285361,0.000468267924,0.000821106905,0.000322320148,0.000514208098,0.000876100513,0.000479974609,0.000898546563,0.000532339967,0.000596497146,0.000525884443,0.000736334204,0.000494152605,0.000916690389,0.000657030128,0.000999277877,0.000747467359,0.000771818815,0.000554169732,0.000604495392,0.000487673576,0.000499084932,0.000556576117,0.000222283987,0.000477071512,0.000492961208,0.000401306738,0.000877004047,0.000337818312,0.00071470162,0.00033795199,0.000275634415,0.00057361436,0.000328425027,0.00136017568,0.000565793743,0.000597501524,0.000441233901,0.000941203975,0.000678389141,0.000483897541,0.000537720835,0.000817613586,0.000549480285,0.000361030867,0.000785192747,0.000594690893,0.00033394585,0.0007355447,0.000873191295,0.000327761542,0.000932272386,0.000764822197,0.000583573752,0.000545583479,0.000734215606,0.000845656245,0.000494424171,0.000431802079,0.000359017147,0.00110901728,0.00158088579,0.000994732564,0.000869518857,0.0005005565,0.000667894676,0.000651323778,0.000724176164,0.000373751723,0.000548125311,0.00075345786,0.000614766893,0.000607265491,0.000949188803,0.000616126877,0.000592146252,0.00029724898,0.000283542871,0.000603268629,0.000643896054,0.000381409188,0.000327815635,0.000479462129,0.000759424469,0.000705907652,0.000877145611,0.000432105461,0.000523790888,0.00144332229,0.000518615872,0.000442404662,0.000489263557
0.000472171089,0.000698527151,0.000473121188,0.000416592146,0.000526130646,0.000699121971,0.0011980102,0.000363878997,0.000638686928,0.000448270133,0.000832490125,0.000289754334,0.000444655121,0.000949987735,0.000522738432,0.000889731974,0.000578101218,0.000530566458,0.000477130197,0.000491189078,0.000537762595,0.00100241557,0.00071043675,0.00113419721,0.000753102098,0.000958944812,0.000599770671,0.000719726273,0.000698160802,0.000395858484,0.000787495785,0.000302205813,0.000432767101,0.00047744058,0.000372879024,0.000969219752,0.00036688217,0.000775061188,0.000307106611,0.000357356234,0.00059506071,0.000359884668,0.00178508301,0.000737029334,0.000686116927,0.000472314386,0.00120845952,0.000679548994,0.000640988205,0.000440115268,0.000916734455,0.000718046243,0.000453747502,0.000923873313,0.00102910823,0.000551707628,0.000929828887,0.00104289234,0.00041846001,0.000953800908,0.00101724304,0.000571650245,0.000648660889,0.000856164128,0.000978473889,0.000659907004,0.000409045499,0.000417960064,0.0010925639,0.00192142789,0.000930105044,0.000888204499,0.000483559067,0.000642561059,0.00052869618,0.000666328423,0.000438083829,0.000717960857,0.000759169036,0.000610724487,0.000775980334,0.000847048091,0.000784655381,0.000702692205,0.000263589331,0.000247280025,0.000664050552,0.000786590865,0.000657619299,0.000357143188,0.00064335108,0.000768638483,0.000827520665,0.000960095598,0.000730268191,0.000391424323,0.00163547158,0.000561897696,0.000421610715,0.000415899337
0.000580531967,0.000699167079,0.000777251806,0.00032658399,0.000631870796,0.000741744409,0.00157675895,0.000394684931,0.00070206029,0.000457068534,0.00109868781,0.000505369984,0.000585784198,0.00103381774,0.000570884589,0.00111212728,0.000627234339,0.000772201693,0.000448832825,0.00046857234,0.00051733069,0.00102570701,0.000778411903,0.00135284951,0.000855881477,0.00107646098,0.000614131694,0.000586471821,0.000626684272,0.000399653502,0.00105701496,0.000467602496,0.000607081647,0.000587084341,0.000408357255,0.00109079373,0.000399786244,0.000752681241,0.000469892841,0.000453897073,0.000842677581,0.000261591485,0.00209739296,0.000746413891,0.000859617356,0.000782368953,0.00119593452,0.000805574284,0.000946371974,0.000675458972,0.00100436431,0.000725212138,0.000498902758,0.00124999954,0.001028673,0.00087500946,0.00115230719,0.00135290654,0.000395178677,0.00104418174,0.0012157391,0.00070060652,0.000643335174,0.00100045283,0.000848951311,0.000920870142,0.000508776278,0.000550090519,0.000834557495,0.00217851217,0.000923885324,0.000869452939,0.000658025446,0.000539409168,0.000577367683,0.000872844043,0.000669129905,0.000865744758,0.000896917748,0.0007350977,0.0009682419,0.000866782731,0.000961970149,0.00071146805,0.000353766386,0.000337131452,0.000860470706,0.000995157629,0.000586816795,0.000387671962,0.000903342992,0.000901481127,0.000767605604,0.000852682957,0.000918359641,0.000425003084,0.00161428425,0.000839359649,0.000462626779,0.000520968692
0.000606666652,0.000830160937,0.000850823084,0.000427594407,0.000511212062,0.000772689419,0.00176496096,0.00028455575,0.000806393091,0.000357270305,0.0012625385,0.000615721013,0.000714285702,0.000912275209,0.000519499099,0.00118466387,0.000715893166,0.000635997382,0.000640880436,0.000903114332,0.000565331583,0.00104311551,0.000854275409,0.00145064402,0.000790400552,0.0014611545,0.000805436394,0.000569031011,0.000613287936,0.000582538204,0.0010865626,0.000440205406,0.000667359047,0.000716743352,0.000673501327,0.0011303419,0.000291779221,0.0008939632,0.000513008296,0.000385667428,0.00105902304,0.000286389236,0.00211929973,0.00057351758,0.00106110516,0.000946900079,0.00133323828,0.000882591557,0.00115953951,0.000564772208,0.00101572574,0.000870891443,0.000401108952,0.00126875138,0.00108490204,0.00103542575,0.00112325865,0.00143403234,0.000734053404,0.00107898084,0.00105715817,0.000808883452,0.000778210207,0.00136535452,0.000716691546,0.0011477764,0.000836120341,0.000669155621,0.000771434522,0.00242937373,0.00103884133,0.000745844691,0.00101714674,0.000790975384,0.000700524579,0.000798600198,0.000799165549,0.00098087428,0.00117990063,0.000809835256,0.00125882805,0.000838070232,0.000874614217,0.000989470144,0.000424388257,0.000510762785,0.000945729667,0.00109321387,0.000639657796,0.000279564078,0.00106443275,0.00118739911,0.000729166732,0.000683847182,0.000931099461,0.000354610014,0.00186620806,0.00148514882,0.000652174736,0.000785097146
0.000768226083,0.000820957011,0.000929224419,0.000616523208,0.000623807178,0.000982244364,0.0022305459,0.000381358871,0.000961461633,0.000390930627,0.0012697695,0.00066740815,0.000934506891,0.000866756121,0.000412788797,0.00121702227,0.000778354902,0.000688021183,0.000572316559,0.00090097192,0.000686655754,0.00101093412,0.00121027761,0.0014477571,0.000695518484,0.00154368635,0.000860262758,0.000618143029,0.000810074191,0.000715876613,0.00117924709,0.000630864398,0.000762440498,0.000700716845,0.000932760487,0.00111170788,0.000237435586,0.00104438616,0.000636942674,0.000338473054,0.00100038561,0.00031060704,0.00221726412,0.000704501465,0.00103281156,0.00103231842,0.00157109044,0.000955257784,0.00128167511,0.00061552644,0.00143678081,0.000904444575,0.000393267496,0.00140652675,0.00138763931,0.000968758515,0.00146210654,0.00130177545,0.000642827861,0.000778513647,0.000991985183,0.000799872461,0.000920811169,0.00139538175,0.000464684212,0.00132398713,0.00105828094,0.000797932889,0.000441731501,0.00259808593,0.000813393012,0.000610827333,0.00102596496,0.000893123591,0.000532683779,0.00082243589,0.00095646166,0.000906070728,0.00112900585,0.000726861319,0.00151480832,0.000822690786,0.000877661686,0.00121589663,0.000694016361,0.000787588795,0.000795544926,0.00134355515,0.000839246436,0.000302824203,0.00108033021,0.00131332044,0.000857059124,0.000781860544,0.00107224674,0.000385980787,0.00192218831,0.00168789299,0.00110340315,0.000695248927
0.00100874301,0.00101231125,0.00110169581,0.000627142701,0.000603330776,0.00123122363,0.00217789321,0.000582798736,0.000967713963,0.000427642887,0.00168793638,0.000966339157,0.000859328536,0.000682419509,0.000451374571,0.0012086674,0.000922805569,0.000669512423,0.000532009344,0.000798387221,0.000959212226,0.00122759666,0.00140688876,0.00171079461,0.00092274184,0.00138353125,0.00122598957,0.00058416133,0.000968443917,0.000694987539,0.00136042891,0.000729176178,0.000694083468,0.000858000398,0.000843918967,0.00109188621,0.000344887024,0.00113204526,0.000771737234,0.000569754297,0.000878660776,0.000508388305,0.00244791832,0.000855945026,0.000868886096,0.0012617481,0.00172265428,0.000853971637,0.00139209196,0.000757129586,0.00178253182,0.00108403258,0.00042691235,0.00174246258,0.0015936572,0.00122990528,0.00163196987,0.00128678038,0.000876039557,0.000930232095,0.00113279994,0.00113358811,0.0010912453,0.00160586341,0.000678253105,0.00162894645,0.00124491662,0.0010310119,0.000613441297,0.00277800946,0.000628553113,0.000749812703,0.00112049617,0.000973314893,0.000415765741,0.000535045074,0.00101052589,0.00106148287,0.000739219188,0.000706775818,0.00188772359,0.000938085854,0.000836470494,0.00116288796,0.00101001696,0.000774060003,0.000878504267,0.00124881568,0.00107624901,0.000331235486,0.00101651949,0.00125811778,0.000767676202,0.000849256936,0.00132700528,0.000589423796,0.00174395486,0.00200434013,0.00124989216,0.000676018507
0.000823120895,0.0011866046,0.00137779013,0.000854240171,0.000520562079,0.00120363632,0.00244383978,0.000496972827,0.00103832344,0.000463607083,0.00182303216,0.00127629536,0.000851063302,0.000553556873,0.000494292995,0.00144832729,0.00100832905,0.000678609442,0.000581790055,0.00104583492,0.00110031212,0.00149175156,0.0014313424,0.00185070986,0.000910995394,0.00168288867,0.00119331841,0.000902363845,0.0010893251,0.000751385886,0.00146520138,0.000926440903,0.000838457191,0.000984252295,0.00110853962,0.00144547885,0.000278939971,0.00123195892,0.000934579826,0.00061156768,0.0010920009,0.000551470767,0.00254615334,0.00111940289,0.000855839813,0.00136444918,0.00177189282,0.000932314382,0.00168539209,0.000637000499,0.00236144706,0.00112538568,0.000368527895,0.00191714234,0.00163557715,0.00104592364,0.00199752695,0.00147207674,0.000862233404,0.00127888802,0.00103812806,0.00124152543,0.00118678248,0.00163427375,0.000823724365,0.0013972971,0.00140666208,0.00124135356,0.000478331346,0.00315907382,0.000741771252,0.000725031861,0.00149911016,0.00115033985,0.000449963709,0.000669408154,0.00110782831,0.00133002171,0.000984251722,0.00105586405,0.00191826718,0.0010046572,0.00118526629,0.00142463013,0.00119014936,0.000745572786,0.000964225848,0.00144954477,0.00124855054,0.000448591599,0.00101946322,0.00156862797,0.000739773738,0.000786308228,0.00113309451,0.000642555331,0.00156296938,0.00243484338,0.00121325173,0.00100899046
0.000783776127,0.00156814332,0.00139650762,0.00107212363,0.000460659439,0.00144161348,0.00263237118,0.000584852218,0.000923742221,0.00050020015,0.00207029093,0.00143609473,0.000719649097,0.000601385209,0.000534603395,0.00131699065,0.000848017038,0.000935591805,0.000738009069,0.0014882426,0.00105115493,0.00142287932,0.00176144887,0.00180780245,0.00119438632,0.00133267557,0.00118360054,0.00117820294,0.00159519432,0.000807431474,0.00119272322,0.00104811323,0.00104363318,0.000987932914,0.00131995914,0.00116279053,0.000403715941,0.0016124431,0.00091668311,0.000750187318,0.00137917573,0.000501755139,0.00180053937,0.00111268295,0.000625326236,0.00159006921,0.00168453493,0.00100391832,0.00182396309,0.000792707443,0.00229143232,0.00111032616,0.000598324622,0.00175579258,0.00186942851,0.000931679165,0.00223418636,0.00127990643,0.00120810999,0.00174459173,0.00102564092,0.00104470986,0.00139248121,0.00134112433,0.000898831489,0.00131220564,0.00152349214,0.00151687561,0.000525819008,0.00324675396,0.000992850972,0.000877193554,0.00184426187,0.00129882828,0.000585136949,0.000611183935,0.000808654609,0.00181557431,0.00106197988,0.00115582522,0.00255816348,0.00117947776,0.00138916469,0.00153359558,0.00118882545,0.000869031615,0.00106314932,0.00117084087,0.00145886082,0.000390053612,0.00110077045,0.00141256203,0.000938702166,0.000948009608,0.00123927649,0.000795465362,0.00206044028,0.00238418995,0.00142117836,0.000995619608
0.000943596215,0.00148656853,0.0013819525,0.00143084032,0.000394905438,0.00139175474,0.00248139399,0.000946970994,0.000875081579,0.000592800986,0.00197772755,0.00197546591,0.000558535025,0.000432996294,0.000526315057,0.00108353934,0.000916867016,0.00100274453,0.00079536246,0.00161777871,0.00107422974,0.00205423318,0.00212048708,0.00164220774,0.0012896281,0.00100699781,0.00138206222,0.00142000729,0.00163544695,0.000974132664,0.00118025577,0.00117370804,0.00136540232,0.000955808008,0.00153061404,0.00147043508,0.000545555144,0.00164948832,0.000828455149,0.0008999997,0.00143068948,0.000541535133,0.00138588647,0.00132655127,0.000453308108,0.00181597684,0.00198019937,0.0011944815,0.00189452645,0.000642192231,0.00277284534,0.00119864748,0.000854792023,0.00170721361,0.00173080844,0.000775278821,0.00275123559,0.00130602631,0.00153513901,0.00207194872,0.000839960397,0.0012395786,0.00117245747,0.00164982418,0.00107238693,0.000979540963,0.00154156763,0.00206966101,0.000677279112,0.00273845344,0.000966806575,0.00137435055,0.00176094567,0.00128455206,0.000797872119,0.000643157593,0.000763189426,0.0020565574,0.00114060376,0.00113636194,0.00269933915,0.00109352198,0.0014917427,0.00174969115,0.00140041114,0.00115018089,0.00149614498,0.00099645597,0.00145924794,0.000531745417,0.000976563431,0.00110719622,0.00116302795,0.00120608446,0.000827816,0.00107078053,0.00209467928,0.0025117771,0.00142857062,0.000912507221
0.00100111371,0.00161505636,0.0014777736,0.00246542391,0.000426940108,0.00138121327,0.00226039776,0.00102377692,0.00105994795,0.000980959437,0.00207678699,0.00255470294,0.000725861997,0.000116836099,0.000682596135,0.0010462676,0.00119812971,0.00108138763,0.000804454245,0.00162374786,0.00121583999,0.00244227091,0.00220776307,0.00154015469,0.00103722377,0.00109814186,0.00142325302,0.00146264492,0.00142812168,0.00115996014,0.00160238327,0.0011335302,0.00189478353,0.000858263328,0.0016637925,0.00200915595,0.000703727715,0.00178891195,0.000946743751,0.000962774461,0.00142710214,0.000468055619,0.0012583758,0.00142230933,0.000743220121,0.00214413534,0.00198747471,0.00117014093,0.00156986081,0.000460988009,0.00385619343,0.00104082251,0.0013715882,0.00181839046,0.00152771949,0.000598585224,0.00305194358,0.0016078944,0.0015060242,0.00275008689,0.00114333551,0.00132786388,0.0011431196,0.00165580713,0.00127803321,0.00105920026,0.00142612511,0.002596281,0.00085584906,0.00278303436,0.00113947022,0.00182169966,0.00154798701,0.00125792855,0.000626280228,0.00102063686,0.000815947862,0.00245370875,0.00155815371,0.0014789291,0.00280300099,0.000926441774,0.0015670393,0.00144092111,0.00196736265,0.00116373927,0.0017320265,0.000715564397,0.00189246133,0.0010252887,0.000864155532,0.00117937428,0.00119318874,0.0011204495,0.000775109796,0.00104724114,0.00224240276,0.00289273914,0.00150184788,0.000996368378
0.00093984816,0.00171172505,0.00145683832,0.00272138051,0.000567925125,0.00170567908,0.00202743354,0.0012040911,0.00112980527,0.0013036998,0.00257516253,0.00297264999,0.000770616298,0.000750749562,0.000611770194,0.000997008475,0.00092710581,0.00110118538,0.00154279455,0.00173719091,0.00129725563,0.00305133341,0.00237946382,0.00142585389,0.000862492101,0.00117168242,0.00147266645,0.00159348501,0.00141386543,0.00153430866,0.00134293492,0.00107978458,0.00235155835,0.00133102794,0.00186666442,0.00271098789,0.000751974073,0.00226460445,0.00102354256,0.00102786492,0.00152142458,0.000754145384,0.00142999016,0.00151687359,0.000533119893,0.0022664331,0.00229207681,0.000992432241,0.00204326563,0.000619964896,0.00422308057,0.00136392143,0.00145808063,0.00120758106,0.00191637492,0.000896630488,0.00315151221,0.00183279894,0.00165163463,0.00332441892,0.000836875,0.00129315982,0.00121951021,0.00174540323,0.00138871532,0.00132525755,0.00141485779,0.00250058162,0.00118655079,0.00322426308,0.00133592783,0.0019593431,0.00128452105,0.00122936231,0.000546781403,0.00114113989,0.000995151445,0.00298089752,0.00141776611,0.0017303369,0.00252010143,0.000869806794,0.00157549912,0.0020166081,0.00210578703,0.00111111254,0.00185873703,0.00102419813,0.0020308201,0.00121255978,0.00152662385,0.0011442987,0.00138536318,0.00165445241,0.000941176776,0.00125518001,0.00228420319,0.00260323917,0.00122384055,0.000816479189
0.00087292764,0.00161731838,0.00220693407,0.00231391404,0.000601974926,0.00212979286,0.00219821385,0.00153080428,0.000924090572,0.00222833598,0.00327889729,0.00350745373,0.000756118207,0.000803428695,0.000781249342,0.00105374275,0.00111152436,0.00157047603,0.00194749363,0.00197030897,0.00129886894,0.00387893046,0.00200159896,0.000886975315,0.000780743553,0.00112822027,0.0013365557,0.00174172685,0.00170028248,0.00187483676,0.00144111025,0.00101086541,0.00239557638,0.00127532863,0.00143616118,0.00268750089,0.000788333978,0.00328614361,0.00121736765,0.00121358925,0.00140935214,0.00147909271,0.00132222868,0.00120805279,0.000709725192,0.00221982851,0.00322128812,0.00103573366,0.00179487065,0.000787506375,0.0047169801,0.00155279725,0.00128633935,0.0012771402,0.00194035998,0.000888218296,0.00290434426,0.00193725734,0.00186194721,0.00389437631,0.000818442023,0.00123473722,0.00141642765,0.00185666477,0.001762475,0.00166622425,0.00117478188,0.00291382848,0.0013906279,0.0034469608,0.00141898974,0.00234711134,0.00136519079,0.0011782201,0.000842952274,0.000947210981,0.0010482154,0.00322283005,0.00164932445,0.00170405945,0.00347580053,0.000372069248,0.00168078704,0.00215571846,0.00240416193,0.00144698691,0.00199174845,0.000818441954,0.00215845465,0.00129701953,0.00214732271,0.00155950453,0.00147456309,0.00197360059,0.000875000438,0.00119664976,0.00209364299,0.00273631767,0.00115163151,0.00100320937
0.00119300393,0.0013003906,0.00275747976,0.0027232341,0.000893312059,0.00237843222,0.00203145548,0.00188501598,0.000845903638,0.00235261433,0.00351917902,0.00276061601,0.00160373415,0.000998290036,0.000831715293,0.00125891733,0.00105694387,0.00180255333,0.00268899578,0.00220264099,0.00136949043,0.00452763904,0.00236801575,0.00108268752,0.000952251256,0.001609517,0.00146979989,0.00143734644,0.001657458,0.00254821063,0.00141322998,0.000922024193,0.00218228672,0.00164744758,0.000909089478,0.00301520321,0.000969932568,0.00346436312,0.00130340626,0.00116459807,0.000941997871,0.00143802021,0.00126457967,0.00168847298,0.00106157135,0.00312766679,0.00352059919,0.00135098859,0.00124809227,0.000826104701,0.00520833528,0.00218519727,0.0010703762,0.00107932848,0.00205655835,0.00122921153,0.00292875252,0.00150898641,0.00236900482,0.00488254115,0.00144801822,0.00145263934,0.00122083294,0.00157067889,0.0020263433,0.00243630813,0.00124843685,0.00320127906,0.00154616458,0.00318644616,0.00135354987,0.00293795813,0.00117164756,0.00110418356,0.0013766517,0.00131509784,0.00151431536,0.00443807851,0.00216831728,0.00224484074,0.00345528419,0.000778715826,0.001853437,0.00199600699,0.00239660623,0.00125505673,0.00196019068,0.000724848427,0.0021607026,0.00124636486,0.00238712207,0.00191350436,0.00197994037,0.00181983501,0.00117324925,0.000997718013,0.00235944457,0.00195822451,0.00162645568,0.00112343942
0.00112375143,0.00109935308,0.00356001447,0.00255064922,0.00108577588,0.00236340618,0.00225163973,0.00182583761,0.00103780596,0.00318102679,0.00403639279,0.00260273852,0.00169857676,0.0016467086,0.000869692878,0.00131655848,0.00083402846,0.00221467458,0.00374470259,0.00201206728,0.0014198508,0.00569395115,0.00261703862,0.0011315432,0.000847938085,0.00204888339,0.0015576338,0.00163131777,0.00148598126,0.00332322465,0.00149722897,0.0010945427,0.00254146128,0.002503132,0.00128576072,0.00357781544,0.0010109754,0.0042741043,0.00183374209,0.00137080118,0.00125628302,0.00206138196,0.00162265587,0.00161859754,0.00112269577,0.00342823887,0.00360614637,0.00142959115,0.00145117122,0.000793995958,0.00555251709,0.00267070572,0.00125962233,0.00141422788,0.00212004873,0.00122718389,0.00264209991,0.00185950484,0.00265613664,0.0051454878,0.00151263064,0.00151721921,0.000845070359,0.00180280156,0.00184757959,0.00306927156,0.00160959844,0.00394199786,0.0013936218,0.00193215843,0.00141903887,0.00295176229,0.00202208751,0.00115693454,0.00187292461,0.00199696975,0.00158478184,0.004738604,0.00201816925,0.00206349076,0.00453001772,0.000941619355,0.00165887646,0.00208710029,0.00256227788,0.00159790597,0.00235220909,0.000758264847,0.00205615926,0.00129982506,0.00272088761,0.00226455283,0.00196215674,0.00191021824,0.0010945441,0.00149097933,0.00290821192,0.0015126531,0.00254813374,0.00116856703
0.0014852201,0.000715920751,0.00382497219,0.00202650183,0.00127100807,0.00250700748,0.0022602071,0.00173210372,0.00125431203,0.00400296917,0.00468603064,0.00244709744,0.00210389923,0.00186451166,0.00106821398,0.00153092317,0.00058823617,0.00243828637,0.00380754156,0.00121028855,0.00145772746,0.00559701148,0.00292128342,0.00164547683,0.000873869507,0.00296622536,0.00150217867,0.00155807344,0.00168599966,0.00424370553,0.00208500481,0.00128186996,0.00252702393,0.0035760707,0.00153531114,0.00362731575,0.00105358334,0.0054636755,0.001761692,0.00178852632,0.00145772856,0.00218375965,0.0019981578,0.00182481524,0.00168293971,0.00341032459,0.003955177,0.00162962868,0.00122156002,0.000825577593,0.00657988468,0.00322484366,0.0016349602,0.0016150335,0.00182738563,0.00257607729,0.00263434809,0.00186674739,0.00258870173,0.00601076636,0.00126923809,0.00141110113,0.000868308021,0.00160865921,0.00210662409,0.00379419754,0.0016878964,0.00397897697,0.00145067519,0.00196463782,0.00103980737,0.00272438651,0.00196174658,0.00136161583,0.00181653647,0.00277343001,0.00193798616,0.00475565275,0.00196969382,0.00218267475,0.00410692266,0.00125821091,0.00109821007,0.00261589835,0.00280484189,0.00213187408,0.00205491058,0.000637044051,0.0030546799,0.00121175341,0.00302709728,0.0023700034,0.00176626456,0.00197044335,0.001111112,0.00184502281,0.00310054463,0.0017268687,0.00239020205,0.00138589243
0.00204627937,0.000443394105,0.00407869383,0.00131708861,0.00161550664,0.00262548126,0.00241723135,0.00207715177,0.00131969537,0.00466361254,0.00396105611,0.0014999269,0.00203217615,0.00195503917,0.00142653518,0.00175578664,0.00061349644,0.002713049,0.00419567542,0.000942065671,0.00135931436,0.00558718979,0.00323833946,0.00170701236,0.000605144034,0.0035338517,0.00157183151,0.00163374277,0.00182277005,0.00438946956,0.00201986346,0.00119154254,0.0020432021,0.00475712574,0.0015923603,0.00335221041,0.00111269969,0.0061852498,0.00232906718,0.00201462151,0.00122118501,0.00279945855,0.00206512936,0.00158102869,0.00210378989,0.0036941848,0.00421251842,0.00169283301,0.00158654945,0.000860045581,0.00719618168,0.00503540427,0.00184105443,0.00136549789,0.00190895902,0.00339040262,0.00218272631,0.00126507074,0.00308446816,0.00779058647,0.000979589443,0.00145207857,0.000741290387,0.0019868552,0.00203596627,0.00377121352,0.00178687365,0.00416928962,0.00118744453,0.00173228092,0.00138632399,0.00269499276,0.0020558519,0.0014985769,0.00221870529,0.00318897125,0.00180363701,0.00464715264,0.00159109049,0.00236386102,0.00465520191,0.00157909653,0.000986357857,0.0028818412,0.00241509284,0.00190053653,0.00273738007,0.00082020968,0.00377952864,0.00112071573,0.00317108208,0.00249230773,0.00216416492,0.00218023635,0.00129589368,0.00157257072,0.00404888612,0.00179398716,0.00280461031,0.00111856458
0.00196592375,0.000603956214,0.00393765781,0.00186567538,0.00180668378,0.00274991912,0.00287878703,0.00258751889,0.00169894802,0.00496376125,0.00364709432,0.00139103951,0.00226283711,0.00200000298,0.00146531919,0.00248344389,0.00064287964,0.0030095265,0.00480333956,0.000970559961,0.00123762419,0.00533924641,0.00320891552,0.00215380175,0.000780760681,0.00330006481,0.00194868124,0.00168867605,0.00188624737,0.00430178326,0.00156849365,0.00114050992,0.00196463805,0.0051334737,0.00164383302,0.00289832801,0.00114999271,0.00767140508,0.00259111998,0.00233463047,0.00142315156,0.00247963391,0.00211382189,0.00131104713,0.00197664404,0.00355489495,0.00380868771,0.0020430643,0.00131104744,0.00121891603,0.00716008081,0.00539833924,0.00188827411,0.00141754584,0.00165587512,0.00444327242,0.00179094458,0.00142964629,0.00304176477,0.00947060335,0.00134318433,0.00131860869,0.00119278384,0.00221975588,0.00227233411,0.00373073504,0.00186030871,0.00393056078,0.0014111847,0.00178629344,0.00127267046,0.00293063619,0.00231935612,0.00185585844,0.00261054121,0.00313743292,0.00213219316,0.00357334492,0.00166057963,0.0015454538,0.00516816542,0.00207253547,0.00118363046,0.00358478416,0.00281557578,0.00245700048,0.00363992151,0.0010157456,0.00522448201,0.00099634712,0.00358949452,0.00250378941,0.00222787963,0.00192792514,0.00132821834,0.00193610702,0.00401511421,0.0021429674,0.00291450573,0.0011701766
0.00171673896,0.000772439322,0.0037126549,0.00216958763,0.00202840057,0.00282251007,0.00316944863,0.00236481038,0.00246652175,0.00504230015,0.00427350149,0.00160979005,0.00214477149,0.00222184233,0.00201884268,0.00254928382,0.000672836048,0.0024309749,0.00448346578,0.000998172107,0.00111535887,0.00513171706,0.00387664913,0.00197109236,0.000967586313,0.0032603184,0.0020073588,0.00204306481,0.00256410341,0.00376261319,0.00108459659,0.00108443093,0.00204466553,0.0055940437,0.00187864157,0.00403159835,0.00120419597,0.00850115708,0.00265064711,0.00217601294,0.00146675613,0.00291279854,0.00251467203,0.00135777394,0.00220750796,0.00396825374,0.00395365825,0.00211004754,0.00145076186,0.0012504151,0.00802012168,0.00567315904,0.0019398634,0.00130697613,0.00169048968,0.00434704145,0.0018537194,0.00138227424,0.00281666135,0.0111944397,0.00172950792,0.00133623283,0.00134488746,0.00214308947,0.00225631803,0.00404624953,0.00178094318,0.00408163814,0.00220507181,0.00135823397,0.00165535862,0.00235611278,0.00273523081,0.00175354592,0.00274207496,0.00330656391,0.00217353655,0.00271078629,0.00139737761,0.00159714314,0.00573838961,0.00236100409,0.00138527994,0.00439381614,0.00321646688,0.00219594659,0.0038328198,0.00158730368,0.00663039019,0.00103057314,0.00375683247,0.00229466955,0.00211588262,0.0015241603,0.00151698936,0.00226464082,0.0046098123,0.00196633808,0.00273411113,0.00121612353
0.00158758276,0.00156543743,0.00361532815,0.00245282688,0.00224143162,0.00261824435,0.00277513463,0.00274105181,0.00304114733,0.00591469551,0.00446683439,0.00181938897,0.00255520815,0.00227351779,0.00222717263,0.0024407277,0.00104748669,0.00251165795,0.00399012018,0.00103039761,0.00113195557,0.00511103291,0.00348751911,0.00204568824,0.00131083199,0.00339847366,0.00180723054,0.00256204999,0.00213034313,0.00392436274,0.00148643932,0.00103684672,0.00192430726,0.00573145096,0.00210004039,0.00401229726,0.00141143269,0.0100371153,0.00236277677,0.00201240995,0.0018515414,0.00320815768,0.0032934674,0.00174155287,0.00246399337,0.00321069151,0.00458715517,0.0026363501,0.00147877754,0.0012982501,0.00825242552,0.00525669723,0.00199966702,0.00118503706,0.00190779414,0.00448346543,0.0020292908,0.00110114877,0.00295011609,0.0125320678,0.00217469942,0.00120192107,0.00136799105,0.00204290154,0.00211825436,0.00370620893,0.00145560829,0.00390286742,0.00285550607,0.00172711832,0.00178480205,0.00156033011,0.00411138374,0.00179152777,0.00168171091,0.003044863,0.00367845158,0.00251256327,0.00200766475,0.00181922892,0.00661790346,0.00287579072,0.00174398256,0.00410110103,0.00354668785,0.00209643486,0.00458029752,0.00215556037,0.00949591687,0.0015895442,0.00406936169,0.00285761023,0.001998997,0.00156543895,0.00171633987,0.00294213814,0.00552816082,0.00193298612,0.00230007684,0.00124910748
0.00144222295,0.00210151674,0.00331844898,0.00251547776,0.00244578579,0.00230336063,0.00263325581,0.00332115812,0.00321454468,0.00719424366,0.00448692712,0.00187329854,0.00202914748,0.00145587212,0.00220497562,0.00233309666,0.00179404261,0.00221035374,0.00327300987,0.00107219416,0.0011451009,0.00428987948,0.00398330446,0.00192948708,0.00135386498,0.00314355874,0.00177147882,0.00310406909,0.00189988076,0.00418105671,0.00134331324,0.0011288494,0.00229847257,0.00582040725,0.00233553826,0.00405358071,0.00255894707,0.0107284902,0.00205492043,0.0020397749,0.00173340054,0.00247949437,0.0035599841,0.00161174815,0.00327995013,0.00370043858,0.0056102319,0.00261382724,0.00123521901,0.00159094839,0.00853985257,0.00419890475,0.00241005673,0.00138888799,0.00163934117,0.00437262362,0.00242239839,0.000977837612,0.00289226055,0.0134795489,0.00205722724,0.00122399187,0.00154607255,0.00248183336,0.00251818726,0.00329575295,0.00112718396,0.00419493451,0.00332290952,0.00159207277,0.0021864607,0.0016175425,0.00399848135,0.00165125122,0.00135918788,0.003423543,0.00395656422,0.00220220188,0.00188715075,0.00167553565,0.00735685783,0.00300252783,0.00193867173,0.00402535331,0.00331858895,0.00216255472,0.00503897944,0.00257116793,0.0105776319,0.00163221305,0.00369412389,0.00253892665,0.00169779184,0.00192215051,0.00158730008,0.00312345935,0.00598169853,0.00188617253,0.00213041848,0.0018730099
0.00148203257,0.00245700046,0.00268096783,0.00314774381,0.00213360008,0.00307429495,0.00271025322,0.0034129677,0.00373972033,0.00776973537,0.00448564823,0.00189917213,0.00184400111,0.00130645792,0.00171914665,0.0016384503,0.00199963591,0.00224677112,0.00328693254,0.000721111823,0.00148588313,0.00422853177,0.00388350022,0.00159858027,0.00139203079,0.0032194621,0.00183553591,0.00287781679,0.00209205101,0.00312672127,0.00175541444,0.00113268494,0.0021724594,0.0059243956,0.00196463879,0.00383211926,0.00284090835,0.0116684059,0.00213302129,0.00192442528,0.00142678355,0.00300912201,0.00444001196,0.00128676639,0.00314280031,0.00394760788,0.00612327461,0.00237288455,0.00143291996,0.00216333411,0.00784077131,0.00369293682,0.00194897177,0.00141995267,0.00167982887,0.00379003443,0.00249538221,0.000992064087,0.00295421062,0.0153998017,0.00208017828,0.000724243925,0.00155884775,0.00253073018,0.00208333529,0.00385965223,0.000951295185,0.00419193536,0.00337905061,0.00146869763,0.00260230136,0.00165016776,0.00343970694,0.00200266977,0.00110905784,0.00356373552,0.00477099369,0.00223033436,0.00234650356,0.00190495243,0.00710814913,0.00327386037,0.00213675432,0.0038314152,0.00304400389,0.00204385214,0.00540226506,0.00292894668,0.0117545849,0.00165107768,0.00390915256,0.00243520462,0.0020537397,0.00225514886,0.00143976718,0.00333000066,0.00771576607,0.00208263824,0.00226971634,0.00172745106
0.00169650994,0.00250417575,0.00220087947,0.00342534722,0.00202327048,0.00306957357,0.00318151027,0.00359649136,0.00323624292,0.00837044071,0.0048740893,0.00157977866,0.00260902397,0.000948404907,0.00135802336,0.00212884248,0.00238226232,0.00253707919,0.00268405264,0.000920979803,0.00149353193,0.004078143,0.00510102184,0.00144326305,0.00160256668,0.00254731097,0.00243765173,0.00274086278,0.00223598616,0.00280636546,0.00215855452,0.000989934745,0.00222869595,0.00577256728,0.00137308486,0.00490103278,0.00272532501,0.013580253,0.00179425806,0.00143292053,0.00145059132,0.0030161493,0.00510583683,0.00132801951,0.00280055966,0.003655646,0.00716882514,0.00256497976,0.00146493586,0.00273223749,0.00787263569,0.00316059725,0.00181192043,0.00187600397,0.00136123951,0.0030205743,0.00314105942,0.00119392682,0.0030314514,0.0170258928,0.00134228303,0.000936154704,0.00125235178,0.00346020678,0.00191497579,0.00342157563,0.00153875889,0.00373362152,0.0040849599,0.00130183957,0.00245498961,0.00167379231,0.00261526277,0.00238054705,0.00189250841,0.00351991455,0.00533462159,0.00238787305,0.00220176053,0.0022453538,0.00709154757,0.00302775419,0.00253439293,0.00446508285,0.00262300696,0.00249951537,0.00536062353,0.00345290339,0.0130324746,0.00184365924,0.00435029318,0.00267475078,0.00207433236,0.00239352716,0.00128969776,0.00286339537,0.00860333062,0.00185029845,0.00163902968,0.00174926691
0.00211172903,0.00271923685,0.0022385,0.00221729244,0.00259291344,0.00293761669,0.00344828043,0.00432621308,0.00317613213,0.00919746652,0.00409500147,0.00176709845,0.00280794016,0.00151544095,0.00150943289,0.0020606949,0.00242945154,0.00279552909,0.00268610687,0.001308166,0.00149303734,0.00397749506,0.00613188591,0.0013006356,0.00236234578,0.00222345679,0.00270270091,0.00258592146,0.00192914641,0.00225351885,0.0029844782,0.00100705151,0.00209059139,0.00542406724,0.00216663337,0.00542004964,0.00331384563,0.0143693817,0.00204081774,0.00137136795,0.000914410631,0.00363815172,0.00518574999,0.00116346592,0.00300119904,0.00341013696,0.00768757472,0.00311364562,0.00167130853,0.0025839795,0.00774077389,0.00287896209,0.00149896835,0.00243770638,0.00210120997,0.00286259776,0.00353356712,0.00191437345,0.00271107564,0.0202020614,0.00114744548,0.00135030804,0.00111128444,0.00369003689,0.00170487049,0.00383351592,0.00145687426,0.00382061955,0.00462486912,0.00189179133,0.00230925027,0.0015071608,0.00252231103,0.00239111748,0.0017198547,0.00323652679,0.00660963863,0.00328111617,0.00291281879,0.0033044162,0.00738041669,0.00304208247,0.00319810614,0.00450045033,0.00249492032,0.00217005931,0.00594193671,0.00292056143,0.0142810869,0.00182814954,0.00341815048,0.00360945716,0.00241046588,0.00234938446,0.00163131944,0.00289805789,0.00930405627,0.00176470354,0.00179140418,0.00177759931
0.00194400953,0.0030981059,0.00175149311,0.00202142871,0.00263620593,0.00238949204,0.00332574379,0.00378143509,0.00300678506,0.0105691025,0.00500376086,0.00205835024,0.0032087555,0.0014445302,0.00152875994,0.00140344393,0.00245282629,0.00280955325,0.00307514901,0.00150517704,0.00218560782,0.00369218622,0.00667862931,0.000756288048,0.00241680446,0.00189358126,0.00272957788,0.00201274764,0.00195277625,0.00235493623,0.00391723568,0.00120027491,0.00227391909,0.00489608186,0.00320833924,0.00626368002,0.00347758378,0.015415801,0.0020798675,0.00173224765,0.000552588067,0.00274307731,0.00579957375,0.00135685298,0.00242228314,0.00447343778,0.0080530124,0.00385558781,0.00149784742,0.00312190991,0.00654783738,0.00325857546,0.00152468043,0.00281920634,0.00278476392,0.00193237035,0.0046672033,0.00212540221,0.00259015714,0.0211305975,0.00114025209,0.00139303483,0.000482238207,0.00334758951,0.00151028736,0.00415588694,0.00186384448,0.00386933365,0.00570420728,0.00193087077,0.00216735814,0.00171788383,0.00290023615,0.00330434187,0.0011657279,0.00309515247,0.00726040379,0.00440008761,0.0031099517,0.00356095636,0.00719016019,0.00291245785,0.00403077445,0.00363173793,0.00230149685,0.00220794673,0.00677799344,0.00293599393,0.0146063226,0.00234361243,0.00283876083,0.00352177891,0.00278648226,0.00206079421,0.00165699934,0.00225929452,0.00978747649,0.00194684411,0.00159680915,0.00160192146
0.00196928082,0.00343111978,0.00226757396,0.00202716174,0.00213865162,0.00237731169,0.00286071954,0.00366017844,0.00303208037,0.012003119,0.00387992613,0.0018908715,0.0030668943,0.00146056513,0.00155702526,0.00121404497,0.00267583673,0.00303951403,0.00360874091,0.00170519072,0.00217974527,0.0025445326,0.00956696885,0.000950929956,0.00346961699,0.00210284784,0.00334250798,0.00269043237,0.00181983812,0.00227790244,0.00429359494,0.00121044646,0.00229034377,0.00432944303,0.0036525918,0.00657240543,0.00367078763,0.0152745485,0.00148493818,0.00165715139,0.000748924631,0.00352089221,0.00552432848,0.00156832075,0.00241643107,0.00590841691,0.008152174,0.003023837,0.00171592186,0.00313061615,0.00603442626,0.00366865745,0.00194477032,0.00399183867,0.00336669911,0.0019611695,0.00472279428,0.002679527,0.00316197247,0.0219890514,0.00133894674,0.00141959277,0.000328192195,0.00383141815,0.00148423164,0.00401944316,0.00187487297,0.00373374596,0.00608221668,0.00214675966,0.00265252188,0.00195045993,0.00249185455,0.0036816268,0.00198176758,0.00299836188,0.0080645148,0.00647924768,0.0032219089,0.00401946225,0.00781250221,0.00313643595,0.00303476524,0.00418258214,0.00256157627,0.00243952225,0.00599568205,0.00384303565,0.0145671779,0.002490657,0.00288850694,0.00390843362,0.00263527639,0.00209680757,0.00183639515,0.00175069877,0.00969581726,0.00238663416,0.00123203388,0.0018050567
0.00221863367,0.00322034225,0.00248395641,0.00181928487,0.00198915032,0.00204151302,0.00291704502,0.0031341804,0.00276624756,0.0131271276,0.00364372123,0.00137362599,0.00253312823,0.00252574539,0.00192938128,0.00141482914,0.00212930655,0.00345037214,0.00407505545,0.00193385972,0.00216666727,0.00167026813,0.0110797712,0.0011463477,0.00417695306,0.00229840889,0.0037638693,0.00218267391,0.00202615509,0.00269749226,0.00539306791,0.00156358757,0.00217155425,0.00520415875,0.00426395714,0.00583149209,0.00410853922,0.0153412236,0.00191285966,0.00211164191,0.00093984984,0.00383405111,0.00514963866,0.00138861186,0.00254738396,0.00753449337,0.00720812615,0.00323275972,0.00154439953,0.00291039499,0.0062477358,0.00385727895,0.00175884211,0.00397559109,0.00301039636,0.000982899817,0.00511055555,0.0028461267,0.00320910619,0.0213102844,0.0015328627,0.00164643284,0.000330906049,0.00406661237,0.00146386521,0.00394838218,0.00172099503,0.00382578246,0.00583576444,0.00272320795,0.00305460495,0.00198216065,0.00171265431,0.00494001562,0.00179676656,0.00183789958,0.00760200431,0.00707494164,0.0028443665,0.00384861338,0.00877885489,0.00331935451,0.00322521443,0.00418105128,0.00263477932,0.0022499501,0.00620811913,0.00506894468,0.014980544,0.00212426636,0.00287191518,0.00361354021,0.00379791161,0.00194828393,0.00203942774,0.00158870607,0.0116370083,0.00223751915,0.00165187065,0.00219385918
0.00244697945,0.00302419869,0.00288303184,0.00141930577,0.00200364097,0.00186788947,0.00261829484,0.00358637332,0.00250903595,0.0145796196,0.0039824806,0.00155250918,0.00235988488,0.00346954774,0.0019739418,0.00177969205,0.00254154302,0.00329692662,0.00487945102,0.00193911103,0.002684564,0.00177374713,0.0118733548,0.00116709073,0.00508734799,0.00267583602,0.00419915933,0.0020460338,0.00187021069,0.00308047987,0.00699081231,0.00131972321,0.00235336531,0.00590000196,0.00426569296,0.00537741377,0.00486455068,0.0156657641,0.0016895432,0.00216138197,0.00131159634,0.00445809419,0.00480298298,0.00199163975,0.00300455794,0.00893335365,0.00721009161,0.00331369608,0.00136505506,0.00367601196,0.00649467162,0.00452793726,0.00226600403,0.00384182462,0.00321336849,0.00159108871,0.0046904318,0.0036941206,0.00286198436,0.0244682943,0.00133130323,0.00186876881,0.000581105321,0.00448081623,0.000923530421,0.00499608571,0.00154766999,0.00435903197,0.00619877318,0.00295159589,0.00377785683,0.00160064013,0.00178504176,0.00535045487,0.00182223046,0.00140686283,0.00774144071,0.00867115219,0.00244947758,0.00389357609,0.00835010668,0.00267331945,0.00375389303,0.00437969344,0.00329217982,0.00247269646,0.00772087774,0.00546558541,0.014028632,0.00192813637,0.00304414479,0.00418569041,0.00374665368,0.00232766326,0.00205409056,0.00107200126,0.0129423673,0.00244840626,0.00273281642,0.00238000565
0.00264928394,0.00285858437,0.00268317567,0.000998404823,0.00198019807,0.00234938517,0.00235893625,0.0034184603,0.00311933993,0.0157923005,0.00383296026,0.00156595451,0.00189355906,0.00424791817,0.00199163773,0.00179380893,0.0029574163,0.00352331947,0.00500470836,0.00158384795,0.00294015734,0.00178500601,0.0124281001,0.00137308622,0.00620876409,0.0025115886,0.00398486229,0.00276290756,0.00226543247,0.0034917532,0.00916947574,0.00159858048,0.00222304616,0.00579188848,0.00486140022,0.00654890383,0.00572259787,0.0170740083,0.00207770865,0.00285918295,0.00111898708,0.00491869005,0.00308703548,0.00282087389,0.00291484838,0.00872930295,0.00737492836,0.0024159076,0.00156616792,0.00501779094,0.00775830466,0.00485530229,0.00313234083,0.00369737975,0.00341580415,0.00159045622,0.00447356698,0.00465583281,0.0022910772,0.0249379294,0.0017016476,0.0016515287,0.00124192465,0.00455174816,0.00128417099,0.0048096188,0.00157100985,0.00440440243,0.00546792719,0.00332681196,0.00356740605,0.00138586687,0.00245560958,0.0053773097,0.00163132095,0.000944643688,0.00745979469,0.00894948892,0.002242151,0.00414304041,0.00988181525,0.00348836885,0.00399709453,0.00429953023,0.00381443742,0.00249014188,0.00799688038,0.00652741914,0.0134150868,0.00207504828,0.00302400151,0.00434290142,0.00382222386,0.00196780084,0.00234293833,0.000899119545,0.0132544923,0.00285052839,0.0032285865,0.00321575338
0.002669954,0.00315614537,0.00317818379,0.00138312206,0.00195312869,0.00216811377,0.00192048981,0.00379847802,0.00285016133,0.0160325825,0.0031980809,0.00139120652,0.00190533779,0.00484026856,0.00259584595,0.00169204591,0.00248360943,0.00350515998,0.00414177998,0.00180216056,0.00384414409,0.00259377233,0.0122377541,0.00196927986,0.00690183728,0.00233644625,0.00438334683,0.00335038341,0.00229533471,0.00445218603,0.0111583389,0.0024955411,0.00185563078,0.00536672645,0.00456999555,0.00570641827,0.00652004899,0.0166956894,0.00228690023,0.00322003711,0.00185666769,0.00629941188,0.00339728113,0.00323102361,0.00317661763,0.00982318252,0.00793650346,0.00261877903,0.00235988459,0.00608133545,0.00868936043,0.00548374463,0.00274294731,0.00349583716,0.00306178968,0.00198925948,0.00363992128,0.00513606589,0.00272271322,0.0260386649,0.00188466117,0.00187422318,0.00174534287,0.00543900128,0.00108616812,0.00522193069,0.00198123481,0.0046,0.00669176358,0.00255252543,0.0037271766,0.00119880024,0.00272761701,0.00537924276,0.00205676897,0.000949668783,0.00721153185,0.0105009276,0.00306184733,0.00411433691,0.0116521075,0.00367317576,0.00432144076,0.0041777786,0.00405827658,0.00312891035,0.00799843875,0.00621865959,0.0126956921,0.00208189063,0.00320633554,0.00373622241,0.00402360836,0.00199130904,0.00270837175,0.00108088824,0.0153678674,0.00287769628,0.00402699516,0.00356317643
0.00244299563,0.00248839041,0.00335638469,0.000979240251,0.00159943403,0.00266444645,0.0023278358,0.00368893589,0.00182407714,0.0168937266,0.003007819,0.000741288279,0.00121383762,0.00584315635,0.00360963091,0.00177969215,0.00276953673,0.00345739444,0.00344234375,0.00200400949,0.00378187731,0.00262360755,0.0107068572,0.00193761173,0.00673594419,0.00231303437,0.00552764644,0.00368307615,0.00267430774,0.0049589813,0.0123549134,0.00249198806,0.00204727564,0.00517207142,0.00496586377,0.00444312735,0.00585480527,0.0175804749,0.00184767287,0.00299717999,0.00315223695,0.00676406715,0.00263692159,0.00301567561,0.00377155022,0.0105142273,0.00742812602,0.00170648349,0.00273544691,0.00656517947,0.00919970108,0.00685199836,0.00329585675,0.00338918557,0.00313248893,0.00258038314,0.00451301583,0.00569699181,0.00265017601,0.0290386795,0.00179211716,0.00185912113,0.00234781136,0.00543373111,0.00127458095,0.00482315301,0.00165700052,0.00317020422,0.00813593854,0.00315520001,0.00411215409,0.00118953111,0.00306178873,0.00510022051,0.00257359978,0.000768491612,0.00631699187,0.0107649642,0.00289794701,0.00240069683,0.0107958045,0.0039775818,0.00509731624,0.00416297855,0.00461537966,0.00314070045,0.00707825764,0.00702105912,0.0126025929,0.0024108835,0.0030245758,0.00370301879,0.004426371,0.00216528043,0.00372934911,0.00142095945,0.0163234282,0.00287873473,0.00523331822,0.00364963493
0.00243062388,0.00280112468,0.00361083567,0.00114569395,0.00175101014,0.00393898226,0.00313664031,0.0037081584,0.0020007988,0.0171613356,0.00298270074,0.000939144773,0.000809224177,0.00671756809,0.00467229341,0.00214672639,0.00257936771,0.00304445017,0.00374351827,0.00183150091,0.00325017103,0.00322256131,0.0106181719,0.00229753399,0.00637367326,0.00191204864,0.00603743572,0.0048472658,0.002975618,0.00458277618,0.0157488918,0.00287977062,0.00167006697,0.00540216389,0.00447974127,0.00479920888,0.00711948515,0.0155790545,0.00202388161,0.00320569543,0.00374770949,0.00771322274,0.00220662306,0.00364741061,0.00327797155,0.0110151584,0.00682076931,0.00171363342,0.0027586191,0.00651590802,0.00931786057,0.00832847593,0.004272673,0.0034032919,0.00384404989,0.00258758424,0.00446893028,0.00621007594,0.00265604422,0.0279268898,0.00198001572,0.00229118936,0.00234505823,0.00544535277,0.00144770225,0.00492561227,0.00226711075,0.00278053666,0.00913570732,0.00311404827,0.00383536067,0.00116009321,0.00408238722,0.00490281877,0.00289555237,0.00135187493,0.00537938256,0.0111019433,0.00311396962,0.00257344908,0.0107537875,0.00413742898,0.00485526766,0.00388898748,0.00474640657,0.00413650664,0.00720432562,0.0081381432,0.0123076986,0.00221578366,0.00320815423,0.00327213216,0.00417120833,0.00251843674,0.00386135713,0.00141218395,0.0184588775,0.00272926085,0.00764693147,0.0036197361
0.00201531958,0.0027637764,0.0037690961,0.0013089019,0.00190972095,0.00467913703,0.00345576698,0.00381679446,0.00197082929,0.0166117621,0.00276789592,0.00134253775,0.000829359744,0.00578569423,0.00536584975,0.00193619923,0.00218471096,0.00283687857,0.00429306949,0.0020412309,0.00380935962,0.00284842544,0.0095117295,0.00245979362,0.00862230034,0.00284845753,0.00631785982,0.00583475328,0.003122636,0.00390030636,0.018454936,0.00335257585,0.00185942758,0.00572104973,0.0047704203,0.00489631367,0.00769231422,0.0143227099,0.00244250151,0.00403298658,0.00546007489,0.00860237076,0.00282428967,0.0030156762,0.0035281195,0.0114191054,0.00861100364,0.00195494349,0.00293656767,0.00634371999,0.00962203939,0.00975917654,0.00544852908,0.00281795989,0.00409910633,0.00259533061,0.00467677641,0.00596177889,0.00267260558,0.0277610791,0.00178873663,0.00270102103,0.00285522311,0.00546920085,0.00126650923,0.00613929763,0.00204206885,0.00294927317,0.0106685669,0.00387747643,0.00358456582,0.00103636519,0.00513347469,0.00431480472,0.00276355927,0.00117878391,0.00603527778,0.0110974982,0.0029337813,0.00272708583,0.010666674,0.00432979244,0.006134395,0.00353982497,0.00594514616,0.00427176025,0.005999223,0.00748472671,0.012387163,0.00322745286,0.00244131264,0.00304060272,0.00456287714,0.00198234012,0.0040409478,0.00141417671,0.0191636255,0.00292504209,0.00870117568,0.00425491882
0.00178076663,0.00260162733,0.0040705548,0.00148920107,0.00248756326,0.0051742442,0.00354260933,0.00320833877,0.00196001885,0.0167124695,0.00292911164,0.00172877459,0.00144987499,0.00525231358,0.00643487581,0.00193049972,0.00234466768,0.00244548879,0.00415329324,0.00202963148,0.00357079399,0.00266886019,0.00906599146,0.0024249186,0.0101301107,0.002461654,0.00617760061,0.00582060617,0.00348136774,0.00401914226,0.0212464667,0.00341103164,0.00164473906,0.00588000652,0.00491545403,0.00424528431,0.00808651698,0.0142857132,0.0018461522,0.00485523332,0.00617719859,0.00965531445,0.00292633856,0.00255855428,0.00403225927,0.0121030067,0.00922700563,0.00221934197,0.00275644477,0.00672560135,0.00918703055,0.0117579239,0.00577812191,0.00234830101,0.00452652561,0.0028072949,0.00562257105,0.00617174917,0.00266844318,0.0280411595,0.00197665708,0.00269040082,0.00298211082,0.00543477887,0.00127713642,0.00676956997,0.00224215134,0.00235663667,0.0105548851,0.00350672371,0.0032163213,0.000913574571,0.0060442627,0.00431779414,0.00323036546,0.00118296536,0.00700073909,0.0110931734,0.00296798609,0.00224123965,0.0104059207,0.0045224302,0.00756125447,0.00346543744,0.00625041067,0.0055899421,0.00510906017,0.00699921353,0.0114657022,0.00343288741,0.00205415195,0.00362575151,0.00382722719,0.00198448564,0.00441998699,0.0015676721,0.0183550284,0.00291598494,0.0103172837,0.0046869153
0.00155581699,0.00227383678,0.0039810451,0.00165107667,0.00270819359,0.00515349016,0.0044048523,0.0021,0.002123958,0.0160687014,0.00266209844,0.00175370458,0.00228690078,0.0050793048,0.00681173127,0.00221606444,0.00228658722,0.00326864039,0.00484983338,0.00120943167,0.00474315314,0.00287887465,0.00890206586,0.00292291147,0.0110642416,0.00243309142,0.00661626013,0.00671011978,0.00356538968,0.0034436561,0.0218811491,0.00401990692,0.00127877487,0.00583812529,0.00545171687,0.00467901589,0.00796851804,0.0122435001,0.0020416506,0.00414975261,0.00741321411,0.00884126876,0.00325203149,0.00210607281,0.00412762662,0.0149777838,0.00948193313,0.00325520627,0.00315519963,0.00636942742,0.00817160151,0.0137452161,0.00692862693,0.0022556408,0.00512542167,0.00317020345,0.00451097185,0.00612959447,0.00255158574,0.0286092553,0.00199847714,0.00394354677,0.00281317521,0.0056734957,0.00160829107,0.00664507282,0.00310061895,0.00227048261,0.0109575388,0.00274455846,0.00294388592,0.00109070989,0.0072198912,0.00391168252,0.0034205201,0.00156006352,0.00656335344,0.00987305859,0.00278910072,0.00200642063,0.0125570886,0.00444484874,0.00778247626,0.00416740334,0.0064658068,0.00796269718,0.00502512497,0.00624751781,0.0105009605,0.00326910007,0.00186567076,0.00340373597,0.00410059973,0.0025148208,0.00439882626,0.00189819098,0.0177885568,0.00306527115,0.0124223627,0.00460405775
0.00153051283,0.00179269973,0.00357950166,0.0021478437,0.0023423122,0.00473292404,0.0049256285,0.00139776782,0.00191351024,0.0166605431,0.00280793964,0.0021598279,0.00281484574,0.00413385288,0.00794383382,0.00238357203,0.0023831359,0.00407414213,0.0051020362,0.00142132121,0.00505318832,0.00285015986,0.00909475526,0.00308417547,0.013343001,0.00221893187,0.00614868907,0.00767867266,0.0035388339,0.0029996258,0.0246617424,0.00425532425,0.00125899185,0.00786009689,0.00606002762,0.00404591305,0.00798023858,0.0114981991,0.00222987818,0.00418555372,0.00846579239,0.00898659304,0.00362027147,0.00205838384,0.00416849894,0.0152931274,0.00966013201,0.00485074462,0.00335769203,0.00638298947,0.00816768681,0.0144112726,0.00752895165,0.00225988883,0.00535895997,0.00238663372,0.00501740681,0.00565610456,0.00272628667,0.0286181493,0.00209523669,0.00448102853,0.00248509237,0.00536960769,0.00124289911,0.00706467322,0.00307600886,0.00224084136,0.0112359445,0.00352733241,0.00312155868,0.00142272877,0.0074973256,0.00435616015,0.00298983212,0.00191460953,0.0071068727,0.0106325838,0.00281690037,0.00263312188,0.0137028563,0.00514162061,0.00828781239,0.00342767003,0.00821873516,0.007706771,0.00396675388,0.00490100044,0.0105042062,0.00321236221,0.00170196407,0.00383408888,0.00357732699,0.00376952082,0.00342592821,0.00240466856,0.0160031816,0.0037756182,0.0141261221,0.00432510475
0.00171233065,0.00177304658,0.00374742243,0.00211342059,0.00234152641,0.00419392264,0.004775545,0.00139027003,0.00190475956,0.01808105,0.00256597779,0.0024276535,0.00394792893,0.00373574831,0.00747477725,0.00292825512,0.00197203502,0.00485436785,0.00537046855,0.00101214503,0.00462715697,0.00263264326,0.00877379946,0.00268720519,0.0145987774,0.00219699621,0.00643536806,0.00902137745,0.00331004076,0.00240207301,0.0258179509,0.00525803764,0.00141819032,0.0087412609,0.00654223323,0.00373971639,0.00712811242,0.00983073132,0.0020292199,0.00455953081,0.00882151955,0.00842966982,0.00307967542,0.00216919399,0.00453942035,0.017132639,0.00904778532,0.00518085894,0.0033048152,0.00674894893,0.00791203061,0.0153675449,0.00851627737,0.00265453371,0.00479658225,0.00215602008,0.00461538923,0.0048771977,0.00312029581,0.0272821278,0.0019316194,0.00522574791,0.00248839367,0.00591455218,0.00158144252,0.00664154931,0.0030511812,0.00144536345,0.0109552272,0.00292340772,0.00290328471,0.00140080389,0.00804720903,0.00420389176,0.00316017964,0.00227790189,0.00679056511,0.0101213193,0.00239756019,0.00288239771,0.0156228682,0.00477876291,0.00846342876,0.00315402323,0.00912301271,0.00896652953,0.00316514456,0.00432559769,0.00823439989,0.00319295308,0.00189358036,0.00424830162,0.00376216105,0.00368938979,0.00415512211,0.0022394451,0.0179813634,0.00382222881,0.0148156685,0.00444918824
0.00171592222,0.00158604348,0.0033513347,0.00209900258,0.00215588412,0.00384102171,0.00461538113,0.00137362327,0.00168982221,0.0196498481,0.00297297165,0.00230503138,0.00483975169,0.00350058665,0.0064080307,0.00289592369,0.00160142402,0.00666803139,0.00562205583,0.00142798717,0.00370893819,0.00277227973,0.00865522212,0.00262604947,0.0134774001,0.00200108905,0.0059819636,0.0100065609,0.00305047123,0.00234318489,0.0275371974,0.006262237,0.00140671861,0.0101866014,0.00759177386,0.00351330842,0.00690556716,0.00866856916,0.00297265634,0.00554985942,0.00863528671,0.00765448117,0.00283535895,0.00157287542,0.00545256329,0.0195729437,0.00824600982,0.00641740988,0.00326296059,0.00675804409,0.00757188211,0.0156611492,0.00865019568,0.00344498016,0.00414754966,0.00271633517,0.0045289821,0.00410050636,0.0026772347,0.0274131788,0.00194589961,0.00651671478,0.00246467748,0.00582627062,0.00170445029,0.00706186471,0.00277392765,0.0019916535,0.00993998662,0.00273544675,0.00321485698,0.00156249876,0.00780838774,0.00425879055,0.00402916453,0.00233296172,0.00681295755,0.0114237957,0.00237837604,0.0031179117,0.017848811,0.00473517962,0.00852483031,0.00346080143,0.00860887448,0.0095910154,0.00272281436,0.00376387184,0.00834762518,0.00363699272,0.00150178488,0.00468165149,0.00318877958,0.00417609216,0.00509241238,0.00134952805,0.0198009623,0.00332283845,0.0149772395,0.00486037504
0.00172017846,0.00159109076,0.00329428844,0.0023993163,0.0019704461,0.00280945369,0.00450278518,0.00116572811,0.00127574306,0.021477512,0.00329592275,0.0024537552,0.00524625239,0.00249137538,0.00654539254,0.00268144425,0.00124866087,0.00653195225,0.00663082403,0.00164304866,0.00296943034,0.00175987743,0.00670661928,0.00266052006,0.0145522905,0.00127203261,0.00555555094,0.0122336101,0.00301425067,0.00279719916,0.0305586025,0.00658787129,0.00147723264,0.0116904847,0.00827241305,0.00404932267,0.00673059872,0.00652892431,0.00272426296,0.00574810286,0.00886436197,0.00897671583,0.00308700921,0.00119413018,0.00544871402,0.0193713375,0.00719301255,0.00713888779,0.00281531719,0.00715480138,0.00694799629,0.0148981053,0.00781397157,0.00371428215,0.00358454239,0.00288073103,0.00369851734,0.00468750892,0.00286563334,0.0286617269,0.0025247568,0.00748628774,0.00195217169,0.00564573233,0.00164825992,0.0080550123,0.0025937755,0.00230244864,0.00994205342,0.00291318252,0.00280161191,0.00122527422,0.00800278739,0.00349071624,0.00374251643,0.00245008755,0.00721576511,0.0126455375,0.00214684189,0.00253141078,0.0208664928,0.00447446559,0.00892856854,0.00325064051,0.00986079273,0.00956382583,0.00195764575,0.00415430041,0.00786580737,0.00316511893,0.00147601683,0.0052506819,0.00315485773,0.0045146737,0.005590301,0.00149179472,0.020560861,0.00456817099,0.0166522104,0.00401676718
0.0019022279,0.00160539125,0.00396824715,0.00218084098,0.00181878516,0.00301548342,0.00390178743,0.00154739084,0.00144300018,0.0207554171,0.0035504011,0.00230499847,0.00445198025,0.00227660788,0.00605508024,0.00230128948,0.00106458588,0.0060889033,0.00582854738,0.00213241238,0.00332593841,0.00116301591,0.00594245042,0.00281095954,0.013230608,0.00145243259,0.00573665087,0.0136327893,0.00278877656,0.0031510882,0.0353700886,0.00654853577,0.00154426597,0.0119577362,0.00893254055,0.00505598118,0.00631785271,0.00537901315,0.00264350879,0.00536193513,0.00769357717,0.00920285897,0.00344563504,0.00148883365,0.00562734033,0.021573532,0.00584844792,0.00781345918,0.00331736265,0.00749028097,0.00621639895,0.014117057,0.00716384827,0.00424464735,0.00345244196,0.00314465299,0.00361893213,0.00591259784,0.00287847014,0.0287720964,0.00272532497,0.00811485011,0.00164446937,0.00652908475,0.00146699126,0.00755467175,0.00322255929,0.00269687058,0.00999699011,0.00339541697,0.00307481948,0.00121380158,0.00780455379,0.0039630119,0.00343580415,0.00216215982,0.00610926484,0.0143450781,0.00212269173,0.00233732349,0.0227081275,0.00458002258,0.00904415435,0.00338868312,0.00983986624,0.0101106196,0.00277777724,0.00446783361,0.00730272842,0.00297358993,0.00147220937,0.00489450693,0.00295064498,0.00478677415,0.00561583116,0.00180239407,0.0228815172,0.00536901483,0.0173272731,0.00333447454
0.00208609541,0.001763387,0.00312499581,0.00282392156,0.00182512161,0.0025064721,0.00356071583,0.00211782922,0.00124223394,0.0202527051,0.00394240514,0.00248435517,0.00465453072,0.00206689111,0.00610351692,0.00226520204,0.00105670859,0.00592012473,0.00651902272,0.00266666299,0.00378850739,0.0011476663,0.00428484154,0.0029437217,0.0123758282,0.00161434893,0.00442957675,0.0130014586,0.00273025187,0.00362259684,0.0391360492,0.00836150755,0.00217354828,0.0113636259,0.00844122535,0.00547773165,0.00641803573,0.00540274907,0.00260030241,0.00580612482,0.00735057002,0.0106679966,0.00340329419,0.00161603021,0.00544794664,0.0219704637,0.00609239757,0.00992246343,0.00235081553,0.00792927779,0.00553718789,0.0153452443,0.00695950463,0.00445305071,0.00363008152,0.0033327008,0.00301205001,0.0065868182,0.00270494794,0.0277778157,0.00291829308,0.00718095503,0.00154020664,0.0058689612,0.0015840295,0.00772736578,0.00339795891,0.00229641153,0.00908234569,0.0052539361,0.00355630927,0.00121929956,0.00829270883,0.0032350165,0.00368549816,0.00228511693,0.00482259648,0.0165466135,0.00209731933,0.00268717116,0.0255551847,0.00457843718,0.0100992508,0.0033652997,0.00852382917,0.0106039953,0.00220601032,0.00466918393,0.00801130282,0.00328775923,0.00145032798,0.00456467042,0.00230333032,0.00397580855,0.00684801964,0.0016002589,0.0238140983,0.00582572979,0.0167302213,0.00269179043
0.00282007597,0.00205891327,0.00258836695,0.00280250603,0.00114829384,0.00263831385,0.00340200269,0.00252036046,0.00155952037,0.0202477726,0.00441951283,0.00255754478,0.00502048937,0.00206224412,0.00652383675,0.00190509115,0.00156657792,0.00553359599,0.00643776584,0.00349721558,0.0040604194,0.000836432783,0.00404482728,0.00276721251,0.0104270995,0.00178252935,0.00491535114,0.0137063581,0.00272926179,0.00417939403,0.0445555001,0.00769512379,0.00304126615,0.0117328511,0.00818900162,0.00622807745,0.00630968012,0.0056947551,0.00245498844,0.00658442198,0.00856870861,0.0102574215,0.002459328,0.00157927946,0.00510408347,0.0232398313,0.00511160006,0.0106492396,0.00213713008,0.00711711077,0.00563356903,0.014593056,0.0071505116,0.0038609984,0.00344471494,0.00357950449,0.00224040555,0.00684468639,0.0026395964,0.0285284854,0.00307574004,0.00712165539,0.00191723856,0.005817989,0.00140252362,0.00778754424,0.00339727986,0.00225264099,0.00716157138,0.00495638224,0.00346821248,0.001741249,0.00896027897,0.00326609026,0.00329403166,0.00242508158,0.00354609214,0.0171070094,0.0018832401,0.00309766955,0.0280611982,0.00511944663,0.00860436772,0.00290312228,0.0076467278,0.0116744596,0.0020147754,0.00587888962,0.00749134122,0.00370051396,0.00198915047,0.00488462224,0.00276292259,0.00342583387,0.00722869651,0.00174023397,0.024397182,0.0058294579,0.0174212495,0.00266889572
0.0025758987,0.00189783635,0.00265533628,0.00245780951,0.00146531944,0.00236518543,0.00256118309,0.00270478769,0.00189917143,0.0211933701,0.00487394886,0.00288704279,0.00398962283,0.00186393193,0.00881372443,0.00136915929,0.00189524479,0.00457377127,0.0078552566,0.00334617495,0.00441710101,0.000455704696,0.00394822585,0.00274961663,0.00948530872,0.00212841514,0.00471612591,0.0140418585,0.0025603487,0.00491266533,0.0464773942,0.00862068751,0.00380689856,0.0113271344,0.00854051523,0.00663678148,0.00518915546,0.00657788591,0.00293437695,0.00638579424,0.00976896113,0.0120085252,0.00244728789,0.00148460534,0.00420826077,0.024110218,0.00429727133,0.00978274316,0.00157922204,0.00834828506,0.00528169411,0.013666163,0.00746004142,0.00401453404,0.00340832103,0.00368202326,0.00251304404,0.00637476592,0.00237812429,0.0284389946,0.00300695774,0.00775043419,0.00177619899,0.00529881468,0.00168221804,0.00749399939,0.00377059188,0.00223060706,0.007122275,0.00575388706,0.00289342782,0.00156467436,0.00830737413,0.00330867738,0.00425821425,0.00237570111,0.00315215778,0.0159377237,0.00145924784,0.00352048781,0.0326962265,0.00438374962,0.00785472719,0.00240743611,0.00730965584,0.0115479122,0.00197433595,0.00736863319,0.00759119102,0.00409416007,0.00249554011,0.00629194875,0.00333158213,0.00292548358,0.00776114252,0.00179659463,0.0231472739,0.00583236214,0.0169788133,0.00231942044
0.0032858677,0.00189993559,0.00176678117,0.00243941999,0.00211623026,0.00219126531,0.00291243436,0.0028879496,0.00217901143,0.0198398544,0.00484705944,0.0027012447,0.00434010728,0.00155991913,0.0108262544,0.0015453283,0.00169606894,0.00317613681,0.00803633948,0.00353320394,0.00543395586,0.00035304614,0.00326797536,0.00291096069,0.00895521689,0.00225772646,0.00467975813,0.0149121081,0.00255754897,0.00532400502,0.0471109529,0.00746671985,0.00484946086,0.0101533172,0.00889101971,0.0075213663,0.00607953258,0.00784842486,0.00321794964,0.00652719557,0.00991701836,0.011459937,0.00315106746,0.00147492472,0.00539874574,0.0233279651,0.00375124155,0.00922509182,0.00155763335,0.00937499403,0.00470661511,0.0146631676,0.0071690871,0.00420489184,0.0036783522,0.00361713616,0.00228789502,0.00673565989,0.00273170726,0.0292276113,0.00345895149,0.00719152358,0.00178774587,0.00523013662,0.00150874981,0.00651915712,0.00384245409,0.00206896799,0.0068833977,0.0067055378,0.00260252473,0.00172324723,0.00788858259,0.0025870671,0.00396089565,0.00234153112,0.00243697269,0.0147299598,0.00186219876,0.00334539238,0.038191909,0.00376884966,0.00830754074,0.00251340383,0.00688548653,0.0121951192,0.00228832586,0.00706781485,0.00673183359,0.00405269346,0.00306909657,0.0065878354,0.00336845701,0.0035144811,0.0077105512,0.00184558827,0.0239890128,0.00553078466,0.01658189,0.00147978099
0.00326265054,0.00187470813,0.00211827373,0.00207867106,0.00180209732,0.00202997924,0.00331736217,0.00302686568,0.00215732014,0.0187809949,0.00545364185,0.0025394472,0.00382189591,0.00189633222,0.0118423729,0.00152982955,0.00243779613,0.00280216366,0.00900205993,0.00430775464,0.00560035891,0.000172681969,0.00309203932,0.00255232382,0.00756578752,0.00224022271,0.00515464345,0.0151409524,0.00217825262,0.00523212831,0.0507445008,0.00811717178,0.00650717244,0.00932441541,0.00850698344,0.0072217539,0.00565884885,0.00898066003,0.00265638467,0.00713930213,0.00982880397,0.0129533634,0.00366501732,0.00134323853,0.0054649951,0.0220135838,0.0033507619,0.00854627335,0.00135272167,0.00901611703,0.00461255486,0.0137515039,0.00630724227,0.00419367083,0.00379114433,0.00324134511,0.00189753114,0.00517800111,0.00266210106,0.0295815378,0.00303679562,0.00709749334,0.00227938349,0.00484596646,0.00117664127,0.00638757198,0.00361148516,0.00207900104,0.00616383402,0.00632418418,0.00272161744,0.00224486411,0.00843814179,0.00320898899,0.00424716717,0.0020451607,0.00192661876,0.0129496428,0.00164744744,0.00314691781,0.0403255418,0.00489301873,0.00668790079,0.00282814854,0.0063759045,0.0128266036,0.00271826101,0.00747524319,0.00541085998,0.00432756192,0.00356521711,0.00689190964,0.00438143793,0.00296458935,0.00614575084,0.00181433134,0.0245141769,0.00529355866,0.0156062491,0.00130271971
0.00324032791,0.00218170412,0.00229196087,0.00205696336,0.00213359779,0.00186741735,0.00337345338,0.00270471818,0.00242091638,0.0196181094,0.00454693169,0.00253991152,0.00336448745,0.00187499699,0.0136633011,0.00135685477,0.00234270432,0.00313421653,0.00844451482,0.00388524037,0.00603474212,0.000169118973,0.00355872165,0.0024850912,0.00671031479,0.00256849352,0.00479404293,0.0147538214,0.00238313357,0.00481599172,0.0514018403,0.00776749578,0.00802857743,0.0104166669,0.00814176344,0.00657221031,0.00614315898,0.00890834585,0.00275735064,0.00789384,0.011037028,0.0122530467,0.00380641545,0.00152073093,0.0065894894,0.0216894936,0.00374775718,0.00827067733,0.00183272064,0.00784654778,0.00453104197,0.012939315,0.00517036233,0.0035640609,0.00447812927,0.00358851859,0.00150943101,0.00493551458,0.00299681738,0.0306874228,0.00316789475,0.00776114581,0.00197206577,0.00488934854,0.00115091256,0.00656977704,0.00316279466,0.00243308715,0.00432934703,0.00720826382,0.00319537553,0.00237771613,0.00695002268,0.0032193123,0.00466448389,0.00188679476,0.00158333477,0.0118121858,0.00181928778,0.00310614288,0.0413755339,0.00447241345,0.00569600242,0.00240424323,0.00562002275,0.0131373739,0.0030492535,0.00750696075,0.00554042015,0.0044495744,0.00327473468,0.00684815319,0.00499154298,0.00245057417,0.00509971305,0.00196493377,0.023842698,0.00514221449,0.0162707201,0.00144624653
0.00358809097,0.0024423734,0.00246652342,0.00220542007,0.0024390288,0.00141442933,0.00318123841,0.00269817351,0.00240964225,0.0187813591,0.00269970387,0.00259670482,0.00260650336,0.001404,0.0155592628,0.0013416065,0.00247320244,0.00367515778,0.00873543755,0.00386751516,0.00607689793,0.00016801094,0.00295601104,0.00262596929,0.0070320054,0.00242298327,0.00431566023,0.0130779544,0.00258492976,0.00516119251,0.0521132484,0.00745292798,0.00789394371,0.0125195601,0.00821080566,0.00605491647,0.00633111958,0.010130671,0.00285807834,0.00802003691,0.0117233244,0.0098301185,0.00409763502,0.00144671438,0.00673042455,0.0205594457,0.00332846006,0.00833064,0.00214733976,0.00758098665,0.00369549589,0.0137801402,0.00506812203,0.00344441849,0.00517062173,0.00374908295,0.00150093689,0.00385644703,0.00308697631,0.0322874191,0.00253364209,0.00813154441,0.00210220176,0.00476433865,0.00156472516,0.00644783423,0.00323566181,0.00208442027,0.00378786945,0.00716360346,0.00308688621,0.00286677252,0.00601250294,0.00360288115,0.00584,0.00204784049,0.00115740804,0.00928827575,0.00262467416,0.0027307946,0.0434069095,0.00420167935,0.0051593973,0.00240984247,0.00451167941,0.0136462849,0.0035616888,0.00688923549,0.004755927,0.00399739437,0.00342583378,0.00784281718,0.00503609129,0.00293525895,0.00495294614,0.00185652704,0.023029697,0.00444619597,0.0161874162,0.00143334855
0.00355365901,0.00210843197,0.00266382316,0.002177295,0.00276872734,0.00109976247,0.00364185355,0.00231953817,0.00221378922,0.0192699615,0.00240645547,0.00179083054,0.00288967168,0.00175223096,0.0184661362,0.00165590188,0.00210492066,0.00310559175,0.00811343344,0.00362177219,0.00757248533,0.000167757054,0.0020453402,0.00276063545,0.00623885336,0.00258575591,0.0046030988,0.0116318048,0.00259596308,0.00541033711,0.05133981,0.00751134165,0.00879707029,0.0128321785,0.00862558937,0.00484775793,0.00635892776,0.0111524142,0.00351100621,0.00798991539,0.0132881623,0.00993752365,0.00370435645,0.00184324421,0.00667012854,0.0192849967,0.00389357329,0.00812102618,0.00218588031,0.00772102719,0.00353409481,0.0128204676,0.00557650588,0.00335205255,0.00429332458,0.0035784594,0.00166605246,0.00281911101,0.0028545933,0.031206418,0.00207827995,0.00887733595,0.00229507844,0.00523295425,0.0017016467,0.00782591478,0.00361694987,0.00189295767,0.00394357296,0.00737689963,0.0027225895,0.003278966,0.00526912869,0.00279719804,0.0068536925,0.00163559179,0.00114397632,0.00741060652,0.00231155649,0.00273127522,0.0450344025,0.00421803224,0.00472417065,0.00214911834,0.00434782312,0.014731379,0.00429770916,0.00726123148,0.00316733625,0.00459084959,0.00276011978,0.00748907228,0.00617911632,0.00269814296,0.00448833215,0.00170168813,0.0240477189,0.00405831221,0.0153478017,0.00157728911
0.00336700149,0.00263435284,0.00247437412,0.00247027774,0.0033653847,0.000779544996,0.00440490278,0.00244787047,0.00281867051,0.0192382599,0.00204762768,0.0019632347,0.00249398161,0.0017312991,0.0194202901,0.00246063059,0.00191143625,0.00275909602,0.00918383628,0.003604834,0.00837581796,0.000339443843,0.00152001145,0.00262237938,0.00568454172,0.00239439232,0.00417235142,0.0115492475,0.00300469361,0.00576448439,0.0515262307,0.00698315143,0.00830581991,0.0136904134,0.00934138713,0.00467130915,0.00692607368,0.0113636367,0.00403162878,0.00776218601,0.0148503063,0.00892178545,0.0037990848,0.00216103841,0.0072254321,0.0172313856,0.00384184761,0.00835655107,0.00235236879,0.00644628135,0.00335569811,0.0128651569,0.0045724323,0.00231687583,0.00334419352,0.00339188825,0.0014601194,0.00248524491,0.00295806951,0.0301949025,0.00224099151,0.0100089394,0.00212940206,0.00450225327,0.00140785627,0.0105700196,0.00404448385,0.00249398141,0.00379689793,0.00631942078,0.00248613275,0.00293427121,0.00469939863,0.0029609104,0.00653087189,0.00163372076,0.00112251311,0.00506184598,0.00245732927,0.00260416666,0.0438612307,0.00466387231,0.00475059657,0.00198774055,0.00415800506,0.0157703936,0.00421722539,0.00789385138,0.00370243368,0.00541282756,0.00247769836,0.00827481898,0.00666779912,0.00268772462,0.00352451029,0.00154185122,0.0245543158,0.00276314897,0.0149547507,0.00140077889
0.00337297365,0.00307300868,0.00228953832,0.00185787241,0.00343231146,0.00125411324,0.00456080927,0.00242500451,0.0026393386,0.0189737434,0.00196582397,0.00227949955,0.00196884274,0.00185999192,0.0207941785,0.00228608736,0.00221344136,0.00227157802,0.0086970277,0.00378199954,0.00993085377,0.00067613179,0.00133533583,0.0020322016,0.0050408033,0.00204987879,0.0038378121,0.0105288982,0.00317757128,0.00589751039,0.0527342425,0.00648302933,0.00949239848,0.0145325672,0.0102347427,0.00404926987,0.00747995968,0.0113698255,0.00362921503,0.00671251773,0.0147569411,0.00777545751,0.00433984405,0.00230854686,0.00712510392,0.016625827,0.00370545751,0.007641097,0.00216867903,0.00537290004,0.00383312002,0.0133995719,0.00435816214,0.00288208966,0.00246430691,0.00336870794,0.00144848811,0.00247447875,0.00254237684,0.0284653227,0.00246219222,0.00918963981,0.00258606468,0.0050222317,0.00140252368,0.011726683,0.00455654831,0.00282534379,0.00337490698,0.00587343126,0.00249836348,0.00316350447,0.00433219162,0.00252770594,0.00736421351,0.00209339903,0.000630019967,0.00391555953,0.00244762392,0.00206185592,0.0445464741,0.0041443209,0.004317915,0.00197466013,0.00361632513,0.0161470908,0.00433568031,0.00875164626,0.00348817732,0.00593329177,0.00178571475,0.00885104076,0.0073183015,0.00312397258,0.00311402401,0.00107696874,0.0254743548,0.00283165711,0.0139621184,0.0016858273
0.00299876748,0.00421305561,0.00212728628,0.00248486059,0.00444095928,0.00125727054,0.00397548356,0.00237050273,0.00270437562,0.0189259155,0.00259528477,0.00206647254,0.00176648748,0.00201816371,0.0210136439,0.00194457891,0.00234082548,0.00231864802,0.0070828119,0.00528642746,0.0105717713,0.00108477851,0.0013108318,0.00212378514,0.00515847943,0.00239111794,0.00310002114,0.00983268652,0.00359916983,0.00514208456,0.0518485191,0.0063609099,0.0105431555,0.0142629283,0.00980577028,0.00308487654,0.00813071431,0.011928426,0.00379745975,0.00752062561,0.0147299976,0.00639818962,0.00416123072,0.00230012685,0.00698504628,0.0160442679,0.00459143886,0.00700446669,0.00215002352,0.00492220361,0.00363663055,0.0148530014,0.00582069033,0.00267841388,0.00269906006,0.00405580842,0.00108068939,0.00240347474,0.00230528487,0.0285714621,0.0023082396,0.0094311616,0.00268775031,0.00617385708,0.00139528237,0.0134862341,0.00468328546,0.0034846133,0.00265996787,0.00545009799,0.0027284235,0.00328731443,0.00445705416,0.00249952211,0.00803818541,0.00229794176,0.00108746451,0.00289460376,0.00222222497,0.00186061929,0.0435778258,0.00380074342,0.00460762802,0.00162998931,0.00374595861,0.0165497972,0.0038686154,0.0103881517,0.00381932918,0.00654533436,0.00217251415,0.00776988336,0.00796204843,0.00292208132,0.00302595612,0.000849137009,0.0252924687,0.0023463751,0.0147002334,0.00182648429
0.00243224603,0.00459612968,0.00214361927,0.00251137834,0.00513858955,0.00148321581,0.00420439853,0.00214887505,0.00251639867,0.0189504145,0.0030832464,0.00255145342,0.00165398948,0.00181578029,0.0218180182,0.00159464061,0.00245398459,0.0013056961,0.00647223786,0.0050447318,0.0117399163,0.00181848519,0.00162813146,0.00209204921,0.00485946447,0.00223790873,0.00386349634,0.0104217147,0.00325048304,0.00568458759,0.0530408021,0.00741160337,0.00997898691,0.014054275,0.0103461114,0.00321994316,0.00781976195,0.0126953331,0.00381735949,0.00764453135,0.0136627408,0.00507709482,0.00398659955,0.00236369645,0.00789049794,0.0163237071,0.00406439967,0.00759586519,0.00223108133,0.00382334062,0.003538628,0.0150326146,0.00566999446,0.00230179197,0.00266532771,0.00393205534,0.00123347749,0.00242300854,0.00208,0.0269159204,0.00248270671,0.00973367139,0.00332508461,0.00797173317,0.00138293243,0.0135672915,0.00407628869,0.00310559163,0.00280029391,0.00565692344,0.00241912857,0.00352979442,0.00378975061,0.00221320907,0.0075588318,0.00191601705,0.0010732887,0.00288821368,0.00216858892,0.00169119037,0.0415995323,0.00343979992,0.00371057293,0.00112630646,0.00375362091,0.0158196718,0.00448002822,0.0106685681,0.00360478285,0.00734364868,0.00175438813,0.0079509613,0.00796723059,0.00216380733,0.00426069064,0.000980804548,0.0258181436,0.00205128037,0.0146451448,0.00194611159
0.00306748612,0.00504058182,0.00140994315,0.00250078415,0.00568618681,0.0011586599,0.00409255145,0.00248797535,0.00241036854,0.0184568668,0.0034033732,0.00301912101,0.00145678256,0.00238017347,0.0208127136,0.00189873691,0.00210907056,0.00128658398,0.00520914084,0.00596027126,0.0119263218,0.00213359758,0.00160823163,0.0022248585,0.00528068128,0.00223598322,0.0035601311,0.00917999666,0.00284252684,0.00487291232,0.0547598376,0.00716903087,0.0102899215,0.0171522148,0.0103422457,0.00237083039,0.00761578764,0.0126525752,0.00388600755,0.00814526461,0.013637,0.00397350986,0.00442409984,0.00249804654,0.0083426894,0.0158417408,0.00447059082,0.00743303047,0.00220611796,0.00276965956,0.00353915477,0.0156568898,0.00624414569,0.00257346677,0.0025050063,0.0049452265,0.00173340005,0.00265915713,0.00155666155,0.0236966375,0.00191537483,0.00947311034,0.00263752833,0.00942936396,0.00138427283,0.0135889236,0.00381622728,0.00315039009,0.00303299436,0.00564010493,0.00290456598,0.00415932847,0.00331290256,0.00196182905,0.0076058754,0.00190234683,0.000919397951,0.0030467141,0.00167628565,0.00218304221,0.0434322379,0.00327493194,0.00302987403,0.00128040713,0.00421229962,0.0165606187,0.00414726396,0.0110764463,0.0032578601,0.00773613606,0.00204017617,0.0077804939,0.00858704,0.00261323717,0.00586578747,0.00138696046,0.0261919884,0.00172985719,0.0161777184,0.00198968411
0.00307718095,0.00518161408,0.00121527649,0.00294345452,0.00578915689,0.000916307303,0.00365368941,0.0023155828,0.00236721608,0.0178178794,0.00281732101,0.00310864173,0.00144951307,0.00228646496,0.0175450762,0.00203347333,0.00194058837,0.0015915988,0.00441997233,0.00544179945,0.0121617557,0.00259108894,0.00208100195,0.00221304006,0.00565015277,0.00205198521,0.00366443022,0.00951305897,0.00342726893,0.00481959087,0.0542876552,0.0085354207,0.0102630408,0.0186993448,0.0102478073,0.00200448902,0.00674836864,0.0143422088,0.00372546055,0.00869696053,0.0125874186,0.00286368803,0.00386732219,0.00216149534,0.00807472293,0.0159262936,0.00437090552,0.00725912727,0.00268392739,0.00265191347,0.00257575393,0.0167597505,0.00659075496,0.00253309342,0.00215409938,0.00423088743,0.00205620109,0.00264632524,0.00136861158,0.0210928744,0.00192341668,0.00777296436,0.0028477192,0.00996287562,0.00123203632,0.0127141175,0.0035231986,0.00345281961,0.00309187113,0.00518876087,0.00288461016,0.00464494634,0.00281970045,0.00157260513,0.00781173351,0.00172819857,0.0010752701,0.0027004211,0.00143832901,0.00234506289,0.0424962682,0.00327653744,0.00300825906,0.00141933629,0.00408946675,0.0144550965,0.00437445228,0.0123351783,0.00270872902,0.00799156959,0.00187441394,0.00745059938,0.00991501189,0.00275504192,0.00752467975,0.00136202901,0.0281054268,0.00155895627,0.0172090238,0.00197860247
0.00320144565,0.00465972053,0.001717621,0.00281030561,0.00624809707,0.0013759385,0.00375705221,0.0020262626,0.0021939438,0.0183144481,0.00353200325,0.00320461586,0.0012907369,0.00232931941,0.0172220009,0.00185585977,0.00163763507,0.00213068089,0.00341191173,0.00510482593,0.0118540938,0.00289481464,0.00224071483,0.00188624636,0.00532324614,0.00204987916,0.00340610204,0.00904977109,0.00293616329,0.00469635379,0.0544908931,0.0093745023,0.00921834338,0.0211820527,0.0114125407,0.00196943661,0.00639127379,0.01544141,0.00356124992,0.00865644352,0.0120406416,0.00211213778,0.00396882913,0.00230096776,0.00896056818,0.0176339257,0.00420387336,0.0072976588,0.00254372674,0.00246747639,0.00242350403,0.0164798112,0.00668598778,0.00270399093,0.00214309129,0.00475341926,0.0031666741,0.00216182573,0.0017798887,0.0216967161,0.00153636147,0.00783894967,0.00291916123,0.0108027343,0.000943775124,0.0117523247,0.00281466815,0.00360981429,0.00280276932,0.00471950098,0.00296615706,0.00429514332,0.00242677917,0.00169923785,0.0078109857,0.00202745135,0.00107361884,0.00267558287,0.00142272871,0.00217500503,0.0388744327,0.00337559532,0.00249826585,0.00140822951,0.00452154608,0.0133558989,0.00422186968,0.0119066243,0.00235663807,0.00760161767,0.0017046352,0.00715845176,0.00883712929,0.00275807117,0.00845763637,0.00162800352,0.0286932303,0.00138658051,0.0185759384,0.00188324057
0.003120502,0.00430124747,0.00185905344,0.0025272503,0.00675470686,0.00149566179,0.003263401,0.00137518079,0.00214531424,0.0189329198,0.00401988395,0.00341812489,0.00128514176,0.00244865934,0.017236572,0.00185042313,0.00165662516,0.00156470006,0.0026545872,0.00559163498,0.0135094204,0.00351718497,0.00244898305,0.00174748935,0.00452315386,0.00203631557,0.00371631763,0.00849903594,0.0038847838,0.00483459807,0.0516083001,0.00964403561,0.00818803303,0.0221714162,0.0122066654,0.00186017876,0.0061833339,0.0146504623,0.00339942753,0.00918764836,0.0103693497,0.00143623296,0.00447697464,0.00241910694,0.0098024151,0.0171516829,0.00430292788,0.00631425035,0.00329256856,0.00228985068,0.00249357401,0.0154396382,0.00656901508,0.00343320663,0.00228534296,0.00487012872,0.00443204542,0.00248023617,0.00146692056,0.0208876705,0.00219409104,0.0074430828,0.00302582906,0.0114352113,0.00120675583,0.0101933335,0.00200458013,0.00389755688,0.00268583153,0.0042149564,0.00289406917,0.0047794185,0.00225300543,0.00215409828,0.00949564953,0.00203474779,0.00151285977,0.00247933663,0.000865800104,0.00215803878,0.0364547731,0.00354201156,0.00221483943,0.00185385486,0.00429358832,0.0111858584,0.00312091272,0.0126531297,0.00201425688,0.00753499169,0.00171259293,0.00714859177,0.00897226814,0.00258013719,0.0083907654,0.0021545901,0.0319438429,0.00124636454,0.0189901601,0.00173259946
0.00271002389,0.00374868833,0.00202190453,0.0025918991,0.00629591039,0.00192821181,0.00340927046,0.00134472551,0.00227822621,0.0196275873,0.00371004706,0.00428883079,0.00143609346,0.00242339093,0.0174689499,0.00167249514,0.00156739908,0.00239826842,0.00219160763,0.00494337582,0.0129524296,0.00391420056,0.00375449033,0.00182668551,0.00411773825,0.00217282195,0.00421844179,0.00749515208,0.00460266593,0.00557456524,0.0503119235,0.00983406023,0.00737441158,0.0224296894,0.0114360766,0.00166995399,0.00481577435,0.0148997601,0.00290162311,0.00911924557,0.00957407128,0.00161627641,0.00453065039,0.00224651891,0.0116824976,0.0152742075,0.00391726396,0.00615295146,0.00342625907,0.00190364565,0.00173506289,0.0154259256,0.00621588778,0.00403102908,0.00247366606,0.00515912968,0.00532774159,0.00258135362,0.00158091122,0.0219078323,0.00300150038,0.00620154224,0.0039846556,0.0118090358,0.000927645976,0.00839535334,0.00218371578,0.00433479929,0.00311956403,0.00295754758,0.00264371028,0.0051035119,0.00207227932,0.00210389675,0.00954216619,0.00171473166,0.00149521894,0.00204516117,0.000685284166,0.00213324691,0.0343614363,0.00376925795,0.00234773591,0.00242277227,0.00486987122,0.0106589201,0.00256448297,0.0141268573,0.00196612089,0.00767943759,0.0016750456,0.00697748375,0.00937349976,0.00317460131,0.00805020795,0.00229698968,0.0356066101,0.00136948999,0.0186145809,0.00169133021
0.00287447833,0.00274440107,0.00182240184,0.00228490542,0.00597817327,0.00162026757,0.00294528157,0.00163704324,0.00278978348,0.02167662,0.00423191164,0.00393944508,0.00126143191,0.00253662484,0.0165420834,0.00179506451,0.00125720969,0.00320262822,0.00234999607,0.004630454,0.0126178118,0.00454196275,0.00428972362,0.00239964599,0.00386129043,0.00246832681,0.00384437688,0.00804142209,0.0052542603,0.00545080799,0.0498192303,0.0103559353,0.0070800464,0.0238711586,0.0112264107,0.00164769481,0.0043859644,0.0153258705,0.00279524747,0.00922526025,0.00882031936,0.00220011426,0.00428369552,0.00207131497,0.0142634454,0.0155955319,0.0039283489,0.00617556285,0.00317632657,0.00230547557,0.00143223112,0.0149022556,0.00614474208,0.00408800758,0.00239883685,0.0047203551,0.00526987942,0.00234558069,0.001688473,0.0212272601,0.00340023345,0.00649351579,0.00464601897,0.0124832539,0.00091169484,0.0084011668,0.00249100232,0.00510204722,0.00304966554,0.00307325101,0.00346373471,0.00673779223,0.00254390074,0.00254696098,0.0103158887,0.00140515174,0.00176185208,0.00169245387,0.000513084226,0.00225370365,0.0335086997,0.00446573465,0.00206327596,0.00286446069,0.00432525395,0.0100588051,0.00242041404,0.0129466265,0.00171898428,0.00874439731,0.00164917549,0.0086288052,0.00931973972,0.00337295293,0.00790976999,0.00244432589,0.0380901421,0.00137760044,0.0211383486,0.00155257445
0.00244402302,0.00235675233,0.00178774456,0.00276242774,0.00635719398,0.00144362741,0.00251532786,0.00192396333,0.00290256155,0.0229438604,0.00485503916,0.00312024128,0.00140515253,0.00252213395,0.0169724665,0.00222949032,0.00125776967,0.00369671493,0.00235515584,0.0046613889,0.013076918,0.00479086864,0.00482208285,0.00222997761,0.00330261241,0.00287908136,0.00332149049,0.00719702575,0.00722110535,0.00597379906,0.0510536887,0.0107181096,0.00598846331,0.0267356265,0.0115514645,0.00133195234,0.00377016258,0.0161814209,0.0025534881,0.00799946057,0.00833897459,0.00284360067,0.004534666,0.00175824007,0.0160356243,0.0160805347,0.00360727755,0.00588662598,0.00359107104,0.00277382875,0.00133333216,0.0156768063,0.00554795423,0.00435296635,0.00219466107,0.00443110049,0.00562675749,0.00266374477,0.00139179021,0.0207451306,0.00446718251,0.00688299518,0.00590667289,0.0110418047,0.000904161289,0.0081967241,0.00309108946,0.00504579642,0.00315774558,0.00269814006,0.00371620913,0.00732044533,0.00201352818,0.00255387031,0.010642854,0.00139947266,0.00158227476,0.00152512187,0.000681083478,0.00192493142,0.0332872,0.00457904565,0.00225779785,0.00303119545,0.00419320034,0.0089476873,0.00198034195,0.0123117249,0.00140200775,0.00929341351,0.00194087795,0.00746268701,0.00889029998,0.00363516158,0.00798258584,0.00230696487,0.0404213699,0.00204526683,0.0212822604,0.00168067292
0.00285449678,0.00160232809,0.0015905804,0.00275113903,0.00703296253,0.00143801908,0.00297339994,0.00214625186,0.00287120954,0.0229687643,0.0052409564,0.00294161586,0.00157060024,0.00212951586,0.0163965187,0.00237776663,0.00169541299,0.00396701327,0.00171285996,0.00529380189,0.0148033919,0.00457752738,0.00556940985,0.00284298181,0.00275904041,0.00374323192,0.00262872936,0.00630866493,0.0077118501,0.00591523738,0.051902276,0.0109185799,0.00427660566,0.0268442008,0.0133494351,0.0011683922,0.00373469074,0.0176241013,0.00321741352,0.00728476685,0.00844721431,0.00336009334,0.00491961762,0.00146413064,0.0159355025,0.015034179,0.00311817703,0.00546408532,0.00346686975,0.00313326646,0.0011783751,0.0150805749,0.00531995594,0.00390019849,0.00310196015,0.00314646155,0.00585245458,0.00283822071,0.00136499965,0.0200665737,0.00447928108,0.00631091167,0.00706817982,0.012411948,0.000902874845,0.00801335534,0.00312033638,0.004503821,0.00244182981,0.0026398259,0.00353183123,0.00681879873,0.00183413202,0.00292582918,0.0108539451,0.00138397657,0.00197293847,0.00165719543,0.00118343466,0.00158881035,0.0317636677,0.00472453499,0.00226741624,0.00299095365,0.00340715547,0.00924652479,0.00192307581,0.011749064,0.00166546305,0.0104605523,0.0019348112,0.0078901549,0.00874863615,0.00380646521,0.00716456504,0.00193076753,0.0441327668,0.0028532593,0.0220557443,0.00167386819
0.00277349539,0.00159674941,0.00132688378,0.00259719993,0.00735081671,0.00170891784,0.00235441711,0.0024345707,0.00310350292,0.0224769204,0.00592353187,0.00333838775,0.00141243175,0.00233206609,0.0169440287,0.00221827624,0.00220458354,0.00360152939,0.00186161996,0.00600283197,0.014894278,0.00426094143,0.00477131227,0.00255176276,0.00226620061,0.00476341925,0.00247142257,0.00581396481,0.00799065837,0.00705513843,0.052051016,0.011330354,0.0026511926,0.0260722321,0.0141051463,0.00129217517,0.00361336496,0.0159518634,0.00332699518,0.00600343979,0.00785545858,0.00363372284,0.004813641,0.00175567264,0.0168238084,0.0132390761,0.00293753686,0.00497965918,0.00394956693,0.00364512128,0.00160748282,0.0146576871,0.00438861557,0.00400515028,0.00393700324,0.00234908899,0.00666666711,0.00303853716,0.0012345664,0.0194118694,0.0040758692,0.00690088291,0.00875018614,0.0120744592,0.00101884726,0.00773967988,0.00368090077,0.00402735374,0.00257695017,0.00238701382,0.00349758891,0.00665158494,0.00158077973,0.00296967961,0.011458023,0.00107230306,0.00208477856,0.00134770783,0.00151719249,0.00190325022,0.0312759356,0.00512375675,0.00217096359,0.00326560725,0.00340908637,0.00991458102,0.00192393335,0.0106067239,0.0019293954,0.0110325368,0.00259797763,0.00951508972,0.008233647,0.00460829416,0.00655903442,0.00193664676,0.045033118,0.00386230715,0.0217061478,0.0016629728
0.00264870711,0.00143512955,0.00155255161,0.00245602265,0.00750388891,0.0018312453,0.00233172368,0.00272191392,0.00347500842,0.0230909031,0.00571721152,0.00378843583,0.00124262456,0.00244686165,0.0183920347,0.00257012258,0.00204528821,0.00339366712,0.00139232724,0.00558156115,0.0155212234,0.00393127764,0.00479022034,0.00252598212,0.00211448683,0.00650980393,0.00298883432,0.00502665308,0.00799507747,0.00664385996,0.0524425323,0.0126572127,0.00234942026,0.0247314452,0.0137950062,0.00157322927,0.00362537528,0.0162967374,0.00352542223,0.00617284065,0.00862851488,0.00498398122,0.00408664042,0.00160701128,0.0193929024,0.0119549974,0.00262021992,0.00492577099,0.00419098678,0.00330188775,0.00232862238,0.0141419721,0.00378444475,0.00393258082,0.00475354514,0.0023427532,0.00549449857,0.00351718201,0.001221334,0.0198255803,0.00443018658,0.00703028104,0.00962930313,0.0123559659,0.0009567525,0.00812083924,0.00360336436,0.00423771193,0.00272284612,0.00188294436,0.0033491963,0.00721122669,0.00170780692,0.00281645976,0.0124118503,0.00121747147,0.00234871784,0.00134132722,0.00168066868,0.00221099138,0.0300598751,0.0050000005,0.00237998115,0.00323322482,0.0031194292,0.0097211691,0.00215037863,0.0111972502,0.00176503842,0.0124754641,0.00259182214,0.00938613446,0.00896827032,0.00447273585,0.00648888248,0.00110634407,0.0437390954,0.00498089426,0.0228467288,0.0017382856
0.00263712722,0.00114155154,0.00123361623,0.00220889663,0.00828345612,0.00224027125,0.00294254688,0.00272191201,0.00365205229,0.0235472615,0.00607466151,0.00370205525,0.000930522114,0.00197568646,0.01846386,0.00248247972,0.00218435846,0.00373022379,0.00137111384,0.00579500348,0.015395222,0.0040505995,0.00481397265,0.00240690969,0.00194407212,0.00660348026,0.0027296062,0.0049609211,0.00851353314,0.00646321274,0.0548828025,0.0127413569,0.0024717511,0.0263446537,0.0149145088,0.00140964015,0.00413037102,0.0162081288,0.00360397424,0.00574262266,0.00918024681,0.00572520174,0.00422648596,0.00161812253,0.0205448444,0.0111367135,0.00258752058,0.00484376875,0.00418660163,0.00307322326,0.00245133246,0.0143594517,0.00365853735,0.00445266373,0.00438912381,0.00220170051,0.00501526033,0.00458933564,0.00134137958,0.0232004943,0.0040358779,0.00662761673,0.010721534,0.0130680994,0.000822679378,0.0084718123,0.00386305742,0.00419663773,0.00257695398,0.00246419273,0.00351470344,0.00732313233,0.00183710586,0.00309549777,0.0123044295,0.0012126722,0.00247184994,0.00172305837,0.00183731741,0.00250822725,0.0295337761,0.00500783053,0.00260559231,0.00297831861,0.00262047335,0.0101474969,0.00187126107,0.0107989818,0.00227398194,0.0128046184,0.00262812298,0.00976321698,0.00812136626,0.00466321723,0.00613409319,0.000965517003,0.0449967862,0.00603471399,0.0240434521,0.00172866334
0.00304424924,0.000859476162,0.0016894464,0.00234265393,0.00801370532,0.00241648291,0.00327459853,0.00257849015,0.0033896106,0.0241260041,0.00602516531,0.00320325636,0.00107858139,0.0018220452,0.0193257229,0.00295900801,0.00217454774,0.00344002121,0.00151906311,0.00657538825,0.0145282289,0.00412702639,0.00355355162,0.00252702653,0.00148104189,0.00684932069,0.00220408103,0.00468540056,0.00809249613,0.00559676553,0.0547387065,0.013523873,0.00231481214,0.0255104735,0.0139641268,0.0012489585,0.00402420062,0.0144840598,0.00349506114,0.00629705705,0.00837628991,0.00627650124,0.00344188051,0.0020548922,0.0219035046,0.0101538801,0.00271738645,0.00529428329,0.00445434378,0.00283118375,0.00275402643,0.0140005872,0.00301840688,0.00360336699,0.00597269742,0.00181665759,0.0054355552,0.00594765956,0.00161224877,0.0232030134,0.00367160677,0.00651141714,0.010821894,0.0131629904,0.00056454723,0.00860128746,0.00427122217,0.00475059211,0.00198412379,0.00273348129,0.00363258971,0.00616411583,0.00184021045,0.0032134638,0.0120351688,0.00106076655,0.00301329134,0.00225786365,0.00166610972,0.00241923201,0.0294876774,0.00647505562,0.00332686381,0.00265302136,0.00262620139,0.00955532762,0.0021606307,0.0107895188,0.0026683036,0.0145113914,0.00263273786,0.00940323131,0.00752965768,0.00363071192,0.00627877651,0.00109935234,0.0450697883,0.0070374854,0.0225260004,0.001640915
0.00284837935,0.000851303694,0.00136136753,0.00186974318,0.00796026353,0.00229786011,0.00356699324,0.00209486896,0.00267135714,0.0222522234,0.00484921472,0.0030483362,0.00123495173,0.00230723541,0.0213801596,0.00258843681,0.00195170947,0.00399881893,0.00136425557,0.00740675033,0.0142555332,0.00368567315,0.00371894717,0.00203852223,0.00176159937,0.00746045651,0.00181968681,0.00519749869,0.00852319717,0.00583242452,0.0581212793,0.0140790996,0.00206082765,0.0250082285,0.0142416506,0.0009608763,0.00416412298,0.0134528795,0.00375631458,0.00616882924,0.00925334751,0.00707585504,0.00308197284,0.00221500459,0.0245498602,0.00912315766,0.00314136101,0.00474553256,0.00376661379,0.00293810172,0.0029235467,0.0134046483,0.00284558799,0.00354563788,0.00691894525,0.00207670202,0.00497060146,0.00615626781,0.00159829279,0.0251244142,0.00318887495,0.0061709603,0.0102904411,0.012632389,0.000949124592,0.00930381881,0.00342872458,0.00540935496,0.0016837327,0.0031441849,0.00303108155,0.00578806546,0.00197328359,0.00316789744,0.0128925368,0.000747494678,0.00342512235,0.00240198469,0.00196657083,0.00289107376,0.0273249585,0.00667090481,0.00435866046,0.00284024585,0.00186674398,0.00975742016,0.00244734626,0.0113280874,0.00290148988,0.0141565963,0.00276524193,0.0095301367,0.00621588545,0.00278406531,0.0063457007,0.000957460603,0.043870107,0.00794189368,0.0213205033,0.00135593114
0.00221333836,0.000995589136,0.00180505084,0.00228589223,0.00810481915,0.00202428825,0.00380316742,0.00194436209,0.00233553563,0.0215963641,0.00483571267,0.00281426146,0.0016858255,0.00198645952,0.0209654012,0.00199886101,0.00214102305,0.00355536005,0.00135236676,0.00604014395,0.0127024193,0.00343879391,0.00400754848,0.00154820559,0.00174291908,0.00718670289,0.00230074412,0.00512173865,0.00714630517,0.00509739324,0.0575330907,0.0141871589,0.00249358831,0.0244500237,0.013339382,0.000951216101,0.00468662443,0.0126875717,0.00348360939,0.00588920862,0.00924981873,0.00752062119,0.0026167772,0.00227733741,0.0258659303,0.00753673748,0.00361517185,0.00488212655,0.00335570028,0.00318457628,0.00249522562,0.0144665198,0.0029686761,0.00259706349,0.00902151639,0.00177353559,0.00497994325,0.00606060731,0.00179808195,0.0251072853,0.00354409714,0.00621400715,0.00889017987,0.0118564313,0.0011443144,0.0098133147,0.00282783183,0.00517644308,0.00139801123,0.00344928373,0.00230828192,0.00513438558,0.00151560917,0.0028089933,0.0110157375,0.000442479043,0.0034826539,0.00224007434,0.00243112337,0.00350085938,0.0277273957,0.00578447336,0.00523376809,0.0026770058,0.00170260849,0.0103399057,0.00274847853,0.0133054767,0.00370910381,0.0139144146,0.00247560706,0.00978101883,0.00584707116,0.00274019816,0.00639629509,0.000821916756,0.0444295815,0.00777685652,0.021270125,0.000818555142
0.00175438786,0.000854945931,0.00194843969,0.00211928915,0.00678101172,0.00188406171,0.00533891241,0.0016185971,0.00271248247,0.0203556883,0.00433696027,0.00265270865,0.0016752998,0.00183392304,0.0226451371,0.00212044155,0.00218926663,0.00349201968,0.00134188132,0.00479744463,0.0105654286,0.00265270074,0.00352167532,0.00202939079,0.00173762312,0.00750638244,0.00298210947,0.00540067785,0.00684713182,0.00434406647,0.0561678962,0.0131802362,0.00271972378,0.0248083118,0.0143902582,0.00119158104,0.00548245823,0.0129288879,0.0029496516,0.00616966919,0.00888099208,0.00913568865,0.00217793102,0.00270432411,0.0274412087,0.00693317046,0.00348078435,0.00652595668,0.00290317943,0.00227501806,0.00263427642,0.0136181477,0.00339733183,0.00291035683,0.0103723077,0.00190062487,0.00412217162,0.00571700802,0.00246141088,0.0242551894,0.00430243861,0.0066473144,0.00922369901,0.00992317534,0.00128319924,0.0109211805,0.00352816191,0.00607346815,0.00138466026,0.00423303113,0.00191815499,0.00450506917,0.00186706186,0.00279864538,0.0113652498,0.000590840099,0.00359468037,0.00233277956,0.00257483098,0.00297437222,0.0282401444,0.00599274467,0.00581556246,0.00291090194,0.0018598047,0.0106091411,0.00245316489,0.0153644441,0.00393133499,0.0142103616,0.00316408681,0.00844667655,0.00539860469,0.0020198611,0.00606423903,0.00122399091,0.0429739884,0.00733306166,0.0222172515,0.000814332275
0.00151661397,0.0010114165,0.00223846873,0.00181131843,0.00723098411,0.00231380794,0.00558226589,0.00115640073,0.00243621459,0.0188898321,0.00435470988,0.00263419894,0.00136178168,0.00175182209,0.0238095657,0.00184161977,0.00204860427,0.00325574962,0.00136881928,0.00454068645,0.00939274836,0.00282523561,0.00400502925,0.00269299554,0.00186620297,0.00860263043,0.00356136564,0.00589757598,0.00664269946,0.00407233323,0.0591054964,0.0135986249,0.00292226412,0.0224048059,0.0129904998,0.00105540844,0.00646289447,0.0113846059,0.00361823798,0.00566936985,0.00863601265,0.010293199,0.00197005467,0.00331524792,0.0288599838,0.0070573398,0.00359350011,0.00685881203,0.00291768498,0.00175878546,0.0022159841,0.0128851511,0.0035460929,0.00271458268,0.0105604896,0.00209346072,0.00385125753,0.00611111089,0.00272678933,0.0257205178,0.00456810279,0.00830188293,0.00956167157,0.00954861635,0.00103842418,0.0115264922,0.00339456238,0.00610631939,0.00125715793,0.00447952078,0.00204655861,0.00512273822,0.00165787679,0.00232828762,0.0103975168,0.000887052707,0.00282638402,0.00257575764,0.00280673856,0.00318858102,0.029728103,0.00684931749,0.00596311199,0.00328854697,0.00183459965,0.0097073368,0.00245207082,0.0180912224,0.00434331443,0.0140598646,0.00379950778,0.00835595757,0.00497002841,0.00198445473,0.00571991872,0.00176582685,0.0435399911,0.00774554196,0.0220219225,0.000676314437
0.00177353384,0.00115624105,0.00237388636,0.00178385944,0.00685297048,0.00214622929,0.00678488688,0.00153867876,0.00293068048,0.0179070599,0.00505050862,0.00276242718,0.00149767962,0.00145666126,0.0248539827,0.00250243182,0.00202259473,0.00284052319,0.00167529934,0.0038187826,0.00798676262,0.00280561735,0.00395716957,0.00335985089,0.00186245931,0.009235805,0.00363937273,0.00481183244,0.00585696537,0.00364712367,0.0628183224,0.0126608264,0.00325347773,0.0214074237,0.0124824194,0.00131388944,0.00596148687,0.0115394059,0.00316847937,0.00470178791,0.00897289475,0.0114036385,0.00182041203,0.00393700706,0.029436805,0.00678074338,0.00484675671,0.00799687681,0.00277857864,0.00158583468,0.00234431873,0.0120083861,0.0041678907,0.00251743029,0.0113309577,0.00235246846,0.00402215455,0.00543222035,0.00287663451,0.0273319748,0.00597610316,0.0097349111,0.00814101024,0.00836571066,0.00103828795,0.0123679381,0.00293803867,0.00562869163,0.001251738,0.00433731321,0.00164369603,0.0052522749,0.00149835039,0.00217833161,0.0100675781,0.00134488785,0.00292475212,0.00286101837,0.0024444096,0.00314372027,0.0308108435,0.00692626956,0.00604418798,0.00416489769,0.00222654834,0.0093846866,0.00202308181,0.019881409,0.00407925183,0.0155349033,0.00395778917,0.00824448898,0.00515391033,0.00213605081,0.00561145665,0.00231544751,0.0455294821,0.00702478988,0.0203246224,0.000802781464
0.00204610595,0.00137641623,0.00178120829,0.00161432494,0.00664429838,0.00208994232,0.00733137696,0.00150623067,0.00343555165,0.0161074896,0.00504386378,0.00240486489,0.00163861236,0.00143863971,0.025246033,0.00254016569,0.00223588768,0.00278520798,0.00196850113,0.00348639238,0.00791049004,0.00292552888,0.00416088756,0.00450450108,0.0015784225,0.0104166736,0.00325256028,0.00500351498,0.00579621683,0.00303573585,0.0639497241,0.0134822269,0.00342771517,0.0204964387,0.0102339193,0.00129248983,0.00572344173,0.010781673,0.00380307146,0.00434838121,0.0093127863,0.0108234935,0.00218629775,0.0044756025,0.0297820853,0.00658399735,0.00484686621,0.00902503053,0.00218205757,0.00168195888,0.00146885999,0.0110450352,0.0042077819,0.00239142024,0.0112084446,0.0026135915,0.00470034615,0.00470957759,0.00260347041,0.0267068599,0.00636970646,0.0111061656,0.00898078476,0.00862732761,0.00119553459,0.0133121936,0.00280786247,0.00595746769,0.00140488971,0.00460274184,0.00175614663,0.00553771956,0.0014976795,0.00191627731,0.00973797311,0.00180423668,0.002549351,0.00288376003,0.00193708458,0.00273425775,0.0333202313,0.00764341301,0.00588398476,0.00518122432,0.00222407764,0.00877931636,0.00200534474,0.0246438781,0.0044230778,0.0161799791,0.00439496597,0.00828216617,0.00475987926,0.00181308581,0.00650976553,0.00278607806,0.0467323869,0.00641204421,0.021747401,0.000789682958
0.00200803481,0.00130397269,0.00165612777,0.0017333514,0.00655138951,0.00150236141,0.00838799225,0.0017375022,0.00348057474,0.0149510257,0.00522807619,0.00168800186,0.00146605981,0.00128023107,0.0240992937,0.00254610515,0.00152502696,0.00253220149,0.00225225117,0.0032773107,0.00697111964,0.00295391691,0.00383142116,0.00517218004,0.00171501737,0.0100332821,0.00325345181,0.00529137731,0.00513011209,0.00325620606,0.0659022636,0.0129707513,0.00418633406,0.0172973956,0.0090695299,0.00153178518,0.00563232784,0.0111917263,0.00428472721,0.00383142343,0.00917844911,0.0112007084,0.00284429516,0.00452187074,0.030375168,0.0074843947,0.00537263067,0.0104266086,0.0023785991,0.00166796421,0.00101112145,0.00977453791,0.00419803774,0.00267205399,0.0117346785,0.00235944295,0.00513846526,0.00399123323,0.00332402645,0.0261018709,0.00726382497,0.0113574721,0.00915095237,0.00922843647,0.00107816796,0.0128225556,0.00212907278,0.00491441098,0.00126226886,0.00475514575,0.0015007539,0.00683427403,0.00155763293,0.00264511625,0.0104064119,0.00151929791,0.00251321356,0.0028885069,0.00265110957,0.00279617133,0.0308472447,0.0090759031,0.00584755025,0.00790727767,0.00254190396,0.00862187763,0.00164942672,0.0258418372,0.00385158435,0.0161407165,0.00528634251,0.00827557675,0.0046557575,0.00179503758,0.00559793207,0.00290854833,0.0491756182,0.00639332463,0.0218273484,0.00104180262
0.00145850084,0.00136670799,0.00120754424,0.00200229359,0.00628888517,0.00179391413,0.00924662387,0.00183823858,0.00359342671,0.0138038705,0.00563106824,0.0013696788,0.00128114093,0.00127877423,0.0224931028,0.00245901444,0.00166021102,0.00214263795,0.00244088302,0.00216054715,0.00643868235,0.00301916469,0.00322927877,0.00526102528,0.00121289881,0.00975138383,0.00301491838,0.00523377229,0.00421971716,0.00323290896,0.0678134086,0.0134522046,0.00419079184,0.0156492264,0.00832362997,0.00165331411,0.00532307561,0.0123838121,0.00429958067,0.00351572705,0.00764332101,0.0103857557,0.00275157227,0.00473415887,0.0286135107,0.00791289027,0.00634744496,0.011152912,0.00229039832,0.00165826828,0.00115556776,0.00943397035,0.00448526118,0.00226831233,0.0108433363,0.00213904062,0.0050088091,0.00367934918,0.00344553621,0.0277294039,0.00775546627,0.0111208526,0.00900595895,0.00950030711,0.00109080762,0.0123870438,0.00281350146,0.0046748259,0.00141803826,0.00446238144,0.00111634892,0.00641104021,0.00140970581,0.00304198744,0.0121905418,0.00167785175,0.00223186131,0.00342319189,0.0024593854,0.00224573405,0.0317449937,0.00996726176,0.0049703127,0.0089707325,0.0026209721,0.00745964869,0.00165488366,0.0272222533,0.00348566872,0.0155767098,0.00562445925,0.00756933065,0.00501624847,0.00161056802,0.00641260769,0.0028351526,0.0511978321,0.00575189994,0.0239917923,0.0015428155
0.00196463908,0.00165348241,0.00120409573,0.00254596965,0.00674399946,0.00179006113,0.00988024103,0.00155864336,0.00421312092,0.0138171489,0.00507711534,0.00142276148,0.00153395808,0.00112787152,0.0209468803,0.00231702062,0.0019278432,0.00154778494,0.00243679434,0.00181249193,0.00532745678,0.00269417125,0.00307598,0.00558095522,0.000924214804,0.00801941578,0.00251968267,0.00573988674,0.00416605377,0.00268668996,0.0712852556,0.0133153382,0.00450932301,0.0150517985,0.00756699732,0.00174803623,0.0043242508,0.0122398833,0.00423904658,0.00259001528,0.00661157683,0.0119756209,0.00209123042,0.00488645993,0.0262772623,0.00910199687,0.0060249272,0.0107562822,0.00219178375,0.00132921588,0.00115959245,0.00986419076,0.00498245479,0.00265372513,0.0104590687,0.00223728725,0.00602175071,0.00387176964,0.00393648212,0.0271190073,0.00756894901,0.0124108497,0.00829893763,0.0098183207,0.00110818473,0.0112359487,0.00241903417,0.00424070465,0.00156249754,0.00422475867,0.00121936175,0.00637213442,0.00118150999,0.00366766563,0.0123490818,0.00212734091,0.0019568262,0.00354906431,0.00178544723,0.00208963518,0.0305117611,0.0103493923,0.00340608767,0.0102172033,0.00251588823,0.00639644766,0.00167020627,0.0291033003,0.00261198749,0.0151228259,0.00593429049,0.00722277649,0.00424028894,0.00160077023,0.00783118266,0.00349933134,0.0506854619,0.00568788065,0.0263968426,0.00206638532
0.00250131333,0.00156627802,0.00135094494,0.00265697274,0.00727371471,0.00234374582,0.0090692895,0.00121826142,0.004314855,0.0136246761,0.00538530418,0.00173010466,0.00149578031,0.00154995369,0.020665719,0.00232590154,0.00138083202,0.00129198945,0.00241217862,0.00163398842,0.00457862696,0.00250858503,0.00340031245,0.00551742701,0.00120345425,0.00704429602,0.00224358776,0.00681311972,0.00402753372,0.00296838368,0.0724009056,0.0140214312,0.00397069787,0.0147367222,0.00749769014,0.00200526578,0.00339497294,0.0131057966,0.00388835247,0.00256057931,0.00710682768,0.0121466085,0.00194653559,0.005999142,0.0278723055,0.0100308585,0.00615847824,0.0104639779,0.00271333918,0.0012004261,0.00131348753,0.00919143803,0.00523889506,0.00289091368,0.00938347051,0.00244931214,0.00689255476,0.00313551395,0.00394332132,0.0264766504,0.00752560277,0.0134734731,0.00784700699,0.0103000272,0.000987860852,0.0107973358,0.00188908746,0.00317376063,0.00165419876,0.00444475462,0.0014591404,0.00583172422,0.00125590837,0.00439249324,0.0131633232,0.00197989924,0.00155743731,0.00406167949,0.00162794206,0.00236356051,0.0274303836,0.00990316626,0.00267154307,0.0124410652,0.00201796214,0.00644381828,0.00137425532,0.0307256362,0.00225613823,0.0146009495,0.00531915512,0.0075024569,0.00414383556,0.0017501991,0.00862170955,0.0032555603,0.0515663863,0.00607505589,0.0274542665,0.00231184404
0.00261848549,0.00141003995,0.00185762742,0.00290456767,0.0079537704,0.00336531609,0.00949787317,0.00108142252,0.00416996937,0.0134116645,0.00539014566,0.00202244025,0.00134263979,0.00155257348,0.0201178813,0.00245532558,0.00138140762,0.00128799753,0.0016598773,0.00178774226,0.0037329589,0.00299401127,0.00370427208,0.00594522281,0.00138946956,0.00647575171,0.00205989067,0.0082148204,0.00394249726,0.00328166429,0.0728049849,0.0143858805,0.00398975553,0.0143097514,0.00703805937,0.00232207978,0.00311614925,0.0151572589,0.00357339308,0.00242386879,0.00606399619,0.0134963339,0.00135676484,0.00635811352,0.0285855819,0.0103891069,0.00588074012,0.0098209913,0.00253671445,0.00140593079,0.00116515937,0.00959973426,0.00487600846,0.00278605786,0.00958741705,0.00260238678,0.00777806804,0.0026335551,0.00329745184,0.0258333479,0.00732770845,0.014229074,0.00701868223,0.0106843763,0.000853488457,0.0114401135,0.00192837244,0.00299790991,0.00158592662,0.0046874919,0.00144613167,0.00593382777,0.00155948221,0.00505952765,0.0141074159,0.00211384402,0.00141034938,0.0034812315,0.00161480002,0.00207588254,0.0271834476,0.00980107744,0.00239065886,0.014179204,0.00173543882,0.00613860665,0.0010851057,0.031061763,0.00266205545,0.0154403954,0.00530600016,0.00816241602,0.00393257693,0.00191083034,0.010390838,0.0041084609,0.0497949351,0.00581231863,0.0297868252,0.00221295943
0.00311607246,0.00196133224,0.00171131135,0.00301741912,0.00909339845,0.00387487604,0.00922189926,0.000632510096,0.00466934967,0.0130806518,0.00532665912,0.00213896338,0.00145618124,0.00196326207,0.0181774209,0.00219568916,0.000958379038,0.00154718538,0.00165488426,0.0018050559,0.00301810908,0.00308724069,0.00362947303,0.00525405727,0.00137949938,0.00566470248,0.00173446887,0.00845577559,0.00448846095,0.00302305828,0.0740716415,0.0142423651,0.00499329877,0.014724138,0.00658495597,0.00261454071,0.00316784719,0.0157300695,0.00309661518,0.00242025933,0.00549540214,0.0138811385,0.00167288518,0.00787727524,0.0277406701,0.011213937,0.00526242787,0.00975272841,0.00263782445,0.00165394294,0.00158113874,0.00922160117,0.00576708795,0.0033609151,0.00953476312,0.0031878023,0.00729641969,0.00193625481,0.0036433503,0.0268488344,0.00668804455,0.0132730797,0.00659811257,0.0109627071,0.000855312061,0.0117472122,0.00223152046,0.0033531132,0.00175540934,0.00546055336,0.0015630664,0.0057616181,0.00119278382,0.00538030949,0.0139935474,0.0021128928,0.00128345863,0.00397467847,0.00148720985,0.00221427935,0.0260118395,0.009209428,0.00242753203,0.0140762416,0.00186831355,0.0053700946,0.000947118359,0.0314064071,0.00196637305,0.0131359988,0.00562865393,0.00763621237,0.00365425196,0.00221659238,0.0117320631,0.00495049831,0.0510628935,0.00678606347,0.0301022879,0.00206825481
0.00286607777,0.00210083931,0.00187013938,0.00320819445,0.00898737562,0.00393479042,0.00944327637,0.000878185552,0.00574790949,0.0125348269,0.00479431287,0.00203639978,0.00156006136,0.00250312861,0.0182469434,0.00222099051,0.00109588831,0.00148521196,0.00165164969,0.00172272397,0.0028673763,0.00257591987,0.00440806603,0.00523178331,0.000961672501,0.00468367783,0.00172820023,0.00982716054,0.00405198074,0.00322353991,0.0724219252,0.0132183516,0.00534442143,0.0147838366,0.00713598104,0.00223491678,0.00251607599,0.0174470722,0.00294924456,0.00292616032,0.00561476695,0.0140382675,0.00191865113,0.00954458174,0.0242116563,0.0122858912,0.00521194722,0.00991739359,0.00280568746,0.00195042186,0.00156941293,0.00905902,0.00621421619,0.0032920251,0.0100522647,0.00345069826,0.00834855811,0.00257960203,0.00336500304,0.0260483419,0.00734070397,0.0140914823,0.00597695732,0.0106954341,0.000985635373,0.0125239527,0.00221452934,0.00346642451,0.00145857854,0.00634371445,0.00145419539,0.00563636754,0.00134569676,0.00532150424,0.0145247829,0.00256101495,0.00115924502,0.00363419907,0.00134308132,0.00235411889,0.025648153,0.00884463583,0.00214561609,0.0143774599,0.00193473184,0.00530331489,0.000793145785,0.029852393,0.0022859572,0.0128468855,0.00504002929,0.00922761115,0.0030375819,0.0015777803,0.012028117,0.00483559192,0.0520789476,0.00719922437,0.0307134024,0.00225583542
0.00268219573,0.00229293871,0.00172698779,0.00314593891,0.00784235326,0.00471897181,0.00977379967,0.000503272236,0.00520691801,0.0125536193,0.00471698063,0.00203046187,0.00140342164,0.00221698686,0.0191260607,0.00235066227,0.0014921316,0.00123569323,0.00166138312,0.00147953648,0.00258212374,0.00286494388,0.00525897004,0.00497512138,0.0010992022,0.00525860498,0.00139925565,0.0114577526,0.00420979937,0.00310296088,0.0708923889,0.0136810179,0.00533016256,0.0141765563,0.0067851413,0.00198905937,0.00222593465,0.01797983,0.00244332529,0.00308452017,0.00580684288,0.0147996367,0.00179257505,0.00992037094,0.023520977,0.0126475915,0.00457746307,0.00901339505,0.00317769339,0.00244116072,0.00200372078,0.00846258785,0.00642008882,0.00279933943,0.00986404169,0.0033638679,0.00737540779,0.00335717278,0.0039251623,0.0270763279,0.00722544056,0.0136150844,0.00508249014,0.0108432124,0.000984528796,0.0129851185,0.00195285016,0.004016582,0.00174901404,0.00606535608,0.00134836824,0.00553057204,0.00148412022,0.0048550813,0.0152805696,0.00300662019,0.00097359247,0.00392054632,0.00134188263,0.00228669126,0.0248966639,0.00792724813,0.00170915779,0.0135372447,0.00205101989,0.00569800199,0.000632912223,0.0293243051,0.00163864196,0.012005322,0.0057361335,0.0103206216,0.00274146471,0.00124532716,0.0134010624,0.00548382798,0.0526895808,0.0078287341,0.0292278869,0.0029201002
0.00290428952,0.00206185707,0.00211800547,0.00299334266,0.00784447081,0.00455270665,0.0106178889,0.000761904219,0.00543651841,0.0127356157,0.00417267883,0.00166198367,0.00126119152,0.00207039173,0.0191048418,0.00253459337,0.00231040968,0.00163977363,0.00137153694,0.00131557606,0.00227596368,0.00227618005,0.00787528725,0.00468201815,0.00123439625,0.0054535082,0.00154415971,0.0123048692,0.00431388531,0.00304480784,0.0700854753,0.0152323726,0.00510884049,0.014619919,0.00714966055,0.0018518533,0.0022793237,0.0194682759,0.00236008446,0.00292504854,0.00521728054,0.0160692121,0.00199870858,0.00997322752,0.0223716472,0.0127619253,0.00404974859,0.00859106707,0.00351699719,0.00274382412,0.0018479014,0.00734139264,0.0063407139,0.00230710004,0.010502219,0.003520118,0.00663129929,0.00370952044,0.0038182702,0.0280267631,0.00747409722,0.0139501794,0.00574490551,0.0117021349,0.000983695895,0.0126080751,0.001972667,0.00471883393,0.00175105561,0.00626959816,0.00122910893,0.00480885752,0.0020851966,0.00573128549,0.0151392964,0.00305468669,0.000847868609,0.0043750881,0.00148743074,0.00231582325,0.0231322223,0.00790039233,0.00156739901,0.0137146072,0.00173588669,0.00537634167,0.00128040764,0.0289140517,0.00180063432,0.0125703424,0.00585012324,0.0112630726,0.00220170171,0.00183206461,0.0137121622,0.00638238441,0.0525991384,0.00891467322,0.0266313361,0.00211081671
0.00263782463,0.00246238224,0.00227824792,0.00351626166,0.00703647254,0.00445986645,0.0106773684,0.000636454934,0.00588033129,0.0120849734,0.00293782154,0.00166709397,0.00124517393,0.00206299231,0.018126028,0.00313864423,0.00332068114,0.00243100985,0.0015427317,0.001648259,0.00235914274,0.00224497861,0.00822946439,0.00394503014,0.00137136742,0.0058348976,0.00199386303,0.0126876777,0.00394128106,0.00293297583,0.0715566439,0.0173135898,0.00517869727,0.0160162361,0.00838388879,0.00236878355,0.0026319412,0.0209546891,0.0018069866,0.00298489687,0.00498339453,0.0141328307,0.00238956911,0.00973172479,0.0221925787,0.0124535827,0.00366353479,0.00925394637,0.00332507171,0.00291635043,0.00184974525,0.00683886141,0.00536117561,0.00220350148,0.00940607975,0.00338861247,0.00688558381,0.00475784208,0.00533350543,0.0299138915,0.00800095454,0.0119524576,0.00638627821,0.0119064647,0.000844596627,0.0116345473,0.00168990101,0.00528680708,0.00219298299,0.00656779627,0.00160830821,0.00495170514,0.00236371573,0.00549209806,0.015335147,0.00418848659,0.000852725246,0.0039037109,0.0020848829,0.0021932992,0.0200242111,0.0067192567,0.00183953593,0.0125708406,0.00207334434,0.00620556052,0.00112197409,0.0282720501,0.0019642066,0.0147724597,0.0054260148,0.0136063903,0.00208034417,0.00174295159,0.0138923796,0.00628930417,0.0526328432,0.0104578843,0.0234244017,0.00178406394
0.00258998639,0.00237835812,0.00191482753,0.00387443983,0.00671141252,0.00459494121,0.0107238553,0.000907913826,0.00649574357,0.011564015,0.00326492211,0.00128286899,0.00149235343,0.00192307886,0.0174153731,0.00350546007,0.00403063267,0.00246011317,0.00199447356,0.00214450456,0.00242954346,0.00253914664,0.0087941579,0.00330918562,0.00110162402,0.00632274928,0.00212636457,0.012525273,0.00356758234,0.00249963218,0.0730617653,0.0183421969,0.00467692854,0.0170419411,0.0092592606,0.00216120042,0.00331262483,0.0225200879,0.00172528301,0.00299035797,0.00459221071,0.0123932802,0.00303769078,0.0102753115,0.0219386933,0.0113206595,0.00327966495,0.0101229166,0.00320680649,0.00268246573,0.00194606807,0.00690655519,0.00524450154,0.00183944627,0.00998659699,0.00325568362,0.00674603472,0.00575115699,0.00438370039,0.0304367896,0.00851638363,0.00964206044,0.00681553128,0.0115157574,0.000713264506,0.0119315071,0.00200918063,0.00548494798,0.00219329972,0.00604333718,0.00123700957,0.00469251886,0.00289897332,0.00625181547,0.0160404363,0.00482124024,0.000854181162,0.00423673844,0.00210747837,0.00191092077,0.0197611529,0.00690466392,0.00181716486,0.0118597188,0.00214732385,0.00658829864,0.00113544206,0.0275245582,0.00197889336,0.0153985635,0.00489193457,0.0160868528,0.0016628076,0.00188508809,0.0139205863,0.00804533545,0.0522129302,0.0108370159,0.0224174714,0.00158709387
0.0027235282,0.00260799166,0.00170542915,0.0037152866,0.00578625189,0.00545790299,0.0105302771,0.000778007697,0.00678748818,0.0115517962,0.00254999114,0.00115770641,0.00160098658,0.00152333454,0.0166527448,0.00441471849,0.00469578972,0.00281614053,0.00247640135,0.0023136624,0.0022231489,0.00212675641,0.00846130711,0.00298322061,0.00109905396,0.00696616702,0.00189998571,0.0127059544,0.00350688112,0.00219169848,0.0765421016,0.0174596306,0.00417026216,0.0196496415,0.00965125731,0.0025503657,0.00372157175,0.0240627142,0.00159193261,0.0030150122,0.00387979016,0.0110881547,0.00420767065,0.0106584203,0.0232242145,0.0104479714,0.0033592113,0.011403247,0.00256748033,0.00242266012,0.00154169361,0.00764706722,0.00582883614,0.00182982847,0.00986246291,0.00392720249,0.00559701497,0.0070255898,0.00447913982,0.0310082908,0.00854899215,0.00816364466,0.00745001445,0.0114125669,0.00085972223,0.0106417405,0.00172141373,0.00536494974,0.00205942662,0.00531964561,0.00135886252,0.00468574445,0.00305587469,0.00757138415,0.0158455435,0.00477968173,0.000981592634,0.00428070963,0.00242277402,0.0016296279,0.0192448699,0.00602055602,0.00173130015,0.0115253499,0.00261711612,0.00701363022,0.00147058946,0.0259155837,0.00220167071,0.0163823547,0.00468772381,0.0176247065,0.00122885518,0.00248756126,0.0119458315,0.00776021873,0.0508247393,0.0100430401,0.0201488587,0.0014586895
0.00276826015,0.00237310445,0.0017815658,0.00335266906,0.00480017932,0.00623861055,0.00956991342,0.000787194189,0.00694920122,0.0115599484,0.00201721605,0.001401631,0.00184117019,0.00152080576,0.0167063392,0.00495768736,0.00537780783,0.00356758514,0.00264839329,0.00230263278,0.00157642125,0.00284778452,0.00853506908,0.00290805413,0.00150705463,0.00754920459,0.00188964759,0.0128116868,0.00385761053,0.00213486377,0.0770395561,0.017183819,0.00361599027,0.02014776,0.0108872238,0.00228484589,0.0036810694,0.0231411612,0.00132573003,0.00367376382,0.00362586451,0.00849431443,0.00429185035,0.00926164555,0.0231885898,0.00974118764,0.0039993915,0.0116193654,0.00312416403,0.00222335189,0.00139062723,0.00802296784,0.00541156576,0.00157790783,0.00964759899,0.00436387401,0.00501002427,0.0086315013,0.0049248272,0.0314386254,0.0094210631,0.00854151416,0.00908853943,0.0109170264,0.00143760935,0.0098226907,0.00145475873,0.00537205219,0.00203251923,0.00517768516,0.00135568397,0.00388811919,0.00310828648,0.00770460442,0.0164828748,0.00466095536,0.00122594006,0.00477185954,0.00255370471,0.00163180578,0.0170672335,0.00510128903,0.00226772793,0.0114072153,0.00238473453,0.00755778757,0.00131168896,0.0255377628,0.00265800568,0.0171372866,0.00411172264,0.0190026617,0.00131099524,0.00276739409,0.0130507488,0.00897472825,0.0504854119,0.0101468031,0.0198867355,0.0013304917
0.00270520067,0.00292359092,0.00161463751,0.00277497179,0.00508990139,0.00556019277,0.00961749873,0.000927521088,0.00661886997,0.0109207383,0.00163822678,0.00154083399,0.00209669425,0.00124018299,0.0170845407,0.00617689541,0.00646610212,0.00388812983,0.0023288261,0.00247320108,0.00150109234,0.00303972984,0.00810397148,0.00325473059,0.00226399566,0.00673169247,0.00250569241,0.0128779345,0.00309874775,0.00169566408,0.0806340035,0.0171626254,0.00342514346,0.0210973541,0.0109365563,0.0021540854,0.00426036623,0.0220531335,0.00158898104,0.00352679289,0.00336638391,0.00720064509,0.00562085371,0.0093358236,0.0223287748,0.0078584016,0.00327394563,0.0136628651,0.00283247898,0.00194149384,0.00150995029,0.00808823513,0.00474571186,0.00153271947,0.0105629052,0.00492204834,0.00457850818,0.00947179105,0.00428194696,0.0340666534,0.00964694041,0.0078576204,0.0107829018,0.00946610203,0.00175720887,0.00985310522,0.00147535981,0.00587215325,0.00215641362,0.00532859814,0.00159763676,0.00366577984,0.00291672371,0.00887362421,0.0154863253,0.00470046724,0.00124146082,0.00508806198,0.00240963426,0.00163180718,0.0161085046,0.00415330946,0.00197844001,0.0099853237,0.00318767769,0.00861955922,0.0013229698,0.0246234286,0.00278266275,0.0147448867,0.00338601108,0.0185958215,0.00131501791,0.00265100888,0.0124199287,0.00972939129,0.0479524844,0.0105729443,0.0211538376,0.0014577286
0.00254668783,0.00446583344,0.00148576926,0.0030257826,0.00478902713,0.00511968846,0.00959215895,0.000664980121,0.00575509832,0.011056342,0.00150912284,0.00167547418,0.00271537851,0.00110665467,0.0159795311,0.00729389567,0.00723352642,0.00404996817,0.00291232277,0.00291971008,0.00150478815,0.0038114097,0.00726592108,0.00294804355,0.00259102819,0.00610215674,0.00274766682,0.0126276768,0.00309582586,0.00181765051,0.0773624836,0.0179189475,0.00340377271,0.0213131534,0.0120465817,0.00228455871,0.0055206111,0.0215887215,0.00157315264,0.00314233428,0.00280317432,0.00602904811,0.00581469926,0.00899350124,0.0218992645,0.0072602033,0.00314128367,0.0137977785,0.00163799959,0.00221642491,0.00149680324,0.00681019082,0.00422151572,0.00200240473,0.0113776905,0.00576685118,0.00523311299,0.0105328276,0.00419608673,0.0356749532,0.0101872549,0.0082283852,0.0112322962,0.00955646354,0.00177121411,0.0101058029,0.00134891978,0.00678734006,0.00222381676,0.00514556712,0.00189741774,0.00308721717,0.00287018867,0.00924334096,0.0147847503,0.00519580431,0.00125580909,0.00610230574,0.00257107989,0.00133333265,0.0162224603,0.0041184981,0.00203362365,0.00942007428,0.00424966032,0.00951429358,0.00164365903,0.0246639682,0.00358396337,0.0132376293,0.00315170915,0.0196644185,0.00175335719,0.0027035168,0.0122254214,0.00929806902,0.0445809447,0.00977633953,0.021813256,0.00131579
0.00187024211,0.00530263664,0.00123266314,0.00217743318,0.00395005057,0.00542507998,0.00881857655,0.000541272031,0.00596156827,0.011403033,0.00138179016,0.00220435602,0.00277503752,0.00151975613,0.0162442274,0.00691831542,0.0078915357,0.00456874059,0.00246003148,0.00256204704,0.00165016718,0.0034052178,0.00648717176,0.00287005511,0.00261991098,0.00575389399,0.00276328522,0.0136259567,0.00234154212,0.00208782911,0.0812354712,0.0178662205,0.00356857728,0.022697663,0.0113351415,0.00210459038,0.00641562029,0.0205089254,0.00183871839,0.00356483786,0.00309390693,0.00489529014,0.00577558388,0.0085611941,0.0224405762,0.00646013724,0.00321198572,0.0140833979,0.00178693992,0.00205080503,0.00146510203,0.00622683436,0.00461385985,0.00222073021,0.0114164183,0.00556610949,0.00479729893,0.0104322918,0.00301932652,0.0389057129,0.00997152011,0.00800916157,0.0131149703,0.00963179616,0.00196404116,0.00966832757,0.00136861135,0.00738689162,0.00149253546,0.00661942578,0.00180744454,0.00319467985,0.00215645526,0.00917232064,0.013525969,0.00483508489,0.00124781768,0.0061189858,0.00255293821,0.00148236064,0.0155804498,0.00353657203,0.00188248144,0.00963236284,0.00523353935,0.0103411783,0.0013282395,0.023135647,0.00386409401,0.0122859325,0.00279095643,0.0233494792,0.00175695654,0.00378043127,0.010983203,0.00938213943,0.0426034157,0.00925276044,0.0228200355,0.00117754957
0.00191277655,0.00583407991,0.000920104267,0.00233530621,0.00353669273,0.00576193511,0.00793755806,0.000544516115,0.00542406512,0.0118035869,0.00152017731,0.0029680648,0.00301538654,0.00205114415,0.0150286652,0.00666755831,0.00859905908,0.00493304613,0.00246305759,0.00205208715,0.00151954891,0.00312233085,0.00677060709,0.0032755467,0.00273953928,0.00536036606,0.00258594062,0.0133063431,0.00296838354,0.00165087218,0.0853130279,0.0159383982,0.00337457742,0.0244321884,0.0113840456,0.00182504392,0.00678389645,0.0197259377,0.00237592701,0.00412206052,0.0030999309,0.00505530053,0.00575359168,0.00805812895,0.0225563614,0.00682803244,0.0033333418,0.0146682341,0.00165311967,0.00203444975,0.00118499312,0.00516300572,0.00464152834,0.00236326771,0.0108129108,0.0061761527,0.00517569707,0.0100166181,0.00289172998,0.0414460574,0.00938545803,0.00882225824,0.014121723,0.00978956514,0.00276965765,0.0104042375,0.00154607108,0.00759361042,0.00134142829,0.00672615656,0.00131831515,0.00301362692,0.00178810901,0.00902657337,0.0120360194,0.00497233622,0.00125282059,0.00704776951,0.00239270485,0.00149276014,0.015430269,0.00282645894,0.00240866963,0.00855018885,0.00505050103,0.0112022714,0.0013344475,0.022642895,0.00427722223,0.0112083443,0.00303910312,0.0238191095,0.00190560243,0.00369309938,0.0114612472,0.00900433974,0.0409726646,0.00800109832,0.0224943519,0.00105429616
0.0019479723,0.00667351273,0.000911160728,0.00257447547,0.00339579592,0.00632405067,0.00806237464,0.00067713992,0.00489500077,0.0129300568,0.00110420815,0.00370659504,0.00337464475,0.00233837929,0.013985694,0.00688238575,0.00984963162,0.00451658382,0.00215583519,0.00170993129,0.00195667128,0.0021273587,0.00577709203,0.00356332786,0.00281892578,0.00563669289,0.00233891954,0.0145671261,0.00325890653,0.00176928721,0.0857377577,0.015836348,0.00308209653,0.0245111514,0.0122432907,0.00145183843,0.00755350311,0.0187818972,0.00240031965,0.00469111734,0.00284194159,0.00432841744,0.0060188035,0.00796413807,0.0230733287,0.0077701758,0.00378612447,0.0128224386,0.00174605328,0.00164903001,0.00091562949,0.00464807027,0.00500571823,0.00196450298,0.0106111028,0.00618528236,0.00488644037,0.0101796348,0.00265630884,0.042330513,0.00890829016,0.00903874135,0.0148227896,0.0112163098,0.00348729348,0.0105971749,0.00171606615,0.00730784109,0.00149147392,0.00727296834,0.000951815213,0.00269382343,0.00128476616,0.00845878196,0.0113510411,0.00548589589,0.00113822949,0.00615586998,0.00269299807,0.00181515544,0.0154215643,0.00221682257,0.00274617246,0.00743688432,0.00619699385,0.0112671748,0.00117666582,0.0227744352,0.00468569719,0.00915262538,0.00267057955,0.0256615526,0.0021994181,0.00440496266,0.0113095089,0.00888889003,0.0394312955,0.00884166847,0.0238536034,0.000923118016
0.00179700097,0.00761034998,0.000895121777,0.0025100976,0.00335112016,0.00666490507,0.00853220868,0.00054288798,0.0056785957,0.0124708806,0.00140686794,0.00411280258,0.00330557811,0.00206327578,0.013873409,0.0063050808,0.0105689854,0.00480836546,0.00184928264,0.00152438944,0.00195640137,0.0022945653,0.005240654,0.00365229914,0.00373229776,0.0058883727,0.00218242125,0.0165014213,0.00350827368,0.00175957552,0.084117933,0.0168734994,0.00331265683,0.0256858571,0.0130343694,0.00170132445,0.00811302808,0.019161799,0.00254896355,0.00490736404,0.00221609854,0.00508835958,0.00737131638,0.00721088234,0.0228433061,0.00721869059,0.00346901031,0.0123790807,0.00209937043,0.00167480772,0.001045343,0.00532386586,0.00480701401,0.0022581086,0.0101768142,0.0063036413,0.00591510368,0.00984147402,0.00240384339,0.0419045252,0.0087932024,0.00841432833,0.0159710602,0.0111047009,0.00401701635,0.011253819,0.00185816203,0.00786679108,0.00134541807,0.00749901492,0.0010053201,0.0022588363,0.00112815859,0.00742963263,0.0106002164,0.00597104112,0.00114126336,0.00597976239,0.00255908095,0.00196880125,0.0145960225,0.00238749746,0.00260044269,0.00651456703,0.00641780496,0.0102560773,0.00136054378,0.0224597011,0.0052776181,0.00791620579,0.00252458291,0.0264985037,0.00218182261,0.00605290588,0.0120680938,0.00899361261,0.0367121231,0.00806670692,0.02246875,0.000790097686
0.00161250418,0.0086044444,0.000734539951,0.00288981951,0.00268783685,0.00685888851,0.0076963873,0.000674490573,0.00594896775,0.0126457292,0.00157751036,0.00527775319,0.00342339591,0.00192360474,0.0141092305,0.00695580857,0.0119487404,0.00497370758,0.00168170164,0.00104649455,0.00182969702,0.0018777977,0.00628293976,0.00387358408,0.00331505516,0.00599974068,0.00199940596,0.0164315538,0.00356943201,0.00161494467,0.0851518274,0.0169125481,0.00280033938,0.0277261161,0.0135231638,0.00153413792,0.00973966406,0.018861905,0.0022430633,0.00550469553,0.00204597097,0.00455410657,0.00735384642,0.00702208572,0.0208171528,0.00715674961,0.00336597664,0.0121969415,0.00181159383,0.00183771641,0.0007762978,0.00534328007,0.00415025591,0.00198929738,0.00910045162,0.00564484619,0.0051959018,0.00906618267,0.00199504538,0.0397925365,0.00880758494,0.00859556227,0.0156991101,0.0113051349,0.00423729075,0.0114146187,0.00181295949,0.00804868357,0.00133202428,0.00707391154,0.00130393955,0.00279738959,0.00144223323,0.00701503107,0.0104740859,0.00707338811,0.000896861348,0.00597055028,0.00255754749,0.00215119999,0.0157311697,0.00184556246,0.00226625151,0.00636539686,0.00725210954,0.00909090908,0.00134952804,0.0208383691,0.00540935829,0.00581606574,0.00247879989,0.0262914213,0.00260945721,0.00585792376,0.0121821771,0.0072204863,0.0356637593,0.0073668622,0.0220381835,0.000659804784
0.00153355385,0.00892520301,0.00115456903,0.00284900844,0.00251067368,0.00810425038,0.00731900496,0.000813558318,0.00502224747,0.0124794294,0.00145411969,0.0045466558,0.00358836617,0.00219238554,0.0144937676,0.00715957596,0.0118932457,0.00506471818,0.00247524786,0.00102324006,0.00198412352,0.00186006487,0.00568558173,0.00337416413,0.00368113527,0.00715092687,0.0016676369,0.015592011,0.00341939762,0.00182995782,0.0877866018,0.0161718456,0.00268779187,0.0308520138,0.013531349,0.0012159242,0.0101738809,0.0178934206,0.00205002182,0.00548367827,0.00179619125,0.00535292497,0.0081104467,0.00634833714,0.0187413199,0.00737302501,0.00321150544,0.0115954779,0.00153160741,0.00141863978,0.000773297006,0.00506311203,0.00496017351,0.00153803146,0.00816748234,0.00549594266,0.00499375749,0.00803444316,0.00184653282,0.0384580133,0.00785275743,0.00924693768,0.016696358,0.0131889625,0.00463038902,0.0131578955,0.00268256207,0.00718954395,0.00111794364,0.00781249545,0.00106559036,0.00278588242,0.00161937392,0.00689159912,0.0098387521,0.00729443241,0.000775092596,0.00595963978,0.00211448786,0.00187646339,0.0145963756,0.00223680041,0.00177507369,0.0057803449,0.00673711555,0.00827858445,0.00184842845,0.0211043431,0.0069795054,0.00507955641,0.00231719731,0.0261635259,0.00259889939,0.0054540042,0.0119611762,0.00541945348,0.033704574,0.0069892467,0.021173029,0.000397403789
0.00104397037,0.00918651335,0.0013433271,0.0039208343,0.00254517796,0.00870941331,0.00761917415,0.00109739341,0.00521135444,0.0125572422,0.00172290005,0.00515395871,0.00401313232,0.00245834673,0.0133800962,0.00721153999,0.0123190551,0.00470175694,0.00218238586,0.00115707251,0.00184161746,0.00196656753,0.00508355861,0.00352556251,0.00427618412,0.00845981568,0.00107066401,0.0165301361,0.00308425064,0.00197544556,0.0925108024,0.0154362996,0.00267681113,0.0328662683,0.0142370973,0.00134926903,0.0104614195,0.0176949078,0.0022139194,0.00569105634,0.00186275894,0.00585591036,0.00729398683,0.00732651444,0.0165986229,0.00753666901,0.0030165974,0.0114746626,0.0015184966,0.00130472832,0.000773394664,0.00491129481,0.00598886128,0.00166597177,0.00741245498,0.0046302279,0.00445167282,0.00794861621,0.0014490736,0.0394617155,0.00857495461,0.00851000827,0.0163262666,0.0149425086,0.00407165645,0.0125558846,0.00359227158,0.00592215799,0.00127280511,0.00753533941,0.000952264748,0.00238600424,0.00168453184,0.00649073048,0.0112290672,0.00723367285,0.00102761578,0.0054990427,0.00229008069,0.00219436031,0.0137553619,0.00203589348,0.00189561342,0.00557507391,0.00732383024,0.00777337733,0.00183701044,0.0187430512,0.00732765028,0.00532046812,0.00203691581,0.0257158744,0.00266839949,0.00570175589,0.0127967621,0.00475695465,0.0320268833,0.00717185366,0.0211087468,0.000531703964
0.0011591032,0.0097355938,0.00139120955,0.00471460384,0.00218902623,0.00942276547,0.00747821979,0.00150891533,0.00555068127,0.0118695321,0.00172117203,0.00503615455,0.00442907418,0.00233227982,0.0162590026,0.0078777808,0.0120464867,0.00386847814,0.00279026611,0.000993188344,0.00183849758,0.00152714199,0.00516646003,0.00312301253,0.00396824928,0.00937959691,0.00126422194,0.0169710908,0.00374082377,0.00262448324,0.0943934439,0.0161548828,0.00281967634,0.035077198,0.0150947127,0.00135571427,0.0106937109,0.0174156882,0.0018136156,0.00481491072,0.00136760434,0.00709026598,0.00835311496,0.00777273598,0.0167776146,0.00691553928,0.00272727178,0.0116534788,0.00151744885,0.00133273995,0.00115949624,0.00504977192,0.00734922838,0.00154018655,0.0073992301,0.0043837387,0.00547885559,0.00777750062,0.00138102277,0.039044151,0.00907632056,0.00900763866,0.0168075938,0.0164165187,0.00388687081,0.011533271,0.00366053851,0.0052335541,0.00141623044,0.00700053726,0.000964320492,0.00239776355,0.00182815219,0.00579341152,0.0108446566,0.00728756612,0.000894795216,0.00554399953,0.00182176872,0.00236779471,0.0141230324,0.00169674866,0.0021364859,0.00485137859,0.00634517846,0.00685834849,0.00235057048,0.0179891879,0.00740180662,0.00470704793,0.00174738184,0.0251622607,0.00238715413,0.00436808774,0.0137789808,0.00490341488,0.0330349446,0.00641631516,0.0211941966,0.000675129946
0.0016568489,0.0101410912,0.00137343938,0.00503120647,0.00213952068,0.0100212271,0.00748676145,0.00178228553,0.00535033958,0.0114420051,0.00202370096,0.00541865499,0.00452046742,0.00246676794,0.017489718,0.00812458198,0.0112826311,0.00367147138,0.0029443665,0.00112787206,0.00200947694,0.00194931757,0.00486428245,0.00295402309,0.00372717368,0.00996443403,0.00166551327,0.0176389795,0.00343666443,0.00258212363,0.0987079776,0.0161245821,0.00369003979,0.0382349102,0.0164217284,0.00180808343,0.0110123191,0.0184573359,0.0011221758,0.00381201926,0.00125131477,0.00778582319,0.00789298743,0.00749727102,0.0150950936,0.00716750213,0.00285800169,0.0114383821,0.00179955488,0.00132119949,0.00176411188,0.00453813066,0.00799465205,0.00197768099,0.00770103163,0.00383986257,0.00669419997,0.00717200149,0.00167960435,0.0410930922,0.00937073965,0.00902002768,0.0181761552,0.0156751917,0.00387213929,0.011415827,0.00407855346,0.00507482084,0.00114285682,0.00680776539,0.000842764411,0.00224570393,0.00157185821,0.00542942178,0.0113743441,0.00710043167,0.00115030897,0.00524695945,0.0021192905,0.00238208943,0.0149651894,0.00202966712,0.00194430386,0.00440662368,0.00641631138,0.00618105141,0.00268591572,0.0186875753,0.00829780992,0.00459627449,0.00143159302,0.0225242844,0.00195595785,0.00382295843,0.0142913213,0.00449843403,0.0350756916,0.00607615666,0.0224942965,0.000676589426
0.00185093462,0.0104507679,0.00135317953,0.00550731409,0.00197993779,0.00957802578,0.00686425871,0.00222934535,0.00587544572,0.0110907713,0.00209355528,0.00623313491,0.00505050653,0.0030587276,0.0180154449,0.00892492942,0.0111696062,0.00310895019,0.00353900922,0.00165084857,0.00165182436,0.0022029453,0.00538474799,0.00381432903,0.00424667459,0.0113038923,0.001705321,0.017686887,0.00369388878,0.0028748004,0.101895752,0.0170698033,0.00367699144,0.0423111561,0.0160919448,0.00204708276,0.0103588323,0.0169065296,0.000994601945,0.00347003637,0.00100256657,0.00815818369,0.00843433375,0.0069548554,0.0135609712,0.00591477472,0.00255370563,0.011180634,0.00202946365,0.0014572998,0.00177215118,0.00417704356,0.00877070298,0.00223901237,0.00752202043,0.003043099,0.00604379915,0.00677820898,0.00198029376,0.0403957557,0.00926271579,0.00875155287,0.0182707691,0.0151303735,0.00381033572,0.0114193505,0.00427801919,0.00519615854,0.00158114047,0.00594113494,0.00110483821,0.00170738049,0.0014053252,0.00534340058,0.0118521582,0.00648696342,0.00127405011,0.00527500707,0.00180831649,0.00190748297,0.0156617741,0.00221799488,0.00207887054,0.00452762316,0.00563859156,0.00535421731,0.00265692671,0.0174241639,0.00863897858,0.00381441624,0.00180617819,0.0214335549,0.00210541468,0.00323529361,0.0163834149,0.00429947793,0.0343004673,0.00685667549,0.0226788057,0.000944670566
0.0022263475,0.0109227748,0.00133280017,0.00531077014,0.00207108501,0.0100866402,0.00617834716,0.00221269154,0.00625651938,0.0128385067,0.00198892156,0.00636983406,0.00543008377,0.00259704892,0.018613971,0.0097197682,0.0100988265,0.00214276513,0.00329199562,0.00164608984,0.00134694675,0.0019917598,0.00507734502,0.0038819873,0.00390286213,0.0119148352,0.00178033512,0.0187403052,0.00344542972,0.00379285837,0.10193585,0.0178946313,0.00408335173,0.047219582,0.0163561865,0.0020726072,0.0109015214,0.0148990504,0.000705020512,0.00352790314,0.00111870229,0.00773373581,0.00714612497,0.00610550063,0.0144044249,0.005504831,0.00195694486,0.011312211,0.00215507484,0.00173938525,0.00163398608,0.00306479778,0.00972299422,0.00246686973,0.00665598472,0.00299035481,0.00588903683,0.00612907967,0.00192704399,0.0407942997,0.00973417715,0.00775254698,0.0175928217,0.0152271302,0.00425314802,0.0123520712,0.00527778439,0.00600464115,0.00145285276,0.00526597146,0.00124362812,0.00130496995,0.0013792099,0.00490683613,0.0120650659,0.00633631485,0.00154879075,0.00441546972,0.00135399608,0.0017499211,0.0155998161,0.00254574415,0.001961279,0.00377302151,0.00563704829,0.00602911137,0.00196399273,0.0164451086,0.00958417455,0.00406917718,0.001938473,0.0203092945,0.00244463471,0.0025040488,0.0151920761,0.00417598408,0.0329848251,0.00668827912,0.0215382338,0.000806669983
0.00300262829,0.0114604156,0.00145214295,0.0046221846,0.00213732176,0.0102697561,0.00724359858,0.00222129756,0.0073869538,0.0127544534,0.00283085709,0.00760058326,0.00656925559,0.00263584748,0.0185185289,0.00974069067,0.0110544166,0.00194682975,0.00295543981,0.00164903096,0.00225257259,0.00246710235,0.0064397389,0.00365478298,0.00401383644,0.0123046432,0.00225163788,0.0192607379,0.00364662023,0.00426282381,0.107003224,0.0186779687,0.00411756928,0.0501946903,0.0172623366,0.00215146285,0.0120685854,0.0135482022,0.000700965072,0.0032067737,0.00137174044,0.00925277263,0.00724729104,0.00544880165,0.0131349729,0.00597855448,0.00209080266,0.0110256734,0.00205282577,0.0018764465,0.00174715938,0.00273853963,0.011090957,0.00262187903,0.00610809762,0.00318315039,0.005869723,0.00585175434,0.0020658309,0.0429863037,0.00946133728,0.0069897546,0.0195931462,0.0158370898,0.0040027235,0.0125204808,0.00544478514,0.00554106447,0.0017513154,0.00468289907,0.00100831889,0.000915270821,0.00137661449,0.00500357518,0.0121414331,0.00583131697,0.00154063207,0.0039977511,0.00135419503,0.00173474437,0.0148982537,0.00252804797,0.00208307115,0.00380540337,0.0048246802,0.00615535987,0.00242600906,0.014091704,0.00937019743,0.00353834451,0.00206276053,0.0194073884,0.00199942421,0.00192935696,0.0146979697,0.00390624783,0.0307012219,0.00760982443,0.0197237219,0.00120401126
0.00299668021,0.0119875759,0.00171481379,0.00443190257,0.00233707304,0.00877677692,0.00716478724,0.00181134129,0.00808867927,0.0132386903,0.00296484533,0.00826554323,0.00798974525,0.00264586021,0.0191565323,0.00888712781,0.0113572364,0.00174707955,0.00288248592,0.00252181053,0.0022343222,0.00270599417,0.00723777116,0.00423764162,0.00470471955,0.0129754987,0.00219028278,0.0204719561,0.00373996826,0.00481189633,0.109766232,0.0208912562,0.00530635282,0.052049986,0.0204102367,0.00263125628,0.0130311866,0.012923461,0.000696089958,0.00296286866,0.000675013399,0.00947130714,0.00714866449,0.00511363796,0.013901929,0.00610651867,0.00192849835,0.0115552277,0.00265053328,0.0024348298,0.0015088664,0.0027873034,0.0112219495,0.00246826692,0.00633225482,0.00273822566,0.00601546412,0.00491630213,0.00222160151,0.0451495104,0.0104126805,0.00687070803,0.0204272895,0.0145622092,0.00338581357,0.0129112553,0.00638658117,0.00579558347,0.00177017007,0.00401821965,0.00128205018,0.00117432,0.00102189501,0.00563176011,0.0130480908,0.00594139309,0.00128899005,0.00376804229,0.00187490901,0.00200896586,0.0154320474,0.00253927991,0.00209977321,0.00384729319,0.00451787379,0.00654219677,0.00259361521,0.0135151985,0.00983706871,0.00362976556,0.00207677583,0.020192128,0.00196684678,0.00180505266,0.0131982284,0.00398257277,0.0294034715,0.00828527439,0.0188319936,0.00146451819
0.00315925261,0.0121800295,0.00189369021,0.00343897741,0.00221804063,0.00888483661,0.00691775944,0.00153545617,0.00859858592,0.0130016558,0.00315391354,0.0089191372,0.00851884615,0.00302405151,0.0177622899,0.00918996321,0.011613179,0.00188551889,0.0027261971,0.00295898219,0.00263413564,0.00246743873,0.00888268221,0.00419763278,0.00460772154,0.0128236162,0.00258503544,0.021807323,0.00355657316,0.00555311445,0.109744575,0.0214657004,0.00639866001,0.0522729979,0.0226505369,0.0022241052,0.0128547288,0.0121145472,0.000963654777,0.00304554711,0.00068501888,0.010857327,0.00687487367,0.00424599401,0.0153546527,0.00658952554,0.00191345522,0.0120867982,0.00266174864,0.00271389524,0.00138994024,0.00268323862,0.012970336,0.00230598992,0.00574496787,0.00275398787,0.00607749696,0.00460803377,0.00193932257,0.0471183835,0.0104823088,0.00636843118,0.0212258359,0.013637877,0.00428449195,0.0141009002,0.0068091855,0.00679003633,0.00150353045,0.00387752133,0.00155138714,0.000778614157,0.00111441046,0.00511769654,0.013051665,0.0064469859,0.00115815499,0.00355536995,0.0017138593,0.00200524827,0.0147988369,0.00284225377,0.00234503877,0.00352215725,0.00392528796,0.00692328472,0.00275794682,0.0132641296,0.0103442891,0.00362414376,0.00214944867,0.0200706273,0.00175118867,0.00150715997,0.0119636599,0.004048581,0.0283560647,0.00903435988,0.0199025711,0.00174215856
0.00320965266,0.0118352884,0.00169912645,0.00326886529,0.00246963541,0.00908920264,0.00800516715,0.00182302861,0.00877060722,0.0122560928,0.00324399919,0.0101804874,0.00965733006,0.00278901357,0.0170842345,0.0104598072,0.0130488105,0.00224276163,0.00302761817,0.00280000386,0.00305216666,0.0023693411,0.0106574829,0.00441176098,0.00495981789,0.0127367974,0.00271591084,0.0251983253,0.00341834957,0.00590035473,0.108925404,0.0234237547,0.00762131988,0.0522284645,0.0232517246,0.00278686754,0.0140400477,0.0107590998,0.00108444905,0.00300200613,0.00112037611,0.0115023247,0.00615918623,0.00450633124,0.0158719815,0.00684147815,0.00139891097,0.0128242281,0.00240153894,0.00227143966,0.00113022707,0.00259795022,0.013304363,0.00175813997,0.00484879557,0.00343090469,0.00538572906,0.00429233909,0.00165403243,0.0481799789,0.011045495,0.00613967105,0.022100842,0.0129209748,0.0051921077,0.0166344496,0.00662878658,0.00726881496,0.000920244034,0.00353569262,0.00222135086,0.00116504963,0.00120282531,0.00459853396,0.0131068508,0.00722648081,0.00131164965,0.00297907679,0.00201733266,0.00152022119,0.0161103628,0.00270872832,0.00167116294,0.00312681451,0.00374281661,0.00745328949,0.00262639756,0.0133513888,0.0101848995,0.00339050291,0.00178321251,0.0221786136,0.00242348916,0.00119886289,0.0105638515,0.0052153136,0.0283735149,0.00912425025,0.0189519772,0.00175107502
0.0031128467,0.014172187,0.00155440448,0.00335984983,0.00327759083,0.00863214136,0.00871755388,0.00184240147,0.00940840852,0.0106473543,0.0032591744,0.0118650155,0.00956790693,0.00237197983,0.0165514659,0.0108283275,0.0125198887,0.00279978564,0.00275749361,0.00395360729,0.00316542607,0.00239605137,0.0119387483,0.00411625648,0.00493670761,0.013543831,0.00385396343,0.0276027083,0.00337005473,0.00601632898,0.115198026,0.0246596796,0.00715094733,0.0536580936,0.0229049821,0.00324401991,0.0141632733,0.00903705589,0.000879684035,0.00353899716,0.00117182521,0.0127775597,0.00664766853,0.00446187952,0.0177451275,0.00799964282,0.00147470921,0.0129503708,0.00293075687,0.00227531318,0.00127145772,0.00236242349,0.0140355862,0.00173489237,0.00498898216,0.00384234522,0.00486847433,0.00469511082,0.00122984175,0.0507171558,0.0121678496,0.00541208661,0.0209695771,0.0118763188,0.00553700466,0.0170267988,0.00679519517,0.00665939444,0.00109700426,0.00314919252,0.00210636927,0.00141478857,0.00129731272,0.00399129862,0.0143854508,0.00815100851,0.00106581592,0.00250556157,0.00194843984,0.00166389178,0.0172610098,0.00268732674,0.00155945794,0.00278510723,0.00343869603,0.00762871655,0.00227568632,0.0150497222,0.0103174575,0.00370270375,0.00190427968,0.024588779,0.00254260747,0.00118588783,0.00828300359,0.00588673356,0.026181506,0.0101409868,0.0186203063,0.00177789427
0.00258136452,0.0140576075,0.00141116122,0.00339335087,0.00365935214,0.00864215974,0.00894246189,0.00172018717,0.00873887917,0.0115673362,0.00332155996,0.0112898054,0.00934694247,0.00196023466,0.0150906035,0.011719084,0.0137323205,0.00279215741,0.00260610436,0.00456085046,0.00324192268,0.00199487022,0.0118982963,0.00411060644,0.00482724224,0.014954641,0.00436709814,0.0298169617,0.00287760406,0.00673854024,0.116888092,0.0267424808,0.00767389615,0.0528438974,0.024134793,0.0029211906,0.0159649332,0.00727746327,0.000815994052,0.00386666587,0.00117009602,0.013528652,0.00615924007,0.00448674731,0.017861928,0.00835717659,0.00175978768,0.012940849,0.00308515513,0.00225066871,0.00176344212,0.00277046612,0.0141740145,0.00125558025,0.00423892661,0.00390206352,0.00483754371,0.00481271285,0.00147769492,0.0498672478,0.0124292348,0.00561272157,0.0223832335,0.0126032729,0.00697387734,0.0175595205,0.00643981853,0.00711270711,0.00125746449,0.00319342928,0.0021183667,0.00166837823,0.00147790654,0.00297446478,0.0148722096,0.00869440451,0.00120048163,0.00235980027,0.0015925975,0.00179883276,0.0180739875,0.0018999343,0.00174938425,0.00296823985,0.00308234402,0.00749978857,0.00259698091,0.0160684284,0.011420637,0.00370624655,0.00177597314,0.0267613292,0.00322979329,0.00162193865,0.00644401853,0.00603756924,0.0246733012,0.0115005732,0.0200682693,0.00192890603
0.00243292981,0.0158569877,0.00154340586,0.00297618491,0.00358111804,0.00926721943,0.00943396085,0.00172191386,0.00943677586,0.00957599749,0.00441919729,0.0119360288,0.00962250115,0.00176978603,0.0137741209,0.0132410964,0.0142093856,0.00308430093,0.00290784118,0.00559197463,0.00364224438,0.00216825256,0.0140031478,0.00351626291,0.00505308651,0.015945007,0.00484985402,0.0311121849,0.00304067365,0.00833096622,0.118819961,0.028867378,0.00662205416,0.0516940918,0.0250114229,0.00304587106,0.0165066238,0.0076793154,0.000947868778,0.0042146027,0.00141225739,0.016203329,0.00558435862,0.00519552056,0.0183982762,0.00719942117,0.00161645959,0.0134374811,0.00378214583,0.00286712979,0.00165689061,0.00256445418,0.0137273299,0.000824063436,0.00442477716,0.00377606798,0.00489014421,0.004941441,0.000815105809,0.0507765472,0.0119015825,0.00476563032,0.0227026019,0.012108063,0.00716560334,0.0191146598,0.00590205974,0.00746751223,0.00125766451,0.0027191481,0.00241610578,0.00229708769,0.0016385782,0.00237717541,0.0160394326,0.00869068982,0.00093620077,0.00239167285,0.00143439554,0.00209392637,0.0175965872,0.00205989221,0.00143659016,0.00292098269,0.00271811693,0.00691120837,0.00274592599,0.0158223646,0.0120690536,0.0034882085,0.00195954491,0.0280805165,0.00292476944,0.0019788944,0.00512181342,0.00589111259,0.0254720782,0.0119063993,0.0197118054,0.00180005759
0.00259308485,0.015981394,0.00153256786,0.00278512402,0.00390008718,0.00968356133,0.0105734301,0.00173560911,0.00875075873,0.00806191571,0.00529443364,0.0116636405,0.00946665559,0.00206965575,0.0141936265,0.0133960705,0.0141863571,0.00333796756,0.00299087987,0.00592734994,0.00347826176,0.00175054683,0.0135309799,0.00314347468,0.00447913589,0.0156404525,0.004479575,0.0343661435,0.00306671196,0.00912047822,0.120146748,0.0286044449,0.00624999805,0.0508750186,0.0263901662,0.00406261109,0.0180174085,0.00693588033,0.00136425784,0.00432468077,0.00141156726,0.0186219941,0.00629520447,0.00593186068,0.019301861,0.00666844372,0.00145348925,0.0135930228,0.00440953817,0.00260123393,0.00209736534,0.00281976867,0.0132156779,0.000668004746,0.00425202153,0.00317554838,0.00558971727,0.0049880258,0.000949669553,0.0499136623,0.0105473975,0.00493189315,0.0234134422,0.0136973404,0.0078811242,0.0192073345,0.00641230439,0.00710060889,0.00143908079,0.0024321568,0.0028048645,0.00231125062,0.00197722521,0.00162866404,0.0166825156,0.00838824256,0.00107411167,0.00248332364,0.00204980019,0.00284091473,0.0175376243,0.00220576988,0.00170424692,0.00204468727,0.00224748679,0.00629304343,0.00286943923,0.0157531533,0.011014782,0.00301754346,0.0020143524,0.0290643328,0.00326664002,0.00167223799,0.00407571018,0.00536353586,0.0239587334,0.0127728702,0.0194102601,0.00151389948
0.00200641844,0.0173927938,0.00179119902,0.00334215198,0.00368622084,0.0103656668,0.0112762319,0.00205973468,0.00829720466,0.00723488813,0.00493011332,0.0116756256,0.0103310901,0.00207231407,0.0136040505,0.0124654955,0.0155748141,0.00306448833,0.00286446394,0.00644590003,0.00393281461,0.00147166909,0.0134620151,0.00252748365,0.00425861291,0.0154101091,0.0045050895,0.0355052741,0.00384376818,0.0091256349,0.120692365,0.0270300859,0.00604122371,0.0532182715,0.0260440546,0.00483524148,0.0197478499,0.00564368602,0.00136854892,0.00417427223,0.00167182699,0.0217688594,0.0066621905,0.00564617533,0.0197469602,0.00522841233,0.00159005135,0.0136370313,0.00480966878,0.0024506356,0.00210835538,0.00288619472,0.0134142218,0.000781553837,0.00413223365,0.0025507168,0.00594994017,0.00506955979,0.00108503998,0.0501558209,0.00868403258,0.0048543664,0.0254338182,0.0159840225,0.00949074546,0.0199932264,0.00546448475,0.00780473047,0.00191479126,0.00208464834,0.00299920047,0.00233735841,0.00181244883,0.00120670175,0.0180204952,0.00885657236,0.00136035931,0.00185396551,0.00222255955,0.0029494186,0.0161775095,0.00233681663,0.00144546594,0.00215671612,0.00184404935,0.0052359558,0.00268477573,0.0160319201,0.0123497224,0.00321993358,0.00194430583,0.0305001587,0.00327377387,0.00157977944,0.00307476955,0.0047036015,0.0221261014,0.0123888992,0.0191867551,0.00180530558
0.00173079465,0.0200648739,0.00134408388,0.00306791579,0.00330570727,0.0100404517,0.0123577881,0.00223015367,0.00799102709,0.00788978575,0.00528091271,0.0126110681,0.00931963489,0.00187050454,0.0126111315,0.0110194578,0.0146530322,0.00289588967,0.00301250145,0.00577292977,0.00393545632,0.00147167093,0.0119762329,0.00293629358,0.0032577524,0.015405809,0.00486929365,0.0376155616,0.00373912235,0.00862673236,0.122186265,0.0265954789,0.00539389433,0.054038384,0.0240823887,0.00542352675,0.0186745123,0.00640254265,0.000965783524,0.00429211672,0.00153922372,0.0236201908,0.00672371412,0.00560303003,0.0201001618,0.00556438361,0.00115740802,0.0149424962,0.00513629154,0.00258885957,0.00235219672,0.00365819406,0.012637206,0.00115904653,0.00413801806,0.00218779348,0.00574713301,0.00459154039,0.00162976963,0.0512811799,0.00773057172,0.00444444594,0.026701653,0.0163477076,0.00989042063,0.0199601149,0.00496158611,0.00894005791,0.00173913109,0.00167431351,0.00286896034,0.00232318142,0.00172956002,0.0015030036,0.0193952772,0.0090789382,0.001092,0.00158364656,0.00231619483,0.00310054738,0.0160265374,0.002306985,0.00144794102,0.00241340291,0.00196901981,0.00451157164,0.00219539229,0.01662286,0.0126175185,0.00391443447,0.0022865911,0.0323226723,0.00283630429,0.00170333602,0.00292357111,0.00440101186,0.0197254573,0.0113830084,0.0183872785,0.00207583536
0.00188654056,0.023238763,0.00146031479,0.00238763784,0.00412518908,0.00930869878,0.0125257213,0.00223447321,0.00681783833,0.00853587647,0.00539244864,0.0124367363,0.00865690671,0.00173686524,0.0130878339,0.0102107637,0.0157227911,0.00297660855,0.00317556172,0.00570074919,0.00373567055,0.00162146364,0.0117456976,0.00298429916,0.00297234363,0.0153202239,0.00444897013,0.0386928513,0.00400690384,0.00816298251,0.125992125,0.0263610292,0.00586385812,0.0571219198,0.0230151215,0.00543948614,0.0183375684,0.00580444265,0.000967386122,0.0045263313,0.0017348234,0.0254378254,0.00630593585,0.0080005747,0.018245124,0.00581548366,0.00145285009,0.0139636061,0.00567094785,0.00286113081,0.00221884236,0.00375767923,0.0130834994,0.00114416216,0.00380324827,0.00199063215,0.00611537277,0.00412481933,0.00218609229,0.0495336509,0.00592114195,0.0043945998,0.0269380711,0.016529932,0.0105254284,0.0207483632,0.00457269634,0.00905301959,0.00297899092,0.00147293678,0.00248221873,0.00242532597,0.00203251924,0.00172861154,0.0197483124,0.00900712715,0.00138984954,0.00202605093,0.00284644003,0.00305144153,0.0138405254,0.00197029188,0.00159510955,0.00293132772,0.00184380216,0.00387047371,0.00171875043,0.0155936405,0.0125409793,0.00380281367,0.00267788018,0.0324869757,0.00236390443,0.00211894469,0.00279290678,0.00324822209,0.019414434,0.011432002,0.0177860411,0.00248997063
0.0016096565,0.0235774916,0.00171232631,0.00240929473,0.00406889819,0.00874613739,0.0137953751,0.00196255918,0.00575391265,0.00994064233,0.00513724725,0.0120737563,0.00883256117,0.00146006851,0.0131235296,0.00990230723,0.0167728492,0.00313078308,0.00249961729,0.00634962561,0.00359712187,0.00251591534,0.0107542188,0.00341700906,0.00240729164,0.0163714212,0.00478011276,0.0374239125,0.00523103604,0.007768368,0.122993679,0.0260762293,0.00572573022,0.0598992749,0.020775418,0.00521998375,0.0171688725,0.0053779319,0.000824400565,0.00391018653,0.00224803698,0.0239064602,0.00538000857,0.00903225209,0.017747625,0.00603832514,0.00144801716,0.0127000835,0.00607424994,0.00277777949,0.00240384274,0.00490464928,0.0136858915,0.00126087804,0.00374033437,0.00198899999,0.00546411626,0.00434573304,0.00359463103,0.0489610505,0.00551223218,0.00372356874,0.0288316333,0.0182768211,0.00988701194,0.0232961356,0.00529101184,0.00913308332,0.00249961089,0.00158228011,0.00202210886,0.00215490116,0.00261337472,0.00218023359,0.0195717282,0.00912002392,0.00167084529,0.00217391737,0.00291523152,0.00268505191,0.0121737084,0.00209612249,0.00133102989,0.00306321447,0.00216536048,0.00381679409,0.0013850443,0.0150985669,0.0125094924,0.00448492794,0.00297157785,0.0332177642,0.00200481111,0.00181640267,0.00217026256,0.00275566426,0.0181806761,0.0101682404,0.016743175,0.00248962778
0.00185947868,0.0259443795,0.00146683683,0.00255427503,0.00367997734,0.00807161407,0.0149668918,0.00211608454,0.00554097807,0.00988208028,0.00502512357,0.0108568057,0.0105854733,0.00117027165,0.0125095921,0.00983239213,0.0170655555,0.00285428725,0.00277694126,0.00575016883,0.00401354574,0.00281732049,0.0106878085,0.00370664148,0.00215686136,0.0154902142,0.00471818456,0.0360126752,0.00579388184,0.00804366304,0.124316907,0.0269498306,0.00604982274,0.0596590778,0.0193762627,0.0049405877,0.0166036183,0.00474937888,0.000957985742,0.00314110124,0.0022979711,0.022583922,0.00478207663,0.00867881654,0.0171228123,0.00590164259,0.00160983928,0.0122255007,0.00680775588,0.00286963617,0.00235702678,0.0052953161,0.0130833558,0.00137671863,0.00375270361,0.0017726291,0.00531938757,0.00421862892,0.00428249767,0.048247879,0.0044368606,0.0029372855,0.0309845156,0.0197879778,0.0099933881,0.0244505083,0.00496219074,0.00942570381,0.00354500864,0.0015790073,0.00254691276,0.00191010034,0.00262588882,0.00210053766,0.0191463181,0.00808234744,0.00211894559,0.00229686808,0.00378394396,0.00338519567,0.0129551402,0.00223780498,0.00160513322,0.00318559291,0.00224422209,0.00383365958,0.00106269799,0.0150004524,0.0132275089,0.00427830297,0.00329727774,0.0320876748,0.0019788907,0.00196298204,0.00211535718,0.00261618745,0.0172745626,0.0081073444,0.0163176573,0.0023822902
0.00185972062,0.0257779113,0.00202762806,0.00197796254,0.00351045972,0.00680776708,0.0153989126,0.00196701651,0.00519180724,0.0119346773,0.004766441,0.0112615964,0.0104402217,0.00117233648,0.0113301538,0.00975448245,0.0160412545,0.00271584054,0.00308317356,0.00520551346,0.00372671214,0.00344878784,0.0107708109,0.00358422281,0.00210526488,0.0150656858,0.00492076021,0.0369733525,0.00662576969,0.00674744064,0.122035408,0.026899331,0.00591716311,0.058136408,0.0198547157,0.00432385038,0.0163531792,0.00360802776,0.000689180364,0.0030751081,0.00220093448,0.0199672807,0.00401217742,0.00871129488,0.0150505784,0.00697159407,0.00237107214,0.0113855059,0.0069679375,0.00256999762,0.00215172958,0.00581889572,0.013632005,0.00152168417,0.00350988526,0.00213472489,0.00530799963,0.00312232247,0.00468362368,0.0490196416,0.00381045549,0.0023768384,0.0295328999,0.0208333943,0.00948178112,0.024557365,0.0048693838,0.00918871007,0.00341509164,0.00156287453,0.0026521654,0.00164640024,0.00340810525,0.00195340772,0.0185384095,0.0068908515,0.00230414718,0.00232220664,0.00498141483,0.00274531963,0.0136481675,0.00222156164,0.00162777932,0.00303867808,0.00237937983,0.00316496753,0.000752220281,0.0162085025,0.0134138675,0.00476791292,0.00239329875,0.0308092313,0.00224363001,0.00153566801,0.00269388555,0.00268775404,0.0159758501,0.00715874993,0.0171341737,0.00237563098
0.00198386754,0.0275269015,0.0015162983,0.00155148241,0.00344352918,0.00687666961,0.0158570876,0.00237693746,0.00549372454,0.011895674,0.00428298485,0.0123310598,0.0104180621,0.00133293782,0.0100834405,0.010105616,0.0164659962,0.00301681161,0.00261663126,0.00490873974,0.00394915088,0.00327082038,0.010876042,0.00334851593,0.00182887192,0.0147818708,0.00579273001,0.037865473,0.00692656439,0.00479294063,0.117699288,0.0254516511,0.00545402961,0.0565019743,0.0172811159,0.00428662753,0.016759788,0.00258397349,0.000411239933,0.00311555482,0.00312744043,0.0168887208,0.00273684027,0.00848687221,0.0150318719,0.00824461266,0.00282822552,0.0103841376,0.00643173092,0.00283630353,0.00214303206,0.00663913789,0.0137233163,0.00178116626,0.00367126281,0.00291458648,0.00517737673,0.00272276885,0.00595827067,0.0476159829,0.00341606521,0.00191625468,0.0320596496,0.0206611537,0.0092963605,0.0261285452,0.00537716279,0.00822793595,0.00451854066,0.00154229483,0.00263088599,0.00177439891,0.00373611596,0.00233474042,0.0167086574,0.0060383105,0.00226079608,0.00210939798,0.00503987013,0.00225956675,0.0150365755,0.00206428676,0.00192228398,0.0030124603,0.00308438317,0.00278786204,0.00103229708,0.0153517934,0.0122518611,0.00457038652,0.002416103,0.0323464363,0.00208904512,0.00158402165,0.00288813326,0.00379017481,0.0157510793,0.00667956792,0.0183772503,0.00269045617
0.00198781105,0.0281822566,0.00166282967,0.00139919054,0.00308854061,0.00552120424,0.0141624082,0.00260416642,0.00528953208,0.0129250026,0.00371307361,0.0131363946,0.00950441611,0.00103734442,0.00759381603,0.00881513679,0.0165427723,0.00303424369,0.00262093809,0.00426812655,0.00474164565,0.0029983866,0.01189386,0.00350735523,0.00171980503,0.0141031903,0.00665387313,0.0387006583,0.00699597875,0.00411024229,0.113806561,0.0261951754,0.00578850467,0.0553552141,0.0165674161,0.00415866684,0.0170200875,0.00242268903,0.000411804058,0.00339902603,0.0032916436,0.0148118415,0.0023295225,0.00783383423,0.0134440493,0.008839206,0.00307854332,0.00873384677,0.00559925694,0.0031948875,0.0018934788,0.00685171961,0.0146811964,0.00153885648,0.0030507654,0.00296538062,0.0041869245,0.00246093618,0.00660112966,0.0477330044,0.0032235478,0.00147845477,0.0317183031,0.019927746,0.00782247366,0.0273492115,0.0058779229,0.00738689564,0.0045101125,0.00154983473,0.00245358054,0.00153276081,0.0041717546,0.00322155398,0.0153056794,0.00540090586,0.00178305898,0.00241829083,0.00590729207,0.00140508985,0.0163500508,0.00206397808,0.00192386803,0.00301369573,0.00328801388,0.00307752755,0.000870954631,0.0149045922,0.0125170693,0.00456653392,0.0027192404,0.0314594768,0.00251998351,0.00150540447,0.00298295252,0.00504062395,0.0161789666,0.00619000212,0.0189113776,0.00299060786
0.00199521065,0.0298890012,0.00166987677,0.00168279588,0.00289935151,0.0048869437,0.0134219157,0.00283829333,0.00513604359,0.0136566957,0.00413932543,0.0123320226,0.00873481344,0.00104260012,0.00615102733,0.00932280143,0.0159080781,0.00333092085,0.0028009041,0.00362112853,0.00486913862,0.00307062093,0.0118804095,0.00323712207,0.00212257606,0.0138131564,0.00620919845,0.0385194211,0.00731028716,0.00404415459,0.112243691,0.0267161434,0.00594821083,0.0540949344,0.0171790367,0.00436121952,0.0168609446,0.00224121576,0.000677779745,0.00430981138,0.00340272102,0.014055901,0.00150214608,0.00714795962,0.0133159204,0.00894840178,0.00342674197,0.00762902184,0.00564082321,0.00345423579,0.00177435151,0.00759166097,0.0147929295,0.00128849065,0.00298527623,0.00404114472,0.0045337716,0.00196753533,0.00768797255,0.0459154721,0.00322716571,0.00189075623,0.0305790091,0.0190957716,0.00688771396,0.0277179932,0.00658880019,0.00589969332,0.00543056285,0.00144525923,0.0022023519,0.0016675229,0.00397004226,0.00357195329,0.0141780596,0.00470652466,0.00194902566,0.00264355616,0.00531014552,0.00168067157,0.0164151789,0.00217706921,0.00222376597,0.00276548312,0.00325970897,0.00256781912,0.00085154506,0.0130520689,0.0120676989,0.00475390844,0.00259739897,0.0315406352,0.00284213969,0.00158184474,0.00313881883,0.00562979363,0.0162006489,0.00699251963,0.0199878691,0.00339222254
0.00185627341,0.0309401282,0.00194300785,0.00182327711,0.00288461735,0.0037856739,0.0129473893,0.00327493805,0.00530302715,0.0143532612,0.00404228794,0.0114856883,0.00807799665,0.00126846454,0.00479709222,0.00970409255,0.0151937804,0.00308959665,0.00282658424,0.00303819389,0.00489953038,0.00316223267,0.0124781345,0.00381372647,0.00203059504,0.0128755295,0.00613616,0.041049296,0.00785560481,0.00369213556,0.110724321,0.0278053516,0.00519370606,0.0529530946,0.0177505808,0.00486507421,0.0160405234,0.00239707095,0.000808517777,0.00501533843,0.00357432214,0.0131566657,0.00115623729,0.00613671654,0.0126860776,0.00876166505,0.00274337273,0.00705494113,0.00521648792,0.00455965807,0.00163993979,0.00868807148,0.0148788573,0.00104166397,0.00279143841,0.00450729167,0.00431329912,0.00195814422,0.0084937725,0.0427936531,0.00425351355,0.00167644744,0.030631965,0.018546545,0.00608584333,0.0292829823,0.00614323976,0.00547560562,0.00465404169,0.0013307487,0.00205216645,0.00163827305,0.00365781345,0.00323136452,0.0118745206,0.00370629255,0.00195488853,0.00258417051,0.00586303821,0.00212554846,0.0176151825,0.00246163161,0.00251046046,0.00250034531,0.00391204398,0.00258039229,0.000983283271,0.0118862261,0.0118720266,0.00503308944,0.00326207896,0.0307206908,0.00313695119,0.0014486746,0.00415200004,0.00591584071,0.0162045877,0.00777440075,0.019854682,0.00356842244
0.00207830302,0.0324965407,0.00208441741,0.00236900514,0.00269374884,0.00376539019,0.0114488144,0.00386656239,0.0049673248,0.0150407526,0.00310221957,0.0120336898,0.00708572606,0.00148987021,0.00353061584,0.00948703811,0.0147557914,0.00281648682,0.00247065888,0.00322155908,0.0055082596,0.00336503186,0.0113107649,0.00405963745,0.00202483703,0.0129894107,0.00559604496,0.0434468158,0.00734232176,0.00320421829,0.110132817,0.0270651674,0.00573266823,0.0533236481,0.0205021103,0.00462479897,0.0155703556,0.00258668887,0.00107281572,0.00597094874,0.00373996657,0.0124794636,0.00130076898,0.00533125586,0.0110536474,0.00881296146,0.00232185582,0.00688622639,0.00529135569,0.0047803646,0.00159001704,0.00895659128,0.0154334163,0.00130463024,0.00285287259,0.00458885788,0.0044186655,0.00170669326,0.00870062316,0.0429668844,0.00395200826,0.00180756107,0.0320244523,0.0183969285,0.00543651352,0.0280387831,0.00609575018,0.00474009659,0.0047375009,0.00122805036,0.00227212006,0.00132397861,0.0043491016,0.0041555169,0.00947183973,0.00330897521,0.00244873219,0.00224248557,0.00623224389,0.00206346613,0.0202354897,0.00215516987,0.00296400843,0.00218926688,0.00346655362,0.00161398858,0.00139217864,0.0120519003,0.0106388148,0.00443828062,0.00280347669,0.031041468,0.00367837104,0.00139391987,0.00464052497,0.006925827,0.0151694324,0.00809509977,0.0205341206,0.00357694228
0.00290265936,0.0326298373,0.00247847401,0.00318824289,0.00310773865,0.00361010608,0.0115129289,0.00416792724,0.005511691,0.0147966224,0.00292172711,0.0108221743,0.00606060903,0.00151929782,0.00298412663,0.0111140191,0.0148261667,0.0025118143,0.00279850989,0.00280899776,0.00681905098,0.0041466669,0.0118008311,0.00347131277,0.00231261282,0.0139675063,0.00538057542,0.0425563982,0.00761145882,0.00302902808,0.10952507,0.0277660426,0.00538823372,0.0523968951,0.0220369608,0.00604169149,0.0145898585,0.0025118629,0.00120870247,0.00613343672,0.00330857355,0.0133187079,0.00158913611,0.00571102169,0.010377726,0.00954961761,0.00293063618,0.00715030883,0.0039641076,0.00472965043,0.00123395928,0.00899140215,0.0154619365,0.00117432019,0.00203114855,0.00476548724,0.00518672498,0.00120134874,0.00904558306,0.0400044284,0.00374479346,0.00151912268,0.0324157323,0.0172035603,0.0043630048,0.0285472038,0.00533273023,0.00387842208,0.00475818393,0.00111262312,0.00187717723,0.00160320993,0.00321183894,0.00432658478,0.00851916685,0.00369029101,0.00259780032,0.00224550963,0.00656334357,0.00254669099,0.0198568426,0.00169563535,0.00323989317,0.00169971561,0.00323973739,0.00136147101,0.00139450762,0.0120759147,0.00970117384,0.00415052734,0.00337838129,0.0305006048,0.00344916049,0.00111281019,0.00515728963,0.00766825888,0.0148627092,0.00865437693,0.0198579572,0.0037604489
0.00352255379,0.0319432539,0.00233100188,0.00365114436,0.00343878798,0.00301898206,0.0112525013,0.00446766636,0.00531118176,0.0118036323,0.00246571079,0.0080270084,0.0049645451,0.00170622102,0.00240627798,0.0114730338,0.0147225193,0.00258990858,0.00266750338,0.00223880937,0.00878648792,0.00377194501,0.0114387089,0.00319801821,0.00189830127,0.0132627528,0.00520216834,0.0468371273,0.00683140698,0.00279838038,0.107992753,0.0274330291,0.0047619007,0.0516253521,0.0230475976,0.00739585051,0.0144802876,0.00244995075,0.00148548356,0.00603091468,0.00320600951,0.0140336511,0.00158821503,0.00455581367,0.0102318483,0.00968585966,0.00340687551,0.00555802946,0.00403015712,0.00404755725,0.00137054413,0.010043857,0.0148276477,0.000799361731,0.00177620082,0.00437484378,0.00477244155,0.00108069258,0.00978557723,0.0382370084,0.00356066676,0.00165517062,0.0333938706,0.0165847605,0.0037896701,0.0298910801,0.00582273976,0.00403800104,0.00406631887,0.000997506469,0.00162074427,0.00150375732,0.00320800043,0.00481629045,0.00741820716,0.00364462362,0.00259819593,0.00209518443,0.00604229748,0.00299914545,0.019073185,0.00168943009,0.00368951282,0.00134942936,0.00329585746,0.0019339715,0.00139004888,0.013492054,0.0097641714,0.00382635249,0.00338349637,0.0288572347,0.00319244302,0.00117940931,0.00469483494,0.00821401991,0.0146822588,0.00855659521,0.0204498863,0.00361061701
0.0039020444,0.0318665038,0.00181370299,0.00400489024,0.00394880739,0.00261096661,0.0122565247,0.0043352552,0.00557899124,0.0112730404,0.00232054401,0.0078422361,0.00499546059,0.00172009072,0.00201156845,0.0129040859,0.0144818914,0.00302129654,0.00237041781,0.00208116736,0.0106551818,0.00422924721,0.0103051621,0.00258598178,0.00149986067,0.0135304429,0.00488513342,0.0470522723,0.00707155449,0.00333333513,0.10717075,0.0262935439,0.00471371451,0.0548952704,0.0245686001,0.0067215253,0.0139789564,0.00256801992,0.00164608737,0.0064207798,0.00338818636,0.0146484725,0.00200572451,0.00384396212,0.00960165833,0.00927998255,0.00324833965,0.00546527797,0.0034022543,0.00386320059,0.0010031367,0.0110741836,0.013600036,0.000935452107,0.00191178426,0.00418515754,0.0054678845,0.000596589938,0.008382717,0.0357206424,0.0033401543,0.00179458751,0.0351957694,0.0154786056,0.00330292246,0.0319518018,0.00633006003,0.00338423079,0.0039974841,0.00102537746,0.00146843378,0.00178817257,0.00321087216,0.00401250826,0.00646142626,0.0040016479,0.00245700759,0.0020679398,0.00616795785,0.00285673522,0.0182638857,0.00168871118,0.00322943037,0.00150516379,0.00329051605,0.00238161879,0.00180329795,0.0148067023,0.0103460923,0.00362622346,0.00370795905,0.0286215682,0.00248978293,0.00183924107,0.00453234357,0.00805845097,0.0154312744,0.0071619162,0.0204006373,0.00388996501
0.00460642798,0.0303009577,0.00116549959,0.00360192181,0.00351066799,0.00246949313,0.0124231676,0.0042553154,0.0053278729,0.0116119327,0.00326289411,0.00717556658,0.00558592487,0.00175103529,0.0016422407,0.0136411569,0.0134209531,0.00381239122,0.00206022446,0.00216063284,0.0112965328,0.00431343545,0.00887109534,0.00189249268,0.00150190808,0.0140317751,0.00466124429,0.0482213953,0.00732490416,0.00337233366,0.106480456,0.0245782745,0.00422262285,0.0570944366,0.0238583389,0.00780270572,0.0150746507,0.00257444552,0.00195612425,0.00715604093,0.00384346181,0.0167133215,0.00247524847,0.00432440855,0.00936890352,0.008053783,0.00292779035,0.00613793656,0.00348501061,0.00335060845,0.00157927475,0.0115289984,0.0131088824,0.00146413146,0.00176390565,0.00442875505,0.00608828174,0.000593329998,0.00829451902,0.033315297,0.00345481593,0.00236078742,0.0348619766,0.0132354351,0.00281513665,0.0315285635,0.00703703668,0.00304544795,0.00475671112,0.000905330198,0.00133832977,0.00181310947,0.00285071933,0.00350262401,0.0074806676,0.00388188333,0.00206611803,0.00189421677,0.00566008583,0.00284576427,0.0170454755,0.00167177962,0.00308858603,0.00135656256,0.00317397222,0.00258806046,0.00181033055,0.014638481,0.0111111075,0.00326434464,0.0035813885,0.0270865486,0.00249073715,0.00194317676,0.00361972373,0.00776889583,0.0154923481,0.00754125885,0.0210747693,0.00382795305
0.00468666632,0.0304469272,0.00103305637,0.00335482328,0.00419940564,0.00234707167,0.0138236832,0.00415448689,0.00524022597,0.0123987595,0.00376766632,0.00627295639,0.00681159305,0.00161759981,0.00140701022,0.0141080598,0.0128302803,0.00322499641,0.00202240123,0.00201162218,0.0129024387,0.00516923892,0.00744416099,0.00189393976,0.00152291603,0.0135554114,0.00483913109,0.0488877289,0.00658051924,0.0035186931,0.105356033,0.0235368356,0.00449391774,0.058176755,0.0225574909,0.006914377,0.0154361175,0.00255666131,0.00228702187,0.00695854474,0.004136941,0.0181978919,0.00230833712,0.00484329917,0.00975799125,0.00735816125,0.00296492038,0.00711641765,0.00323346471,0.002714304,0.00183196365,0.0112231868,0.0133684657,0.00228095916,0.0015523727,0.00364156052,0.00560242801,0.000478527887,0.00870756322,0.0314448725,0.00296815091,0.00304161142,0.0360319777,0.011024294,0.00276539537,0.0340739635,0.0067407486,0.00352498595,0.00483921126,0.00103600021,0.00187140941,0.00178037428,0.00250151299,0.00365309344,0.00833650299,0.00385640008,0.00215483895,0.00145411976,0.00560467299,0.00283607775,0.0168909961,0.00124670849,0.00331995993,0.00122372788,0.00277629441,0.00263968093,0.0024496117,0.0151851901,0.0119940698,0.00325439329,0.0036200836,0.0253850999,0.002486291,0.00213536773,0.00290933557,0.00662850405,0.0167281253,0.00707445994,0.0215039049,0.00467029185
0.00501849076,0.0295400098,0.00122014146,0.0034269116,0.00471443367,0.0019247846,0.0150438976,0.00418929166,0.00535230511,0.0110860619,0.00365645055,0.00555894573,0.00782916477,0.00113085747,0.00141116062,0.0134881322,0.0116427077,0.00300778598,0.00200123253,0.00231446858,0.0130260963,0.00488348538,0.00680272289,0.00150319294,0.001386,0.0137235124,0.0049796861,0.0526139468,0.00625526787,0.00413850723,0.101762375,0.0228397707,0.00429541089,0.0606572471,0.0206678124,0.00685513251,0.0149154031,0.0016551716,0.00220652964,0.0078463898,0.00426608559,0.0181599245,0.00221914121,0.00446934653,0.0119063087,0.00828570013,0.00347558484,0.00799491138,0.00332446794,0.00255199798,0.00189059808,0.0105129511,0.0129558984,0.00206694121,0.00162932841,0.00326412733,0.00563140976,0.000599234225,0.0086736448,0.0300610076,0.00271554756,0.00342465801,0.0354689451,0.010010713,0.00290164561,0.0339382407,0.00714497087,0.00348837655,0.00510685297,0.000913478593,0.00201396127,0.00192034487,0.00268199789,0.00396398812,0.00759026149,0.00417905714,0.00247754911,0.00116635226,0.00638297357,0.00269008177,0.0141666727,0.00151307145,0.00287868182,0.00138342895,0.00255238939,0.00267458658,0.00311570688,0.015019888,0.0132591543,0.00301246125,0.00354208069,0.024763,0.00345003817,0.00251094046,0.00208642356,0.00592705493,0.0174442113,0.00671790053,0.0219558809,0.00547829535
0.00473123305,0.0291004913,0.0009657456,0.00299869533,0.00467351939,0.00194320024,0.0153147353,0.00467241328,0.0054516085,0.0105466788,0.00403601635,0.00497212592,0.0074046965,0.00179533239,0.00102340989,0.0147578451,0.0119284355,0.0034638523,0.00223834732,0.00271340916,0.0134584379,0.00446615274,0.00531510437,0.0013274339,0.00166182044,0.0156077288,0.00420665423,0.0523574095,0.0070001247,0.00430976119,0.103492982,0.0205518323,0.0043043607,0.0626736896,0.019897539,0.00714690968,0.0154992511,0.00152080606,0.00193740368,0.00854756331,0.00488409204,0.0188253378,0.00242047001,0.00422635522,0.0146522459,0.00904864074,0.00382044199,0.00952247451,0.00351739681,0.00216422249,0.00221715489,0.0100058681,0.0124511199,0.00200454333,0.00177741356,0.00301008202,0.00562414628,0.000844900304,0.00894213789,0.0301636712,0.00258573169,0.00424192972,0.0361546061,0.00890830784,0.00276532058,0.033687686,0.00709323276,0.0032017084,0.00537132103,0.00104479406,0.00190450491,0.00180323208,0.00309454068,0.00345669463,0.00700013396,0.00377762339,0.00234265266,0.00115323939,0.00624414997,0.00281570912,0.0126041771,0.00136406967,0.00255788922,0.00167907815,0.00275463023,0.00253089305,0.00339895034,0.0146563089,0.0135467417,0.00300998828,0.00419991271,0.0230986432,0.00416612952,0.00253710409,0.00173936392,0.00525274182,0.020461713,0.00572510058,0.0227028203,0.00629019229
0.00495835237,0.0276010276,0.000894452736,0.00260416598,0.00528286812,0.00164719759,0.0147538813,0.00519684355,0.00528286482,0.00944444581,0.00441791779,0.00483602453,0.00683736119,0.00196367049,0.00077200229,0.0143012592,0.0108012844,0.00302297408,0.00214954694,0.00226741084,0.013460037,0.00345351803,0.00493125994,0.00161165368,0.00180305008,0.0149475802,0.00403920447,0.0526572798,0.00742016517,0.00471547403,0.103022071,0.0196467473,0.00397378595,0.062494476,0.0224900606,0.00672292503,0.0149673363,0.00151724126,0.00220555716,0.00989778424,0.00474244317,0.0189399037,0.0026903965,0.00316228133,0.0164662873,0.00945017516,0.00388457112,0.0102399644,0.00332067832,0.00267617805,0.0021370199,0.00986273996,0.0114777276,0.00227121252,0.00190165632,0.00258518196,0.00514686388,0.000959807714,0.00924420406,0.0309835256,0.00258187229,0.00484294956,0.0365920518,0.00797120549,0.00362854767,0.0356094142,0.00711855469,0.00303766676,0.00610132022,0.0010431603,0.00192254908,0.00189421636,0.00264591425,0.0036411043,0.00654399534,0.00357194259,0.00231002239,0.000868812142,0.0063803351,0.00324720529,0.01168579,0.000944796912,0.00222312259,0.00220296122,0.00298022408,0.0026933959,0.00356227251,0.0138056969,0.0133489513,0.00252732123,0.00390625226,0.0205001141,0.00519751509,0.00257861148,0.00148528365,0.00473896194,0.0208474026,0.00510026382,0.0234288765,0.00632821111
0.00490390689,0.0262435093,0.00116339387,0.00214090906,0.00506625548,0.00164228094,0.0141881251,0.00549538242,0.00508183454,0.00985950782,0.00408823544,0.00542168399,0.00732734064,0.00164825965,0.000781044599,0.0141246908,0.0107236464,0.00295499372,0.00244088253,0.00346170962,0.0124614839,0.00274273876,0.00427918334,0.00187411092,0.00137798054,0.0157459788,0.00423055744,0.0535714538,0.00834912279,0.00529315927,0.102744206,0.0199758172,0.00413338427,0.0627022588,0.0223767368,0.00594215056,0.0164044758,0.00178669516,0.00222287973,0.0109784316,0.00458648669,0.0195236985,0.00218340692,0.00342661334,0.0187760022,0.0100496864,0.00464639637,0.0106636695,0.003301447,0.00231779128,0.00264084583,0.0102546453,0.0111513985,0.00221149953,0.00163309496,0.00205271008,0.00488643417,0.00131327605,0.00942841029,0.0305019705,0.00269299199,0.00625878897,0.0362793515,0.00726238842,0.0044483588,0.0350382307,0.00641119559,0.0028451583,0.00660725246,0.0014420565,0.00233676865,0.00221206763,0.00281910597,0.00360161137,0.00630305829,0.00371666426,0.00219120209,0.00115074448,0.00533478083,0.00353806875,0.00916212788,0.00120208452,0.00148849799,0.00264472473,0.00258609013,0.00225529655,0.00368428763,0.0133477635,0.0138018866,0.00213058523,0.00430734848,0.0189632076,0.0062532962,0.00262631872,0.0010806411,0.00377853593,0.0233320261,0.00442368564,0.0240404454,0.00612448183
0.00455703044,0.0294231382,0.00104397653,0.00147322746,0.00476927284,0.00149231163,0.0130770221,0.00647095997,0.00489746706,0.00901398024,0.0043525511,0.00663619595,0.00736994796,0.00163827041,0.000917433372,0.0129878714,0.0101263914,0.00217195969,0.00263395692,0.0042494959,0.0126912194,0.00288184626,0.0041103966,0.00237483974,0.00136742965,0.0171665366,0.00408647916,0.0514413185,0.00874085433,0.00502785867,0.100385715,0.0187691241,0.00342322373,0.0603838557,0.0215156762,0.00505853151,0.0153644282,0.00190062562,0.00222123376,0.0111096983,0.00512070108,0.017658262,0.00213431933,0.00312989122,0.0207191796,0.0123332458,0.00499445634,0.0104655363,0.00302175241,0.00233100214,0.00249594135,0.0106820129,0.0114707731,0.00234082107,0.00206725616,0.00160965642,0.00440328466,0.00145595968,0.0100744608,0.0336580207,0.00303783101,0.0070282578,0.0362720349,0.00721250792,0.00538876362,0.0325769767,0.00662427354,0.00251331042,0.00650543197,0.00129769005,0.00234385865,0.00252788235,0.00297852091,0.00365117274,0.00663488798,0.00353149095,0.00205625939,0.00116059951,0.0045100201,0.00371270198,0.00844382178,0.000792809837,0.00161768423,0.00279741043,0.00239562089,0.00166364136,0.00346241422,0.0131749498,0.0139844406,0.00197601743,0.00436772343,0.0185209134,0.00615813193,0.00306403434,0.00135117035,0.00285053889,0.0237204445,0.00443684307,0.0245275016,0.0061265722
0.00390519658,0.0292626363,0.00103909602,0.000959078172,0.00449822534,0.000817965234,0.0128947374,0.00586855027,0.00397690658,0.0083966604,0.00385624408,0.00594538684,0.00785826817,0.00177706023,0.000927151158,0.0126791678,0.00997866205,0.00185901126,0.00266312016,0.00395911948,0.0128141644,0.00311202883,0.00342366318,0.00275006172,0.00178155908,0.0170544635,0.00391246614,0.0514018465,0.00842598305,0.00541837988,0.103651263,0.0163266898,0.00305089507,0.0599122992,0.0219737115,0.00449731665,0.0145808369,0.00150068406,0.00177252333,0.0120051212,0.00407629039,0.0166156285,0.00186006657,0.00354157433,0.0214962519,0.0134680238,0.00544163727,0.0110691713,0.00390211604,0.00247653736,0.00219711412,0.012205266,0.0110941132,0.00260277745,0.00150850277,0.00122933833,0.00361971764,0.0017205339,0.00961538537,0.0348739086,0.00305216977,0.00694052066,0.0359399124,0.00789901815,0.00639268666,0.0303605949,0.00749143981,0.00248247579,0.006332672,0.00128155987,0.00261996812,0.00270188974,0.00325480571,0.00378469197,0.00736909899,0.00360035954,0.00232828508,0.0013096629,0.00441791815,0.00360022679,0.00725147662,0.000786263959,0.00141014995,0.00255325094,0.00199422497,0.00153209844,0.00341701997,0.0131748054,0.0147144005,0.00196823326,0.0051228068,0.0184871745,0.00608501757,0.0026184542,0.00121523357,0.00241358114,0.0265805849,0.00422911631,0.0244605475,0.00496975178
0.00324280435,0.0297601156,0.00105360113,0.00107649218,0.00398028857,0.000739100299,0.0143461682,0.00636391992,0.00311784404,0.00829765966,0.00393397314,0.00626621271,0.00753161446,0.00227679095,0.00119808163,0.0124743042,0.00911419022,0.00192051873,0.0025146315,0.0040737553,0.0117775758,0.00195831675,0.00382837664,0.00374366085,0.00232462967,0.0183096729,0.00406720411,0.0505989718,0.00840188524,0.00569271778,0.107194894,0.0151763101,0.00274010073,0.0546358459,0.0221166494,0.00385622367,0.0149359437,0.00203776347,0.00192678099,0.0144982763,0.00373456238,0.0164053143,0.00213796954,0.00387979951,0.0237631522,0.0146607105,0.00604966074,0.0105265466,0.004865548,0.00287619104,0.00242929932,0.0148473315,0.0117531235,0.00258312367,0.00178620321,0.0012477491,0.00398735172,0.00198388509,0.00917213642,0.0386020314,0.00354707764,0.00715512174,0.0351267368,0.00923678337,0.0073983657,0.0277785576,0.00772300598,0.00291163195,0.00639066834,0.00102014614,0.00206469205,0.00265916691,0.00324374458,0.00330706663,0.0064028454,0.00441803984,0.00303899853,0.00189808842,0.00396392913,0.00393414536,0.00660605419,0.000398565181,0.00135428047,0.00295602055,0.00159411925,0.00153421257,0.00298280289,0.0147853203,0.0144194508,0.00204666394,0.00591299322,0.0181154843,0.00596760933,0.00285714367,0.00183973843,0.00211499112,0.0290016475,0.00406263886,0.0231673513,0.00424033148
0.00330367318,0.0308895806,0.000795967054,0.000627824884,0.00357905722,0.000745935103,0.0160399677,0.00628589683,0.00261479529,0.00784314019,0.00468510077,0.00612884535,0.00808854963,0.00226610665,0.000934578648,0.0124777038,0.00927726979,0.00152660587,0.0024929269,0.00399828954,0.0123589914,0.00254381444,0.00372172352,0.00381533406,0.0021845936,0.0169480262,0.00410718537,0.0501979423,0.0082889,0.00591434495,0.10600721,0.0133098364,0.00225594488,0.0522920561,0.022817622,0.00370854576,0.0137795234,0.00228925395,0.00235745047,0.016626309,0.00384998996,0.015509488,0.00257437496,0.00416666459,0.0252720013,0.0150382773,0.00618949467,0.00990569607,0.00438370154,0.0027425826,0.00218859642,0.0192174728,0.0106656548,0.00249769877,0.00191126507,0.0016880034,0.00400774305,0.00227358245,0.00786511413,0.0406494869,0.00374271699,0.00797017031,0.0343787208,0.010051613,0.00753013165,0.0272175818,0.00713950067,0.00284588448,0.0078172422,0.00114039718,0.00206270794,0.00327494038,0.00324825787,0.00352162385,0.00592324788,0.00444171539,0.00268952615,0.00192393225,0.00414905243,0.00399054176,0.00529934363,0.00039719393,0.00136518918,0.00291110262,0.001593243,0.00153964667,0.00269821954,0.0156359804,0.0139254476,0.00210883996,0.00572591727,0.0178881223,0.00497143165,0.00262008746,0.0019961444,0.0021106928,0.0310748922,0.00395894323,0.0207006384,0.00343065062
0.00345575881,0.0302983916,0.000731576862,0.000618355315,0.00288364603,0.00150330813,0.0162036998,0.00739668622,0.0025716826,0.0062523347,0.00482389724,0.00655053024,0.00849978133,0.0017973861,0.00159808615,0.0127269798,0.0105278827,0.00177910338,0.00265000952,0.00414345535,0.0125802282,0.00285266088,0.00550393106,0.00351229347,0.00217865356,0.0181623968,0.00477214974,0.0523071907,0.00814177424,0.00449713753,0.102205981,0.0111706408,0.00210511953,0.0484032179,0.0216231156,0.0036034643,0.0137798252,0.00245398914,0.00246805963,0.0194995062,0.00336605667,0.0149661483,0.00256813087,0.00448431259,0.0248240839,0.0167351175,0.00785839299,0.00928541084,0.00447055777,0.00221527042,0.00193919306,0.022259274,0.0109582788,0.00237154107,0.00178767932,0.0019760046,0.00371929854,0.0023148181,0.00682339469,0.0430970996,0.00349405401,0.00899501385,0.0340842291,0.0106238901,0.00814590606,0.0259806846,0.00769990849,0.00341768739,0.00985554938,0.00114039622,0.00179236209,0.00291232018,0.00388621055,0.00324904622,0.00643417866,0.00410344346,0.00262855513,0.00205007956,0.00388456725,0.00347641875,0.00525717528,0.000657115821,0.00177256539,0.00332061917,0.00164135972,0.00138291319,0.00270345714,0.0160524837,0.0136125567,0.00176510528,0.00529872002,0.0185460296,0.00492578223,0.00221130225,0.00223276597,0.0021193088,0.0300294951,0.00528143819,0.0214207469,0.00277818201
0.00489462787,0.0311034526,0.00113515077,0.0011061988,0.00226188031,0.00180586771,0.015672944,0.0074503262,0.00250449889,0.00566393575,0.00493021303,0.00597938323,0.00914550532,0.00227531144,0.00183992282,0.0126801452,0.0111421244,0.00176329744,0.00238804492,0.00459638164,0.0136168675,0.00299828952,0.00608343632,0.00321463897,0.00191204681,0.016628199,0.00460613962,0.0531970708,0.00759235858,0.00409946663,0.102988096,0.009435195,0.00188577519,0.0472961387,0.0209492721,0.00382353518,0.0134504195,0.00228771072,0.00242789505,0.0234417168,0.00335383029,0.0127349896,0.00271428532,0.00541892167,0.0254534683,0.0167043824,0.00966260669,0.0094247296,0.00526248609,0.00245605442,0.00161310378,0.0240011328,0.0107209544,0.00223595825,0.00167200877,0.00156272471,0.003476161,0.00170045347,0.00561797801,0.0424917601,0.00349552624,0.00997066665,0.034115408,0.0113079118,0.00728296185,0.0245686394,0.00718671468,0.00255698445,0.0104552852,0.00113607578,0.00122582615,0.00320953558,0.00341296382,0.00300850734,0.00688775047,0.00450800482,0.00263678363,0.00190420034,0.0037283806,0.00273972627,0.00540310097,0.000927765888,0.00162866341,0.00374347122,0.0015045805,0.00154607113,0.00215008758,0.0156053627,0.0136572867,0.00176991179,0.00473863667,0.0179249928,0.00400652032,0.00195958453,0.00226918256,0.00229648095,0.0289864284,0.00543085625,0.0193020917,0.00224416511
0.00458221088,0.0314962452,0.0010770058,0.00135987363,0.00244729003,0.00180668351,0.0156585936,0.00722927683,0.00256871876,0.00469866613,0.00576259533,0.0058187207,0.00935291886,0.0027615331,0.00145348717,0.012354295,0.0118875052,0.00168255725,0.00281135701,0.00360386111,0.01390892,0.00272440651,0.00698143345,0.00311720723,0.00177886888,0.0164835125,0.0047721462,0.0562828237,0.00655837408,0.00358981846,0.0977491416,0.00816615802,0.00174519941,0.0452908754,0.0201457245,0.00372522524,0.0136316219,0.00212878715,0.00271221077,0.0263746095,0.00319400823,0.0131613702,0.00185980413,0.00573346971,0.0237486456,0.0176026035,0.0114389407,0.00863930581,0.00670974255,0.00230032229,0.00124641671,0.0250694204,0.011317811,0.00183992374,0.00181386784,0.00213766516,0.00348704806,0.00152986749,0.00418793048,0.0435229084,0.00353957674,0.00919034077,0.0331069609,0.0117992073,0.00615868505,0.0259538618,0.00746473322,0.00255735693,0.0099283379,0.000889229595,0.00162140478,0.00319612812,0.00361761386,0.00254921286,0.00675503616,0.00432032213,0.0029088546,0.0020564051,0.00375939823,0.00250874597,0.00505482418,0.00105401841,0.0017584191,0.00332908057,0.0020394292,0.00138803363,0.00180280157,0.016386708,0.0151414844,0.00189959142,0.00409592487,0.0172909173,0.00360445228,0.00215596627,0.00229193523,0.00175187175,0.0283433252,0.0060728713,0.0191991043,0.00253996793
0.00617775369,0.0303484745,0.000681850021,0.00142981635,0.00197881153,0.00197298271,0.0148026302,0.006385136,0.00276100736,0.00348852207,0.00602498816,0.00510753231,0.00961804557,0.00261224305,0.0013135423,0.0135661658,0.0120395528,0.00188126851,0.00251713547,0.00451040237,0.0159269232,0.00264814876,0.00725583684,0.00329069851,0.00152397205,0.0159354245,0.00480962327,0.0584502265,0.00647193945,0.00330500351,0.0912065214,0.00702591001,0.00155175054,0.0464791378,0.0188106866,0.00357462516,0.013668361,0.0019786304,0.00254286723,0.0303088557,0.00281887924,0.0129106319,0.00202487574,0.00639673093,0.0234980438,0.0184049066,0.0129934719,0.00789305895,0.00757011376,0.00229123774,0.00114198505,0.0248959792,0.0110522237,0.00204082028,0.0018035517,0.00215702891,0.00374155184,0.00158119231,0.00320924744,0.0429065386,0.00357807931,0.00931298054,0.0310163526,0.0125016791,0.0057463082,0.0255222743,0.00762299383,0.00226675116,0.0114778775,0.000768443933,0.00217716855,0.00369783679,0.00373760394,0.00226116669,0.00651898676,0.00463177159,0.00302692599,0.00204738574,0.00336838829,0.00280260681,0.00405925227,0.00105193845,0.00188323917,0.00356836908,0.00177936035,0.00185614809,0.00151975601,0.0172366629,0.0167394458,0.00188425564,0.0044602312,0.0175174915,0.00488375733,0.00180034973,0.00261552209,0.00158780843,0.0280302367,0.00707478366,0.0184984517,0.00268897271
0.00752254425,0.0303054226,0.000546372894,0.00144345748,0.00184407942,0.00196374302,0.0148517132,0.00616656795,0.00317151801,0.00316655792,0.00617835375,0.00453757551,0.0105241693,0.00197400844,0.00131113022,0.0151113908,0.0142507602,0.00199614294,0.00250104128,0.00465996682,0.0169183538,0.00336966216,0.00741882732,0.00315633537,0.00153545752,0.0160480034,0.00487381233,0.0621179972,0.00594083377,0.00275130263,0.0876236081,0.00732483849,0.00183798544,0.0466667211,0.0164207134,0.00370202535,0.0125645639,0.00144413555,0.00253403132,0.0337335464,0.00232623683,0.0128154691,0.00188269802,0.0069150456,0.0221420615,0.0196859539,0.0154178229,0.00825441366,0.00770569309,0.00253389421,0.0012213954,0.0242045704,0.0103213992,0.00152176892,0.00235359314,0.00174418746,0.00335422976,0.00159478471,0.0030973434,0.0427690196,0.00367065328,0.00942521525,0.0309582627,0.011946191,0.00558418578,0.0241545351,0.00756533539,0.00227774399,0.0114049473,0.000953593012,0.00225071603,0.0035998305,0.00363552141,0.00193771027,0.00680700978,0.00449124975,0.00315656216,0.00236127853,0.00369457947,0.00242460788,0.0046335278,0.000915390058,0.00254589023,0.0044942226,0.0017796051,0.00152975186,0.00123915653,0.018728127,0.0174750726,0.00229823039,0.00392275638,0.0171889679,0.00534054491,0.0014310606,0.00234329537,0.00143838932,0.0276893498,0.00840457263,0.0181818156,0.00261388972
0.00911525906,0.030170826,0.000685305938,0.00143624507,0.00188409373,0.00182371005,0.0143903352,0.00659971714,0.00313111634,0.0031721859,0.00608772396,0.00380355529,0.010731916,0.00195854413,0.00144698524,0.0163965842,0.0133466752,0.00289575374,0.00220507259,0.00526315788,0.0179829674,0.00316910919,0.00718518251,0.00256378789,0.001692048,0.0149281852,0.00534688349,0.0626750345,0.00648083746,0.00175272873,0.0855614854,0.00788623304,0.00183000702,0.0455891009,0.0135753158,0.00371437474,0.0130934493,0.00171390731,0.0021446961,0.0355105422,0.00248086411,0.0138924741,0.0018764448,0.00679309791,0.0203313889,0.0202640009,0.0171083394,0.00840335905,0.00798203799,0.00242811959,0.00161854033,0.0240220134,0.0105906936,0.00127175492,0.00304539988,0.00158913761,0.00316875661,0.00141804013,0.00282415832,0.0418990639,0.00339300976,0.00885569119,0.0299766825,0.0118793161,0.00561231663,0.0244136443,0.00674548661,0.00251219159,0.0116535999,0.00146852411,0.00245867995,0.00306581701,0.00389670107,0.00239234718,0.00808558887,0.00439476093,0.00305594844,0.00190392727,0.00361010693,0.00194698201,0.00478037709,0.000972132848,0.00255513997,0.00441280863,0.00218698731,0.00235133276,0.00121852337,0.0186117576,0.0159759342,0.00294945804,0.00404373182,0.0165648565,0.00531542773,0.00113022929,0.00233815691,0.0019071839,0.0293931172,0.00935325913,0.0186239951,0.00334423101
0.0103980236,0.0296138126,0.000820458234,0.00151114634,0.00197524072,0.00182703842,0.0127440068,0.00663243457,0.00344690557,0.0022398559,0.00600030231,0.00365886093,0.0108925162,0.00195153588,0.00105221623,0.0165265623,0.012783621,0.00385462492,0.002586091,0.00590465549,0.0171155643,0.00284171988,0.00671388302,0.00221968281,0.0014251113,0.0155895721,0.00521738615,0.0632021755,0.00649651562,0.00187366267,0.0794857997,0.00741743949,0.00178278013,0.0451778865,0.0127715945,0.00326202668,0.0124016891,0.00157356084,0.00227240181,0.0347899856,0.002612623,0.0156797074,0.00144113036,0.00837235665,0.01955664,0.0208056713,0.0179694117,0.00788041462,0.00796019531,0.00201350949,0.00136736456,0.0214569009,0.0110370371,0.00126212247,0.0024986147,0.00145243096,0.00282611902,0.0017226494,0.00303518392,0.0389832189,0.00325332425,0.00874180524,0.0290062986,0.00919819487,0.00544741448,0.0259049019,0.00589473613,0.00223846954,0.012730788,0.00159826285,0.00299890472,0.00341418053,0.00431491404,0.00201816751,0.00802138914,0.00408006481,0.00364793276,0.00190364487,0.00347502594,0.00224181374,0.00570995853,0.00103345704,0.0026090479,0.00494186523,0.00259067027,0.00289811239,0.00135887958,0.0204690268,0.0171316322,0.0034432483,0.00410978992,0.0164640679,0.00547698372,0.00101201598,0.00234673261,0.00180138226,0.0293930312,0.0112900913,0.0193092059,0.0038145141
0.0122205155,0.0293674318,0.0012393273,0.00120161678,0.00172597105,0.00136861238,0.0107111566,0.00726724121,0.00334269839,0.00175529748,0.00535300537,0.00360144391,0.0116990243,0.00177190411,0.00106312134,0.0189393707,0.0142980924,0.00422672104,0.00256444868,0.00678238705,0.0179988824,0.00322083815,0.00667057972,0.00227361205,0.00145264277,0.0151730887,0.00486731313,0.0681443982,0.00702562158,0.00173564415,0.0783924767,0.00836383041,0.00206015841,0.0463324808,0.0129165973,0.00340452361,0.0121451391,0.00131509707,0.00241958317,0.0336941398,0.00260820442,0.0180437908,0.00101229052,0.00826624348,0.0165324395,0.0220001495,0.0193711851,0.00805008833,0.00883016232,0.00190463542,0.00188507021,0.0191727816,0.0089964893,0.00141186163,0.0027851213,0.00129832921,0.00237177591,0.00160023484,0.00318591135,0.0379045172,0.00263682705,0.00761380734,0.0294473404,0.00793542041,0.00631795488,0.0273536235,0.00504118397,0.00179721641,0.0117892752,0.0017827602,0.00385038395,0.00403558284,0.00452362905,0.00160256505,0.00821611025,0.00354938207,0.00380494165,0.00146391148,0.002638731,0.00270392092,0.00653190593,0.00103963818,0.00286857558,0.00468521648,0.00271665504,0.00367816111,0.00154445242,0.0216015012,0.015627158,0.00330644195,0.0030773823,0.0152496207,0.00561641632,0.00116308772,0.00221173554,0.00146153384,0.0295718895,0.0114437928,0.0182753556,0.00359871436
0.0126073916,0.0273449452,0.00152565852,0.000766481829,0.0017405285,0.00107279687,0.0101483216,0.0082025596,0.00332428729,0.00184017051,0.00643621267,0.00358156475,0.0124075974,0.00174741609,0.0013090702,0.0205627972,0.0139788158,0.00462250632,0.0027737419,0.00649819441,0.0182124387,0.00398099922,0.00735612837,0.00230475769,0.00162505453,0.0162728166,0.00475938979,0.0722647434,0.00693045674,0.00173936198,0.0753679177,0.0076892986,0.00182302802,0.0490042456,0.0116655909,0.00372845006,0.0112080617,0.00133085042,0.00254741194,0.0309174724,0.00269159859,0.0205910939,0.000860213634,0.00886756601,0.0141356653,0.0240629198,0.0192821425,0.00799028788,0.00865663888,0.00214161584,0.00254104958,0.017472541,0.00846098184,0.001141552,0.00263121409,0.00115340052,0.00308597016,0.00220978471,0.0028775151,0.038498605,0.002732242,0.00674827382,0.030778552,0.00684654117,0.00619033094,0.027541556,0.00511600667,0.00156763219,0.0128398028,0.00164660873,0.00383246262,0.00403425119,0.00472456371,0.00203252008,0.00861815798,0.00233535215,0.00411362735,0.00175515654,0.00238132854,0.00179157733,0.00651642485,0.00147891139,0.00254453071,0.00508425514,0.00254214445,0.00392571648,0.00160944138,0.0252269897,0.015318967,0.00414964933,0.00240454536,0.0144589421,0.00565959088,0.00156453693,0.00262046834,0.00145437673,0.0288692178,0.0119620703,0.0189694657,0.00406503919
0.012419634,0.0263433937,0.00196628988,0.000646160207,0.00156868041,0.000916169478,0.00894739727,0.00778595832,0.00323023873,0.00237529825,0.00676453795,0.00345481476,0.0122142506,0.00126602336,0.00171165457,0.0212081573,0.011708394,0.00496664733,0.002435819,0.00695350355,0.0190244677,0.00417980555,0.00718016011,0.00219210629,0.00195312286,0.0169411949,0.00385946354,0.0753955546,0.00684523618,0.00173936024,0.0745140506,0.00695082275,0.00213705181,0.0477250741,0.0118338336,0.00355816923,0.011571997,0.00119744248,0.0027913444,0.0292428199,0.00283005871,0.0212262366,0.000865302223,0.00877193045,0.0126447405,0.0250112602,0.0197873317,0.00804700052,0.00944364698,0.00218908392,0.00255938734,0.0166712817,0.0088546907,0.00074314394,0.00263523316,0.00160489943,0.00323006958,0.00304425237,0.00244820805,0.0383612799,0.00270082803,0.00613883064,0.0290674127,0.00688167003,0.00650037253,0.0280442331,0.00471903765,0.00157209085,0.0129415848,0.00144128242,0.00399458574,0.00466899762,0.00546941436,0.00243518011,0.00907383698,0.0021776299,0.00382204564,0.00206155241,0.00214899834,0.00211416485,0.00636387553,0.00175278854,0.00219327577,0.00412207093,0.00254044921,0.00451467312,0.0016814638,0.0263501395,0.0146869182,0.00432446534,0.00210175613,0.0132202927,0.00594655539,0.00198727655,0.00272011074,0.00183094642,0.0270794001,0.0117270756,0.0198154342,0.00412805179
0.0132577636,0.0248940855,0.00198131953,0.000653510244,0.00153438131,0.00105820267,0.00912600154,0.00793316163,0.0033468166,0.00292630831,0.00679931343,0.00300546539,0.0118076973,0.00188472078,0.00163741198,0.0231625691,0.0121475741,0.00547809303,0.00308601966,0.0055951168,0.0185962005,0.00468125529,0.00753119463,0.001987545,0.00181873116,0.0177862166,0.00411631621,0.0759920929,0.00698878885,0.00147532041,0.071529643,0.00681788466,0.00215827649,0.0515468679,0.0126704127,0.00355982071,0.0110371818,0.00174215932,0.00309119226,0.0267424667,0.0028368769,0.0232881149,0.00151296735,0.00931811782,0.0123578751,0.0253448049,0.0197918181,0.00895351606,0.00852087903,0.00257874875,0.00291661122,0.0157463957,0.00860708728,0.00108976859,0.00293050586,0.00145964066,0.0039301227,0.00374587738,0.00289781622,0.0392782286,0.00335708324,0.00568331222,0.0296540072,0.00689437191,0.00781609111,0.0281857883,0.00464374142,0.00142471478,0.0107470593,0.00192235889,0.00341437255,0.00469798353,0.00490417359,0.00271196304,0.010011194,0.00220576932,0.00396039345,0.00191261056,0.00214660538,0.00198382132,0.00671772135,0.00203519424,0.00203759787,0.00426362406,0.00305485779,0.00440627126,0.00197682502,0.0262814765,0.0136456454,0.0046247355,0.00181212159,0.0115925308,0.00472630426,0.00256722242,0.00355467235,0.00198503662,0.0263278831,0.0118829941,0.0216293709,0.00418143276
0.0133433817,0.0240099796,0.00217454561,0.000915151725,0.00140134786,0.000981871224,0.00862502846,0.00745333212,0.00318207422,0.00306176633,0.00705128032,0.00231355166,0.0117494109,0.00232414373,0.00158395232,0.0236877978,0.0105350995,0.0056721504,0.00282078017,0.00574378752,0.0184519612,0.00441318885,0.00762041045,0.001728724,0.0019926402,0.0197162328,0.00387286146,0.0783012218,0.00723588231,0.00220942896,0.0703109428,0.00543264371,0.00218118075,0.0550526851,0.0121168422,0.00341721443,0.0123706718,0.00215227239,0.00411436953,0.0266087703,0.00282485907,0.0234318753,0.00201380474,0.00996533753,0.0123070742,0.0266850623,0.0208303102,0.0087818663,0.00927155275,0.00281175875,0.00329922298,0.0136623398,0.00702127792,0.00109694346,0.00237695839,0.00190030296,0.00398146445,0.00403045574,0.00254291449,0.0411585608,0.00435137248,0.00439636018,0.0298938286,0.006465214,0.00839752811,0.0278322458,0.00463633797,0.00165364013,0.00939774466,0.00180213378,0.00291406451,0.00579344957,0.00585585199,0.003573471,0.011968025,0.00236742461,0.00366411997,0.00262888474,0.00211234677,0.00246570738,0.00655108545,0.00233054297,0.00176724524,0.00363455236,0.00293882032,0.00402204982,0.00183723335,0.0272708964,0.0133175489,0.00482357708,0.00138787454,0.0102934741,0.00399943311,0.00300464889,0.00429637551,0.00274724847,0.0233022014,0.0118763087,0.0230382602,0.00409604312
0.0133283714,0.0226061859,0.00227472972,0.000919121341,0.00156161525,0.000813850634,0.00813064299,0.00733158456,0.00284919884,0.0041168643,0.00721944079,0.00230477506,0.012651046,0.00230485378,0.00179593052,0.0255469113,0.00998760322,0.0047632582,0.00280148778,0.00571427949,0.0188407852,0.00489587517,0.00762416176,0.00199176322,0.00139060692,0.0220003743,0.00344780689,0.0786811029,0.00651881704,0.00233551449,0.0755071116,0.0049320237,0.00195340996,0.0571691375,0.0136436537,0.00369323114,0.0119656854,0.00281652112,0.00505680574,0.0264827397,0.00239706916,0.023391379,0.00299699881,0.0100516886,0.0118571868,0.025501808,0.0216729684,0.00848301587,0.00977610008,0.00357192879,0.00316882244,0.0122137505,0.00793985477,0.0010897677,0.00222809859,0.00177462083,0.00431406366,0.00499106038,0.00292169597,0.0430747717,0.00509792909,0.00468060559,0.0278740655,0.00711189565,0.00944279319,0.028414678,0.0041636739,0.00238663805,0.00892504734,0.00118483116,0.00311525806,0.00590879609,0.00687128536,0.00325410294,0.0123013381,0.00270787004,0.00430637061,0.00307242509,0.00193468762,0.00233391085,0.00693989667,0.00208305776,0.00143359791,0.00349797369,0.00256099213,0.00305787731,0.00233805741,0.0288800249,0.012680327,0.00445834153,0.000952800799,0.00938865412,0.0043689969,0.00387651149,0.00496806507,0.0031910104,0.0223773424,0.0121867178,0.0226987021,0.00445806694
0.0134311873,0.0207957074,0.0027748664,0.000791868351,0.00177986435,0.00109122808,0.00718509272,0.00615931978,0.00250800915,0.00483571242,0.00726190479,0.00258538597,0.0126476749,0.00230840684,0.00212370776,0.0276026833,0.00996263946,0.0043890706,0.00295381228,0.00491436561,0.0221586522,0.00486245664,0.00845112333,0.00187868874,0.00108847879,0.0237456245,0.00268595079,0.0792340838,0.00570272374,0.00204945216,0.0834962418,0.00504303667,0.00188105966,0.0609860114,0.0144154186,0.0041139218,0.0117935072,0.00259445997,0.00602409717,0.0249222953,0.00223151944,0.0231658141,0.00427594051,0.00979131295,0.0122703474,0.0244393553,0.0213530752,0.00834894026,0.00938167025,0.00441176846,0.00327243245,0.0109113563,0.00782081936,0.00109514306,0.00241112946,0.0019382746,0.00582985218,0.00463377977,0.00317586564,0.0442458604,0.00573562525,0.00397646307,0.0270318576,0.00708979997,0.0114258849,0.0276020007,0.00403982432,0.00238663626,0.00772191195,0.00151057131,0.00395472527,0.0071183056,0.00625578814,0.00304403114,0.0123585901,0.00313655689,0.00477070188,0.00293427386,0.00237475215,0.00232919679,0.00658323424,0.00227424578,0.00155400054,0.00363839548,0.00242098112,0.00225971929,0.00206214063,0.0292461998,0.0108347393,0.00429212973,0.000808940926,0.00892215353,0.00428754955,0.00379267052,0.00517193538,0.00451139756,0.0207911956,0.0115908386,0.0218824494,0.00505533411
0.0127427671,0.0224276621,0.00339673348,0.000932714674,0.00156427701,0.000786725439,0.00695026714,0.00529819737,0.00248104696,0.00525575447,0.00787550938,0.00301989989,0.0135838926,0.00227514106,0.00294432583,0.0278581479,0.00898345807,0.00397387971,0.00411297282,0.00518058244,0.0230802594,0.00516081002,0.00831525536,0.00160707354,0.000942065402,0.023783061,0.00230833534,0.0793637193,0.00582268953,0.00192384526,0.0841856983,0.00496936684,0.00175669434,0.0628259282,0.0138111147,0.0035545047,0.0110579721,0.00341549062,0.00773373388,0.028287382,0.00167527451,0.0219986907,0.00543477643,0.0106746349,0.0134091863,0.0216222582,0.0205234403,0.00739000794,0.00998811351,0.00477998608,0.00289774921,0.00922635028,0.00895882265,0.00109170424,0.00252215376,0.001949908,0.0061345308,0.00636322379,0.00373882158,0.0456857248,0.00621483427,0.00459661493,0.0238284861,0.00751262462,0.0110294209,0.0260225064,0.00362161676,0.0026853658,0.0050004901,0.0015094319,0.00394987452,0.00770228562,0.00546874855,0.00335665983,0.0134854788,0.00403290081,0.00436069396,0.00278347686,0.00236785701,0.00249921789,0.00544941918,0.00230290274,0.00152983311,0.00310473174,0.00246069508,0.00211896663,0.00151161178,0.0280852671,0.0102323536,0.0040805608,0.00124051548,0.00994915936,0.00448365955,0.00410009844,0.00529281832,0.0056982221,0.019800478,0.0124888272,0.0215694515,0.00538881854
0.011653581,0.0227239207,0.0028304795,0.00145773026,0.00141083736,0.00084602386,0.00718391608,0.00459660114,0.00286414925,0.00637979589,0.00817457749,0.00357094059,0.0135250474,0.00196285774,0.00376040422,0.0262152739,0.0101335398,0.00325502429,0.0043578862,0.00566826016,0.0238808807,0.00550812446,0.00769562808,0.00133725997,0.000629028196,0.0239033639,0.00162613287,0.0804842792,0.005683262,0.00178382433,0.084650053,0.00649620453,0.00190280861,0.0644424381,0.0139934697,0.00347496344,0.00997468595,0.00360239854,0.00885691168,0.0318069642,0.00173876642,0.0215662044,0.00699647494,0.011421651,0.01331857,0.017711474,0.0193055198,0.00712908785,0.0105296916,0.00574471613,0.00249411722,0.00792885456,0.00887313713,0.00122933906,0.00266139498,0.0024107208,0.0065236369,0.00609114016,0.00453807083,0.0478052696,0.00612809445,0.00475661796,0.0221761712,0.00803791328,0.0103084783,0.0259795429,0.00326654967,0.00313012989,0.00465160506,0.0014064716,0.00403877967,0.00833333012,0.00578486534,0.00310873254,0.0131243146,0.00430485159,0.00440358369,0.00235571575,0.00296082081,0.00233281365,0.00580644787,0.0023249395,0.00139011578,0.00281284584,0.00222748379,0.00181653558,0.00181058557,0.0279715418,0.0109319315,0.00334626824,0.00123726142,0.00976590781,0.00435477204,0.00397840146,0.00642354304,0.00623574127,0.0199077882,0.0131625759,0.0220391461,0.00483190382
0.0113719176,0.0251529923,0.00281778957,0.00119173631,0.00140864925,0.000982729789,0.00768279747,0.0044977432,0.0026048804,0.00700832287,0.00854580218,0.00410340172,0.0128663409,0.00209549179,0.00519007439,0.0270208304,0.0101670824,0.00266666943,0.00437816173,0.00637813169,0.0256631313,0.00563109267,0.00741691672,0.00108195971,0.000635827804,0.0238870291,0.00164356063,0.0816821779,0.0043020331,0.00156657664,0.0899377814,0.00685506348,0.00177909578,0.0668110879,0.0133044299,0.00409706654,0.00865513538,0.00422308826,0.0097688511,0.0325722249,0.00184627761,0.0220598745,0.00767281286,0.012528487,0.0138049729,0.0163901452,0.0203865536,0.00635290507,0.0099409532,0.00630106617,0.0026584582,0.00664520807,0.00893108396,0.00137098974,0.00288382331,0.0022730694,0.00629339835,0.00622188427,0.00554035786,0.0502944931,0.00698602453,0.00481308745,0.0216048897,0.00938448488,0.00967411167,0.0253077391,0.00319211347,0.00346281268,0.00467511453,0.00181700423,0.00393114074,0.00930343583,0.00565628682,0.00254693625,0.0128313749,0.00410482641,0.00521072539,0.00200266951,0.00411430732,0.0023241408,0.00577737249,0.00192439842,0.00149198334,0.00259102654,0.00210083909,0.00271083961,0.00167808688,0.0292901169,0.0104069669,0.00271307402,0.00116160745,0.0105729394,0.00372917254,0.00401721545,0.00673705248,0.00675264972,0.0180064358,0.0126804517,0.0226918147,0.00521256612
0.0126795658,0.0286176993,0.0026454994,0.0011936336,0.00139625829,0.000974932509,0.00775359872,0.00417751133,0.00247286836,0.00756298338,0.00870434162,0.00460122625,0.0127228228,0.00176548684,0.00570995305,0.028105195,0.0103068475,0.00266144012,0.00371695929,0.00739441446,0.0256168412,0.00495594128,0.00598120796,0.000947610838,0.000478698247,0.0248709659,0.00143431038,0.0782903816,0.00460382146,0.00183630744,0.0936366549,0.00789288755,0.00236581156,0.0689291314,0.01254217,0.00401069438,0.00708486596,0.00434133969,0.0101872302,0.0355072623,0.00188552049,0.0200223299,0.00900013694,0.0131032615,0.0140289615,0.0155650206,0.0202940888,0.005701408,0.0106965507,0.00669795869,0.00235783541,0.00443599796,0.00986320411,0.00145268519,0.00192651538,0.00236388718,0.00636020504,0.00739578875,0.00649259686,0.052197282,0.00705265136,0.00501861483,0.0209320728,0.0102387477,0.0107378383,0.0244966247,0.0029116353,0.00361391562,0.004890791,0.00223713383,0.00415870652,0.0104609176,0.00413094774,0.00205640243,0.0128831244,0.00394197539,0.00615127323,0.00207161571,0.0040859316,0.00279850974,0.00628049837,0.00137779062,0.00150489337,0.00300504963,0.0019934512,0.00303168027,0.0018926113,0.0283996415,0.00979317367,0.00246469608,0.00144487944,0.0109022947,0.00432771115,0.0037096288,0.00754967928,0.006880388,0.0177487811,0.0146647485,0.0199197501,0.00529244644
0.0121502195,0.0306804153,0.00329877379,0.00119411098,0.00175438705,0.000968589584,0.00741555802,0.00404663293,0.00248584094,0.008241755,0.00881466974,0.00555165019,0.0131444418,0.00160163167,0.00599586696,0.027719949,0.00970950887,0.00242651203,0.0036576934,0.00766544947,0.0270484242,0.00464925203,0.00621381211,0.000828497672,0.000318877988,0.027150133,0.00143595669,0.0802174349,0.00430191893,0.00144527579,0.0964978807,0.00921070174,0.00205158423,0.0734424664,0.013904891,0.00397195823,0.00434078447,0.00472538244,0.0101536748,0.0370251663,0.00206776778,0.0213083072,0.00930362633,0.0131140199,0.0154259279,0.0153808277,0.0184968374,0.00486816412,0.01090386,0.00695770383,0.0026539989,0.00380746754,0.0100666212,0.00141785674,0.00192890592,0.00263117551,0.00569246635,0.00735950403,0.00673305866,0.0547561723,0.00732402286,0.00538424638,0.0192763195,0.0111906206,0.0105807891,0.0230368073,0.00271420692,0.00346960178,0.00453498449,0.00202183508,0.00350563721,0.0103480741,0.00352333733,0.00223081519,0.0118533071,0.0034407303,0.00662039846,0.00219458708,0.0055732473,0.00295719987,0.00564291328,0.00121835652,0.00138924289,0.00267306083,0.00172736365,0.00318229921,0.00209584818,0.0270570612,0.00940025029,0.00154527818,0.00144592051,0.0112917022,0.00440863385,0.00384114002,0.00806014972,0.00756441467,0.0172256794,0.0141913014,0.0204952954,0.0061596117
0.0124154941,0.0340290464,0.00376943779,0.00173959425,0.00153932059,0.00110787926,0.00803083433,0.0038503867,0.00223651316,0.00811944116,0.00903872771,0.00567529147,0.0143648703,0.00232187142,0.00594251359,0.0280037385,0.00898250513,0.00247218877,0.00295127294,0.00846424521,0.0275921849,0.00486091999,0.00554619535,0.000835889135,0.000319385912,0.026625742,0.00143225176,0.0848553298,0.00519953749,0.00139386715,0.102685467,0.00994988704,0.00163132116,0.0749974368,0.0142904161,0.00448260118,0.00454345287,0.00469451216,0.0102445058,0.0389839471,0.00212314033,0.0247641243,0.009421935,0.0131795993,0.0147748603,0.0156881234,0.0172363609,0.00468706591,0.0114926426,0.00667217319,0.00235196475,0.00323880269,0.00953678613,0.00143299588,0.00182815198,0.00274768731,0.00496312967,0.00856264794,0.00640570179,0.0562874357,0.00719130826,0.00507364704,0.0179803725,0.0121191154,0.0101064598,0.0238095435,0.00247971874,0.003425697,0.00460795692,0.00190735943,0.00343784692,0.0101049669,0.00275416868,0.0019359609,0.0121253632,0.0029562829,0.00743208185,0.00175490065,0.00682176893,0.00372439319,0.00646797801,0.000938713838,0.00176790293,0.00283305861,0.00158137122,0.00361608352,0.0024397071,0.0266676248,0.00892170178,0.00140656018,0.00142267927,0.0116071909,0.00342732958,0.0031182086,0.00917535239,0.00829472182,0.0172436431,0.0157081675,0.0203574909,0.00588155995
0.0117738849,0.0362449461,0.00356754867,0.00195444057,0.00228658592,0.00111529565,0.00820707686,0.00332364166,0.00238797495,0.00888476596,0.0104347805,0.00619442823,0.0140855429,0.00220735007,0.00644077157,0.0295060837,0.00983884336,0.00298652395,0.00204387304,0.00768875214,0.0281859345,0.00475156137,0.00553764158,0.000702739911,0.000316556071,0.0268277964,0.00151318652,0.0855775756,0.00660450197,0.000999869773,0.100470288,0.0109579143,0.00178465121,0.0732861025,0.0151241746,0.00471980721,0.00368731869,0.00567870658,0.00959540364,0.0404252998,0.00230870535,0.0253849502,0.00945175412,0.0131656351,0.0152335659,0.0167994328,0.017362618,0.00492818874,0.0119894102,0.00664293345,0.00262104902,0.00314327183,0.00927931138,0.00143558216,0.001852905,0.00262404421,0.00423965207,0.0103236115,0.00598631433,0.0567333713,0.00703178064,0.0050431074,0.0178259108,0.0123001949,0.010434262,0.0213070079,0.00263158402,0.00423532911,0.00539940929,0.00207182812,0.0038141462,0.00984252669,0.00352112912,0.00210336153,0.0124905577,0.0028024253,0.00783270453,0.00205942844,0.00837473871,0.00354227669,0.00716096803,0.000672404816,0.00185043132,0.00300572615,0.00159305137,0.00396462702,0.00300447283,0.0285881506,0.00901448394,0.00133904786,0.00113571883,0.0124295093,0.00347606439,0.00288589927,0.0115771958,0.00852104402,0.0164521609,0.0167078423,0.0200310401,0.00661057617
0.0132278814,0.0395975904,0.00307692177,0.00198087442,0.00248070528,0.000696766133,0.0100921546,0.00281786867,0.00205237274,0.0118296516,0.0115992514,0.00504091026,0.0157855524,0.00274183894,0.00617717526,0.0301370972,0.0102990524,0.00303615714,0.00177015619,0.0071266058,0.0282066319,0.00459155503,0.00570315779,0.000707715089,0.000315258028,0.0259568916,0.00142348928,0.0864331006,0.00636536773,0.00100616969,0.0979333503,0.0104122146,0.00193971812,0.0733475414,0.0145684289,0.00432384581,0.00353096708,0.0052913644,0.00971771253,0.0439625419,0.00229930648,0.0249862241,0.0099876184,0.0130627307,0.0147285869,0.0188441842,0.0163594805,0.00435821766,0.0124753391,0.00606271004,0.00247831217,0.00273547305,0.00913961965,0.00153502863,0.00160233046,0.00328631148,0.00413964093,0.0125841417,0.00635471108,0.0589105851,0.0069845479,0.00427842901,0.0171117913,0.0125465281,0.012159238,0.0211233553,0.00226245011,0.00411746881,0.00642846438,0.00211148836,0.00355202165,0.00863286454,0.00264839089,0.00216741624,0.012951403,0.00232738659,0.00797683674,0.00231716615,0.00919603472,0.00404921345,0.00851520527,0.000672314958,0.00171996659,0.00340038993,0.0018922845,0.00411146949,0.00298610986,0.0280956926,0.00852329676,0.00122183031,0.0012719075,0.0129159802,0.00314617231,0.00381737374,0.0119802188,0.00945626769,0.0158687472,0.0173856211,0.0203562402,0.0072240805
0.0143692412,0.0423075355,0.00329602788,0.00165494444,0.00293635762,0.000973846616,0.011742914,0.00265198042,0.00227466596,0.013225426,0.0120191064,0.00451651314,0.0151715967,0.00230446981,0.00578850121,0.0305879085,0.00919090436,0.00403169475,0.00115740957,0.00721913959,0.0260310075,0.00434063624,0.00537255038,0.000857633744,0.000310895911,0.0254382849,0.001775063,0.0885847664,0.00748255987,0.00107628082,0.0976336002,0.0098693536,0.00192563849,0.075333981,0.0160989304,0.00389305065,0.0030447082,0.00584875395,0.00975499641,0.0452968456,0.00188704031,0.0233587314,0.00908134371,0.0130174381,0.014017458,0.0203380963,0.0159454908,0.00466695465,0.0128565354,0.00598035554,0.0026063063,0.00265917749,0.0081720064,0.00148012151,0.00134068268,0.00326536171,0.00389877062,0.0138360145,0.00585249436,0.0587602279,0.00875547648,0.00362856907,0.0184454189,0.0120507232,0.0127422256,0.0199319865,0.00218703233,0.00493446107,0.00707298355,0.00270848347,0.0032743493,0.00800188894,0.00236332396,0.00240276544,0.0131527985,0.00202460607,0.00934119772,0.00260869736,0.00818882356,0.00426203488,0.0100769402,0.000935703753,0.00185517178,0.00275307058,0.00183553712,0.00339558689,0.00297371869,0.0273281697,0.0104731193,0.00121637912,0.00168255574,0.0122742932,0.00277778074,0.0037262343,0.0124226166,0.0102011021,0.0141940744,0.0171933075,0.0178446792,0.0083047739
0.0144358879,0.0401602976,0.00334143366,0.00207583635,0.00265559086,0.00096273026,0.013682283,0.00202538801,0.00214499892,0.0133482026,0.012663385,0.00388117284,0.0172641663,0.00220113074,0.00537712059,0.0310786228,0.00862965413,0.00390135212,0.00115803859,0.00697742689,0.0246442776,0.00396607673,0.00513625912,0.000860213593,0.00077006051,0.026671836,0.00181615095,0.0910147709,0.0112728399,0.00122399116,0.0929261583,0.00978062869,0.00178731413,0.0791756788,0.0168690364,0.00345791424,0.00354663337,0.00612327851,0.00956190792,0.0452962396,0.00192802202,0.0232398302,0.00981098998,0.0138583824,0.0142117203,0.0225970186,0.0136928152,0.0051575575,0.0126298088,0.00629522317,0.00206327513,0.00286764733,0.00745542572,0.00155940136,0.00150105017,0.00339586159,0.00308467957,0.0160360689,0.00589721397,0.0592469099,0.00880948319,0.0036136709,0.0180857462,0.0106876738,0.0130308153,0.0206439545,0.00196939622,0.00508130079,0.00695494816,0.00206376019,0.00371095622,0.00691464415,0.00205598756,0.00314418158,0.0135945371,0.00233572449,0.0100208764,0.00260266431,0.00806230877,0.00554060678,0.0114538955,0.000803428938,0.00189815188,0.00343445436,0.00236127566,0.00292487722,0.003004476,0.0284769492,0.0106398352,0.00134825023,0.00193583908,0.0118888661,0.00299600661,0.00402185175,0.0123464926,0.0103896104,0.0120665753,0.0171857677,0.0160211821,0.00845331408
0.0173818041,0.0405674387,0.0028236023,0.00215397294,0.00325203438,0.00110420783,0.0139332101,0.00162008418,0.0021367504,0.0143666434,0.0143591562,0.0035132314,0.0174948642,0.00183200126,0.00545070348,0.0328688433,0.010403023,0.0041178133,0.00130190636,0.00607317186,0.0240954952,0.00416723483,0.00505123477,0.00101273132,0.000908675719,0.0283715523,0.00224844984,0.0913890701,0.0138059772,0.00110375118,0.0881502802,0.00967652031,0.00133829044,0.0802295256,0.0189967227,0.00353228899,0.00364908563,0.00664047133,0.00983873938,0.0489996385,0.00218762371,0.0205927425,0.0102334914,0.0140483659,0.0134469535,0.0241035464,0.0142356258,0.00561717045,0.0131523132,0.00718432846,0.00186386848,0.00281995199,0.00548102291,0.00212344466,0.00120445597,0.00406239964,0.00374052812,0.0170067891,0.0060260299,0.0591776975,0.00827769847,0.00295178647,0.0185286611,0.00986233711,0.014327096,0.0210687668,0.00196671652,0.00558399993,0.00668871377,0.00212224235,0.00389518258,0.00622904023,0.00198854799,0.00346020731,0.0153087484,0.00216953486,0.0108740465,0.00286902481,0.0092542546,0.00521244964,0.01103295,0.00107152639,0.00231358764,0.00394774365,0.00311526542,0.00326339998,0.00308771716,0.0292690312,0.0115223741,0.00163399182,0.00198521473,0.0111874886,0.00255101958,0.00439127262,0.0133403375,0.00931677363,0.0111708199,0.0168524097,0.0144997934,0.00836077366
0.0194622066,0.038516236,0.00202810356,0.0024506345,0.00294906195,0.000831834646,0.0160011946,0.00160879299,0.0025575456,0.0152035632,0.0159258319,0.00303075641,0.0184754143,0.00195207069,0.00655106447,0.0316555145,0.010372851,0.00433383837,0.00131052467,0.00562796712,0.0224513533,0.00375033296,0.00559431334,0.00103229671,0.00104853044,0.0290572513,0.00265177783,0.0852503476,0.0164514478,0.00152122587,0.0882547735,0.00927807711,0.00149902989,0.0793650853,0.0206032136,0.00338665404,0.00387657525,0.00669124217,0.00965383605,0.0512644235,0.00233645,0.0204404738,0.0117847476,0.0141474936,0.0139056286,0.0241577426,0.0152064785,0.00589165282,0.0134099528,0.00690162312,0.00199175734,0.00257106185,0.00570218798,0.00255718378,0.00134851583,0.00490036081,0.00485901588,0.0180569976,0.00690416903,0.0594695835,0.00890466237,0.00262812423,0.018743889,0.00945152312,0.0143179777,0.021717178,0.00209361523,0.00497125991,0.00682956776,0.00196574085,0.00461123305,0.00594760045,0.00208333139,0.00314371379,0.0164841898,0.00326441029,0.0108485389,0.00307538111,0.00994758649,0.00477935829,0.012401039,0.000940353389,0.0024970399,0.00424277919,0.00359335149,0.00339192447,0.0036910834,0.0290230941,0.0119971566,0.00165243562,0.00211806452,0.00989082614,0.00257820252,0.0045738676,0.0127534446,0.00831284951,0.0114414733,0.0153627552,0.0131001326,0.00698655522
0.0211825228,0.0381820831,0.00156094701,0.00219422646,0.00272569731,0.00110283916,0.0162979189,0.00134066013,0.00296610342,0.0174319384,0.0173309112,0.00220815241,0.0211985003,0.00165694848,0.00777969399,0.0316006636,0.00941014858,0.00424569112,0.00112028871,0.00432361111,0.0229489602,0.00332402787,0.00595410955,0.0008910004,0.00134872154,0.0262606159,0.00266330532,0.0826899225,0.0189776165,0.00177111746,0.0883826733,0.00746335955,0.00179185054,0.0794919849,0.02274484,0.00359092505,0.00477084871,0.00625595054,0.00870542061,0.058209601,0.00276133806,0.0184429528,0.0123911274,0.0154467667,0.0150679391,0.022654773,0.0156637979,0.00680863945,0.0123066082,0.00765155922,0.00207382568,0.00219329369,0.00502885177,0.00299829086,0.00136591135,0.00579970848,0.00544834931,0.0179214256,0.00667304706,0.0565818964,0.00890634585,0.00245177878,0.0177611102,0.00963349482,0.0142878761,0.0224827824,0.0019109221,0.00406815973,0.00698344926,0.00221238853,0.00513845425,0.00516879117,0.00179856435,0.00283328407,0.0181394291,0.0035881401,0.0102097873,0.00257179903,0.00942634211,0.00434153891,0.0136980639,0.0012176984,0.00227060536,0.00424154944,0.00393046343,0.00414619723,0.00403109531,0.0280236193,0.0125455798,0.00181513728,0.00197171333,0.00996543378,0.00241837794,0.00441265888,0.0116264036,0.00860167607,0.0112500083,0.014567738,0.011922711,0.0061170191
0.0222088409,0.0375839508,0.00119331644,0.00234775154,0.00248919102,0.00167363957,0.0170549818,0.00160234786,0.00282526235,0.0196399663,0.0194093803,0.00250700731,0.0227086727,0.000993247261,0.00909961757,0.0329235436,0.0106175281,0.00402314723,0.000903908829,0.00319797747,0.0223559474,0.00282152454,0.00561142682,0.00111557253,0.00149320904,0.0265324474,0.00226276572,0.0765797453,0.0197669538,0.0016420336,0.0859077391,0.00731695671,0.00150172764,0.079848588,0.0244370911,0.00358989437,0.00590277551,0.00648021998,0.0092303375,0.0607497614,0.00264830274,0.0163244737,0.012986077,0.0150641713,0.0165660733,0.0214750641,0.0151205169,0.00700627143,0.0150000099,0.00849858696,0.00168562937,0.00203280085,0.00490033116,0.0030881926,0.00164843422,0.00701811526,0.00634805785,0.0176812912,0.00798064339,0.0565112774,0.00875816915,0.00199302298,0.0201991682,0.00951897092,0.0130619585,0.0229388345,0.00176600396,0.00418442076,0.00523361882,0.00207010577,0.00501200342,0.004668384,0.00166500053,0.00309141844,0.0186727823,0.0038916571,0.0105932229,0.00299785383,0.00944853069,0.00392992672,0.0150273005,0.00135758947,0.00201856769,0.00537010598,0.00428134391,0.00522193407,0.00398973824,0.0273038433,0.0124198942,0.00227758364,0.00196503587,0.00962659282,0.00270789667,0.00482094033,0.0114252576,0.00739098276,0.0112917821,0.0138019951,0.0119489015,0.00568029542
0.0234333027,0.0368883146,0.00117549261,0.00195199393,0.00262191852,0.00195367041,0.0179219239,0.00158520041,0.00329039831,0.0207295358,0.0205812455,0.0020651985,0.0264935711,0.00111009404,0.0114239618,0.0315910679,0.0102996281,0.00363196092,0.00160996654,0.00319702884,0.0207609898,0.00282189494,0.00623912569,0.00127131152,0.00195341723,0.0270086811,0.00213858143,0.0699454935,0.0209311847,0.00205001965,0.0905080505,0.00717607752,0.00180369584,0.0817330796,0.026706129,0.00356735119,0.0066698768,0.00628626854,0.0105839381,0.0632052286,0.00240288772,0.0144979296,0.0145158821,0.015649933,0.0186744541,0.0192466332,0.0137389683,0.00749669457,0.0141258659,0.00792602513,0.00141163162,0.00201780629,0.00495548011,0.0031934961,0.00209080093,0.00787721495,0.00646851679,0.0189548457,0.00886404205,0.0574162651,0.00881971778,0.00215481573,0.0214644607,0.00845727404,0.0130369297,0.0246913509,0.00219042041,0.00398077972,0.00464373,0.00205817937,0.0050134135,0.00437410355,0.00198412895,0.00306255793,0.0177468424,0.00372323917,0.0110606986,0.00285673718,0.00885017115,0.00376863447,0.015470606,0.0018980509,0.00200374254,0.0052029934,0.00432298307,0.00560074076,0.00359608532,0.0274864848,0.0130267903,0.00229555179,0.00187944421,0.00775902285,0.00351123437,0.00519890945,0.0110911648,0.00723366821,0.0108145411,0.0129817392,0.0121045302,0.0054267698
0.0224105372,0.0352827158,0.000887978423,0.0017725218,0.00277097507,0.0016811413,0.0179190274,0.00158625397,0.0032647909,0.0205374442,0.021563693,0.0021952342,0.0268083789,0.00102708875,0.0135500948,0.0322824584,0.01041666,0.00368125247,0.001588619,0.0029531997,0.0223685777,0.00317975421,0.00694544128,0.00142771379,0.00181790395,0.0260628699,0.00257547711,0.0655605088,0.0212504006,0.00204025778,0.090364532,0.00680316546,0.00149387934,0.0811627592,0.0304062041,0.00349649978,0.00627716749,0.0067511183,0.0108598564,0.064326075,0.00261710102,0.0147520364,0.013375973,0.0164483686,0.020170151,0.0190761357,0.0140330019,0.00791654481,0.013414522,0.0085401818,0.0011412276,0.00194795852,0.00497554491,0.00442992341,0.00206368059,0.0091542473,0.00678744363,0.0173289129,0.00918689199,0.0516557192,0.00880462732,0.00184656787,0.0205519742,0.00814332474,0.0135800115,0.0255109727,0.00229983995,0.00410815542,0.0050959715,0.00192307876,0.00458392092,0.00381983589,0.00257646072,0.00247958252,0.0178829448,0.0036021879,0.0103533132,0.00227466898,0.00861708936,0.0031342799,0.0158780276,0.00178008988,0.00203059547,0.0051930971,0.00431982812,0.00655688548,0.00428975553,0.0257345353,0.0138391295,0.00245168958,0.00185553148,0.00669230626,0.00375201092,0.00665054501,0.0107219807,0.00641117871,0.0105726199,0.0119897547,0.0125593034,0.00522317679
0.0210253335,0.0349390516,0.000745559383,0.00148743039,0.00318008886,0.00194986255,0.0179896971,0.00171390752,0.00311030565,0.021201705,0.0234306737,0.00217234454,0.0266990533,0.00100997355,0.0148826443,0.0329898194,0.0101594449,0.00315480338,0.00159567122,0.00283004096,0.0226682306,0.00279402482,0.00779546299,0.00150670246,0.00180777356,0.0275348667,0.00230282049,0.0609540595,0.0213603552,0.00191728538,0.0917953991,0.00559477367,0.00149834945,0.0806938968,0.0329938747,0.00366432048,0.00777076733,0.00737955924,0.0111328464,0.0671589244,0.00327715342,0.0123712844,0.0124921131,0.0174325667,0.020033391,0.0182932256,0.0132502991,0.00828893394,0.014529905,0.00944081199,0.00141663064,0.00167410845,0.00524622968,0.00460998292,0.00205882434,0.01020732,0.00662823351,0.0165471609,0.00912129493,0.047818298,0.00868837101,0.00184656861,0.0196422497,0.00855284563,0.0140381938,0.0282685215,0.00226918367,0.00430649866,0.00471897384,0.00192651417,0.00403283194,0.00325655462,0.00274496848,0.00206277032,0.0170767214,0.00289922997,0.0109029746,0.00228342938,0.0077074098,0.00264593731,0.0162790861,0.00190217738,0.0019141365,0.00550104233,0.00461586417,0.00701568729,0.00461996581,0.0242835745,0.0137291716,0.00212081226,0.00189933769,0.0065344411,0.00409982291,0.00559166252,0.00887986308,0.0077330725,0.0105362407,0.0100672586,0.0117077846,0.0050705754
0.0202740092,0.033934416,0.000943144116,0.00165912895,0.00367504715,0.00251396978,0.0178474739,0.00158604096,0.00261635644,0.0214804337,0.0249999934,0.00242475965,0.0271690297,0.00099169595,0.0140333235,0.0343701234,0.00927389912,0.00317906083,0.00202711714,0.00261941408,0.0238986377,0.00281155824,0.00895297147,0.00151606925,0.0022404768,0.0272731489,0.00144071364,0.060653697,0.0206414972,0.00211864442,0.0935435452,0.00576793723,0.00176159825,0.0809245267,0.0362106486,0.00353128036,0.00878763274,0.00729211032,0.0111245678,0.0690588538,0.00394649214,0.0140331085,0.0111401107,0.0167932505,0.0206076375,0.0173960107,0.0112538158,0.00841749899,0.0162461803,0.0102219555,0.0019954361,0.00195258089,0.00592951673,0.00459921032,0.00188652029,0.0114951606,0.00702426132,0.0175100606,0.00881129581,0.0446601152,0.00858313858,0.00232674401,0.0179933613,0.00776325855,0.015053127,0.0293312257,0.00297534326,0.00494977036,0.00526006437,0.00205507496,0.00310077022,0.00326069208,0.00326633519,0.00147296914,0.0162091326,0.00299023919,0.0108872771,0.00157909669,0.00706414134,0.00233644548,0.017765522,0.00218161676,0.00166251422,0.00539940627,0.00486133413,0.00796782325,0.00477754516,0.0228772008,0.013703586,0.00215037745,0.00206015853,0.00506445527,0.00473213695,0.00616641191,0.00933265607,0.00709369356,0.0107976006,0.00880587324,0.0112864178,0.00572255848
0.060792745,0.0697553293,0.0208228531,0.020750443,0.0236163898,0.021465946,0.0707316683,0.02127131,0.0225485312,0.0704056967,0.0685585133,0.0211699282,0.0890710418,0.0212163804,0.0452574872,0.107852868,0.041552035,0.0265317068,0.0212876174,0.0222488963,0.0870237364,0.0284119796,0.0367876076,0.0159543937,0.0188296873,0.0712988697,0.0253682357,0.160575294,0.0601744362,0.0181253302,0.191224591,0.0279792725,0.0191795911,0.1985303,0.118654557,0.0244681097,0.0365853398,0.0423461804,0.0494037842,0.188004515,0.0302348485,0.0602368371,0.0409703608,0.041125589,0.0701519153,0.0689026203,0.0288367871,0.0398707368,0.0583667344,0.0435255424,0.0199569019,0.0207349174,0.0325228651,0.025695956,0.0214007732,0.0487944873,0.0293058701,0.050774576,0.032326013,0.105,0.045454502,0.0218579333,0.0640953007,0.035988275,0.0535713902,0.0796799974,0.0209267541,0.0342752762,0.0246609574,0.0217390903,0.0243582815,0.0184120204,0.0254129672,0.0141562798,0.0456532014,0.0176366766,0.0446927726,0.0183288205,0.0333333998,0.0241990172,0.0585253924,0.0244409255,0.0229797555,0.0293951233,0.0276412575,0.0296751944,0.0290397235,0.0648595294,0.0511027944,0.0192413961,0.0146378861,0.0237119628,0.0235294015,0.0366109276,0.043115819,0.0407251644,0.0350729208,0.0336048923,0.0520781324,0.034214577
0.0698493309,0.0623084998,0.0321950913,0.0228260909,0.0274102523,0.0296442568,0.0969278967,0.0243664315,0.0284313849,0.101178721,0.0740196308,0.0318331623,0.117915128,0.0229478951,0.0635897869,0.147874331,0.0538301497,0.0348837088,0.034394241,0.0357143075,0.11965811,0.037,0.0443227386,0.0274122319,0.0252746957,0.0894472605,0.0282921917,0.235418735,0.0654263499,0.0286432935,0.206645635,0.0348258535,0.0198215919,0.229319537,0.171332278,0.0267591384,0.0304295724,0.0602350871,0.0760043049,0.226765487,0.0396975352,0.0859301669,0.050847451,0.0505560229,0.0778134753,0.0980393254,0.031584083,0.0488418383,0.063386921,0.0625641206,0.0194871545,0.0281762156,0.04954441,0.0435924508,0.0245989368,0.0749219533,0.0448343314,0.0599104112,0.0398707,0.130882323,0.0666364129,0.0202381652,0.0775831397,0.048143828,0.0662148509,0.0872365878,0.0283984935,0.047283692,0.0333745437,0.0329400285,0.0367261635,0.0159744857,0.0354192106,0.027745692,0.038763485,0.0275862125,0.0688105217,0.0297872897,0.032989694,0.0321750251,0.0866724809,0.0262886984,0.028403458,0.0419355036,0.0342385456,0.0413906548,0.0391303928,0.0646817272,0.07719833,0.0260145753,0.0226154855,0.0367298969,0.0239596302,0.0506208482,0.0480507594,0.0527343612,0.0371991256,0.0283757836,0.0702519715,0.0376016143
0.0645424364,0.0636215854,0.0292758412,0.0230088587,0.0377073643,0.025356552,0.114361721,0.0239234883,0.0185185124,0.0996732609,0.0774647328,0.0431654495,0.104690041,0.0288599997,0.0712024851,0.15165172,0.0732484666,0.0466666791,0.0363348869,0.0240481325,0.124629082,0.032,0.0417336125,0.0214669536,0.0253807099,0.0803278812,0.035188201,0.243111957,0.0543589494,0.0348837323,0.203013871,0.0255183711,0.0208332592,0.23696312,0.186736037,0.0199999922,0.0273722681,0.0640624872,0.0884030812,0.217544153,0.0368097993,0.0934149867,0.0303029961,0.0370370485,0.0766961762,0.112408672,0.0403726868,0.0468750427,0.0573643449,0.0606557182,0.0182724134,0.043689291,0.0677180543,0.0447635576,0.0243902249,0.0982142464,0.0563381146,0.0510018506,0.0378787554,0.129058325,0.0574128706,0.0233463461,0.0663636776,0.0310149922,0.0482529075,0.0746812333,0.0247875433,0.0459015951,0.0408998345,0.0114379138,0.0257732064,0.0125673162,0.0472589751,0.0161290227,0.0446153955,0.0330739808,0.0802269701,0.0327022093,0.0430292491,0.0291666215,0.0868644317,0.0164203862,0.0298742252,0.0519930444,0.0150659242,0.0498281016,0.0274914368,0.0744186343,0.0641447663,0.0186688693,0.0250391595,0.0307691891,0.0277778072,0.0519684282,0.0595237786,0.057275602,0.033088224,0.0255183721,0.0624024351,0.04
0.0748219132,0.0578313808,0.0313901616,0.0206185829,0.0470085544,0.0326797598,0.114555309,0.0152838205,0.0362811847,0.0954653991,0.0833333408,0.0490955564,0.0964285665,0.0209204969,0.073563261,0.149779798,0.0651163213,0.0309523845,0.0347222218,0.024024,0.129707215,0.033096905,0.0330189225,0.0205655856,0.0285713826,0.0641975599,0.0406320541,0.235083751,0.0592105364,0.0359711977,0.182065437,0.0310262599,0.0257510764,0.206331708,0.197044273,0.0220264196,0.0342105309,0.0590717094,0.0741279545,0.214285307,0.0309733808,0.0875576184,0.022222222,0.0369514878,0.0654450393,0.102510471,0.0503282003,0.0632603233,0.0426965806,0.0677569744,0.0163551393,0.0441860409,0.0606936461,0.0455635319,0.0130548351,0.0967742506,0.0560747336,0.05483035,0.0343839232,0.130695448,0.0474613662,0.0215053631,0.0614035454,0.024590119,0.0591017013,0.0742705519,0.0207468537,0.0283687649,0.0434782091,0.00950119209,0.0219512107,0.0261096578,0.0439560718,0.022670023,0.0560538173,0.0213333717,0.0892018396,0.0403022927,0.0386598062,0.0273556794,0.084946314,0.0166270952,0.0386363619,0.0507247048,0.00579710203,0.0470297312,0.0174563351,0.0822368096,0.0503432046,0.0255814159,0.0184757059,0.0338983231,0.0371429133,0.0616438992,0.0612647775,0.04157051,0.0402144563,0.0365853133,0.0590909295,0.0351288526
0.0730518774,0.0512820179,0.0382352632,0.0365448673,0.0539772916,0.026239061,0.141608313,0.0117647071,0.0423729093,0.0996884271,0.0892307229,0.0655172542,0.116822349,0.0253521101,0.0764331387,0.134502885,0.0725551764,0.0389610173,0.0596592055,0.0289256554,0.12680122,0.0418005946,0.0317460221,0.0132890381,0.0369127221,0.0754098619,0.0449102466,0.213190697,0.0738461438,0.0534591155,0.187725839,0.0436136578,0.0441988486,0.196792947,0.202531521,0.0262390676,0.0428571684,0.0704224859,0.0542168598,0.211160166,0.0352941607,0.090090136,0.0258064179,0.0526315768,0.0648463809,0.134078319,0.0498533261,0.0737462161,0.0547550254,0.0888887984,0.0231788075,0.0378548444,0.0830188941,0.0628931125,0.0180505218,0.110367813,0.063218413,0.0606059988,0.0272373856,0.151917393,0.0517751986,0.0239726339,0.0482758482,0.0261193728,0.0803857795,0.0649819305,0.0185185191,0.0473185757,0.0517927678,0.0246153324,0.0306747915,0.037974661,0.0463320367,0.0282685645,0.0690607669,0.0311418727,0.0870253635,0.0538720184,0.0419580066,0.0393700561,0.0704023082,0.0350318611,0.046296307,0.0429447646,0.0181818185,0.0495049362,0.0306122351,0.0887574107,0.0582821522,0.0243902449,0.0257234472,0.0469313362,0.0301886525,0.0694005269,0.0730478108,0.0527859026,0.0418250833,0.0485437415,0.0660660358,0.0507462744
0.110887002,0.052173908,0.048,0.0450819056,0.0864661654,0.038759702,0.170353995,0.0158730098,0.0701755153,0.101265744,0.125461333,0.0950226957,0.134538196,0.0350876888,0.105932301,0.139442161,0.113725452,0.052,0.114503844,0.0481283956,0.12937065,0.0459770568,0.0352423442,0.0282258569,0.0521739737,0.107437909,0.0706319496,0.218867926,0.095785437,0.0785123376,0.213953253,0.050000031,0.0719178558,0.219230858,0.18390811,0.0229885462,0.0560747593,0.0915750366,0.0476190029,0.236311317,0.037735794,0.0963854995,0.0325203159,0.0760870537,0.0798121988,0.163763096,0.0645161932,0.0925926083,0.059859164,0.103053448,0.0277777592,0.044,0.115740701,0.0983607266,0.0195122088,0.132420024,0.0799998976,0.0798319279,0.0212765521,0.172348528,0.0703125641,0.0401606633,0.0717300043,0.0555555128,0.114754203,0.0857142097,0.0236486534,0.0706319214,0.08542721,0.0367346578,0.045801549,0.0661157678,0.0625000087,0.0365296398,0.0799998644,0.0550458875,0.114107923,0.0739131186,0.0542986601,0.0339805988,0.077651525,0.0540539946,0.0669145168,0.059523782,0.0502513074,0.0691244117,0.0386266655,0.104089189,0.0648854558,0.0421456893,0.0450819762,0.0945945091,0.035714315,0.0941176311,0.0862620133,0.0656934272,0.0396039908,0.0641025215,0.0973781894,0.0588235453
0.162233943,0.0568181561,0.0730336883,0.0635838405,0.116022011,0.0601092824,0.233766188,0.0465116616,0.11374402,0.119999967,0.150685191,0.124260241,0.173469334,0.0406091535,0.141176504,0.156424472,0.163841744,0.0656565403,0.178010542,0.110236324,0.15,0.0645160703,0.0591716141,0.0426828855,0.0701754684,0.116279079,0.104395587,0.259067545,0.133689847,0.125000065,0.298701178,0.0691489346,0.0837209292,0.244680776,0.179104696,0.0376343495,0.0890410014,0.117346905,0.0534351973,0.275719763,0.0725388254,0.131868127,0.0461538274,0.121951113,0.0980392343,0.192488021,0.0909090591,0.139785005,0.0808080153,0.134328369,0.0338983105,0.075144565,0.153846105,0.146067616,0.0496453901,0.171974533,0.0956522623,0.104938296,0.029197082,0.179069816,0.115853631,0.0697674174,0.099999945,0.0903226488,0.13978494,0.11409394,0.033898321,0.111650558,0.106164419,0.0747126791,0.0761421648,0.105882445,0.0654761538,0.07453418,0.114035128,0.0903614277,0.13157893,0.0874317697,0.0548780905,0.0709220284,0.125000038,0.0816326473,0.129533698,0.0876289323,0.0729927156,0.106666561,0.0869565061,0.133333314,0.0802139324,0.0594059515,0.0760870674,0.126666605,0.0359712329,0.106796196,0.118942812,0.0925926204,0.0463576307,0.080000086,0.107692245,0.0928961721
0.187499906,0.0808823487,0.09375,0.0859375,0.178861941,0.116071317,0.252100704,0.0826446734,0.193333342,0.141414072,0.222222367,0.155172412,0.229166758,0.0671642748,0.176,0.216417983,0.216,0.0948903405,0.238410635,0.172839614,0.148387001,0.116666789,0.101449273,0.0707964954,0.0892856288,0.14173232,0.166666827,0.274647924,0.187500029,0.180952337,0.351852075,0.072,0.120253061,0.263513651,0.221476871,0.0629370468,0.155963106,0.149253729,0.075,0.315151322,0.124031067,0.190476229,0.0746269061,0.18620717,0.131147561,0.224489978,0.114649861,0.210083667,0.0984847508,0.176,0.0514706051,0.12068974,0.212598316,0.175182589,0.0714287143,0.194444519,0.109289601,0.168224567,0.045977077,0.165644203,0.184873962,0.100775184,0.135922386,0.117647038,0.273381278,0.12,0.0365853512,0.152438916,0.151960708,0.124999915,0.11811017,0.190476103,0.0796460703,0.103092838,0.140449535,0.166666705,0.189655128,0.128571312,0.0916666564,0.104761835,0.140151464,0.109489094,0.19580404,0.135135095,0.0882353129,0.174311858,0.124999965,0.177777737,0.0902256,0.124087605,0.139534859,0.182795745,0.0957447096,0.170370362,0.169811343,0.132353004,0.0535714382,0.0909091182,0.152671837,0.131783016
0.181034499,0.113207484,0.150943384,0.110169516,0.193877642,0.136986268,0.241379273,0.113636268,0.292682712,0.194029784,0.287878736,0.230769054,0.250000115,0.0947367568,0.194444491,0.278350356,0.229357976,0.0956521165,0.33333386,0.241379355,0.190476103,0.159574452,0.12931041,0.12195121,0.120879,0.195876241,0.239316349,0.287037117,0.229007623,0.211764748,0.487804788,0.0990099459,0.126666637,0.324074265,0.208,0.072,0.20238106,0.193877581,0.105263205,0.335616348,0.212121079,0.242424197,0.148515004,0.258620506,0.164948484,0.266129061,0.159663728,0.269662854,0.134615373,0.215686163,0.0733944632,0.18,0.22727296,0.252173925,0.119403024,0.212766021,0.116128882,0.2125,0.0694445139,0.197368539,0.198019912,0.128712955,0.1733331,0.132075445,0.310924424,0.131578947,0.06611568,0.18705034,0.21875,0.199999942,0.185185121,0.177966203,0.0421051832,0.164383633,0.183823547,0.238532278,0.223301007,0.147826152,0.109890099,0.191780734,0.155038823,0.163461766,0.254237169,0.209090878,0.107526978,0.216867427,0.21978,0.154545475,0.0900900411,0.160377261,0.226415159,0.205479323,0.0875,0.186440723,0.216,0.133928531,0.0843373663,0.0847458356,0.215686151,0.177083347
0.225225126,0.098901,0.1851854,0.113821119,0.261904743,0.1666668,0.270270063,0.139240458,0.346153555,0.22,0.333333177,0.222222233,0.275590475,0.112359721,0.193548561,0.3,0.31,0.106796221,0.356589261,0.367347153,0.214876024,0.223684211,0.121495311,0.140845,0.164179284,0.207792038,0.26020427,0.289473745,0.223880543,0.279999832,0.5277777,0.138297955,0.185185239,0.355555471,0.254545464,0.0707964586,0.204819359,0.23943662,0.1320753,0.359712352,0.267441827,0.3253014,0.166666617,0.33,0.206896476,0.211009198,0.178571311,0.318840709,0.18,0.215053692,0.08,0.222222067,0.257425744,0.371428471,0.117647018,0.2125,0.114864869,0.223880788,0.106060553,0.19014075,0.191489323,0.204545198,0.215384529,0.178217909,0.295652235,0.175438607,0.0943395845,0.222222143,0.233333177,0.247524907,0.219780198,0.201923056,0.0652175674,0.258064503,0.239316191,0.279660772,0.23809545,0.172727244,0.142857129,0.1875,0.219512261,0.177570478,0.278350377,0.2755102,0.119999824,0.316666642,0.271604919,0.191919081,0.0857142743,0.228260963,0.263736,0.194444619,0.139240272,0.245098052,0.23,0.125000112,0.1216215,0.100000027,0.285714114,0.161615984
0.235772233,0.151162655,0.240963876,0.130769224,0.265060147,0.169811285,0.226891057,0.152777831,0.402061878,0.2826087,0.343511332,0.22,0.279661144,0.120481976,0.188235238,0.371795026,0.29126222,0.11,0.346154025,0.39999986,0.206611642,0.261538378,0.134615393,0.15,0.18333338,0.23943662,0.283333342,0.225352,0.183823485,0.323076565,0.514285546,0.151898585,0.201550403,0.387096874,0.271739146,0.0851063489,0.181818,0.242424197,0.183673527,0.344594358,0.313953557,0.3875,0.191489762,0.3404257,0.216867487,0.191919081,0.144230719,0.303030152,0.19999988,0.178571321,0.1041669,0.255813774,0.3010754,0.414141331,0.162790633,0.194444522,0.143835531,0.238095,0.111111111,0.180555567,0.212962846,0.263157974,0.26984127,0.205882336,0.330357007,0.244444373,0.0918369092,0.227272414,0.23239423,0.252873824,0.294117941,0.22,0.0681816614,0.321428532,0.289719613,0.308333583,0.223214399,0.188034311,0.0972223097,0.234375,0.242424002,0.201923512,0.32967,0.3111112,0.151898776,0.380952381,0.276315972,0.247422877,0.098360681,0.246913777,0.305882231,0.159999864,0.155555578,0.274509689,0.179775564,0.126315776,0.111111222,0.0854700412,0.341463341,0.187499793
0.251908414,0.168831083,0.228915663,0.11594206,0.3125,0.172413848,0.21374059,0.225352113,0.42,0.309523879,0.340579971,0.228571435,0.229508147,0.09999991,0.14772707,0.345679265,0.276785373,0.134831725,0.305970221,0.372548835,0.226890791,0.245901349,0.13084104,0.171052751,0.283018968,0.246753,0.299019563,0.253521127,0.171428599,0.318181659,0.578125,0.166666917,0.183206233,0.448276141,0.244185824,0.130434913,0.15,0.2272725,0.1914894,0.354838514,0.362637,0.439024276,0.18367349,0.292134654,0.227272932,0.19791702,0.141509218,0.275362652,0.223529412,0.148148241,0.126315625,0.2560974,0.306122969,0.440366988,0.142857057,0.181818173,0.149350595,0.224138176,0.145161287,0.198718,0.170940089,0.246913925,0.229507975,0.2,0.299065333,0.190476095,0.103092879,0.210937395,0.177419324,0.258427116,0.325301125,0.244680802,0.107526957,0.310345069,0.264151383,0.328671115,0.23214271,0.208633407,0.12987013,0.257575474,0.278168647,0.176470409,0.333333433,0.3625,0.136363455,0.457627471,0.291138987,0.302083519,0.1278196,0.214285836,0.343750125,0.184210655,0.156250028,0.317756761,0.151162655,0.12499985,0.132530227,0.104,0.338028331,0.185840612
0.248062046,0.204301116,0.239130348,0.088607549,0.268292661,0.1969695,0.191489477,0.256410203,0.417475263,0.304347883,0.363013862,0.17272717,0.25203274,0.119565364,0.132530253,0.371794712,0.254237613,0.107143089,0.273972602,0.301886681,0.214285712,0.280701944,0.12621363,0.176470753,0.294117388,0.19512172,0.275701028,0.260273878,0.153284583,0.310810724,0.578125,0.164705767,0.18518509,0.505747445,0.269663038,0.152173978,0.145833571,0.2272725,0.217391243,0.35625,0.39893576,0.413043593,0.203883299,0.287356785,0.24,0.200000104,0.153153319,0.294871736,0.222222144,0.181818064,0.117021253,0.2268043,0.40740714,0.462962857,0.136363768,0.186440851,0.143790785,0.20339002,0.142857143,0.184971126,0.14893614,0.208791,0.20000018,0.180952343,0.254545623,0.16279073,0.131312987,0.211382032,0.206349,0.244444249,0.358024878,0.276595666,0.107843215,0.290908813,0.297029591,0.287581807,0.247787695,0.242424233,0.166666583,0.238806052,0.277778017,0.153061331,0.405660529,0.386666877,0.152941131,0.428571,0.294117712,0.287037036,0.0992907801,0.227272582,0.373831719,0.122222198,0.17,0.40869603,0.120879,0.154639345,0.130952482,0.125,0.322580361,0.203125
0.198529544,0.195876363,0.216494935,0.0807453881,0.301204549,0.208333542,0.198675444,0.2368422,0.455357344,0.333333367,0.356688138,0.175438683,0.254386049,0.15053771,0.1022725,0.381579133,0.257811871,0.0978262804,0.219999919,0.269230846,0.191304304,0.333333433,0.111111036,0.171875,0.321428657,0.164705784,0.225663793,0.222222278,0.157534143,0.30263153,0.636363636,0.151515,0.182482003,0.5308643,0.280487684,0.182926563,0.1290324,0.206896717,0.268292715,0.338983485,0.391088926,0.428572086,0.207547648,0.3,0.219047938,0.205357087,0.160714178,0.336956465,0.206896755,0.184210618,0.091954254,0.264705674,0.411764481,0.5040653,0.15909092,0.157894842,0.126666658,0.191176657,0.136363636,0.233695773,0.121212029,0.168674699,0.211538452,0.208791167,0.256880749,0.186046512,0.125000037,0.20454568,0.152542669,0.241379534,0.369047415,0.307692069,0.101851864,0.23809529,0.336734297,0.304635723,0.266666379,0.227941415,0.184615274,0.268656719,0.292452743,0.127659638,0.404040404,0.438355963,0.153846,0.456140126,0.283950728,0.315384374,0.106666594,0.1875,0.362069004,0.113402166,0.203703345,0.448275969,0.103448559,0.157894563,0.144736886,0.114503895,0.321428429,0.212598336
0.181207923,0.250000425,0.194444592,0.0657893836,0.369047611,0.160494036,0.178082045,0.229729554,0.487395213,0.410256346,0.396104012,0.136363576,0.223404188,0.107143089,0.1249999,0.373333075,0.251799056,0.0823529412,0.217105387,0.309090669,0.209302282,0.370370211,0.114285752,0.179104672,0.35714275,0.138297845,0.157480325,0.21739147,0.132911343,0.313253131,0.637931072,0.132653273,0.204724219,0.573333043,0.267605634,0.197368303,0.125000225,0.230769446,0.35,0.364705915,0.405405417,0.390804526,0.185483755,0.217391791,0.196261999,0.203389766,0.154545448,0.333333553,0.240963972,0.207792058,0.102272602,0.288461843,0.459853997,0.530769337,0.186046437,0.13793109,0.133802777,0.1666665,0.126984127,0.244565499,0.0928962832,0.2048194,0.19999988,0.195121878,0.236363705,0.219512032,0.144230748,0.248,0.186440832,0.246575248,0.387096677,0.315217668,0.102564161,0.269841343,0.349056523,0.282758828,0.262625974,0.228571369,0.159420541,0.256097505,0.330128369,0.144444486,0.434343434,0.53333312,0.17977561,0.462962963,0.293477859,0.320261884,0.10625,0.16666665,0.336206827,0.137254918,0.218181927,0.491071583,0.0795452795,0.181817982,0.130434987,0.129496204,0.339622474,0.215384948
0.163636362,0.3404257,0.203389929,0.0645161574,0.389610351,0.1555554,0.17088593,0.277777733,0.471074721,0.380952214,0.38311681,0.122449163,0.2473121,0.124999662,0.151785831,0.342857169,0.222972883,0.112359754,0.211678855,0.321428354,0.236641441,0.448979476,0.116071261,0.1964283,0.368421205,0.1443301,0.120300704,0.20000008,0.119496792,0.3125,0.614034609,0.117021218,0.170212868,0.576271354,0.273972764,0.242857024,0.105769268,0.228070454,0.411764835,0.371257561,0.466101816,0.397727419,0.184873891,0.2121215,0.212962657,0.238095014,0.203703931,0.353448715,0.275,0.202702681,0.130952521,0.209523873,0.506849274,0.588710121,0.219512163,0.152542608,0.120567448,0.148648574,0.106666664,0.240437354,0.0882352276,0.235294165,0.2,0.229729569,0.196261718,0.183673663,0.187500181,0.231292394,0.193548397,0.23333346,0.466666807,0.295918322,0.0901638821,0.225352113,0.372340486,0.313432604,0.301075619,0.218542779,0.151898552,0.250000175,0.316546739,0.134020633,0.465346568,0.557143101,0.164835084,0.489796,0.294117582,0.345028817,0.139534808,0.168831,0.280303031,0.153846126,0.211381913,0.539473416,0.0652175739,0.203883531,0.118421041,0.13432851,0.351852141,0.231884458
0.125748528,0.34,0.188976407,0.0544217848,0.378788152,0.132653227,0.185430452,0.3000002,0.488,0.351351476,0.3907284,0.1182797,0.2875,0.1111113,0.168067203,0.318181659,0.222930281,0.114583431,0.210084105,0.2575755,0.255814004,0.452381226,0.112149598,0.196428457,0.387096555,0.17,0.09375,0.209876632,0.0975609488,0.3333332,0.627118575,0.0810810514,0.163265307,0.545454655,0.234375,0.27941186,0.142857083,0.277777639,0.393939515,0.370786284,0.422763758,0.425287532,0.201550432,0.191780662,0.223301349,0.227722782,0.217948764,0.387097013,0.277108583,0.217391439,0.0967742419,0.220183103,0.536764754,0.583333413,0.292682822,0.153846192,0.124137974,0.158536579,0.077922,0.244444184,0.0769230392,0.292134566,0.207547004,0.208333479,0.24761897,0.155172553,0.240384622,0.181208065,0.206896717,0.26,0.488636553,0.34,0.115384585,0.166666783,0.37,0.328,0.258064545,0.215686135,0.166666967,0.23255807,0.33333348,0.102040841,0.472527473,0.5999999,0.1443301,0.469388059,0.279570148,0.386740361,0.156424569,0.144736857,0.251852298,0.154471409,0.235294252,0.586956641,0.0638297809,0.235294116,0.140625,0.127516808,0.346153965,0.2343755
0.122994746,0.376237578,0.166666618,0.06428572,0.4264703,0.116071355,0.165517275,0.328358439,0.455882368,0.32432443,0.387754847,0.09999991,0.333333633,0.125,0.176923133,0.34848503,0.212903306,0.119265982,0.190475961,0.235294276,0.263565799,0.552631779,0.0934579525,0.222222089,0.370967611,0.173076933,0.0769230754,0.205128059,0.0935672187,0.314285926,0.68,0.0740740844,0.153373805,0.489361506,0.213114549,0.283333473,0.115702485,0.254901725,0.40625,0.3625,0.426356496,0.448275731,0.170370605,0.219178132,0.259259225,0.18,0.236110975,0.414285591,0.2696632,0.208955442,0.129032348,0.215686181,0.561151319,0.566433706,0.307692346,0.116666707,0.135714321,0.1518986,0.0493827605,0.278409229,0.0829492893,0.297619532,0.19999988,0.235294224,0.250000053,0.140845,0.252631401,0.178343834,0.196721216,0.266666713,0.520408052,0.308411114,0.105633792,0.122222112,0.366336638,0.299145104,0.296296674,0.193333444,0.136363382,0.202127639,0.352941368,0.0882352641,0.581395516,0.641975386,0.17,0.511627502,0.280487368,0.384210501,0.164179191,0.132530147,0.212766357,0.186567238,0.266666939,0.577586263,0.0816327918,0.225225031,0.169491749,0.15277769,0.333332733,0.246268377
0.0785340314,0.380531199,0.183206281,0.0774647655,0.426470472,0.111111082,0.161971776,0.246376954,0.437499675,0.378378489,0.395522129,0.09,0.328766999,0.122222112,0.174825311,0.318840454,0.216560507,0.104761937,0.218750112,0.2394365,0.28205129,0.54761949,0.0967740748,0.196078298,0.32786873,0.194444439,0.0708661683,0.168831235,0.0994764199,0.294871647,0.72,0.0754716604,0.163934759,0.463414178,0.169491732,0.316666937,0.119403087,0.2708332,0.451613065,0.354037284,0.423077037,0.453488453,0.179310373,0.190476229,0.276190237,0.194174916,0.25688069,0.449664332,0.270588235,0.25,0.12244899,0.240740738,0.52777772,0.570469592,0.342105263,0.0909089909,0.117241315,0.123456863,0.0370370741,0.28491597,0.099999817,0.3703704,0.169811168,0.27941166,0.247524649,0.106666621,0.273684119,0.191357906,0.229508152,0.317073027,0.556700966,0.2755104,0.101351409,0.153846223,0.3854165,0.303278948,0.305555778,0.173611022,0.123711563,0.191919042,0.33962224,0.0934579531,0.652173813,0.666666667,0.138297872,0.488888796,0.259740234,0.402061849,0.153110003,0.116883,0.218310174,0.179856399,0.282442371,0.57142854,0.087912,0.2,0.163636316,0.1428572,0.388888922,0.279070099
0.074626833,0.396551884,0.181818271,0.0740740807,0.442623389,0.103174635,0.15151525,0.222222456,0.408759165,0.365853802,0.429824239,0.0957447,0.3375,0.0918368357,0.209459322,0.357143314,0.16560521,0.0982142241,0.241379359,0.25,0.275000116,0.619047976,0.10169496,0.2,0.370967348,0.240384887,0.085937457,0.18918927,0.100529058,0.2625,0.68,0.0720720656,0.175531839,0.416666275,0.157894984,0.344827328,0.118881023,0.212765915,0.411764506,0.371794978,0.425196579,0.5138891,0.154929531,0.223529434,0.284210071,0.206185618,0.220183434,0.518072041,0.247191102,0.230769208,0.120370391,0.266054981,0.51538514,0.557692239,0.382353162,0.0813952919,0.136690666,0.0888887822,0.0609756061,0.301204749,0.103092744,0.40000024,0.208333121,0.288135885,0.28301904,0.130434843,0.268041827,0.172619115,0.203390078,0.388888883,0.55,0.2291669,0.0941176641,0.191666478,0.344444238,0.366666358,0.2727275,0.193103469,0.0943396555,0.231481435,0.37499995,0.0763359369,0.693877653,0.694736917,0.148514886,0.531914813,0.210526137,0.438502458,0.133333201,0.116882988,0.22000023,0.169117787,0.310077152,0.562043565,0.0842104253,0.21,0.163265318,0.1118881,0.372548425,0.268656546
0.0673076779,0.415928921,0.213675036,0.0932204368,0.436363493,0.0909090455,0.130769096,0.214285757,0.434482611,0.414634066,0.424242382,0.11702123,0.270588019,0.0833333067,0.208860427,0.357142914,0.152941162,0.109243734,0.272727345,0.239999876,0.278261117,0.686274618,0.0944882243,0.178571243,0.366666817,0.23529382,0.0813009395,0.211267394,0.122549029,0.278350816,0.687500081,0.0782608735,0.189814433,0.538461577,0.142857414,0.363636673,0.11038959,0.26,0.395348502,0.367816031,0.421875211,0.585714234,0.156862569,0.19999978,0.25510217,0.244185924,0.192982592,0.523809407,0.217391326,0.275,0.136363524,0.254717058,0.492647057,0.575950051,0.4375,0.0957447,0.139072785,0.0927836165,0.123456838,0.275449164,0.0959595846,0.476190419,0.239130467,0.305085078,0.279570256,0.0727272709,0.249999925,0.154762042,0.179104475,0.363636582,0.584905744,0.183673618,0.109826556,0.21428555,0.354430184,0.357142875,0.250000325,0.181207869,0.0925926133,0.233009689,0.325581358,0.0763888861,0.744444421,0.709401975,0.168224213,0.56,0.189189062,0.456521839,0.127753245,0.1549295,0.233333335,0.172932104,0.341085206,0.534883702,0.0918368724,0.191489343,0.117647024,0.109589099,0.333333233,0.24285739
0.0580356913,0.364486453,0.198275861,0.110169509,0.471698147,0.0857143577,0.112,0.201834909,0.415540868,0.472222169,0.389474039,0.1111111,0.270588289,0.100917443,0.198718079,0.413793193,0.155172561,0.115384543,0.309858845,0.223529188,0.254385971,0.653060939,0.09090906,0.183333563,0.354838377,0.244680973,0.105263271,0.196969902,0.125000139,0.242718493,0.659574604,0.0826770952,0.186147006,0.435897505,0.177777653,0.4285717,0.126582099,0.229166431,0.404761943,0.403614598,0.440678175,0.612903545,0.189873608,0.168141627,0.215686349,0.239361772,0.157407505,0.506097839,0.206521838,0.256410023,0.16666677,0.215686209,0.480315004,0.546584259,0.48,0.0917430127,0.15037603,0.0947367379,0.137931214,0.252873385,0.0706520873,0.4878049,0.244444347,0.32075476,0.303030342,0.116071361,0.246753322,0.138121556,0.179104618,0.413793176,0.571428756,0.182795845,0.117977575,0.240601759,0.338709269,0.365384858,0.231884023,0.159509228,0.0952380105,0.252427448,0.378049062,0.0794701766,0.788888958,0.729323108,0.176470318,0.518518256,0.180722964,0.46820839,0.132780097,0.2054793,0.246575297,0.174603023,0.330709226,0.496240502,0.0918368908,0.222222211,0.124999962,0.0791366742,0.382978553,0.264286005
0.0454545609,0.330508653,0.196428528,0.113043433,0.431818211,0.0774192514,0.117117047,0.21951225,0.453946973,0.608695722,0.455555809,0.116504944,0.204301077,0.0973451244,0.181208005,0.473684521,0.142105414,0.115702492,0.3333334,0.172413879,0.227272678,0.740740693,0.124999987,0.169230668,0.338709269,0.174418378,0.130434761,0.323943676,0.120370224,0.223301087,0.60000018,0.113445354,0.211453969,0.411764912,0.142856986,0.510204349,0.122905054,0.272727009,0.395348977,0.410714057,0.387387102,0.666666467,0.194117954,0.15671652,0.2,0.301136511,0.129310425,0.525641349,0.173913178,0.230769185,0.180180035,0.25000015,0.433823721,0.52447557,0.636363655,0.116666752,0.176,0.0943395943,0.197531021,0.245614089,0.0597825853,0.456790663,0.266666613,0.39999976,0.264151018,0.122807065,0.306666845,0.124324265,0.136986173,0.333333367,0.54,0.147058875,0.114942565,0.266186653,0.372881151,0.39423081,0.139240442,0.175,0.0970874336,0.271027969,0.363636064,0.0718953928,0.820224408,0.735714571,0.178947282,0.483871126,0.1375,0.502673496,0.12,0.231884407,0.236486576,0.182539528,0.316239243,0.486111021,0.0990099198,0.269663303,0.15094333,0.079710228,0.346938604,0.249999955
0.061135413,0.382608603,0.177570193,0.110169501,0.421052653,0.0838709835,0.113207549,0.198412631,0.455172218,0.612244694,0.50000015,0.126213731,0.206522059,0.118644145,0.167832111,0.491525702,0.119170927,0.104347813,0.369565148,0.189473519,0.216216286,0.762711771,0.111111078,0.18032758,0.372881202,0.185185344,0.136752058,0.296296704,0.104545518,0.219047588,0.56818193,0.148854913,0.205239684,0.53125,0.219512041,0.511110953,0.108695716,0.290908658,0.375,0.388235286,0.392857034,0.7058826,0.159794083,0.151079153,0.204081657,0.280899212,0.0847457837,0.521472543,0.15909068,0.261904762,0.182692422,0.236559082,0.397260485,0.499999815,0.541666583,0.124031003,0.15625,0.0782608961,0.220779078,0.209580268,0.0641711482,0.454545509,0.24,0.418604833,0.28,0.163793003,0.272727209,0.116666657,0.107143,0.342856931,0.578947263,0.116071388,0.102857286,0.300000077,0.461538569,0.431192392,0.112359678,0.164772763,0.0786519157,0.226415583,0.382022485,0.0797546056,0.869565052,0.769230912,0.151515085,0.460317468,0.128205064,0.49999981,0.1075698,0.23287657,0.223776109,0.216666368,0.327433249,0.486486515,0.09,0.261904821,0.18,0.0725806931,0.387754739,0.210144785
0.0634920214,0.345794722,0.229885216,0.112,0.475,0.09375,0.11,0.188811032,0.52112638,0.6363634,0.510638391,0.144144164,0.206521693,0.142856979,0.147650991,0.509434353,0.122448901,0.147826056,0.333333467,0.187500062,0.172413858,0.783333265,0.127819523,0.203703602,0.338983331,0.1411764,0.158878634,0.360464744,0.0747663563,0.217391163,0.611111189,0.180769142,0.194690052,0.555555267,0.227272773,0.568181857,0.0898877164,0.326923304,0.35,0.425925469,0.338983226,0.772727109,0.155659962,0.12413795,0.173076962,0.292135258,0.072,0.525640425,0.163043686,0.25000015,0.183673618,0.2531644,0.431372443,0.51677815,0.423076685,0.145161361,0.144927405,0.0982142657,0.25,0.201219811,0.0579710472,0.395062342,0.2745095,0.4,0.301887318,0.177419359,0.276923277,0.126315707,0.0714285857,0.361110975,0.602150381,0.0990990502,0.0967741865,0.327044256,0.52,0.40000007,0.0769229923,0.187500161,0.0987655901,0.240384605,0.358024457,0.0823529294,0.864583108,0.80232545,0.186813081,0.4375,0.115384558,0.53960396,0.0936330356,0.250000075,0.225165704,0.256410007,0.327433813,0.475,0.0940170921,0.24999985,0.187499856,0.0756301719,0.365853829,0.19852948
0.0585938088,0.398058097,0.244186022,0.130769288,0.53125,0.0994151649,0.101123739,0.181818039,0.56115101,0.659091339,0.52,0.12500013,0.208333429,0.163461548,0.13194437,0.525,0.128078687,0.14782602,0.371428586,0.177083311,0.158415932,0.828125,0.124999978,0.16,0.285714486,0.129411713,0.14953269,0.450549415,0.0728155597,0.212598552,0.571428557,0.196850427,0.217742209,0.611111233,0.2499999,0.512195205,0.10555557,0.296296267,0.372092949,0.38181809,0.320388356,0.8139536,0.170305951,0.131578884,0.18518505,0.308510515,0.0535714361,0.549019405,0.184466135,0.26530642,0.173076858,0.243243273,0.43030322,0.476510458,0.392857339,0.217054279,0.16546767,0.107142745,0.327272798,0.161073799,0.0673076757,0.378048138,0.254545198,0.428571914,0.298077014,0.182539642,0.218181809,0.145251484,0.0947368568,0.342105195,0.597560859,0.0775862632,0.102040766,0.339285987,0.509804159,0.427272306,0.076923,0.198830559,0.144927714,0.185567063,0.392405204,0.0857143971,0.829787183,0.82022504,0.206896514,0.359375,0.130952348,0.525345393,0.08614233,0.242857,0.221518889,0.257812129,0.339449648,0.436708795,0.100000021,0.22471932,0.212766085,0.0598290622,0.39999986,0.189780945
0.0639098256,0.343137199,0.206521779,0.134751719,0.4999999,0.106741571,0.120481928,0.185430449,0.651851436,0.653061078,0.575471513,0.142857229,0.215908986,0.216495027,0.113333272,0.487179344,0.1339714,0.180952348,0.387096768,0.138613766,0.163461718,0.823529324,0.11920525,0.153846277,0.2,0.113636268,0.147058689,0.457446934,0.0753770829,0.187499906,0.46875,0.18548382,0.230037851,0.575,0.245282849,0.487805198,0.106508829,0.276595711,0.421052716,0.357576131,0.273504092,0.829268463,0.162499674,0.138364682,0.186915995,0.2934784,0.0701754898,0.589403452,0.158415972,0.2765958,0.155172403,0.261538274,0.400000384,0.467066026,0.3333332,0.230769525,0.144827607,0.136363597,0.322034203,0.122448986,0.0765957417,0.328766932,0.326530965,0.367647416,0.330097113,0.195488839,0.1999998,0.146739147,0.0736841853,0.4,0.607142657,0.0909089927,0.111701983,0.374269206,0.619047695,0.434782657,0.0808079919,0.19108295,0.190476,0.150537715,0.426829013,0.0880502877,0.842696394,0.866310175,0.229885162,0.301587381,0.141176358,0.510917199,0.0772058523,0.258064281,0.206896567,0.220472243,0.348624218,0.417218499,0.130081338,0.225,0.3,0.0353982202,0.36734682,0.176056379
0.0615385038,0.343750291,0.2065219,0.135135229,0.4827584,0.124999928,0.139534884,0.155405345,0.687075185,0.672727069,0.536,0.128712969,0.218390925,0.295454459,0.0903226577,0.4,0.13809513,0.2,0.352941259,0.1632655,0.137614694,0.796875,0.134146308,0.129629565,0.219512022,0.107143,0.163461551,0.495049558,0.0790960368,0.1416667,0.441176879,0.21138214,0.222007779,0.55,0.25,0.513513405,0.0923913855,0.260869404,0.4285714,0.348837326,0.247863274,0.878048902,0.169291008,0.116959047,0.175438693,0.270587827,0.0782608617,0.641379232,0.135922415,0.294117594,0.150442512,0.293103436,0.363636047,0.491428667,0.3125,0.313868487,0.177304894,0.16,0.288135827,0.119718324,0.08296939,0.280000084,0.358490587,0.393939315,0.355769325,0.195121935,0.186440695,0.139664858,0.0733944222,0.341463244,0.574467685,0.0782608735,0.106508811,0.359116263,0.65,0.471264117,0.0943396121,0.176136501,0.2500002,0.148514899,0.397726759,0.061349641,0.831775641,0.867816071,0.270833238,0.257575652,0.134831692,0.488987024,0.0639097872,0.233333583,0.15037603,0.204918,0.311926919,0.468354241,0.141666663,0.246575274,0.34,0.0347826,0.354838306,0.14893617
0.0532318483,0.395833362,0.192307702,0.131034502,0.49999995,0.138614009,0.155555369,0.131034398,0.721519204,0.696428836,0.547445003,0.152173963,0.227848023,0.379310572,0.0896552224,0.347825926,0.108490456,0.20202008,0.34375,0.166666783,0.099999862,0.7999999,0.146198873,0.153846285,0.222222167,0.12790681,0.187500025,0.489361847,0.0898203449,0.122950753,0.375,0.22047247,0.229613772,0.604651158,0.245282849,0.558823697,0.100529046,0.26666658,0.464285721,0.31952621,0.216666325,0.794871797,0.131487996,0.118279553,0.211864367,0.223684255,0.0578512246,0.657894451,0.177570115,0.346154,0.145299067,0.346939088,0.390476413,0.505617371,0.3333334,0.363636064,0.19259255,0.161290484,0.240740696,0.102739738,0.100840343,0.295774352,0.395833338,0.417910533,0.494623054,0.203125102,0.166666583,0.111111068,0.0650407094,0.380952343,0.588888971,0.087719297,0.1,0.34,0.585365702,0.505747798,0.122641477,0.187500431,0.257575548,0.13,0.4347826,0.05263155,0.825242742,0.850574582,0.284210357,0.2133331,0.142857286,0.50000003,0.0570342137,0.245901497,0.125984323,0.236220291,0.336283163,0.490566097,0.137931123,0.186666581,0.303571364,0.050420121,0.357142971,0.150684907
0.0627451049,0.459596,0.183486336,0.144827779,0.521739291,0.154589451,0.1827959,0.141025608,0.742138419,0.730768854,0.53020173,0.142857,0.250000025,0.376470588,0.106666591,0.306122394,0.123152723,0.213483436,0.4,0.144230699,0.113207446,0.727272927,0.160714254,0.152542532,0.151515221,0.120879,0.204301198,0.54368942,0.0980391941,0.124087626,0.34375,0.217741844,0.244076199,0.615384669,0.27450971,0.575757545,0.117370935,0.333333467,0.423076796,0.275862157,0.174242477,0.763157989,0.140522893,0.0886699772,0.190476216,0.205128221,0.0645161316,0.695364219,0.166666708,0.358490243,0.149999971,0.456521563,0.373873475,0.540540672,0.264705921,0.409448516,0.1804512,0.184782882,0.234042506,0.109588994,0.110638273,0.308823453,0.333333533,0.426829428,0.526882031,0.193798506,0.125,0.10000003,0.0746268607,0.416666625,0.55,0.12264147,0.0662650669,0.336633328,0.558139335,0.540697833,0.129629632,0.18378384,0.257142897,0.12,0.411215124,0.0340909466,0.805555591,0.847953303,0.26595734,0.233766187,0.1578946,0.477876245,0.0537634402,0.225806303,0.11940296,0.230158653,0.327433379,0.484848367,0.128,0.213483129,0.370370359,0.0538460918,0.306666615,0.148387165
0.0664062666,0.511493598,0.232142895,0.157142711,0.5,0.208737851,0.201923123,0.152866263,0.763975006,0.721311256,0.493976148,0.113923877,0.232876507,0.392857586,0.0985915599,0.259259148,0.12264142,0.205128079,0.391304522,0.103773541,0.0917430558,0.6923076,0.14044946,0.1666665,0.176470782,0.146067396,0.218750012,0.554455553,0.120300776,0.117647154,0.310345,0.17796615,0.2725,0.603174603,0.249999725,0.53125,0.146443456,0.326086867,0.521738983,0.254437604,0.15646258,0.761904905,0.173077196,0.0814479677,0.220588166,0.149425655,0.0676691188,0.727272827,0.172413924,0.395833179,0.138211401,0.384615469,0.394958102,0.60000029,0.307692123,0.416666983,0.149606222,0.155555516,0.22,0.0948904909,0.13963968,0.372881464,0.425,0.433735227,0.565217491,0.223880783,0.09375,0.0903614458,0.0948904416,0.4285716,0.495495352,0.136363588,0.0568182182,0.370892052,0.534884,0.535714325,0.141509397,0.19895288,0.265822813,0.0957446521,0.392523118,0.0384615654,0.774774949,0.845678915,0.268041446,0.210526158,0.171717083,0.479820434,0.0512820169,0.217391726,0.110294106,0.21212119,0.33333366,0.526315508,0.111111062,0.24,0.30000008,0.0575539653,0.320987607,0.161490788
0.0790514629,0.5000001,0.218487757,0.176870884,0.476190481,0.207729355,0.20370377,0.155844043,0.761628074,0.703125,0.475308548,0.128204936,0.279411744,0.354430077,0.110294231,0.218181669,0.135922233,0.214285936,0.363636245,0.105263151,0.0825687072,0.576270997,0.159793783,0.20000012,0.157894737,0.14606751,0.266666627,0.541666983,0.110169522,0.112903182,0.3125,0.166666732,0.313775576,0.617646576,0.237288068,0.5000001,0.1544401,0.319148809,0.608695435,0.230303104,0.150684882,0.829268466,0.178787662,0.0785123549,0.243243273,0.10465111,0.0729926425,0.761589625,0.146153754,0.415094025,0.125874276,0.386363723,0.374999998,0.638190393,0.4,0.437955708,0.15,0.179775366,0.211538415,0.115942073,0.150000021,0.350877575,0.470588259,0.372340261,0.611764578,0.210526358,0.0634919937,0.108571462,0.0814814763,0.433333217,0.495867897,0.148148239,0.0578946977,0.358744414,0.437499956,0.569767243,0.173469479,0.172222251,0.272727527,0.0813953407,0.432692234,0.0231213942,0.767856933,0.846153932,0.257425736,0.243589976,0.155555493,0.454106058,0.0443686247,0.172839631,0.0916030598,0.194630724,0.323529531,0.540540528,0.121739112,0.221052555,0.257142703,0.0629370424,0.3170729,0.200000216
0.0739300796,0.550632665,0.23308266,0.185184974,0.434782626,0.215246665,0.201612784,0.164633994,0.765362973,0.722221994,0.435582566,0.128571454,0.297297289,0.333333167,0.111111097,0.207547125,0.119791684,0.205479362,0.444444133,0.105263314,0.0849056017,0.537037039,0.14893604,0.171875,0.146341288,0.181818064,0.272726927,0.527472475,0.15315306,0.103703644,0.3,0.150793631,0.360465472,0.578125,0.283018713,0.534883614,0.160142415,0.339622798,0.6,0.207100588,0.15000005,0.818181664,0.172727524,0.0617760214,0.262820372,0.0898879551,0.0638298128,0.745222933,0.116788219,0.393442918,0.141891976,0.285714214,0.384615503,0.646153701,0.52380971,0.42222253,0.108333442,0.159574516,0.222222111,0.100000022,0.154545571,0.2999998,0.536585222,0.346938727,0.604395584,0.179856159,0.0967740581,0.121951254,0.0757576003,0.451612694,0.442747925,0.1530613,0.0396040008,0.372807455,0.469388124,0.576470785,0.16666658,0.154285963,0.351063919,0.0769229923,0.392856666,0.0121212142,0.803278661,0.822222199,0.268817177,0.26506052,0.142857,0.426470582,0.0471380262,0.15116273,0.119047607,0.180644766,0.315789584,0.493055919,0.116071334,0.241758052,0.263157947,0.094202963,0.358695713,0.198863736
0.0881228159,0.5714289,0.227941387,0.209302253,0.48,0.253455947,0.157894863,0.169934651,0.7671955,0.724137366,0.387097153,0.132352934,0.296296459,0.303797543,0.108695764,0.185185174,0.145945932,0.256410203,0.470588,0.111111107,0.114285641,0.45098019,0.136611908,0.123076738,0.163265353,0.177570189,0.309524045,0.539325684,0.163043751,0.113636407,0.256410354,0.1484375,0.426751231,0.625,0.292683005,0.51282041,0.153846092,0.368421374,0.6153849,0.184971067,0.171232935,0.795454461,0.161383379,0.0669013598,0.284848787,0.0898878551,0.0472972916,0.751514852,0.115646078,0.402985078,0.166666837,0.325,0.423663984,0.62499978,0.5813956,0.474452951,0.111111178,0.211764642,0.283333673,0.103703702,0.141592917,0.318182,0.575,0.336448849,0.623655912,0.187499957,0.119403152,0.127659574,0.0704224965,0.407407544,0.45774639,0.2,0.0434782661,0.367768738,0.442307856,0.593023537,0.18269226,0.190476206,0.38532104,0.0779219922,0.444444311,0.0231214012,0.779527677,0.798386987,0.284090642,0.2875,0.126436974,0.450236677,0.0469798321,0.16666667,0.107437969,0.147727477,0.3253014,0.503355701,0.115384623,0.187499969,0.246153772,0.105633718,0.329787135,0.176470802
0.0898877402,0.647058512,0.233576279,0.210526442,0.49999995,0.285714011,0.133333349,0.15060244,0.809278309,0.732558207,0.331325433,0.17460324,0.289156613,0.257575648,0.0827067504,0.189655324,0.13450288,0.265822573,0.4999997,0.113207374,0.09999992,0.436363713,0.150289,0.119402936,0.171875,0.18260865,0.316455327,0.5000001,0.20238138,0.0781250391,0.325,0.125925911,0.459119694,0.661016542,0.243902273,0.46666656,0.156862593,0.4,0.607142818,0.153005629,0.1543211,0.744681055,0.155988805,0.0562914301,0.261363771,0.0987655605,0.0379746854,0.752808912,0.0961538704,0.424657585,0.197368549,0.317073173,0.457875469,0.602151107,0.638297872,0.454545476,0.0757575767,0.240506396,0.283333273,0.126666614,0.138888867,0.352940894,0.641025656,0.31092449,0.616279347,0.14093966,0.136363623,0.16546762,0.0689655207,0.476190481,0.473684337,0.201834728,0.0271493454,0.432098303,0.448980014,0.632911443,0.163636335,0.209150363,0.395161094,0.113923946,0.44954119,0.023391793,0.746154248,0.778688502,0.275,0.338028,0.1625,0.495651896,0.0418118517,0.175438639,0.111111083,0.155913969,0.297297141,0.472973125,0.10989,0.176470447,0.25,0.154411732,0.374999863,0.167512753
0.10147602,0.661764771,0.281689958,0.220588243,0.52,0.294247737,0.143884989,0.12571422,0.821782184,0.708860716,0.291139445,0.212121142,0.305882175,0.279411816,0.0575539499,0.185185056,0.133333246,0.25,0.5555554,0.10891086,0.120481928,0.409835882,0.151162738,0.0735294926,0.155844125,0.182539703,0.2592595,0.480519336,0.215189665,0.072992669,0.317072985,0.103703632,0.539393861,0.666666367,0.184210563,0.50000005,0.157232941,0.390625,0.625,0.15168557,0.134831383,0.769230615,0.136239809,0.0577507935,0.25806486,0.101265849,0.0649351216,0.76373639,0.0797545211,0.449275465,0.214286036,0.236842353,0.461240488,0.588541475,0.62,0.457143012,0.0413223215,0.208333437,0.285714,0.14375,0.156682126,0.448717724,0.589743654,0.316239297,0.590361764,0.115646123,0.142856943,0.210144858,0.0880503217,0.454545564,0.513333371,0.208695742,0.0211864542,0.430961872,0.428571986,0.638553953,0.119658014,0.198630208,0.4296875,0.169013915,0.464646325,0.0348836913,0.736842061,0.76923088,0.325,0.357142521,0.188405949,0.522449006,0.0431654374,0.159663802,0.111940235,0.133333368,0.371428389,0.47014952,0.119047817,0.178571504,0.258620845,0.141844028,0.395832981,0.163265344
0.115241706,0.69999992,0.315068378,0.195804219,0.548386865,0.295044816,0.134228213,0.101449267,0.819587645,0.705128382,0.253247032,0.253968303,0.318681423,0.320000336,0.0671140974,0.178571379,0.112675994,0.263157842,0.736842305,0.123595564,0.146666517,0.338235197,0.126506024,0.0615383815,0.123595615,0.201550511,0.261363595,0.455882326,0.23943662,0.0661764587,0.372093023,0.108108103,0.60625,0.712121385,0.1842106,0.483333368,0.148148291,0.369230837,0.606060642,0.148571586,0.10824757,0.717948603,0.121212168,0.0628571738,0.262294813,0.128205,0.0599999936,0.785714006,0.0674846062,0.439394012,0.222222661,0.219511844,0.496182972,0.559585358,0.614034939,0.456953613,0.056,0.238805857,0.294871923,0.136904896,0.152380895,0.423076669,0.594594538,0.260162523,0.564102769,0.120567231,0.16,0.277372466,0.117646918,0.481481485,0.512048056,0.230769217,0.0289256042,0.428571446,0.537037037,0.688311619,0.112903267,0.17985623,0.4963501,0.208333358,0.543478011,0.0710058301,0.644294943,0.780701856,0.291666458,0.323076732,0.196721179,0.57735855,0.037313446,0.127118719,0.112781977,0.16972516,0.424242727,0.52857131,0.151162776,0.155844084,0.230769185,0.203124805,0.443181689,0.15816333
0.116363619,0.684210326,0.321678013,0.191083207,0.486486246,0.306976856,0.1052632,0.0934580031,0.84079604,0.674698865,0.22972938,0.269841243,0.2840907,0.342857106,0.0714285929,0.15625,0.114503884,0.2875,0.714285643,0.123595639,0.176470629,0.265625,0.13294802,0.0645160452,0.119565316,0.216215905,0.303030242,0.4461535,0.250000075,0.070422543,0.439024295,0.0860926376,0.625766762,0.685184843,0.189189132,0.483870339,0.14375,0.382352824,0.6000002,0.132596544,0.102564059,0.7,0.127371322,0.0668524554,0.269230533,0.166666833,0.0600000098,0.79787236,0.047619019,0.424657812,0.21118018,0.22,0.50588198,0.542372954,0.576271208,0.467532978,0.0534351185,0.257575629,0.2352937,0.129213642,0.17525771,0.409638605,0.605263158,0.275000376,0.525,0.107913761,0.19999974,0.289855304,0.112994307,0.464285493,0.505952391,0.243243195,0.0329218442,0.433035924,0.537036983,0.666666667,0.111111051,0.151315671,0.471428399,0.243243295,0.516483465,0.124182993,0.645161328,0.824074087,0.278481095,0.360655661,0.216666792,0.614545543,0.0406504057,0.135593297,0.143939414,0.158798173,0.507936506,0.552238785,0.159090711,0.10126569,0.206349,0.319327828,0.50000025,0.167442273
0.119133481,0.660714395,0.300699022,0.17834432,0.525,0.336538523,0.113207499,0.0836820084,0.837320441,0.658536763,0.184931319,0.318181786,0.303370861,0.426470485,0.069930109,0.1917807,0.08,0.352941247,0.740740644,0.1666665,0.186440925,0.213114649,0.130952344,0.0655735869,0.11702123,0.248322228,0.33173074,0.424242761,0.30158707,0.0624999825,0.512820556,0.0827586086,0.675675523,0.711538973,0.205128244,0.523076714,0.162079704,0.412698413,0.6071427,0.131428625,0.0875576025,0.6578946,0.121468924,0.0752089586,0.264248545,0.197368382,0.0699301276,0.795,0.063380269,0.474359058,0.19871805,0.230769238,0.514056146,0.546511359,0.609375,0.45859895,0.0510948822,0.246153797,0.249999875,0.105555574,0.175257688,0.355263107,0.57575763,0.284482385,0.548780694,0.117187441,0.191489477,0.310810615,0.13372089,0.48,0.514970258,0.234234195,0.0321284932,0.425000352,0.525424027,0.74025974,0.0731707405,0.142857117,0.464789093,0.295774352,0.571428186,0.15527942,0.602649485,0.842592518,0.257142574,0.30000012,0.222222,0.640468125,0.0497737262,0.119047617,0.1171875,0.131914919,0.459016375,0.588235262,0.117647012,0.0952382238,0.233333313,0.421488004,0.543477828,0.176744183
0.126315761,0.6792456,0.320895489,0.176100512,0.627907274,0.356020814,0.103225861,0.0787401922,0.825870748,0.597561038,0.1633987,0.3333334,0.31707269,0.49999935,0.100000002,0.2048194,0.0737704149,0.33734933,0.678571264,0.185714081,0.178571243,0.1641792,0.114130502,0.08,0.109890099,0.255033412,0.334862446,0.384615454,0.327586198,0.0808823578,0.513513605,0.108695693,0.682432005,0.685714406,0.2,0.4929575,0.178160786,0.513888838,0.555555444,0.146067601,0.0622221477,0.617647191,0.111111104,0.0871934851,0.267326586,0.220588434,0.10000002,0.838541633,0.07142861,0.430555828,0.198718264,0.229166738,0.575629815,0.531428595,0.622950848,0.432098471,0.0522388595,0.19999984,0.309278876,0.0955056675,0.19780202,0.361111128,0.55172401,0.2946429,0.585365517,0.111111182,0.211538579,0.306122459,0.117977534,0.52,0.545454551,0.252173887,0.0409836139,0.403587287,0.576271181,0.784809971,0.0731706961,0.114457889,0.47727294,0.29850767,0.60227256,0.180644958,0.549668754,0.851851807,0.263888883,0.266666713,0.232142662,0.654341208,0.05882348,0.114754033,0.109375055,0.139013474,0.473684363,0.652694371,0.12903231,0.0930231907,0.228070409,0.484375,0.548387416,0.211618171
0.117449598,0.66,0.355371807,0.175757511,0.6739129,0.365591518,0.0880503043,0.0676691932,0.820895554,0.561643981,0.145833438,0.417910342,0.316455795,0.60000012,0.0939597724,0.197674379,0.0655737239,0.2875,0.741935503,0.191780719,0.192307746,0.185714137,0.0983606728,0.1489362,0.113402132,0.262411443,0.370832955,0.373134251,0.362068745,0.0763889076,0.6000001,0.0958904707,0.711110664,0.65,0.3333334,0.506172996,0.188235454,0.547619117,0.48,0.154762004,0.0593220096,0.65625,0.0958466027,0.0868347253,0.270141997,0.192307481,0.11278191,0.847715799,0.0661764507,0.463768068,0.185185181,0.283018585,0.565217166,0.52659565,0.630769463,0.396226368,0.0482758428,0.2058825,0.326732996,0.104972408,0.216374053,0.353846258,0.545454636,0.320388643,0.584415526,0.133333289,0.196428537,0.296296601,0.122905006,0.56666667,0.540145489,0.232758646,0.0460829334,0.400000218,0.612903345,0.792207734,0.0756302699,0.0818713877,0.499999685,0.353845935,0.582417524,0.201342196,0.490066506,0.83809527,0.259740234,0.186440963,0.22,0.667182803,0.0666667327,0.0852713591,0.114035045,0.123931648,0.517241238,0.723756846,0.129411752,0.0795454159,0.263158011,0.533332896,0.577777738,0.210937989
0.119999939,0.655172203,0.372727053,0.2,0.730769023,0.366666233,0.100591714,0.0804597852,0.805128278,0.512820654,0.114285714,0.46031746,0.3333329,0.6875,0.112582771,0.18,0.0737703866,0.283783572,0.764705729,0.1969695,0.2083331,0.191176776,0.0885417203,0.1627906,0.133333293,0.286713001,0.38934485,0.297297208,0.322033575,0.0629370562,0.60000014,0.0805368871,0.736842105,0.7,0.321428393,0.464286068,0.19364147,0.602040879,0.473684221,0.13375796,0.0580913188,0.58064521,0.102739774,0.0968660532,0.242677751,0.170731622,0.124999938,0.862244983,0.057971069,0.459016297,0.183544364,0.351851946,0.598173341,0.513966094,0.606060782,0.367741637,0.0389610555,0.205882538,0.303921673,0.0738636038,0.215116103,0.387754822,0.526315811,0.323232459,0.590361682,0.170454353,0.166666667,0.256983465,0.131979658,0.59375,0.519379764,0.196581211,0.0521327278,0.379912837,0.60344804,0.772727395,0.0840335733,0.0689656341,0.503937138,0.34375,0.595744538,0.230496508,0.467105566,0.868687,0.282051331,0.18,0.259259048,0.67921741,0.0702702766,0.0687023645,0.129629645,0.113360354,0.478261265,0.762886515,0.117647047,0.090909,0.271186447,0.577464581,0.5340914,0.224
0.129999932,0.688524851,0.382608819,0.154762023,0.749999325,0.37628865,0.0913978635,0.0984848341,0.807486703,0.475609838,0.118881056,0.507462593,0.346666735,0.696428679,0.129870061,0.160377399,0.0970150307,0.285714357,0.729729619,0.208955416,0.18,0.151515,0.07,0.225,0.10227262,0.288590842,0.421739084,0.278481061,0.291666658,0.0496454199,0.578947284,0.110344872,0.753731235,0.6976746,0.387096216,0.42045471,0.18879016,0.628865774,0.333333067,0.157534352,0.0423076545,0.535714232,0.112676104,0.0948275946,0.277992115,0.114942674,0.149253969,0.870646617,0.0620689779,0.49999965,0.202312181,0.363636227,0.595237754,0.497354488,0.644067585,0.370129868,0.0306748274,0.203125,0.323529512,0.0677967153,0.212121459,0.318181745,0.5714287,0.361702164,0.536842007,0.197368421,0.19999992,0.275675604,0.13333325,0.647058735,0.50000025,0.192982441,0.0478469487,0.340335657,0.546875,0.795454618,0.11,0.0685714593,0.504132042,0.339285607,0.615384615,0.265734291,0.410958567,0.88,0.261904783,0.19999996,0.309090855,0.670000036,0.0730338253,0.0684930882,0.150943449,0.103734323,0.5357145,0.788991241,0.114942789,0.0952380076,0.298245721,0.577921926,0.534883974,0.232824128
0.14461539,0.671641566,0.309091099,0.161849821,0.698113208,0.38690486,0.078124993,0.0979591655,0.76100617,0.406249797,0.108974356,0.561643849,0.342857234,0.71929796,0.14765099,0.160714273,0.110344783,0.291666654,0.6842104,0.27419341,0.215384422,0.153846062,0.0643564832,0.2553192,0.146341259,0.30405361,0.415887882,0.246753297,0.288135785,0.0797101846,0.514286,0.0902777511,0.753968271,0.744680851,0.461538169,0.373626336,0.163142027,0.591836786,0.3125,0.159722187,0.0346153358,0.555555444,0.106227027,0.0909091409,0.258555197,0.114583508,0.159090995,0.894977244,0.0774647461,0.471698272,0.238371843,0.381818024,0.573604096,0.520833033,0.642857464,0.366666849,0.0277777667,0.17910451,0.359223665,0.0691823172,0.219355204,0.307692315,0.545454309,0.357143043,0.588235406,0.194444422,0.233766077,0.291666436,0.118644167,0.705882506,0.464912282,0.241935567,0.0558375189,0.338843117,0.580645342,0.822222347,0.125000113,0.0624998538,0.484126811,0.333333467,0.648351648,0.275590139,0.439715912,0.872340387,0.270833521,0.210526568,0.344827524,0.634246335,0.0838322752,0.090322451,0.173469531,0.0948617236,0.543859737,0.783185684,0.121951112,0.0841121818,0.35185167,0.579882152,0.527472622,0.259542122
0.136076014,0.729729792,0.288135528,0.15853668,0.6363637,0.363095137,0.0891089116,0.122881401,0.726415053,0.4,0.122699343,0.59420313,0.352941218,0.764706129,0.16883095,0.152542417,0.151898618,0.291666829,0.684210589,0.359375,0.224137943,0.164179334,0.0539215697,0.294117606,0.190476429,0.337579592,0.476852042,0.269230727,0.257142931,0.0791367338,0.555555467,0.0857142423,0.765217315,0.6304349,0.5223882,0.32352952,0.142028915,0.616821944,0.375,0.1484375,0.0232558191,0.55172409,0.100746244,0.0815047109,0.234432105,0.12,0.171875086,0.889795936,0.10563375,0.490909055,0.263803614,0.362068955,0.60773449,0.5026178,0.666666467,0.385713873,0.0263157847,0.231884361,0.364583554,0.0657894533,0.19753084,0.314285869,0.444444467,0.385542123,0.576576592,0.27142849,0.227272782,0.275,0.0946502766,0.685714206,0.471698535,0.22033895,0.0653267387,0.354477675,0.571428343,0.770114799,0.114942666,0.0695187818,0.450819589,0.367346953,0.645833423,0.28,0.410958968,0.844444507,0.290322539,0.147058897,0.345454607,0.614775403,0.0787879922,0.0751445075,0.15151507,0.0859376129,0.555555533,0.782608379,0.13924037,0.0873786913,0.423728734,0.553672559,0.510869438,0.300411426
0.156862701,0.729729792,0.299145021,0.178807881,0.6274507,0.342105172,0.0970873718,0.147679336,0.750000072,0.342104847,0.136363576,0.635134854,0.362068866,0.836363735,0.151315861,0.141666724,0.172839605,0.2957745,0.631579021,0.421053026,0.258620722,0.174603175,0.0615385265,0.285714229,0.2048194,0.325658147,0.443395889,0.19999984,0.205128182,0.114864887,0.542857546,0.07142858,0.752212355,0.612244733,0.551282265,0.307017704,0.119891126,0.580357335,0.529412,0.130434821,0.0257352753,0.51612919,0.10116742,0.0759075824,0.227941176,0.0947366526,0.164179194,0.862745123,0.11971831,0.461538169,0.239521267,0.46,0.615819034,0.488763279,0.693877345,0.354330602,0.0232557974,0.250000125,0.453608309,0.0927151911,0.209581125,0.242424121,0.423077038,0.371795026,0.571428549,0.296875,0.284210485,0.319444383,0.0763636362,0.684210526,0.477064479,0.2421875,0.0645161239,0.330827066,0.526315632,0.752941374,0.119999972,0.0792079681,0.466101771,0.302325642,0.660377571,0.314049369,0.436241396,0.83,0.302325409,0.228571446,0.365079063,0.572727276,0.082802654,0.0890052,0.148514896,0.0826772421,0.520833148,0.745370283,0.1216215,0.111111067,0.44927543,0.531791584,0.488636044,0.327272585
0.166666717,0.74026,0.310924098,0.161290234,0.528302258,0.405594544,0.0990990576,0.2,0.720394934,0.309090671,0.112820483,0.68918922,0.344827659,0.84,0.160256501,0.145161209,0.20645148,0.318181968,0.583333392,0.454545518,0.267857034,0.224138033,0.0502793326,0.264150879,0.20481938,0.345161012,0.432692355,0.169230651,0.146341359,0.126582132,0.529411688,0.06338025,0.745454522,0.586956235,0.615384285,0.297520683,0.104278038,0.60000009,0.476190481,0.152777749,0.022471902,0.555555633,0.0984251554,0.0716510143,0.23970059,0.0879120615,0.177305071,0.877256349,0.1151078,0.40384626,0.214723766,0.344827193,0.614457893,0.494186129,0.673913167,0.299212454,0.0188679283,0.2857142,0.531249834,0.110389531,0.238636298,0.235294076,0.370370433,0.324324327,0.544643185,0.305085178,0.308510638,0.327981703,0.0726644725,0.631578947,0.427272917,0.230769131,0.0607734235,0.304195554,0.5806455,0.744186226,0.211267894,0.0858585386,0.487805321,0.315789411,0.703703852,0.352458979,0.469798586,0.844036798,0.29885107,0.310344938,0.34375,0.545112623,0.0869565913,0.0861245119,0.142857107,0.0730768742,0.511628005,0.745192657,0.191176504,0.131578921,0.49999965,0.567415432,0.420454426,0.319248779
0.172413784,0.723684238,0.317829232,0.191082695,0.456521772,0.4296875,0.0875574736,0.219607877,0.70486107,0.30476147,0.105,0.708333129,0.290908916,0.828125,0.156862659,0.13333342,0.230769035,0.338709335,0.59375,0.457627097,0.307692438,0.215686094,0.0292397515,0.2459013,0.213483536,0.381987573,0.383838269,0.19047619,0.13402072,0.126506075,0.57575763,0.0653595,0.756756964,0.545454036,0.604938319,0.275000006,0.0939087123,0.59130402,0.357143064,0.152317861,0.0230769061,0.4999998,0.0955882614,0.0621117944,0.238596342,0.097826212,0.134920567,0.873239363,0.146853218,0.326923167,0.21387305,0.295082007,0.602409419,0.484848099,0.7,0.269736719,0.00938967615,0.291666638,0.539325584,0.129629601,0.255319036,0.256410203,0.413793234,0.309859,0.554545916,0.3235292,0.39999972,0.361990809,0.0689655683,0.70270293,0.474999682,0.240601456,0.0697673791,0.280130631,0.484375,0.784946086,0.296875,0.09,0.429687215,0.32432433,0.682692032,0.369230294,0.525641325,0.829059941,0.3,0.379310048,0.369230822,0.501187321,0.0764332084,0.0861245358,0.150943401,0.0711462171,0.49999995,0.749999815,0.166666583,0.1666665,0.515625,0.60655723,0.39534874,0.318840687
0.173010475,0.7594932,0.323529244,0.204969031,0.422222069,0.420635047,0.0883720674,0.244725812,0.670634483,0.240740931,0.092233004,0.746268178,0.30357113,0.814285807,0.171974522,0.139130394,0.253520961,0.375,0.53125,0.451613071,0.379310372,0.217391143,0.040697652,0.229507923,0.191489343,0.372611458,0.336633738,0.20000008,0.144329999,0.136645973,0.441176556,0.0718561775,0.74311951,0.45238101,0.642856971,0.278688126,0.0909090673,0.585585547,0.366666747,0.119496793,0.0117187482,0.527777606,0.0950569886,0.05,0.27054848,0.09999992,0.132812633,0.871527711,0.185714459,0.288461658,0.187134475,0.276922855,0.587878654,0.530612344,0.6578946,0.270833235,0.00938968188,0.304348226,0.593406534,0.132947973,0.257732135,0.243243297,0.333333133,0.265822727,0.553398074,0.342105234,0.436169987,0.379629657,0.0833333733,0.725,0.441666504,0.240601648,0.0843374169,0.265079055,0.444444556,0.820224472,0.383333585,0.0895521927,0.398437699,0.352941259,0.688073319,0.387596835,0.522580427,0.861538513,0.3333335,0.448275455,0.333333033,0.473282393,0.0738255121,0.0980392314,0.16666674,0.0615384298,0.525,0.758241524,0.246575323,0.192982488,0.53968254,0.628571233,0.409091264,0.401869173
0.187279242,0.736841774,0.340909333,0.227847877,0.446808421,0.468253635,0.0829493739,0.23175972,0.665178791,0.226890947,0.072727204,0.776119379,0.285714086,0.8358209,0.182432374,0.158333408,0.292307706,0.360655572,0.56666677,0.421875,0.4444445,0.255813902,0.0479041792,0.224137866,0.208791209,0.396103804,0.348623607,0.276595579,0.152174009,0.14375,0.454545573,0.0658681527,0.76576594,0.410256446,0.663043436,0.228070282,0.0812807881,0.627450756,0.411764676,0.0887573921,0.0119047499,0.545454427,0.100000058,0.0432098627,0.263158451,0.128204987,0.148437574,0.860389751,0.212765915,0.25925913,0.146596688,0.268656654,0.585366083,0.523489956,0.657894737,0.2624118,0.0133928677,0.328947434,0.59756106,0.139664839,0.310344693,0.263157842,0.294117565,0.265822641,0.564815143,0.3333333,0.484210403,0.368181911,0.0823863719,0.74999985,0.453124727,0.240601552,0.075,0.259878286,0.476190581,0.850574579,0.448275666,0.107526805,0.407407504,0.290322497,0.711538224,0.406014881,0.550632585,0.854961674,0.328571596,0.40000018,0.327868566,0.434210324,0.0902778014,0.0880828912,0.179245621,0.0641509057,0.543478209,0.742515669,0.302631549,0.226414913,0.5692306,0.643979115,0.423913088,0.401960352
0.20069236,0.795180559,0.378150884,0.234939877,0.39999982,0.486725233,0.0841121934,0.248889058,0.658653554,0.221238972,0.0663716827,0.739130135,0.245282823,0.835820816,0.209459521,0.149606328,0.353448301,0.369231085,0.551724114,0.406779875,0.473684368,0.285714286,0.0469798632,0.218181813,0.151162715,0.448051934,0.307017567,0.326530606,0.1720432,0.145454553,0.378378527,0.0681817155,0.765217562,0.324324359,0.632183578,0.207207183,0.0765432668,0.59999982,0.454545573,0.0934065404,0.0204081545,0.606060524,0.0769231185,0.040625,0.252491659,0.1599997,0.146551742,0.858974537,0.212765957,0.233333313,0.123711503,0.263888889,0.574712946,0.5263162,0.609756383,0.232394073,0.0279069773,0.293333435,0.628204788,0.117346914,0.314285625,0.236842011,0.270270073,0.278481067,0.564814984,0.388888922,0.561223844,0.350210826,0.094555882,0.820513,0.438461713,0.265151724,0.0617284017,0.280757467,0.439394332,0.838384,0.482758862,0.101010103,0.401360376,0.21875,0.64,0.402877727,0.569620213,0.868613233,0.367647174,0.352941118,0.30000023,0.383377667,0.0985916092,0.0878048439,0.179245635,0.0662020854,0.523809467,0.76923074,0.350649,0.255813953,0.535211232,0.701086894,0.389473628,0.402439002
0.209558395,0.8,0.439393739,0.246913834,0.414634032,0.490384486,0.0746267699,0.240195883,0.705882753,0.237288709,0.0530973589,0.756757,0.224138178,0.840579475,0.216417852,0.132231407,0.442307798,0.439393776,0.545454327,0.39999976,0.5,0.351351311,0.0575539515,0.16,0.1276596,0.488235444,0.265151401,0.307692408,0.186813149,0.152046712,0.342105332,0.0888888902,0.784,0.375,0.641975557,0.218181889,0.0729167028,0.644444793,0.46875,0.0820512474,0.0337552942,0.617646838,0.0918727707,0.0287356237,0.273178933,0.144736857,0.136752022,0.844370525,0.181818165,0.245901498,0.138756051,0.189873471,0.569148823,0.531745501,0.634146417,0.22142886,0.0341463551,0.320512728,0.623376599,0.107623279,0.33490556,0.194444367,0.272727,0.261904874,0.585858627,0.416666917,0.606060645,0.297872185,0.0960452192,0.847826239,0.455882073,0.273437,0.0710058843,0.259136019,0.442623054,0.886792496,0.5686275,0.0904524458,0.36363622,0.225806745,0.6,0.40140854,0.563380581,0.879194683,0.388059455,0.352941335,0.26229501,0.343749745,0.105263179,0.0569947772,0.193693999,0.0669144574,0.475,0.796178497,0.4074073,0.324324462,0.560606388,0.721052458,0.465346572,0.383838025
0.198529429,0.777777989,0.468750234,0.255033799,0.466666233,0.461538462,0.0606061139,0.236714819,0.71133986,0.277777752,0.041841,0.738461669,0.19672102,0.825397,0.208955262,0.118644177,0.49,0.405796794,0.4615386,0.403508839,0.525423427,0.457142791,0.0751879699,0.1489362,0.117647047,0.489010986,0.238095027,0.32558133,0.208791167,0.113636434,0.270833527,0.0819672272,0.7739135,0.378378389,0.619047705,0.228571558,0.0818414202,0.622222422,0.482758459,0.0740740774,0.0389610443,0.5714285,0.0810810692,0.0230178901,0.292079338,0.175675758,0.168141604,0.832776283,0.178294548,0.290322516,0.115879846,0.155555338,0.554455392,0.538461822,0.594594535,0.208054029,0.0572917048,0.372092812,0.514705691,0.0876493954,0.323671791,0.205882374,0.285714429,0.27173921,0.642857086,0.438356119,0.666666963,0.296137446,0.0957745617,0.854166813,0.415493021,0.295081986,0.078212292,0.259385684,0.371428537,0.883928645,0.60000016,0.0820513266,0.365978956,0.25,0.627192967,0.381944287,0.569105919,0.900621182,0.364864646,0.303030352,0.1944446,0.324176059,0.0787401904,0.0662982775,0.181415929,0.0641509603,0.463414571,0.869565203,0.43902438,0.303030382,0.570175215,0.669950685,0.526785876,0.389423139
0.190311533,0.773333764,0.480315041,0.219178073,0.536585576,0.385542123,0.0687831385,0.231526944,0.757894609,0.329365136,0.0346319962,0.770492077,0.20000012,0.821428829,0.236641311,0.130841103,0.472527431,0.413333683,0.423076812,0.435483974,0.5,0.53125,0.0757575312,0.1428572,0.108433757,0.497461991,0.243902737,0.3404256,0.197531021,0.0857143703,0.1911766,0.103626974,0.711711953,0.411764612,0.575342042,0.266054786,0.087071243,0.640449896,0.5000001,0.0718231787,0.0396476202,0.588235106,0.0932475508,0.0214285511,0.278316699,0.189873452,0.169811318,0.832167562,0.156250078,0.304347557,0.111570202,0.135922438,0.552173776,0.534883438,0.583333242,0.181818118,0.0582011218,0.406593485,0.516128894,0.098901026,0.33173067,0.241379359,0.258064574,0.247619047,0.669421418,0.518072096,0.685185344,0.282051502,0.105263154,0.86,0.452055121,0.286821848,0.0606060124,0.276978851,0.357142771,0.873786373,0.723404366,0.0833333242,0.352657082,0.294117724,0.603773295,0.35099342,0.535432903,0.905263179,0.39743596,0.20000004,0.136363486,0.319209019,0.0813007893,0.0572916552,0.205357417,0.0669144821,0.45,0.883870997,0.442104888,0.314285537,0.537037169,0.717703554,0.567567573,0.374407873
0.198697029,0.769230638,0.50000006,0.189781043,0.567567584,0.369564978,0.0487805,0.216494888,0.823529456,0.356,0.0224215232,0.714285743,0.19999992,0.8139536,0.263157895,0.119266022,0.505618097,0.382716285,0.391304383,0.491228054,0.456790535,0.59999994,0.0731707659,0.13461546,0.0963856386,0.497512432,0.259259215,0.311111056,0.236841987,0.0994152901,0.164383415,0.103627047,0.690909195,0.358974379,0.507246242,0.297297345,0.10236224,0.635293864,0.448275876,0.0738636495,0.047619051,0.612902939,0.0984125974,0.0197368283,0.277070197,0.222222267,0.18269234,0.835821025,0.154471349,0.319444472,0.124542088,0.140186936,0.577405689,0.551470344,0.583333142,0.180124098,0.0609137431,0.386363655,0.508771954,0.0863309449,0.362694355,0.391304483,0.2666665,0.25,0.653543574,0.5641025,0.713114722,0.235555345,0.108695579,0.9,0.450331199,0.307086423,0.0597014839,0.286738787,0.39999968,0.87,0.772727045,0.0841584926,0.367647451,0.315789537,0.616822108,0.310810607,0.473214303,0.912442387,0.376623501,0.166666633,0.15625,0.302702714,0.0789473595,0.0679611905,0.2222224,0.0547445492,0.5,0.872727217,0.422680285,0.305555608,0.53333346,0.706018032,0.603448175,0.400900781
0.180064258,0.730769162,0.542372407,0.194029916,0.676470265,0.322221764,0.0485436985,0.210526348,0.850467332,0.407407332,0.0350876788,0.701492769,0.223880633,0.775,0.303278747,0.118811964,0.493827652,0.370786448,0.464285607,0.545454382,0.370370693,0.6666666,0.0652174791,0.1525425,0.0933332,0.505207969,0.24817549,0.3,0.25,0.09090919,0.160919907,0.0964467704,0.643478229,0.317072954,0.457143037,0.336134607,0.107049641,0.617283815,0.481481541,0.0778443165,0.0431034285,0.551723879,0.091463431,0.0159045536,0.257425421,0.235955282,0.173913248,0.807228684,0.136,0.361111492,0.116438324,0.0982142869,0.555969875,0.523077439,0.583333142,0.150326758,0.0757575162,0.436781901,0.490909156,0.0726643462,0.376963725,0.3333334,0.296296337,0.22115393,0.639705723,0.5866668,0.704,0.184549446,0.111688262,0.88,0.468354862,0.320895886,0.0528846311,0.30681803,0.414285266,0.858585914,0.725,0.0909090473,0.382882817,0.31707299,0.648148062,0.261437848,0.418181551,0.922535099,0.421052705,0.166666783,0.152777808,0.269886064,0.0630630437,0.0700935007,0.220183308,0.0553633783,0.4375,0.884146392,0.382353058,0.341463137,0.516666793,0.72558113,0.589743612,0.381395238
0.159763478,0.662790334,0.568965581,0.197278896,0.617647044,0.30379763,0.0637254936,0.203125173,0.850877136,0.481203304,0.0358744032,0.725,0.228571337,0.735294159,0.312500111,0.134831687,0.456789917,0.333333293,0.541666737,0.60000018,0.35416681,0.636363627,0.0774647768,0.179104382,0.090909,0.510988798,0.288888994,0.333333167,0.296875,0.0828727634,0.18,0.102702655,0.63636351,0.3953486,0.428571386,0.405172135,0.111111104,0.576923331,0.565217317,0.0724638072,0.0562770595,0.56,0.086826267,0.0133588001,0.276816468,0.255319149,0.166666517,0.837004364,0.154411865,0.466666573,0.119741176,0.0782609196,0.547170167,0.561983596,0.4999999,0.137254866,0.067357587,0.411764282,0.482142537,0.0627178114,0.349206022,0.318181568,0.382352947,0.19,0.622222203,0.623529525,0.740458081,0.170833319,0.0982367249,0.86,0.4640526,0.330769138,0.0497737784,0.333332973,0.388889067,0.835165,0.729729711,0.115384625,0.421277202,0.292682688,0.669902865,0.235294188,0.41509414,0.940789465,0.451219132,0.20000002,0.220779078,0.243967811,0.0865384427,0.0822509984,0.207546909,0.0520833052,0.432432416,0.862275546,0.371428795,0.3333332,0.568627627,0.758333513,0.626016438,0.354545729
0.145251405,0.621052497,0.571428817,0.16666668,0.647058818,0.294117453,0.0610328625,0.201005234,0.876033027,0.547445279,0.0450450316,0.707865588,0.219178144,0.676470562,0.327272806,0.144578342,0.394736818,0.28703748,0.49999995,0.611110878,0.315217542,0.648648595,0.0647481754,0.235294112,0.0923076462,0.500000075,0.293706037,0.327272631,0.280701828,0.0578034798,0.180180074,0.0786517407,0.607476926,0.309523779,0.4107143,0.407407476,0.113350052,0.577464789,0.565217404,0.096,0.052863452,0.5,0.0942857119,0.0146519999,0.276450494,0.260869674,0.159090759,0.84360189,0.166666653,0.49999965,0.128205106,0.0847458254,0.538732165,0.495238172,0.454545491,0.106508871,0.0670390609,0.415730909,0.551723979,0.0650685026,0.309782842,0.277777744,0.470588071,0.177083476,0.601307281,0.6588237,0.755905733,0.14767939,0.107487967,0.816326473,0.454545665,0.358778638,0.0560344435,0.341304425,0.417910525,0.821428336,0.714285814,0.127450993,0.422414215,0.249999825,0.72,0.219177718,0.385965326,0.937768199,0.39999996,0.2,0.253164452,0.238605851,0.0927836907,0.0815450992,0.257425986,0.051660521,0.435897392,0.843023321,0.367521349,0.302325642,0.636363882,0.756198508,0.626865643,0.334975179
0.147727349,0.623762417,0.527559076,0.161290309,0.675675641,0.247312029,0.0707964812,0.19895272,0.898437551,0.589927722,0.065727755,0.7777778,0.216216057,0.59375,0.345794654,0.1375,0.394736879,0.321738763,0.478261013,0.711864603,0.244898224,0.617646968,0.0584415042,0.236111111,0.125,0.47852737,0.295454803,0.301886691,0.312500294,0.0635838468,0.196261554,0.0828729282,0.602040419,0.31707299,0.358490402,0.405594418,0.139650826,0.588235065,0.592592574,0.0862069674,0.0350876911,0.545454527,0.104519816,0.0132325203,0.278985512,0.274725347,0.136363427,0.861386029,0.162162125,0.563636362,0.132132094,0.0930233363,0.551020343,0.52809013,0.43333306,0.0919541293,0.0714285971,0.415730926,0.5517244,0.0592334541,0.253968005,0.352941176,0.411764694,0.218750156,0.573248126,0.701149309,0.776978338,0.126086944,0.109234205,0.787234,0.45238074,0.318518576,0.0616741001,0.338428178,0.422535,0.776315812,0.689654955,0.147959201,0.43965517,0.26,0.737373926,0.185430292,0.396396393,0.928571464,0.415730609,0.2500001,0.275862669,0.241379216,0.132653107,0.0986546447,0.266666434,0.0573476814,0.488888702,0.814814808,0.361538138,0.365853483,0.630434837,0.783132588,0.6642333,0.340206433
0.142045499,0.589473595,0.549618351,0.146341515,0.594594457,0.235293934,0.0680851636,0.213953586,0.905511934,0.641891802,0.0651162505,0.77981651,0.263888894,0.517241486,0.330275419,0.109889989,0.385714,0.342105159,0.416666717,0.722222217,0.219047615,0.611110839,0.0645161465,0.266666833,0.147540962,0.46896595,0.312977233,0.272727173,0.292683029,0.0546448756,0.232142749,0.0903954508,0.572815563,0.285714229,0.370370433,0.404255438,0.145454587,0.545454318,0.551723969,0.0803571388,0.0308370049,0.5714286,0.115044208,0.0118576864,0.311284453,0.270833565,0.159999684,0.892307624,0.151315918,0.615384977,0.138418218,0.081967143,0.539006877,0.530863853,0.49999965,0.0982658607,0.0578034884,0.3913044,0.549019569,0.0526316211,0.261083499,0.578947453,0.375,0.202020282,0.53125,0.712643444,0.79720297,0.134782566,0.107218681,0.731707446,0.462857464,0.322580752,0.0570174652,0.352534319,0.5,0.72222225,0.655172172,0.20812218,0.486486482,0.261904631,0.801980062,0.162962945,0.364486236,0.927165381,0.425287677,0.257142726,0.373493776,0.223237745,0.154639276,0.106976696,0.266055028,0.0579710429,0.543478309,0.79629622,0.365517421,0.348837205,0.659090495,0.813008165,0.686620046,0.343434516
0.133531191,0.611111274,0.528985226,0.138554369,0.5999997,0.267327004,0.0592885996,0.22596134,0.899224832,0.63253042,0.0707964556,0.815384692,0.243243127,0.483870948,0.321738827,0.182795772,0.384615715,0.362069112,0.409090741,0.745454475,0.194915385,0.583333042,0.0625,0.246753075,0.20000018,0.424242337,0.299212376,0.345454331,0.340909039,0.0568180859,0.282051059,0.0949366498,0.581632309,0.275,0.327272764,0.417808109,0.163727949,0.535714204,0.518518411,0.0927836536,0.03703704,0.434782683,0.117117105,0.0140562124,0.353846177,0.285714329,0.15584424,0.913265306,0.151898803,0.75000035,0.136729638,0.0737704577,0.534798543,0.514706043,0.595238081,0.0988371797,0.0658681752,0.366666493,0.555555767,0.0576922654,0.228971782,0.428571443,0.405405543,0.212121348,0.480519325,0.730769319,0.802919745,0.128630709,0.10060367,0.666666667,0.421621771,0.34328375,0.0486725683,0.366995319,0.450704275,0.636363818,0.666666733,0.238095029,0.481651911,0.291666571,0.848214278,0.128787886,0.37,0.922619036,0.493976149,0.25,0.390805126,0.217506306,0.203883438,0.107692197,0.284403523,0.048148124,0.565217326,0.797468279,0.342105103,0.319148872,0.642857329,0.830039589,0.653594721,0.351351439
0.151419225,0.63725507,0.521428885,0.123529326,0.548387145,0.23,0.0622568842,0.223809518,0.906474896,0.570680686,0.0625000269,0.838926315,0.2394365,0.464286,0.30973462,0.205882394,0.378048551,0.351351024,0.4,0.8000001,0.179487088,0.513513454,0.0903225039,0.211764642,0.232142832,0.429687215,0.25619813,0.385964946,0.395348479,0.0546449134,0.31404987,0.0921052632,0.536363392,0.34375,0.346153731,0.394736551,0.172248816,0.534482479,0.413793317,0.115789369,0.0373831546,0.409090805,0.132530198,0.01249999,0.405204698,0.336957034,0.180555726,0.927461053,0.141975382,0.76,0.137404771,0.0703124648,0.507407913,0.4999998,0.690909269,0.106741591,0.0823529453,0.357894951,0.571428343,0.0470588399,0.199134004,0.518518411,0.388889044,0.212121291,0.429530413,0.704225352,0.825396775,0.122362872,0.0828343411,0.6176468,0.391088978,0.354330511,0.0401785899,0.401015439,0.470588112,0.656716297,0.652173809,0.258064471,0.495412572,0.235294041,0.866071473,0.120300752,0.383838445,0.924603094,0.5,0.236842105,0.388888717,0.214646785,0.215686182,0.099999976,0.26724137,0.0461538122,0.615384562,0.783950537,0.314102674,0.313725414,0.65116293,0.831325317,0.707317259,0.353591042
0.114583353,0.68,0.49999983,0.10795457,0.517241397,0.24271836,0.0748031478,0.235577008,0.920289842,0.52073719,0.0538116507,0.857142797,0.26666668,0.379310034,0.304762102,0.236559276,0.380952314,0.379629828,0.473684095,0.807692281,0.198473338,0.514285609,0.0886075052,0.17204308,0.274509582,0.402984947,0.247933935,0.46296297,0.363636436,0.0645160671,0.349593834,0.0738254714,0.524193653,0.3666664,0.283018842,0.360248598,0.185542275,0.508771689,0.333333333,0.13953466,0.0351759784,0.409090741,0.151056989,0.0191489446,0.480143885,0.354430229,0.242857124,0.931578886,0.135483688,0.784313849,0.129901735,0.0743242724,0.478723691,0.392156639,0.705882288,0.123456788,0.089820258,0.364485766,0.592592778,0.049792522,0.21367511,0.629629441,0.351351411,0.21,0.444444261,0.727272955,0.786324958,0.130252022,0.0673828591,0.566666857,0.392857222,0.359712142,0.0590908919,0.407035081,0.4507045,0.580645284,0.652173843,0.275676038,0.524663519,0.303571443,0.895238172,0.0972222789,0.368421163,0.93227086,0.505747292,0.268292676,0.425742463,0.213719749,0.240384662,0.111764706,0.258621047,0.0492424282,0.627450976,0.786666581,0.287425233,0.25000005,0.586956607,0.839662382,0.71428578,0.35078514
0.119133525,0.680851045,0.503936573,0.107526908,0.548387026,0.22,0.0691056938,0.246696098,0.9323308,0.533613463,0.067567545,0.885057253,0.238806176,0.4,0.321782232,0.28,0.4235294,0.380530917,0.4,0.761904686,0.197278725,0.54054047,0.0887573316,0.184782763,0.288461527,0.388489347,0.236842055,0.482758672,0.363636591,0.0756756812,0.36440657,0.0784313961,0.470149301,0.3333333,0.294117576,0.296511687,0.199017086,0.481481441,0.277777944,0.1666665,0.0457143783,0.307692169,0.189189012,0.0151188086,0.503268386,0.4,0.264706026,0.93529414,0.123376633,0.833333583,0.106635184,0.0754716694,0.434931497,0.3124998,0.749999925,0.115107911,0.0786516613,0.265306235,0.636363491,0.0553191744,0.206611237,0.655172476,0.3333333,0.219298422,0.423841381,0.703125,0.745762373,0.121848873,0.0552381006,0.50000005,0.405737468,0.342465788,0.0526315221,0.412698076,0.486111349,0.55000026,0.724137766,0.26744148,0.544247639,0.374999787,0.91056912,0.117284006,0.438202163,0.928571476,0.454545764,0.358974415,0.469387812,0.237967579,0.233010028,0.102564149,0.269841398,0.0557768706,0.705882235,0.778523519,0.270115494,0.241379452,0.61224511,0.842553171,0.720588304,0.354838946
0.123966946,0.701298661,0.475177505,0.108108138,0.551724055,0.233644871,0.0901639115,0.237288028,0.946153871,0.530303185,0.0630630018,0.882681475,0.264705894,0.346154138,0.298164913,0.336734865,0.43877573,0.378378455,0.45,0.753246603,0.217105269,0.588235124,0.0853658154,0.154639515,0.2962965,0.40000046,0.21904754,0.508771598,0.348837026,0.09836072,0.406779449,0.074829779,0.422077923,0.352941,0.28333333,0.294797738,0.194444327,0.416666767,0.15,0.185714193,0.0414200934,0.250000075,0.204050169,0.0127388443,0.545763032,0.42465787,0.328766903,0.937888211,0.118343192,0.844444584,0.0947866862,0.065868115,0.396551639,0.35185167,0.776119333,0.141732189,0.0807453325,0.230769351,0.574074044,0.0575220758,0.233333294,0.777777733,0.2894736,0.204918043,0.407142739,0.712121314,0.752136952,0.117117006,0.0569395421,0.454545518,0.411764753,0.345911912,0.0610329092,0.409836164,0.526315789,0.576271236,0.642857179,0.305085004,0.593749957,0.360655372,0.899224678,0.111764756,0.4891303,0.915178543,0.465116693,0.317073022,0.457446717,0.232189668,0.220183422,0.099999893,0.209677234,0.059523839,0.785714579,0.834532383,0.276596036,0.218181744,0.5918367,0.840707943,0.697777625,0.333333487
0.134529144,0.749999975,0.481202911,0.0857141794,0.5625,0.256637124,0.0987124094,0.236514477,0.946969715,0.505300414,0.0610328874,0.9086022,0.260273812,0.50000015,0.261061814,0.366336882,0.433961651,0.398148584,0.409090886,0.739130457,0.21153846,0.631579021,0.104938295,0.138297831,0.309090709,0.430464035,0.242718514,0.526315947,0.272727609,0.0962566569,0.460869793,0.0599999176,0.364705609,0.315789474,0.24590157,0.244444631,0.187165666,0.422222238,0.121951222,0.169014,0.0563380338,0.344827731,0.20483862,0.0142566217,0.58803986,0.4931508,0.364705627,0.929078014,0.101796339,0.818181755,0.0765661241,0.0529411632,0.325658431,0.39999986,0.788732394,0.170940054,0.0764331724,0.227272724,0.568965345,0.0543933,0.246861549,0.755555678,0.261904679,0.1640625,0.38759668,0.672413364,0.716535647,0.119815559,0.0529010418,0.423077054,0.405302784,0.333333423,0.0624999719,0.41111108,0.537313207,0.631578858,0.576923273,0.300000358,0.652542654,0.432835913,0.919354861,0.111764828,0.49,0.928888992,0.481481963,0.209302158,0.49999985,0.250000505,0.199999932,0.0863309558,0.198412927,0.0540540219,0.813559131,0.838028168,0.25,0.229508092,0.673077031,0.857142906,0.7,0.358744326
0.108108017,0.74999995,0.503448526,0.0717488545,0.558823656,0.243697406,0.126126115,0.211206767,0.946969722,0.503333169,0.057971033,0.913265309,0.298701299,0.555555522,0.244361,0.39999981,0.457142815,0.387755045,0.5000003,0.755319149,0.208860771,0.63333327,0.0914633798,0.135416805,0.272727018,0.47590369,0.218181855,0.5409836,0.26,0.0909091973,0.606556766,0.0489510451,0.338797344,0.35,0.240740844,0.243780917,0.196675892,0.282608615,0.125,0.1846152,0.0495867469,0.407407544,0.238317942,0.0182926734,0.627692772,0.410256577,0.318181532,0.901515215,0.0783132687,0.75,0.0590809481,0.0352940982,0.2852565,0.438596393,0.757143097,0.165048653,0.105882347,0.20000009,0.590909177,0.0398230304,0.267543505,0.773585223,0.272727418,0.142857074,0.350746191,0.690908876,0.671641492,0.116279121,0.0573355618,0.521739139,0.395436912,0.338983443,0.0687831195,0.418994288,0.533333387,0.696428918,0.548387016,0.304123662,0.685714199,0.416666733,0.908333368,0.107954552,0.552380948,0.94396561,0.4933335,0.222222211,0.528089672,0.27486922,0.249999905,0.0869566313,0.206349043,0.0442804546,0.771929591,0.840277627,0.240740496,0.2222222,0.627450827,0.852018012,0.709302417,0.354545691
0.119266125,0.727272582,0.50359709,0.0607287023,0.571428371,0.282051416,0.131455363,0.195312518,0.94488196,0.524137804,0.065,0.930348293,0.289855081,0.6,0.242753702,0.410256453,0.50467254,0.419354965,0.636363891,0.757575682,0.209580503,0.65625,0.103896059,0.129032426,0.32075436,0.483695823,0.21008404,0.603448419,0.191489323,0.0721650062,0.611570315,0.0416666375,0.277227449,0.409090845,0.245282974,0.233831026,0.197142897,0.317073032,0.142857029,0.1875,0.0471698225,0.4827586,0.220720999,0.0204499035,0.645400685,0.4430383,0.278350605,0.887096811,0.0659340701,0.729166956,0.0369197626,0.0454545991,0.298360209,0.4285716,0.786885308,0.186813,0.0934065138,0.151785755,0.64912274,0.0466101849,0.28215784,0.807017339,0.347826109,0.11764712,0.314516087,0.679245611,0.696969563,0.113744069,0.0756844136,0.64,0.401408814,0.347150572,0.0818713368,0.420117934,0.565217348,0.723404255,0.592592533,0.31770829,0.697916341,0.37681161,0.915254125,0.107954558,0.495652223,0.941176494,0.513157789,0.192982561,0.576470173,0.278481793,0.214876225,0.0984848597,0.202381003,0.0399999736,0.771929714,0.822485082,0.259911627,0.2244899,0.632653194,0.842592587,0.720587783,0.346847019
0.118721401,0.729729684,0.460993108,0.0583333958,0.5,0.316239408,0.142105348,0.174721075,0.939655131,0.522184231,0.0631578937,0.932692358,0.307691923,0.612903055,0.237012894,0.386554902,0.53571467,0.478723517,0.590909336,0.776698873,0.19631856,0.589743531,0.113475245,0.118279676,0.285714143,0.444444549,0.20000018,0.589285995,0.14893614,0.0637255089,0.632352861,0.06818183,0.248825955,0.388889044,0.215686022,0.237623904,0.213213142,0.291666587,0.113636434,0.169491764,0.0679611777,0.44,0.239705714,0.0225409705,0.661242564,0.454545273,0.26086967,0.863247794,0.072538871,0.745762703,0.0305263074,0.0543478259,0.30232572,0.469879565,0.806451665,0.19999996,0.0928961126,0.120967793,0.622951062,0.0347490062,0.293388367,0.842857159,0.340425464,0.108695683,0.302158221,0.693877314,0.679104556,0.0886075639,0.0642054646,0.642857186,0.412587423,0.352941428,0.075471726,0.432584398,0.554053722,0.78846159,0.5,0.306930693,0.755319299,0.422535211,0.921739158,0.10240969,0.486725354,0.944444499,0.632911494,0.189655186,0.561797694,0.268656294,0.269841358,0.0991735298,0.201680308,0.0421052359,0.764706082,0.790960489,0.221276481,0.2790696,0.5581398,0.810679451,0.705660211,0.353488875
0.124999984,0.774648113,0.435114523,0.0495867436,0.462963054,0.3043474,0.153846283,0.173469346,0.923728682,0.505300679,0.0786517333,0.949074041,0.310344786,0.655172341,0.222561076,0.414634013,0.591304448,0.505376597,0.52,0.779816749,0.20625,0.585366002,0.0962963371,0.0860215914,0.312499787,0.435897358,0.172413813,0.607842978,0.156862594,0.0575221193,0.635036207,0.0634920448,0.247706397,0.45,0.19999994,0.247524522,0.221875,0.354166542,0.145833388,0.229507715,0.0869566913,0.481481437,0.235118695,0.022540985,0.695467431,0.489796049,0.250000095,0.85,0.0761420717,0.741935771,0.0268240264,0.0512820631,0.279221002,0.563218243,0.825396825,0.19999996,0.102564048,0.114503742,0.589285877,0.0370369985,0.295275291,0.884615465,0.375000225,0.106382894,0.2706768,0.627451151,0.703124648,0.0944882554,0.0607553082,0.5625,0.439716356,0.331796993,0.0860927886,0.452514153,0.616438823,0.826923004,0.391304287,0.316062279,0.769406579,0.405796813,0.925925915,0.101265774,0.456,0.954545437,0.654321042,0.174603157,0.547619026,0.284706125,0.3387094,0.091666687,0.2,0.0487804927,0.759259131,0.784313859,0.22868215,0.28125,0.581395265,0.836633956,0.686347135,0.320754891
0.139534837,0.789473726,0.434782444,0.0452675263,0.389830561,0.312500422,0.180790739,0.195286087,0.914529959,0.478599013,0.0764705347,0.927536223,0.283582101,0.65625,0.217791478,0.435483738,0.5806451,0.505617843,0.541666737,0.798076743,0.176829299,0.581395474,0.105263221,0.0555555167,0.30434813,0.421052855,0.150943257,0.622641509,0.183673627,0.0534979663,0.61184218,0.0869564783,0.232653359,0.473684295,0.232142646,0.27,0.222602678,0.311110831,0.122448927,0.254237569,0.0952383,0.518518463,0.260745267,0.0281385335,0.704114136,0.467289301,0.213592344,0.843749825,0.0818181885,0.709677684,0.0266524708,0.0485437078,0.312307246,0.583333367,0.79999996,0.235294,0.114832563,0.125000003,0.587301529,0.0359476965,0.286259194,0.901098911,0.3695654,0.0855263171,0.268965546,0.666666733,0.699187024,0.0962198819,0.0693548275,0.578947537,0.443223371,0.328766959,0.091603153,0.434554887,0.641791079,0.839285936,0.333333433,0.33879778,0.809859322,0.409091027,0.919192008,0.0988371203,0.479674726,0.969465687,0.632184374,0.1774194,0.486842295,0.303493,0.386363793,0.103773535,0.222222048,0.0489510176,0.7500001,0.742357867,0.24324341,0.29999998,0.585366034,0.866666693,0.682836293,0.300925931
0.155962962,0.771084383,0.412587472,0.0454545332,0.327868697,0.342592448,0.20555562,0.201298844,0.873949552,0.459677367,0.0751445188,0.919191929,0.3239435,0.647058682,0.206789963,0.450819681,0.620689901,0.540229892,0.40625,0.823529546,0.186335471,0.538461715,0.120967695,0.0531914947,0.347826304,0.409302273,0.130841168,0.653845735,0.227273,0.0524193894,0.590062385,0.100000004,0.23282439,0.454545373,0.236363642,0.305825173,0.22806989,0.35555552,0.173913,0.232142446,0.111110989,0.517241341,0.270655019,0.0303030194,0.709003509,0.473214175,0.18487391,0.816326355,0.0717299171,0.728571491,0.0263713037,0.0386473368,0.346377102,0.61,0.8,0.240964048,0.118181802,0.130718858,0.626865351,0.0352941245,0.282527557,0.923809561,0.42553183,0.0878378396,0.261146309,0.659091098,0.646017698,0.106583068,0.0654664329,0.604167002,0.425287375,0.347222158,0.0781250391,0.462311731,0.641790943,0.813559049,0.384615138,0.338710065,0.817960976,0.426470529,0.9156626,0.0847457308,0.491228482,0.974264722,0.6222221,0.149253904,0.5,0.312368978,0.436507949,0.0952380367,0.254386106,0.0381944585,0.707316978,0.77254903,0.242063254,0.285714429,0.613636316,0.865853591,0.66393432,0.267281283
0.161764606,0.831168831,0.408759084,0.0638298243,0.271186773,0.306122639,0.224489529,0.184126968,0.886956539,0.477732745,0.0790959964,0.927374249,0.29999971,0.675,0.199324336,0.439654994,0.590909326,0.564102487,0.4,0.82,0.138554342,0.435897631,0.121495258,0.0594059659,0.384615508,0.379807328,0.13392849,0.66,0.222222311,0.0377358472,0.538461649,0.123809467,0.256849369,0.523809467,0.2727271,0.317535574,0.228464377,0.361702055,0.224489955,0.228070349,0.148936215,0.433333,0.27298045,0.0539905792,0.708469367,0.441441515,0.172413896,0.768421061,0.0597609232,0.739726044,0.03256302,0.0412844647,0.330985465,0.621052573,0.816326384,0.205128,0.108225141,0.138554369,0.633333137,0.0333333547,0.284090727,0.935483911,0.511111353,0.0851063489,0.260869192,0.694444444,0.686274668,0.115606937,0.0666666407,0.645833135,0.4223106,0.369565386,0.0797103317,0.480392135,0.692307738,0.7413791,0.413793169,0.33333378,0.819444407,0.461538238,0.914634266,0.0872092369,0.505050404,0.982578396,0.654321177,0.140625,0.4375,0.338742895,0.404958252,0.0990100007,0.281817948,0.0361842092,0.594594357,0.735000215,0.261538292,0.307692377,0.578947453,0.888888818,0.65400843,0.231958621
0.167539467,0.831168848,0.345864854,0.0813008158,0.235293871,0.309523514,0.228855508,0.179487166,0.912,0.49049387,0.0744680963,0.935294139,0.240506296,0.63414638,0.157480387,0.411764684,0.625000362,0.536585376,0.346153738,0.80898871,0.144508592,0.405405441,0.118279635,0.0471697658,0.466666653,0.34803963,0.0970874911,0.711111271,0.181818164,0.0520445666,0.484076665,0.137614577,0.286666362,0.571428557,0.333333167,0.347222123,0.231707269,0.306122516,0.211538452,0.258620974,0.151515152,0.333333367,0.287749023,0.0575,0.697452229,0.439252249,0.161971793,0.744186249,0.0642569823,0.717948787,0.0293478388,0.0550458989,0.341688605,0.666667,0.80000012,0.2025315,0.105263039,0.117283938,0.59999978,0.0324324355,0.251852053,0.908396877,0.585365551,0.0955882659,0.244047368,0.6666667,0.709677087,0.126344042,0.0767973416,0.66,0.417355191,0.396694479,0.0740739756,0.486486477,0.714285571,0.686274806,0.4375,0.300546778,0.800562056,0.516666945,0.9318183,0.0813952715,0.53846156,0.973684228,0.644444573,0.127272676,0.425,0.351888739,0.413223407,0.102040939,0.289719597,0.0411392381,0.611110878,0.708599106,0.263779181,0.208333379,0.589743495,0.897810221,0.626609883,0.182795872
0.196721679,0.822785018,0.30232571,0.0923076235,0.263158021,0.28169,0.235576801,0.179153215,0.902439039,0.472324558,0.05,0.927272793,0.246752975,0.725,0.13178294,0.445652078,0.589743549,0.493506544,0.291666567,0.7727271,0.14124306,0.390243973,0.141176456,0.0454545118,0.531914706,0.33333359,0.104166758,0.682926851,0.1875,0.0433212939,0.417647168,0.116071434,0.301538764,0.541666592,0.413043383,0.34883709,0.257510883,0.3333333,0.237288429,0.258620693,0.150943344,0.250000075,0.272959307,0.0620155051,0.714723931,0.509259418,0.183098536,0.736842279,0.0757576076,0.771428731,0.0319635389,0.0543933218,0.352563734,0.630434322,0.781818453,0.234568059,0.105726964,0.104046188,0.528302364,0.0355329693,0.261029416,0.885714261,0.729729565,0.102189653,0.254143317,0.58064529,0.678571421,0.156327625,0.0734557316,0.622641762,0.422925403,0.393700555,0.0671642618,0.506666387,0.714285643,0.6590909,0.447368511,0.273885053,0.805555767,0.5625,0.89887614,0.0828402032,0.592233184,0.978978991,0.634146771,0.142857257,0.404761598,0.344262539,0.416,0.153061193,0.316831982,0.0519480248,0.645161248,0.70943943,0.27049163,0.214285736,0.590909164,0.902439032,0.6088891,0.179191173
0.207864967,0.870129883,0.267716503,0.0992647265,0.259259074,0.21875,0.213973452,0.18322981,0.92,0.48409867,0.0361991241,0.925925879,0.302631549,0.7,0.108527117,0.439560496,0.615384584,0.464788535,0.321428604,0.780488046,0.131868042,0.3333333,0.197531002,0.0924368901,0.5,0.293103643,0.105263063,0.714286043,0.272727245,0.0449438764,0.408804595,0.11926592,0.301204794,0.521739083,0.422222338,0.357142431,0.279279465,0.327586334,0.253968203,0.203390037,0.15126051,0.275862162,0.262086565,0.0798897736,0.735562165,0.530434762,0.203947432,0.689189276,0.0867923505,0.779411578,0.034398,0.0517240957,0.374704634,0.60240992,0.767857084,0.223684255,0.0933332945,0.0943396332,0.470588253,0.0383692919,0.262590318,0.875912528,0.756756654,0.104,0.244681063,0.484848591,0.653333419,0.179611638,0.0748751558,0.603773498,0.419230831,0.448,0.068702333,0.531914401,0.70149229,0.65116293,0.461538585,0.293333779,0.837662314,0.593219903,0.900990046,0.0705882324,0.581818003,0.976401194,0.659091366,0.1702128,0.430232986,0.338946957,0.415928782,0.131312987,0.350515375,0.0440677956,0.636363545,0.725490249,0.247933793,0.171428483,0.613636532,0.871559747,0.572687005,0.172839579
0.24050676,0.879518048,0.268907455,0.101167426,0.211538537,0.203125,0.213709656,0.217910391,0.884615437,0.482639251,0.0269057941,0.924528291,0.362318738,0.675,0.0840335632,0.420454647,0.639097689,0.412698371,0.291666683,0.756410327,0.117647186,0.285714286,0.293333235,0.0916666468,0.571428614,0.272727245,0.08333345,0.705882088,0.333333267,0.0514705834,0.360000099,0.125000024,0.297297298,0.541666683,0.517241193,0.411483595,0.271493187,0.310344638,0.257575652,0.15625,0.121951198,0.25,0.256997203,0.0880682338,0.746438925,0.531250234,0.210526345,0.652173909,0.0858209357,0.783783892,0.0377833447,0.036035996,0.385246489,0.575,0.750000025,0.2875,0.0917875216,0.0844155806,0.352941282,0.0390243612,0.26501752,0.852112789,0.702702551,0.0940170665,0.24590213,0.405405362,0.6666665,0.201878012,0.0715474044,0.660376964,0.427450889,0.460581088,0.064,0.56,0.728813744,0.55,0.454545373,0.277778032,0.825503376,0.569230742,0.904761905,0.0738636748,0.618643856,0.971098284,0.696628885,0.1702128,0.402298818,0.348101346,0.399999654,0.163265384,0.39,0.0376712562,0.59999986,0.712365557,0.300000168,0.195121878,0.627907126,0.841121347,0.530973003,0.158620676
0.265306042,0.890244056,0.252427341,0.105072446,0.229166708,0.22413811,0.204818929,0.233146008,0.899280542,0.451048726,0.0226244486,0.925170073,0.365079365,0.642856971,0.100000031,0.341463839,0.6330935,0.40000014,0.333333433,0.726027653,0.110526322,0.23333317,0.390243695,0.0902255459,0.622222249,0.244343895,0.0816327347,0.655172,0.39999996,0.0602837181,0.387323981,0.130841113,0.325301573,0.538461446,0.586206824,0.417061482,0.266990189,0.301886751,0.3064515,0.127272625,0.111111151,0.24999995,0.230964346,0.100323697,0.719100969,0.546153338,0.22471922,0.65151537,0.115384567,0.777777644,0.0319148681,0.0276497298,0.377252398,0.513513257,0.666666367,0.283783572,0.078817832,0.077922091,0.317073349,0.0356294686,0.294117978,0.84615385,0.742857094,0.093457914,0.231213888,0.4473686,0.652777774,0.216418076,0.0694214489,0.644068292,0.411764465,0.473684045,0.0472441178,0.591077899,0.696428918,0.473683895,0.409090877,0.256,0.832257975,0.546875,0.88235304,0.0736196337,0.612612597,0.967213117,0.722222372,0.234042647,0.426966288,0.33333361,0.37272719,0.186046474,0.407766616,0.0415225271,0.5806452,0.68852431,0.263829968,0.170212698,0.675675573,0.830357111,0.502202601,0.141791033
0.248365687,0.836956347,0.262136129,0.106227035,0.306122447,0.211538458,0.189516259,0.23978202,0.896551797,0.448630128,0.0258620453,0.932885988,0.379310324,0.56521767,0.0923076689,0.255555298,0.651006824,0.359375,0.3,0.719512216,0.0828729284,0.241379379,0.457831708,0.0757575845,0.613636439,0.221276827,0.0752689151,0.620689472,0.419354948,0.058608,0.398601523,0.128712948,0.379869407,0.448275686,0.730769292,0.433673519,0.275362807,0.307692423,0.253968303,0.131147379,0.0942029272,0.3333334,0.231579204,0.0847458439,0.726443633,0.568965622,0.247058512,0.6229512,0.136861308,0.818182,0.0348525737,0.0357142964,0.376957414,0.5060242,0.5000001,0.277777756,0.08,0.0684931762,0.324324495,0.0264423345,0.296029084,0.823529394,0.727272655,0.106796119,0.220238139,0.363636745,0.641791287,0.253731373,0.0633333596,0.64,0.407843487,0.464843884,0.072992652,0.557002833,0.693877639,0.513513359,0.36538491,0.27049167,0.823170457,0.5,0.879032356,0.0691823662,0.644230648,0.964769628,0.767676714,0.285714157,0.395833102,0.352808709,0.327272478,0.235955417,0.424528588,0.0387323972,0.50000015,0.660377416,0.293617155,0.187500019,0.707317332,0.833333303,0.49787261,0.142857143
0.279999726,0.846938631,0.237623956,0.124030906,0.314814815,0.204081761,0.17529911,0.280054365,0.898550711,0.408637591,0.0221238872,0.925925907,0.374999587,0.50000045,0.0875911755,0.250000175,0.642857171,0.373134299,0.352941176,0.705262918,0.0824175389,0.269230519,0.515789303,0.0728476866,0.678571475,0.186234512,0.0810810522,0.58333345,0.533333267,0.0597014887,0.425372916,0.11607133,0.436482362,0.419355226,0.652173909,0.465517205,0.272727323,0.357142564,0.304348022,0.153846,0.138686035,0.346153908,0.239361393,0.0868054948,0.70552109,0.572463513,0.270115289,0.604166742,0.158163364,0.814285881,0.0349462415,0.0330188924,0.363426055,0.464285629,0.389830905,0.315789442,0.0855614878,0.08333325,0.341463644,0.0315533814,0.310897776,0.806451544,0.777777733,0.0970874272,0.2168675,0.375,0.661972,0.262755088,0.0521008273,0.60000002,0.356557633,0.468401361,0.0955882341,0.55890439,0.695651887,0.485714151,0.285713943,0.24603153,0.83229839,0.5333332,0.866666745,0.0986841704,0.644230512,0.957894787,0.803921585,0.276596034,0.416666917,0.355408708,0.297030043,0.244681276,0.381443247,0.0385964804,0.512820605,0.636611507,0.306722971,0.212765957,0.682926483,0.822033713,0.517698701,0.149999983
0.292993607,0.85148505,0.281553486,0.115079319,0.320754649,0.214285771,0.158088157,0.29466667,0.889705893,0.368852502,0.0358744153,0.927536192,0.392157035,0.456521909,0.1015625,0.205128079,0.671052535,0.388059522,0.45,0.673912963,0.0982659295,0.344827524,0.521277083,0.0709219858,0.672131369,0.133587945,0.102803729,0.538461477,0.65625,0.0695971061,0.469696715,0.10655733,0.430645423,0.457142463,0.590909136,0.484848235,0.283186139,0.36206931,0.2835826,0.126984102,0.152777728,0.370370559,0.249336485,0.0996309872,0.719512215,0.567567663,0.28143687,0.6000003,0.162295071,0.839505932,0.0291005134,0.0473933933,0.365291612,0.39999958,0.30158697,0.365853556,0.0676328946,0.0888889038,0.3255812,0.0270269992,0.345912117,0.815789656,0.777777733,0.108910797,0.20481938,0.384615331,0.652173865,0.299999954,0.050000031,0.641509521,0.318725284,0.48028703,0.123076884,0.535432985,0.714285857,0.53125,0.181818091,0.274999688,0.828401962,0.516128871,0.867647045,0.101265821,0.650485784,0.963157881,0.846153892,0.3333333,0.430232601,0.354910957,0.274509651,0.261682507,0.354166865,0.0328467369,0.382353047,0.635170076,0.36752116,0.230769185,0.705882006,0.846774347,0.545871673,0.123966801
0.248366239,0.847619082,0.273584762,0.106995785,0.361702528,0.341463102,0.139194111,0.32245472,0.884057924,0.377622252,0.0440528893,0.892857183,0.4,0.444444867,0.117647051,0.185714249,0.673202501,0.46875,0.5625,0.609755944,0.103896076,0.3125,0.526882131,0.0763888494,0.653061078,0.109215031,0.115044366,0.518518515,0.6875,0.0845588483,0.533333207,0.099999946,0.419453064,0.5000003,0.6363634,0.512820388,0.306667061,0.392857161,0.308823562,0.1451612,0.137930979,0.458333217,0.24999995,0.0898875987,0.737752298,0.544217193,0.29213541,0.694444644,0.175078859,0.827585855,0.0262467155,0.0434783026,0.381548636,0.397590482,0.285713971,0.361445936,0.0627802495,0.0839695402,0.311111049,0.0299252094,0.366459954,0.82,0.736841947,0.0594058865,0.203592819,0.4,0.647058806,0.336088093,0.0392156857,0.660714368,0.312,0.480619836,0.146551778,0.50746254,0.609756371,0.4375,0.116883117,0.278688379,0.835294501,0.542372641,0.885906118,0.104575155,0.650485348,0.962666636,0.851485053,0.326530606,0.407407441,0.323399998,0.308411236,0.327433193,0.352941299,0.0354330843,0.416666775,0.610972215,0.373949326,0.267857007,0.657894542,0.832,0.563981038,0.121739118
0.221519159,0.836206889,0.231481454,0.103004271,0.346938765,0.40000012,0.125899328,0.314323622,0.864406687,0.360423852,0.0495494888,0.881944526,0.276595689,0.520833356,0.117646948,0.183333472,0.71153848,0.47457611,0.631578874,0.564705613,0.123376555,0.352941265,0.526881557,0.044444432,0.68,0.0788643434,0.112903238,0.518518415,0.714285914,0.0877862144,0.585937293,0.0890410768,0.399999848,0.416666875,0.565217643,0.559440562,0.29723509,0.45901683,0.298701439,0.161290232,0.145569537,0.50000005,0.256983232,0.0820313164,0.749999758,0.50000015,0.292134468,0.757575706,0.179104385,0.838709581,0.0237466895,0.0511627539,0.36453728,0.428571443,0.21428575,0.29885088,0.0672268923,0.107437933,0.269230858,0.0258397881,0.399380732,0.862068897,0.714285743,0.0449440135,0.190789548,0.463414756,0.63333331,0.357142484,0.0323159646,0.591836159,0.289796419,0.481927729,0.181034796,0.494356149,0.5000004,0.4375,0.0714286643,0.2619044,0.803191783,0.566666317,0.915584444,0.105590077,0.663551167,0.960629906,0.903846164,0.30188653,0.391304752,0.299549317,0.299065475,0.302325483,0.324074314,0.0344827952,0.371428411,0.612195134,0.415322298,0.269230712,0.641025713,0.837398524,0.571428176,0.0990098499
0.197452721,0.825000058,0.22641484,0.112068852,0.44,0.377777962,0.100671118,0.313648203,0.847619203,0.341637182,0.0493827119,0.869127585,0.224490033,0.533333373,0.118811931,0.218181753,0.708860703,0.472727047,0.681818373,0.576470676,0.126666482,0.325,0.526881653,0.037594015,0.68,0.0634005542,0.132812434,0.518518411,0.764705765,0.0930232679,0.610686855,0.0967741294,0.410876162,0.419355058,0.60000012,0.557142742,0.301435405,0.492308046,0.3,0.169491717,0.142857251,0.44,0.231843526,0.110687014,0.746594181,0.447204871,0.269005994,0.705882112,0.180473232,0.886363889,0.0207792285,0.0567684906,0.34922405,0.472222071,0.229729654,0.250000025,0.0639097872,0.0983606439,0.25000035,0.0185185183,0.418006647,0.877777912,0.622222311,0.0348836791,0.18125,0.485714246,0.666666933,0.358209011,0.0337079038,0.5714284,0.2731087,0.485477047,0.166666727,0.491916449,0.466666653,0.452380683,0.0490195855,0.236842124,0.804019609,0.49999995,0.928143798,0.0897435964,0.66336635,0.969072152,0.915887852,0.32,0.389830671,0.301781489,0.333333367,0.305970054,0.339806025,0.0248227074,0.307692277,0.614321495,0.464419421,0.263157942,0.605263037,0.820689708,0.567839334,0.101010091
0.19375,0.793650811,0.232456117,0.103004226,0.508196498,0.4130435,0.10457512,0.312668212,0.855669972,0.333333663,0.049382776,0.853658401,0.250000125,0.564516356,0.10416689,0.162790616,0.761290397,0.541667017,0.615384846,0.50000025,0.129870044,0.230769308,0.520408436,0.0327868892,0.6,0.0534759939,0.1370967,0.49999995,0.636363618,0.101167375,0.598540188,0.075,0.391549483,0.49999995,0.5357145,0.5999998,0.293838557,0.463768229,0.253164273,0.19999992,0.137362605,0.44,0.221023999,0.110686987,0.762147962,0.418604853,0.271739282,0.6666668,0.178913736,0.869565204,0.0211640289,0.0698689165,0.33183861,0.463414532,0.220779299,0.197802,0.0528301357,0.114035069,0.250000025,0.0161290153,0.44117679,0.876288525,0.619047938,0.0344829138,0.184713422,0.5,0.711538344,0.359589187,0.0292968503,0.622641534,0.299577929,0.50000006,0.18018026,0.480952322,0.444444589,0.511627656,0.0454545391,0.208333292,0.782828492,0.506849453,0.924418635,0.104938238,0.714285477,0.981912144,0.906542047,0.235293894,0.368421179,0.32086164,0.356435433,0.333333267,0.297297046,0.0284697532,0.3,0.620283,0.482490235,0.290909145,0.606060645,0.821428595,0.589947303,0.096153725
0.205128397,0.803278712,0.249999975,0.0923694555,0.532257958,0.409091277,0.105590047,0.301333254,0.858490703,0.308244027,0.0537189621,0.834254173,0.250000025,0.583333217,0.117021323,0.124999837,0.775510198,0.521739,0.555555478,0.513514049,0.133333365,0.196721059,0.557692548,0.0243902322,0.615384508,0.0481927743,0.125,0.575757488,0.677419232,0.0981131557,0.602836797,0.0662650801,0.359249026,0.517241138,0.5000002,0.636363778,0.275,0.507246494,0.19999978,0.232142809,0.137362675,0.451612984,0.229333024,0.0957854551,0.754902065,0.397727282,0.280000396,0.674418833,0.205387193,0.855555628,0.0256410156,0.0742357526,0.311688715,0.48,0.2676055,0.164835,0.0479704622,0.136363634,0.242424121,0.0192307738,0.466442648,0.882352933,0.634146371,0.0459771908,0.186334954,0.428571314,0.7,0.336879167,0.0219123424,0.66,0.280701414,0.481481473,0.176470572,0.473563153,0.372092863,0.461538362,0.0526315437,0.211110979,0.779411576,0.53125,0.930232593,0.0875,0.728971758,0.982716027,0.896226434,0.24074062,0.326923502,0.303944282,0.366336386,0.303448132,0.275229216,0.0299999715,0.275,0.618226611,0.474509802,0.316666537,0.586206724,0.810457509,0.556700809,0.0918368633
0.197080447,0.77192985,0.236263695,0.095890434,0.661017068,0.422222022,0.110062864,0.288461316,0.859649139,0.288973507,0.0653846162,0.78461501,0.258064226,0.655737825,0.170454217,0.111111,0.794117863,0.448979576,0.454545555,0.416666617,0.124087499,0.151515,0.62962951,0.0437956187,0.6000002,0.0354766477,0.1428572,0.514285851,0.53333348,0.0784313678,0.622377565,0.0833333467,0.354320804,0.5000003,0.535714386,0.614815072,0.254629857,0.455696365,0.188235106,0.22,0.112359674,0.461538423,0.261657813,0.114285712,0.766265314,0.410256269,0.271676346,0.680851191,0.217993159,0.84946229,0.026763998,0.0847458729,0.271948929,0.48,0.328358001,0.157894642,0.036900397,0.137614713,0.241935203,0.0193370032,0.463235282,0.885964839,0.666666767,0.0588235118,0.156626822,0.475,0.687499644,0.302919807,0.0175781063,0.735848909,0.286956884,0.492891016,0.160493936,0.446120369,0.3958331,0.482142993,0.0409836172,0.1666668,0.78921555,0.594202928,0.9415205,0.08125,0.724770157,0.982926865,0.845454552,0.193548239,0.312500088,0.315098198,0.342105323,0.29487188,0.247619139,0.0283911519,0.243902044,0.619489199,0.476190108,0.351852141,0.548387252,0.80891737,0.527173756,0.0824743
0.202898534,0.769911623,0.258620919,0.0944055833,0.74193559,0.465116214,0.106918212,0.304709284,0.834862395,0.267782654,0.0534351073,0.811224304,0.21875,0.677419539,0.181818045,0.155172507,0.814285881,0.314815,0.387755051,0.460317514,0.133758138,0.138461483,0.635513962,0.0373134377,0.644067807,0.0341880005,0.169014275,0.525,0.370370259,0.0716980928,0.623287755,0.092024409,0.349148704,0.428571343,0.653846396,0.597222192,0.227487886,0.493827049,0.177777824,0.282608585,0.109826644,0.423076838,0.276923142,0.110204107,0.773269721,0.407239816,0.288889196,0.666666767,0.250895776,0.86597938,0.0349649997,0.0661156966,0.2872341,0.503759501,0.436619782,0.126315625,0.035335702,0.133333402,0.206896617,0.0187165833,0.486056028,0.877049147,0.690476152,0.0493827654,0.163521852,0.49999975,0.723404255,0.318008106,0.0206767062,0.807017377,0.29437214,0.47593592,0.153845969,0.440748001,0.411764724,0.446153845,0.0420168261,0.151898509,0.781553247,0.5999999,0.938202126,0.0535714321,0.706421708,0.987373751,0.833333467,0.142857129,0.311111107,0.314286188,0.311926595,0.275,0.242718628,0.0246913575,0.191489723,0.618390862,0.486274967,0.396226194,0.515151464,0.805031503,0.505435193,0.086021557
0.211678782,0.75000021,0.270115138,0.108910804,0.73333354,0.50000005,0.12179492,0.288000268,0.855855863,0.244897796,0.0585937678,0.830917865,0.222222222,0.7,0.170454451,0.176470559,0.845161394,0.2413792,0.372548924,0.393939818,0.143712492,0.09999996,0.68316822,0.0489510641,0.615384415,0.0346232048,0.165517242,0.511628249,0.29999975,0.0655736502,0.632911562,0.0975609654,0.316079621,0.35,0.652174074,0.59589004,0.17757052,0.449438306,0.17525787,0.3333333,0.120879243,0.481481537,0.288944715,0.104417628,0.777272673,0.428571301,0.270270433,0.666666967,0.271698497,0.83695643,0.0330969157,0.0690908703,0.280254862,0.552239023,0.493506495,0.127906964,0.0452962309,0.135135205,0.216667043,0.016483522,0.525641251,0.839416228,0.711111111,0.0823528588,0.177631521,0.476190005,0.760869528,0.288973593,0.0265151658,0.793103524,0.28448312,0.465909181,0.102564041,0.464968284,0.40000002,0.49999995,0.0403225935,0.135135054,0.786457993,0.558823621,0.939890588,0.0858895464,0.709091329,0.986014,0.845360631,0.137931145,0.39999996,0.295011042,0.29629634,0.245508776,0.228261154,0.0250000275,0.210526421,0.620390731,0.482758408,0.448979265,0.533333313,0.809523693,0.524063703,0.0825687087
0.20149259,0.721649284,0.261905017,0.111111157,0.806451681,0.447368689,0.146875,0.268817239,0.859649075,0.233766031,0.0553359501,0.834134613,0.263888889,0.695652091,0.228915663,0.188235181,0.859872631,0.202702681,0.301886802,0.333333467,0.172042971,0.0895521642,0.707070788,0.0555555656,0.61111105,0.034,0.201298913,0.489796012,0.21875,0.0625001156,0.6,0.107954622,0.314377984,0.291666546,0.576922969,0.568493102,0.147186068,0.387755178,0.173076953,0.413043565,0.126984133,0.50000015,0.286069628,0.0971659281,0.787330287,0.437499887,0.245714691,0.70000006,0.318965632,0.783505065,0.0340135741,0.076923,0.268750441,0.556391111,0.548780229,0.119999724,0.0444444,0.129629583,0.157895084,0.0159999992,0.541666307,0.823529447,0.790697674,0.129411829,0.204379383,0.470588041,0.79999998,0.284615387,0.0225140595,0.83870959,0.272726951,0.470587844,0.101265951,0.475113307,0.507692409,0.539473616,0.045112809,0.1,0.786127307,0.508196502,0.932291534,0.1,0.715686197,0.981735111,0.829787217,0.101694939,0.434782474,0.292433768,0.257425853,0.212121353,0.277777767,0.0338027966,0.211538437,0.634482473,0.468749467,0.50000005,0.551723945,0.784722516,0.497651866,0.0862069417
0.195488683,0.622222538,0.256097479,0.120634868,0.811320843,0.459459676,0.17460329,0.272486781,0.857142849,0.200000198,0.0597609304,0.815270892,0.256410305,0.7,0.282051285,0.171717083,0.838709454,0.180723036,0.254545453,0.373626399,0.170984567,0.1176472,0.7,0.059210547,0.6144578,0.0270793492,0.20118354,0.433962221,0.076923,0.0555555483,0.577381148,0.105263203,0.305383035,0.266666787,0.555555589,0.53164586,0.130044809,0.39805851,0.174999975,0.509803653,0.136125682,0.541666529,0.323308248,0.0887097266,0.809734388,0.438697302,0.241935562,0.762711808,0.362790441,0.74,0.0283224656,0.074576267,0.260593377,0.526717625,0.535714525,0.123287449,0.0384615612,0.137614691,0.13333354,0.0221606649,0.583333122,0.838150201,0.710526142,0.1428573,0.218044844,0.354166719,0.804878261,0.289915723,0.020220583,0.865671473,0.2499998,0.510308948,0.0879119912,0.505966536,0.50000015,0.573333271,0.0597015722,0.12727246,0.797546047,0.543859974,0.932038827,0.131736467,0.659794134,0.980132426,0.827585972,0.0806450645,0.4375002,0.295050053,0.226414997,0.177514846,0.3333336,0.0346666818,0.217391213,0.641025898,0.488584215,0.530612688,0.53125,0.808823588,0.474789557,0.0512820777
0.173228357,0.581395458,0.244444347,0.113432776,0.879310384,0.60000028,0.199999768,0.292613666,0.864661627,0.224669552,0.0573770267,0.814009739,0.222222367,0.661017,0.285714143,0.194174872,0.855421745,0.123711401,0.22807044,0.388888616,0.183168388,0.120000024,0.705263371,0.0609755715,0.577319369,0.0248091788,0.249999968,0.433333317,0.0645161677,0.0480769212,0.580110704,0.103448392,0.293568249,0.225806468,0.4583335,0.494047658,0.115879849,0.372548665,0.187970038,0.62,0.119171018,0.576923358,0.332424877,0.0775510024,0.839560505,0.422383084,0.235294603,0.803571661,0.424731132,0.764705986,0.0323974196,0.0726643894,0.24740123,0.495867641,0.519480516,0.15068489,0.0352941342,0.169642722,0.122807125,0.0273972704,0.600917182,0.844086088,0.702702722,0.178571682,0.259842341,0.326530963,0.829268432,0.283185908,0.0197841586,0.9,0.20987628,0.532994735,0.0361445892,0.522673141,0.442857076,0.644736684,0.0634920698,0.183333418,0.825,0.5185187,0.944186026,0.124223513,0.628571609,0.9848812,0.807228877,0.114285611,0.38,0.296641504,0.174311826,0.139534843,0.388235406,0.028497404,0.239130352,0.640776597,0.47806986,0.553571588,0.53125,0.850393686,0.453125254,0.03125
0.198275773,0.608247218,0.272726818,0.123123224,0.9,0.575757745,0.195804424,0.288088634,0.830769259,0.2339447,0.0655737813,0.8125,0.256097477,0.6833334,0.305882353,0.223214292,0.869318122,0.105263,0.2307695,0.403361388,0.170731802,0.173333283,0.719999884,0.0643274629,0.575471676,0.0233918526,0.300469517,0.384615315,0.0588235588,0.0526315442,0.581005456,0.109826539,0.283157786,0.214285729,0.416666633,0.438271822,0.129166708,0.368421379,0.224490011,0.666666633,0.140625097,0.55,0.329729394,0.0714285693,0.854736796,0.452702841,0.216867935,0.775861967,0.455055963,0.757576,0.0347825771,0.0660065635,0.234309771,0.481481319,0.548780194,0.189873295,0.04,0.191304314,0.135593319,0.0284900089,0.63033165,0.829145736,0.722222139,0.2093022,0.311594233,0.260869404,0.813953544,0.296116497,0.0289854854,0.953488372,0.18852499,0.528205253,0.0561799607,0.544303605,0.461538385,0.691357938,0.114754024,0.203389797,0.835526316,0.48,0.927601844,0.145833401,0.625000375,0.982905992,0.775,0.171428586,0.384615385,0.287293079,0.176991098,0.131578869,0.370370463,0.0306905138,0.2,0.64975842,0.462962796,0.627451178,0.617647068,0.857142829,0.463235768,0.0217391435
0.181102273,0.59595994,0.247422875,0.145896724,0.82051291,0.65625,0.211111002,0.271002427,0.827338246,0.227487854,0.0658436479,0.808080681,0.322917203,0.672131066,0.32183911,0.228070083,0.857142854,0.112359621,0.20454558,0.423077053,0.187499797,0.1805557,0.714285786,0.0773479677,0.593220211,0.0227703716,0.321285033,0.310344907,0.133333213,0.0546447913,0.609375071,0.0924856055,0.288008702,0.231884277,0.3333335,0.437500028,0.107883822,0.383333278,0.228915446,0.737705295,0.118279526,0.4999998,0.332460634,0.0659340288,0.868951521,0.467320271,0.171778903,0.762711671,0.459016644,0.725490033,0.0301724023,0.0557276184,0.23395438,0.5,0.594594797,0.212121,0.0493827327,0.211538541,0.135593246,0.0338983058,0.641790927,0.852381083,0.638888961,0.202381299,0.379561865,0.255319149,0.789473642,0.295,0.0330275033,0.957446791,0.186311241,0.551546233,0.098901,0.548223517,0.390625,0.714286057,0.118110225,0.20000012,0.855421571,0.555555211,0.926086956,0.191176531,0.562499819,0.983228473,0.74026,0.191176447,0.380952381,0.28021979,0.119047636,0.113989583,0.34939792,0.0342105352,0.184210489,0.672456792,0.450216416,0.679245479,0.714286057,0.888,0.463667585,0.0375940226
0.1484375,0.587155988,0.23076932,0.157593176,0.817073154,0.642857,0.252830092,0.27375,0.848920764,0.197247523,0.0557939671,0.815384627,0.304761924,0.602940999,0.310344945,0.222222129,0.87,0.107142904,0.209302326,0.465648934,0.177339748,0.19999994,0.714285929,0.0944444992,0.617885994,0.0206378931,0.301886797,0.322034075,0.133333253,0.0613496742,0.572916844,0.0848484751,0.264835362,0.261538535,0.269230665,0.428161183,0.118577165,0.343284033,0.235602494,0.784615522,0.145728778,0.48,0.325699538,0.0703703317,0.868320648,0.5,0.182353159,0.745454598,0.478527709,0.68,0.0333333017,0.0674846007,0.23673428,0.488888851,0.57333336,0.230769046,0.0488888304,0.187499758,0.183333427,0.0422535169,0.626213725,0.860986703,0.5625,0.19999988,0.399999844,0.183673645,0.794117503,0.291457422,0.0380227934,0.947916495,0.169230837,0.582938495,0.128440305,0.560209176,0.245614453,0.705882259,0.144927746,0.26666664,0.902173989,0.577777878,0.923423475,0.258928395,0.49999989,0.987394964,0.730769027,0.21621597,0.385714147,0.28244984,0.115384657,0.118556791,0.363636364,0.0432432105,0.205882559,0.671361389,0.441666873,0.706896829,0.638888744,0.870967794,0.48000005,0.0225564045
0.133333348,0.584905885,0.205607429,0.168674565,0.807228954,0.657894874,0.288617757,0.308184186,0.829629604,0.198156418,0.0432900052,0.791261951,0.320754788,0.59375,0.302083249,0.226086966,0.864253385,0.109755988,0.209302263,0.510791083,0.189473527,0.206349079,0.6875,0.0893854862,0.607692024,0.0188323992,0.292857363,0.306451553,0.178571482,0.0609756159,0.572192421,0.10240968,0.272626894,0.28125,0.249999925,0.456043971,0.116,0.320895313,0.231527347,0.813333507,0.174603015,0.434782465,0.336898405,0.0708955314,0.874,0.488235293,0.195266193,0.727272845,0.496855348,0.678899121,0.0394431559,0.0573248829,0.209513981,0.411764806,0.623529313,0.281689859,0.0610329391,0.203703644,0.207546938,0.037900869,0.60765553,0.878542584,0.628571474,0.186046407,0.438848593,0.272727345,0.741935532,0.310734279,0.0340265159,0.938775394,0.184313219,0.615023915,0.147368318,0.57661278,0.259259233,0.760000008,0.159420345,0.294117841,0.905555427,0.589743513,0.913419982,0.288659885,0.424528164,0.989816702,0.7375,0.269230865,0.345238155,0.294275616,0.130434945,0.102040823,0.340000004,0.0419947263,0.184210563,0.681922234,0.459349729,0.6842108,0.73170762,0.890624891,0.508474533,0.0425531915
0.10810818,0.530973224,0.236842018,0.201834776,0.797979738,0.577777762,0.296943123,0.352732062,0.828357986,0.186363721,0.0436681227,0.767326733,0.333332907,0.590908941,0.305262931,0.209090835,0.852173855,0.108108054,0.225,0.528662435,0.188888909,0.20000012,0.671641397,0.0833333567,0.609374805,0.0127041697,0.279863506,0.317460068,0.3103448,0.0794702095,0.51351336,0.117283968,0.267059165,0.393442339,0.148148119,0.449438639,0.120622642,0.262411452,0.193832662,0.8157894,0.202072809,0.370370333,0.322751653,0.0601504241,0.872865225,0.448925378,0.199999906,0.647058953,0.531645841,0.648,0.0310262371,0.0648463918,0.20851521,0.415584349,0.671052433,0.29850776,0.0643777345,0.226087002,0.210526453,0.0481927736,0.596153674,0.875000194,0.594594497,0.223404611,0.443662,0.3333334,0.740740667,0.327160142,0.0337079301,0.927083215,0.176245481,0.639023986,0.185567189,0.601078536,0.210526516,0.8,0.154929654,0.356164285,0.92777771,0.564102495,0.914163002,0.340659404,0.398148068,0.987315042,0.7500003,0.31999966,0.28409047,0.296703257,0.136363589,0.111111087,0.310606207,0.0480226037,0.2,0.670871481,0.453125155,0.622641209,0.731707559,0.925925971,0.528239422,0.0629371115
0.0931677968,0.516949218,0.176470642,0.192192318,0.774509734,0.625000125,0.3,0.366591683,0.795918733,0.187499959,0.04803488,0.751231496,0.326531069,0.576271508,0.395833621,0.188118956,0.814977727,0.09999989,0.170731602,0.528301966,0.174698848,0.218181731,0.707692371,0.0919539985,0.622047498,0.0121527723,0.280936175,0.293103583,0.36,0.0719424329,0.505376331,0.13194444,0.277644348,0.457627051,0.19999988,0.483516217,0.11320759,0.241829881,0.217741898,0.810811019,0.201058237,0.433333673,0.314285729,0.0603772806,0.883763769,0.423280274,0.217647204,0.588235394,0.54037245,0.613138747,0.0289156881,0.0474452481,0.187637816,0.395061984,0.649350584,0.345454235,0.0720338908,0.238938445,0.21875,0.0532915876,0.592964326,0.886861323,0.575,0.205607227,0.450704003,0.403225884,0.769230715,0.330985517,0.0382409239,0.92553193,0.16788319,0.623115747,0.215053892,0.591159903,0.203703622,0.81481483,0.162337599,0.380952624,0.923076893,0.609756276,0.891891993,0.34939753,0.374999952,0.989626553,0.7439025,0.333333767,0.279569728,0.311504621,0.145454444,0.131147548,0.280303068,0.0467836541,0.238095167,0.656612613,0.467680606,0.592592778,0.780487959,0.935714306,0.531561231,0.0970149847
0.0804599064,0.504587441,0.188034272,0.20625,0.759259238,0.592592515,0.303030506,0.369071807,0.767123086,0.212669712,0.0685483457,0.721354512,0.32,0.603447938,0.45,0.1595745,0.804347457,0.14084507,0.117646994,0.56521757,0.205128199,0.2,0.634920635,0.105589968,0.608,0.0120481857,0.27129302,0.258064355,0.49999985,0.0756302306,0.524861824,0.148148174,0.291044385,0.509434151,0.235294306,0.473684024,0.100371795,0.234177112,0.21189555,0.851351441,0.226518988,0.4285717,0.3125,0.0505836272,0.88086644,0.421188501,0.25966873,0.543477872,0.549019819,0.559027789,0.0266344065,0.0562249545,0.19956137,0.440476256,0.670886335,0.351851852,0.0588234941,0.209090916,0.220339114,0.0495356725,0.565656951,0.893617,0.547619226,0.243478392,0.456521685,0.426470587,0.629629567,0.347222401,0.0430528903,0.886792572,0.172413888,0.63917515,0.224489765,0.579088418,0.181818,0.858695572,0.152866355,0.444444411,0.919191909,0.558823188,0.879807696,0.3600001,0.305555294,0.991578949,0.769230892,0.367647021,0.273684327,0.318680918,0.14361705,0.138554231,0.257812629,0.0571428171,0.268292722,0.660130946,0.466135285,0.5416669,0.790697716,0.936619706,0.543252601,0.12
0.0765027908,0.490740616,0.1875,0.196141454,0.731481668,0.571428571,0.318681374,0.358739671,0.733333175,0.216346226,0.0727970699,0.667597613,0.245098149,0.592592837,0.427083158,0.148148385,0.773504113,0.169014,0.1666667,0.609756513,0.216216168,0.214285607,0.645161694,0.0980391696,0.564516041,0.00668896107,0.268608288,0.245614154,0.592592437,0.0810811381,0.53888836,0.153333342,0.265091902,0.634615365,0.258064545,0.50000004,0.0879121168,0.208333498,0.204860794,0.867646926,0.247252669,0.375,0.317191324,0.0604839176,0.886956414,0.418051972,0.284152908,0.463414771,0.564625758,0.564102702,0.0249376635,0.0786026433,0.189498111,0.432099,0.641025936,0.357142821,0.0714285729,0.2,0.24074062,0.04953569,0.552083454,0.918831057,0.533333253,0.283185841,0.433071015,0.458333279,0.586206924,0.364341471,0.042830566,0.866071529,0.183673523,0.680203388,0.25242732,0.568783037,0.157895,0.879121,0.140127403,0.4893621,0.91219511,0.515151561,0.852631639,0.37499985,0.266054988,0.989316253,0.771738954,0.397259819,0.278350411,0.322490439,0.144144111,0.152866358,0.235714147,0.0677965931,0.261904626,0.667701907,0.477732825,0.558139933,0.767441907,0.945578218,0.53873184,0.126050312
0.0898201939,0.484535661,0.181159478,0.200668784,0.744897977,0.534482926,0.344444294,0.369918511,0.723880777,0.221105727,0.0798478911,0.668605116,0.209523771,0.590908886,0.510869493,0.168831,0.748988132,0.152777869,0.1764707,0.594285717,0.187919235,0.282051297,0.642856936,0.0945945714,0.563025307,0.00657895829,0.249190987,0.177419189,0.666666533,0.0660377728,0.511905013,0.146497122,0.273255705,0.653845931,0.289473742,0.497409625,0.0855263845,0.183783808,0.209459288,0.855263129,0.242267945,0.3421054,0.303614459,0.0445343726,0.894909619,0.368539419,0.316940263,0.437499931,0.58709679,0.554217289,0.0215053495,0.0880952508,0.188294818,0.385542207,0.60000018,0.368420905,0.0735294926,0.176470505,0.254901753,0.0519480647,0.515306231,0.936708869,0.631578716,0.302752187,0.444444468,0.466667167,0.551724003,0.353383271,0.041015628,0.838982917,0.165016942,0.707920511,0.274509516,0.578680393,0.173913343,0.888888867,0.124999967,0.5000003,0.923076967,0.4193547,0.846994397,0.370967908,0.281818054,0.982906009,0.747126226,0.356164114,0.252747,0.322857445,0.144628111,0.15972228,0.288732358,0.0575539704,0.225,0.662298,0.547243941,0.487804627,0.765957494,0.932885936,0.531914734,0.18
0.0817609436,0.43956044,0.189873337,0.205223782,0.707865083,0.588235565,0.369697348,0.394897717,0.709923476,0.22826068,0.0805860798,0.664705767,0.19090914,0.60465136,0.544444246,0.208955316,0.751037149,0.138888917,0.1666667,0.611702075,0.154321103,0.297297378,0.666666367,0.0827586376,0.526785982,0.00822369959,0.259016443,0.160714016,0.758620641,0.0833334083,0.550295458,0.164634361,0.276397427,0.636363709,0.3,0.556149902,0.0718954322,0.177419281,0.218542588,0.865853766,0.247663879,0.3333334,0.30712506,0.0427350083,0.895833376,0.328227586,0.324175847,0.416666842,0.595890408,0.559139858,0.0198300367,0.10459189,0.190883003,0.383720822,0.556962467,0.28125,0.0716980764,0.151515236,0.27450961,0.069536431,0.512953595,0.952229321,0.631578926,0.287128765,0.419642627,0.426470331,0.545454636,0.368852369,0.0372670078,0.828125086,0.171616954,0.766497773,0.281249947,0.573566276,0.159999732,0.892857032,0.141891968,0.561224307,0.911627895,0.41379309,0.858757206,0.393442575,0.280701888,0.979910717,0.8068184,0.352940771,0.244681129,0.33693494,0.126436803,0.159090961,0.259999804,0.0808823679,0.268292688,0.655445875,0.563636236,0.486486392,0.765957587,0.940789447,0.492805693,0.176470482
0.0723684609,0.368932488,0.183431887,0.196787095,0.69512193,0.641025808,0.347305045,0.414032166,0.707142842,0.258823416,0.0659723117,0.648484651,0.18584084,0.571428829,0.602409439,0.314285463,0.755905723,0.136986182,0.166666767,0.607954405,0.122222222,0.3235296,0.659574468,0.0942030332,0.477876193,0.0147540619,0.263322692,0.126984,0.771428631,0.0752689,0.538922588,0.160714079,0.279310086,0.648148394,0.282608741,0.579486936,0.0542168072,0.168421151,0.242718139,0.863636659,0.253393605,0.30232546,0.327272594,0.0386266624,0.890432044,0.312115036,0.329729667,0.384615554,0.622221901,0.524861912,0.0120482025,0.115979404,0.188790399,0.4,0.49999975,0.257142754,0.0611511106,0.17,0.211538458,0.0764119831,0.556097417,0.949494992,0.597015121,0.308510554,0.420454505,0.40625,0.4999998,0.381355729,0.0336841443,0.826771611,0.189102821,0.801932304,0.306122678,0.575757782,0.211267394,0.896907152,0.169291348,0.621359413,0.910714251,0.444444322,0.843930639,0.31944434,0.321739459,0.973451321,0.795918182,0.350649416,0.213483172,0.335305792,0.125874102,0.138211399,0.253012149,0.0961538604,0.282051369,0.660642305,0.549090842,0.538461515,0.74,0.94375,0.452296588,0.191919254
0.0714285964,0.360360375,0.1999999,0.210743671,0.6875,0.6666667,0.348387159,0.409351009,0.72794086,0.256410207,0.0686274297,0.647059135,0.12844024,0.512195012,0.559999956,0.373333287,0.740601496,0.150684845,0.151515191,0.55978288,0.0984455951,0.375,0.659574536,0.0846153628,0.51,0.0164473867,0.262057605,0.0769230154,0.853658554,0.0963856,0.567741554,0.173184458,0.280442491,0.636363464,0.260869635,0.607317239,0.0427350183,0.149484626,0.254838951,0.857143,0.262931225,0.269230746,0.337155898,0.04366811,0.89851869,0.278625793,0.326203568,0.368420979,0.646616729,0.49723737,0.0177514701,0.145,0.166666732,0.424528434,0.476744205,0.212121191,0.0594794942,0.168141621,0.20454558,0.0969900207,0.560605744,0.950530031,0.589040753,0.279569748,0.421686484,0.426229569,0.451612545,0.384615051,0.0336322882,0.803030337,0.19811298,0.803652941,0.347826252,0.588863129,0.176470565,0.922222253,0.203125,0.615384607,0.89270387,0.478260761,0.852272758,0.250000025,0.293103366,0.972789151,0.794117718,0.350515055,0.241757976,0.345238194,0.133012783,0.142857137,0.291139304,0.105882382,0.295454511,0.667315023,0.549242335,0.526315989,0.733333127,0.947019852,0.411764646,0.265306453
0.0810810503,0.357142551,0.195,0.22222213,0.658227597,0.727272641,0.351724192,0.435387375,0.732283689,0.242187879,0.0604229431,0.632768361,0.117647002,0.487179295,0.59375,0.414285524,0.76865656,0.133333293,0.176470665,0.517646755,0.07,0.424242382,0.62,0.105263102,0.468749947,0.0195758459,0.239682567,0.0704225352,0.918919016,0.0895522373,0.628931041,0.17777732,0.281955113,0.6111114,0.2765958,0.635,0.0320987922,0.123762495,0.246006818,0.882352939,0.239130523,0.241935545,0.349775908,0.0460829123,0.901974646,0.292857272,0.378378596,0.410256564,0.626016313,0.478835717,0.0271084486,0.158730088,0.177325549,0.423423431,0.471910047,0.151515152,0.0611511078,0.163461594,0.205128264,0.103896099,0.578947658,0.949090904,0.626666563,0.274725275,0.469697188,0.413793024,0.4999995,0.34453763,0.031100436,0.827586107,0.203883886,0.818965604,0.384615346,0.618243099,0.171875,0.897727469,0.206349195,0.669065259,0.892857067,0.590908777,0.851190515,0.289855136,0.268292755,0.969767462,0.792079045,0.355139761,0.217391304,0.342557577,0.132876885,0.0973451191,0.292682688,0.105468768,0.340425396,0.690802186,0.5681818,0.571428671,0.787878815,0.945578277,0.362675673,0.240384437
0.0645161806,0.315789311,0.235576893,0.208955162,0.615384192,0.714285843,0.333332983,0.458077709,0.738095205,0.22321439,0.0514905193,0.636363649,0.0975609873,0.457143009,0.575757618,0.428571543,0.760784627,0.123076886,0.233333293,0.454022796,0.0633484448,0.405405365,0.648148035,0.0743801311,0.4216865,0.0238095286,0.227123752,0.0694445208,0.909090927,0.120689688,0.656441878,0.194118081,0.291666301,0.575757618,0.327272565,0.679611434,0.0281030389,0.134020661,0.247619252,0.883928557,0.255411312,0.283783643,0.347032034,0.0436893383,0.896226471,0.282722283,0.395348459,0.441860377,0.651785707,0.45879106,0.0350877381,0.178378281,0.161290398,0.441666666,0.46534653,0.135135122,0.0484429448,0.196261659,0.219511944,0.14102525,0.599010022,0.953124986,0.618420876,0.202381038,0.532258021,0.410714482,0.50000015,0.330708539,0.0229007856,0.801369995,0.214983662,0.804081569,0.409090668,0.578781366,0.217391274,0.8987343,0.221374211,0.668918976,0.887850464,0.7142856,0.852941272,0.32857143,0.230158927,0.971896964,0.785714207,0.385321052,0.244680851,0.344322506,0.138381322,0.118644189,0.302631458,0.103585636,0.361701983,0.716796405,0.57303364,0.558139656,0.80263148,0.931506821,0.308176246,0.296296082
0.0760870924,0.333333537,0.25242725,0.21578944,0.576470827,0.740458028,0.313609285,0.474226822,0.738461704,0.225489937,0.0417690187,0.652850256,0.102362199,0.419354716,0.548386665,0.461538623,0.768292751,0.114753969,0.264705841,0.401130167,0.0815450496,0.461538415,0.6,0.0847458502,0.409638472,0.0240137501,0.236754699,0.038961,0.8125,0.148148056,0.716049517,0.2,0.298804757,0.538461577,0.321428493,0.716981566,0.0284463737,0.114583369,0.261437934,0.860655819,0.2510459,0.30232544,0.350230859,0.0443349817,0.900572256,0.281569923,0.390243608,0.45,0.683168418,0.477011968,0.0426136751,0.184615279,0.141478993,0.41984734,0.41964298,0.139534786,0.059259199,0.177966237,0.25714288,0.158249007,0.619718229,0.936937001,0.6582276,0.170731517,0.5573764,0.42592627,0.454545527,0.330645134,0.0181818244,0.821917795,0.242524646,0.814393898,0.413043528,0.585105746,0.205882521,0.868421066,0.257575734,0.645833426,0.907766939,0.714285629,0.854545425,0.302631639,0.220472306,0.969907469,0.755319247,0.432692318,0.235849147,0.346804579,0.130325884,0.137931091,0.283950731,0.0930232819,0.441860288,0.702048151,0.545801774,0.605263279,0.767442023,0.951724126,0.257425629,0.265624734
0.0657895263,0.298507567,0.24226789,0.208556115,0.566667,0.723404145,0.257668494,0.46960153,0.748031901,0.245097924,0.0286343443,0.679802831,0.099999989,0.40625,0.507042,0.4375,0.782258084,0.126984127,0.333333467,0.346875,0.0752211854,0.414634222,0.625000263,0.0840335598,0.39743596,0.0224913091,0.237012994,0.039999996,0.756756605,0.0952380381,0.72784825,0.193333596,0.297618645,0.617021353,0.240740693,0.754629366,0.0212766128,0.10648146,0.278637954,0.869565099,0.221276748,0.252427079,0.351449423,0.0539215552,0.904069712,0.253289289,0.414473438,0.486486592,0.630252099,0.466666524,0.0507042254,0.204188359,0.13084115,0.4113472,0.44,0.1489362,0.0576922815,0.17647042,0.225806487,0.192691081,0.635514176,0.913705549,0.747253,0.142857243,0.454545282,0.471697866,0.333333433,0.303029934,0.0182291817,0.850000087,0.266211428,0.808429039,0.373737374,0.576715049,0.2586206,0.81481483,0.260563404,0.618055699,0.889447174,0.772727432,0.869822427,0.296296304,0.227642392,0.967963353,0.776470454,0.436974537,0.206896564,0.37384039,0.137055845,0.115384549,0.290697529,0.0817120418,0.461538738,0.712806158,0.501858753,0.605263079,0.777777822,0.953846156,0.239482366,0.267123355
0.0519479948,0.311111636,0.245282919,0.233695534,0.565656566,0.710145004,0.226415558,0.484342175,0.756097203,0.269663342,0.0219561258,0.710784219,0.10852716,0.40000006,0.441176468,0.4444443,0.790322453,0.175438812,0.472222269,0.300000305,0.060344825,0.375,0.62,0.0952380495,0.391891874,0.0226876045,0.242811511,0.064935,0.729729684,0.157894768,0.754601277,0.174496614,0.32684852,0.653846204,0.211538452,0.779342501,0.0186722033,0.112149605,0.285293777,0.856,0.213043403,0.229357854,0.361386239,0.0459184202,0.913447674,0.2624,0.434782518,0.54054057,0.612902846,0.521978268,0.0657534332,0.202127601,0.114551115,0.455172545,0.422764235,0.176470412,0.056,0.1825398,0.3333333,0.192307604,0.652380887,0.910112351,0.702970034,0.141414127,0.44,0.48,0.309523655,0.308219383,0.0180878676,0.826087049,0.286689259,0.799256526,0.41304297,0.566053543,0.285714229,0.775,0.258741046,0.605442174,0.891891824,0.76,0.856321787,0.341463205,0.194029919,0.971365655,0.756756681,0.390977844,0.218978464,0.356353428,0.14960634,0.1489362,0.2209301,0.0416666621,0.527777672,0.69982254,0.460377585,0.590909141,0.793103267,0.923728783,0.226973692,0.253333305
0.0666665867,0.283464361,0.247524609,0.211956427,0.590909112,0.668965351,0.2083333,0.47770727,0.769841093,0.275862241,0.0218181526,0.713615086,0.08461539,0.32,0.424242227,0.477777648,0.75652189,0.133333447,0.513513708,0.287878589,0.0598290176,0.361702255,0.58181834,0.126126062,0.397260258,0.0167286412,0.289719355,0.0694445208,0.725,0.184210637,0.766871238,0.162338044,0.348659117,0.679245243,0.204081618,0.779661255,0.0243902366,0.110132323,0.253561273,0.857142743,0.184210566,0.223140471,0.363171113,0.041666635,0.912095696,0.253846019,0.439024154,0.47619051,0.563380187,0.534759507,0.0819672213,0.184523659,0.106194705,0.48125,0.398304889,0.186440958,0.0609755739,0.151079095,0.370370359,0.187050455,0.651515194,0.91139237,0.711711956,0.130841154,0.491803,0.482758521,0.234042553,0.294478266,0.0222222407,0.804877991,0.280277136,0.782287705,0.444444889,0.562009262,0.322580823,0.756410303,0.26875,0.567376173,0.902298845,0.740740693,0.852941135,0.37974721,0.162962867,0.965478844,0.724637703,0.386666301,0.251572626,0.375222942,0.157181674,0.164835,0.204819195,0.0411522974,0.448275786,0.698412618,0.41825095,0.589743536,0.781954931,0.92,0.219512426,0.242235848
0.119403088,0.2272726,0.248825818,0.220512855,0.612612982,0.654321108,0.184931428,0.478540834,0.714285923,0.247058774,0.0175438842,0.70388418,0.0816325486,0.333333367,0.423076842,0.473118253,0.795454893,0.166666933,0.461538677,0.273529659,0.0805686689,0.414634059,0.555555411,0.11711708,0.3333334,0.0167597822,0.29321006,0.084507,0.682927041,0.1875,0.738853361,0.136690214,0.356088465,0.69999986,0.185185074,0.78879311,0.0221238942,0.10762329,0.261838754,0.863636319,0.189655078,0.188976244,0.331579347,0.0402010059,0.92686355,0.267692337,0.428571616,0.531914894,0.514285747,0.510526376,0.0856352951,0.232257996,0.107142729,0.506173117,0.415929078,0.185714249,0.05752214,0.158620655,0.384615431,0.189393635,0.684492268,0.924242406,0.733333378,0.111111034,0.46875,0.451612797,0.24,0.288888951,0.0331325404,0.80341874,0.290441547,0.797833942,0.444444967,0.5518727,0.322580887,0.75000005,0.271604773,0.523077092,0.90625,0.814814752,0.859649107,0.448717779,0.128571381,0.956751109,0.6619715,0.399999948,0.307262741,0.386322871,0.141243,0.190476343,0.196078345,0.0447153839,0.433333273,0.700668772,0.43262416,0.527777706,0.783582001,0.898304994,0.201413281,0.247058861
0.144927842,0.267716596,0.247706395,0.210526262,0.661017446,0.648484796,0.187096701,0.477516013,0.73873864,0.207317004,0.0202019796,0.710660177,0.0621117538,0.250000075,0.472222211,0.49,0.805430039,0.203390034,0.552631579,0.272988647,0.0935960307,0.357142564,0.591836659,0.12612607,0.34328354,0.0151228906,0.281733569,0.121212,0.65217403,0.1842106,0.734694209,0.149606263,0.407196904,0.753846351,0.181817982,0.806167429,0.0252873626,0.110619469,0.245856285,0.844444385,0.165254299,0.191176511,0.344472804,0.0386473776,0.930481191,0.273994003,0.431579304,0.522726957,0.503401199,0.491978322,0.0859599173,0.24822715,0.103773599,0.49404777,0.40336145,0.161764868,0.0530973579,0.13380287,0.384615546,0.210744184,0.682634778,0.924528287,0.731884296,0.117646992,0.546875,0.462687076,0.24,0.263736114,0.0324483338,0.790322472,0.314394059,0.777777747,0.465753352,0.530812638,0.357143021,0.742857249,0.261437935,0.499999935,0.908496782,0.807692423,0.880952418,0.448718055,0.0896551007,0.944444419,0.623376623,0.378205605,0.284973943,0.377240312,0.169230894,0.243902246,0.192307647,0.0381355619,0.411764894,0.698051893,0.428069965,0.5000002,0.77777756,0.87037039,0.200716906,0.233333455
0.152777869,0.216418034,0.256756995,0.208994781,0.688,0.628205346,0.143835611,0.465277735,0.77272733,0.268292788,0.0356536633,0.683938166,0.0848484507,0.333333333,0.432836143,0.386138607,0.785087399,0.178571107,0.54761881,0.283439802,0.085,0.35,0.541666454,0.123809487,0.366196817,0.0183485949,0.293210024,0.159420441,0.56,0.309523724,0.717241577,0.115384583,0.432971113,0.790322574,0.209677305,0.809954761,0.0320196479,0.0990566012,0.223719143,0.807142723,0.149797629,0.152317735,0.357526895,0.0279069522,0.943850238,0.275157419,0.397590319,0.54,0.46052662,0.494565828,0.092261953,0.280302962,0.10645154,0.505747421,0.415254242,0.194444619,0.0558139099,0.111111113,0.366666857,0.199152868,0.6582279,0.943925252,0.715231931,0.10655736,0.636363755,0.491803492,0.245282945,0.25133644,0.0266272354,0.729927215,0.328185328,0.760456255,0.462686439,0.523447872,0.289156845,0.69696953,0.286713287,0.496123713,0.900763366,0.827586103,0.8679246,0.468354166,0.0705128087,0.935021994,0.544117519,0.410404541,0.330188817,0.377326475,0.167721065,0.266666607,0.180952401,0.0438596145,0.411764853,0.697709708,0.395188979,0.527777589,0.801470592,0.842105484,0.20306514,0.238095426
0.159999816,0.244094543,0.258215679,0.213068064,0.714285871,0.612903696,0.128571429,0.46352931,0.802325601,0.273809936,0.039087835,0.717646792,0.0977011832,0.384615354,0.460317514,0.333333807,0.81651357,0.156862384,0.531914894,0.291391018,0.0886700355,0.326087296,0.575,0.141509414,0.369230874,0.0146519985,0.299434588,0.184210618,0.507936506,0.325,0.678571193,0.102564131,0.444649749,0.805970081,0.206896676,0.834042666,0.0256410146,0.0810810665,0.227273007,0.785714594,0.137651674,0.115853525,0.348445817,0.0272726847,0.955958496,0.297253898,0.3875,0.488888953,0.425806681,0.529411534,0.0853658137,0.346773756,0.100334424,0.519125948,0.41228083,0.178082089,0.0637255268,0.0894737805,0.285714429,0.183035347,0.619718114,0.955357164,0.722891672,0.105691076,0.67213137,0.525423505,0.264150732,0.248618759,0.0300300217,0.722627808,0.315174752,0.778625911,0.523809571,0.506811823,0.276595606,0.661764371,0.272727358,0.456,0.889830418,0.837837886,0.878205077,0.480519481,0.0822784785,0.936794532,0.479451896,0.394021612,0.325358664,0.38211353,0.164335584,0.228260954,0.17,0.0283018658,0.342857069,0.70579506,0.374126336,0.558823265,0.790540634,0.857142657,0.194139271,0.220095646
0.178082125,0.24,0.25663748,0.263587217,0.691057158,0.595890441,0.131944425,0.508313943,0.813333519,0.345238262,0.0405186653,0.707006442,0.111111029,0.346153838,0.403508875,0.339805722,0.792270553,0.185185074,0.562500087,0.284768171,0.0882353065,0.306122563,0.552631268,0.152380835,0.349999695,0.0148423188,0.279569822,0.1973685,0.432835913,0.340909427,0.647059079,0.0819671754,0.444649688,0.838709635,0.190476,0.839826897,0.0316622539,0.0776256122,0.200514604,0.746666724,0.133858355,0.088397916,0.316216105,0.0353982492,0.968474129,0.294892689,0.363636327,0.386363845,0.381578797,0.557894798,0.0994152259,0.392,0.120914965,0.516304662,0.405405067,0.166666567,0.0469483714,0.0837438884,0.3333334,0.20560735,0.617646756,0.963636372,0.739583118,0.124999909,0.732143159,0.491228507,0.303571121,0.239361652,0.0377907313,0.705426441,0.294354792,0.781250034,0.615384608,0.483628759,0.292135049,0.639344228,0.289655179,0.472,0.885964915,0.790697633,0.867132833,0.506328601,0.0783133157,0.922018273,0.50724629,0.388601247,0.390476499,0.405103712,0.160447694,0.238095273,0.13265312,0.0447761001,0.324324459,0.691176505,0.387755085,0.475,0.824324393,0.864077577,0.219858132,0.205357057
0.21739157,0.280302662,0.262711751,0.260309276,0.680672111,0.615942223,0.155405502,0.518159971,0.820895428,0.35,0.0412044619,0.679487462,0.136150216,0.413793017,0.4999999,0.35,0.776119478,0.222222044,0.608695804,0.272727286,0.106635111,0.306122533,0.526315389,0.118279688,0.40625,0.0163934195,0.266303867,0.215189657,0.384615492,0.352941024,0.63274321,0.0847458586,0.480144725,0.875000025,0.241935345,0.855319189,0.0360111023,0.0815450382,0.192592702,0.697842152,0.1203008,0.109947644,0.335693834,0.0322580403,0.97030877,0.325281734,0.308642554,0.413043617,0.352941147,0.57286378,0.09970685,0.376811366,0.129568196,0.521052552,0.429824742,0.162790567,0.0416666879,0.0720339648,0.384615338,0.215246874,0.596774025,0.949152527,0.74634136,0.149122964,0.745762531,0.448275631,0.307692592,0.248677028,0.0301370049,0.683823742,0.303964193,0.793333367,0.74,0.472520147,0.250000025,0.59999978,0.298013226,0.407692472,0.859813014,0.717391243,0.866666817,0.535713757,0.0898202533,0.912735823,0.4444444,0.400000038,0.391304715,0.400951256,0.153284735,0.175925997,0.135416714,0.0582524592,0.354838445,0.695086881,0.379791099,0.35,0.852564108,0.864077674,0.247457986,0.207468757
0.176470818,0.309523899,0.276316143,0.221909987,0.653225649,0.628788217,0.145833335,0.546365583,0.862068786,0.30107543,0.0487421473,0.622377677,0.145299078,0.464285561,0.555555544,0.30302997,0.75728144,0.238095048,0.595238238,0.295454388,0.127802647,0.346939027,0.512820556,0.113636023,0.41269843,0.0155172567,0.270885892,0.197530881,0.327869034,0.34,0.626213867,0.0917430282,0.498220921,0.872727324,0.307692092,0.881578989,0.0304709166,0.0822510907,0.202439491,0.662069168,0.0932835896,0.0861243567,0.311452407,0.045662095,0.975834279,0.329371567,0.265625,0.369565537,0.31654673,0.632352869,0.106017146,0.408450657,0.145270531,0.5329953,0.458715421,0.159090711,0.0657276868,0.0685484069,0.333333433,0.242290484,0.593496089,0.96,0.746543878,0.153846194,0.728813181,0.489361702,0.301886642,0.266666499,0.025641029,0.685314681,0.285068045,0.78730163,0.693548785,0.441999855,0.195652246,0.551724269,0.330127786,0.423358054,0.817307707,0.7021276,0.899280565,0.519480516,0.107784373,0.920863323,0.441558442,0.438678726,0.422535691,0.403426952,0.138297872,0.156521789,0.164705882,0.0615384834,0.379310083,0.715832016,0.410773998,0.333333367,0.871428656,0.854368926,0.307443657,0.2048192
0.1666665,0.313043681,0.299107267,0.288571345,0.638654959,0.660869629,0.148648571,0.577836869,0.836734514,0.268816973,0.050073626,0.609022522,0.140562207,0.40000006,0.606060842,0.272726945,0.718592725,0.179487308,0.732143039,0.265624867,0.136574087,0.346939127,0.514285949,0.106666421,0.402985401,0.014851517,0.274698636,0.186046363,0.328358607,0.339622674,0.60550477,0.105769339,0.533222907,0.877192947,0.365079329,0.909909958,0.0262466798,0.0755554827,0.19811335,0.60000033,0.0732600012,0.0879629077,0.324207175,0.0566037498,0.979357794,0.341637228,0.253520873,0.368421526,0.292857099,0.656716267,0.107648703,0.380000087,0.155708974,0.544041378,0.484127311,0.180722928,0.0769230577,0.0636703796,0.346154031,0.235807508,0.566929045,0.954545457,0.703056517,0.141509522,0.736841758,0.523809895,0.365384654,0.281914683,0.0229591841,0.704402285,0.2694063,0.807692316,0.765625,0.423928377,0.157894537,0.508772295,0.365714062,0.440559427,0.8387096,0.68,0.917293183,0.481481463,0.136054522,0.924574146,0.4366195,0.42857142,0.395939139,0.414330648,0.12121217,0.138211436,0.19999976,0.0549450754,0.346153942,0.73181851,0.410958733,0.268292661,0.893333408,0.806818342,0.357142936,0.200787237
0.161290213,0.309734259,0.321100786,0.2937854,0.653226351,0.641509679,0.157232647,0.586301423,0.804878205,0.29896868,0.0602941242,0.598360196,0.120300752,0.457142746,0.645161623,0.268041486,0.705882644,0.189189314,0.724137838,0.266666623,0.133802895,0.326530902,0.5000002,0.126582076,0.424657427,0.0170807926,0.278313042,0.16666675,0.298507691,0.260869483,0.573033185,0.0990098568,0.524221006,0.864406641,0.421875,0.935064967,0.0211081524,0.0510639219,0.195348895,0.566433548,0.0719697587,0.0811965398,0.309880415,0.0717949165,0.985491086,0.341772099,0.162790551,0.360655572,0.302012959,0.722772497,0.115702405,0.371795028,0.150537265,0.540670072,0.488550029,0.213332964,0.078817704,0.0501791759,0.4999997,0.214912414,0.587785881,0.942857096,0.688524785,0.1603774,0.68518518,0.575,0.3392852,0.28108144,0.0193905806,0.703225981,0.292036023,0.834269712,0.78082191,0.411279011,0.15315304,0.490565645,0.387804783,0.437908343,0.839080132,0.6666666,0.903225792,0.487179503,0.146666733,0.92048184,0.455881872,0.471111473,0.384236788,0.42857139,0.0989760629,0.12598426,0.1940301,0.0502513956,0.363636145,0.741466243,0.428571839,0.277777733,0.907284675,0.807228761,0.390243673,0.211895955
0.1666665,0.289719682,0.344339123,0.30726281,0.644068021,0.693069031,0.183431706,0.600566664,0.805555478,0.308510777,0.0557939999,0.580357473,0.10033447,0.41666695,0.656716631,0.291139029,0.722543253,0.173912883,0.746031671,0.242718662,0.156084717,0.317072922,0.594594538,0.144736914,0.466666493,0.018691566,0.281862682,0.157894705,0.266666667,0.217391152,0.572916556,0.0833332617,0.55228741,0.862068928,0.426229484,0.931451626,0.0286458592,0.0418409749,0.1807781,0.51748248,0.0806451845,0.0980392135,0.314753931,0.0676328597,0.986681428,0.333958827,0.1666664,0.301587271,0.307189662,0.76,0.136239855,0.289017345,0.176470808,0.532407486,0.459853923,0.205882397,0.0842105537,0.0506756367,0.592592533,0.219047432,0.549180254,0.930069944,0.675889485,0.177966269,0.692307362,0.594594678,0.263158274,0.289772726,0.0201149336,0.739644807,0.301310074,0.83505145,0.756410122,0.410416782,0.136752028,0.509434404,0.424528274,0.39864852,0.816091655,0.648148194,0.892307637,0.549295775,0.142856989,0.919811341,0.441176591,0.448132563,0.3910893,0.430107494,0.0985915093,0.126760568,0.241379259,0.0533980769,0.416666692,0.739808381,0.43253946,0.243902173,0.914110408,0.807692323,0.42514967,0.2
0.183673782,0.287234129,0.36040599,0.30285721,0.633027482,0.7812499,0.211111244,0.602484279,0.823529271,0.326530498,0.0616246573,0.514018868,0.0766550601,0.428571614,0.690141,0.279999828,0.729281548,0.115384638,0.737705148,0.22330097,0.18883008,0.404761762,0.547618983,0.134146207,0.512820251,0.0178571759,0.280788212,0.1875,0.295082025,0.222222067,0.557692562,0.084033585,0.566455753,0.857143014,0.4999997,0.945378133,0.0303030333,0.0491803498,0.18072324,0.495726471,0.0991735766,0.0939849248,0.297658925,0.0707546657,0.987898794,0.308316238,0.151515152,0.292307288,0.333333267,0.797030028,0.140540333,0.274193425,0.167381868,0.514893667,0.472222414,0.253968229,0.109289729,0.0500000465,0.576923027,0.239024733,0.583333607,0.926666615,0.674603049,0.191304434,0.638297872,0.583333375,0.301886772,0.293103298,0.0240239945,0.761363312,0.327272724,0.83737864,0.761904267,0.381559938,0.099999925,0.547169881,0.422413359,0.401360404,0.822222193,0.611111183,0.896,0.542857491,0.147058808,0.925058539,0.423728461,0.451492371,0.358209092,0.437593836,0.102112622,0.114093863,0.240740672,0.0502513405,0.391304365,0.744521542,0.43470166,0.227273014,0.91390724,0.807692419,0.43227646,0.213483137
0.264150653,0.247311949,0.389188553,0.300577975,0.633663394,0.831460535,0.239583411,0.619496466,0.80000022,0.336633594,0.06639566,0.516128542,0.0791366468,0.486486395,0.743243269,0.228571414,0.724137859,0.155172507,0.758064552,0.21,0.213513431,0.473684221,0.583333117,0.138888986,0.476190452,0.0147710221,0.259446009,0.192307562,0.277777711,0.26415097,0.572916798,0.103448281,0.598765236,0.828125,0.5,0.935344869,0.0174563785,0.0478087735,0.171497395,0.495726467,0.114537524,0.0939850564,0.316363722,0.07692309,0.987938601,0.283613677,0.16,0.25925947,0.359999862,0.792270192,0.1534246,0.248618495,0.182648052,0.50869545,0.457516431,0.29824593,0.147540992,0.0448275746,0.59999998,0.252475498,0.634920471,0.915032642,0.661417008,0.20000006,0.555555667,0.529411841,0.310344676,0.297619416,0.0251572083,0.759358346,0.339805369,0.846153908,0.771084246,0.391530777,0.072463767,0.538461477,0.406503923,0.375886374,0.829545549,0.54,0.900763297,0.516666883,0.152,0.934537294,0.433962598,0.451851855,0.338461806,0.450450555,0.0962961973,0.108280375,0.325581395,0.0414507959,0.384615354,0.743562205,0.434457308,0.208333388,0.928104536,0.756097654,0.414492705,0.186379762
0.346153927,0.221052611,0.3926698,0.3089,0.5888891,0.855555714,0.220512938,0.632652832,0.749999925,0.372727209,0.0749665275,0.506024248,0.0606060994,0.525,0.7625,0.203125,0.72928171,0.180555538,0.7142859,0.227722716,0.216762593,0.564102695,0.583333342,0.153846092,0.481481719,0.0128939446,0.245569716,0.219177822,0.231883984,0.196428455,0.531914962,0.130841205,0.613772403,0.7866668,0.555555367,0.950450491,0.0202019987,0.0441766862,0.187032367,0.499999625,0.158370924,0.108208866,0.332060807,0.0863636812,0.987818369,0.270613048,0.164948518,0.240963976,0.376470476,0.817734308,0.191740457,0.223529839,0.202830603,0.5000001,0.426900515,0.387755129,0.153408992,0.0361010884,0.69999982,0.249999943,0.629920616,0.919254608,0.634980883,0.205357158,0.520833152,0.448276159,0.301587271,0.318471044,0.0276816889,0.792929279,0.368931968,0.843267012,0.764044789,0.39509928,0.0633802968,0.586956624,0.393382756,0.413534165,0.870967587,0.634146371,0.888059667,0.576922788,0.144144043,0.944933945,0.448979565,0.469643013,0.32240417,0.449922972,0.0846153935,0.089820309,0.340909132,0.0648648392,0.413793317,0.75454547,0.454365391,0.16071418,0.930817624,0.718309859,0.411764443,0.19999994
0.411764688,0.172839648,0.392857201,0.3010204,0.566265373,0.892856943,0.23414601,0.642857466,0.6785713,0.366666725,0.0862744927,0.528089661,0.0485829678,0.510638298,0.80263168,0.210526442,0.748717987,0.162162146,0.709090825,0.263636365,0.196078489,0.625,0.5625,0.16666685,0.529411353,0.0142450071,0.232044234,0.253731473,0.225352113,0.137254673,0.508928639,0.165137518,0.612698392,0.720430216,0.543478626,0.939534926,0.0184210537,0.0390625098,0.189526647,0.495652201,0.179104351,0.099999947,0.306451653,0.0810810078,0.991169997,0.21929837,0.123711239,0.223404045,0.398734504,0.819587669,0.229461713,0.168674733,0.236715276,0.533613257,0.420118289,0.428571671,0.196428764,0.0371747049,0.73333306,0.238805594,0.695312652,0.915584384,0.635627247,0.224138122,0.5777781,0.464285814,0.28787883,0.333333253,0.0289855194,0.812807867,0.345622002,0.853448236,0.761904767,0.398133927,0.075,0.627906986,0.375426419,0.424460448,0.8865978,0.594594557,0.876923095,0.641509757,0.120370336,0.943478238,0.404255157,0.456747763,0.3333333,0.45121942,0.076045695,0.0736195787,0.341463371,0.0681817527,0.48,0.744597127,0.433884726,0.192307642,0.9337349,0.72580649,0.389936998,0.212543697
0.428571071,0.136842082,0.395027428,0.312796208,0.521126739,0.89873422,0.250000485,0.66666675,0.6,0.39316241,0.0911457317,0.538461469,0.0572687448,0.54,0.808823457,0.249999925,0.732984453,0.131578961,0.696428618,0.242990564,0.2056738,0.627907074,0.628571114,0.133333333,0.542553646,0.0130814016,0.245481978,0.237288386,0.222222289,0.181818055,0.469565311,0.157894868,0.622073746,0.742267829,0.511111162,0.94761909,0.0240000195,0.0494296089,0.21066029,0.491228356,0.222222264,0.110344883,0.325102664,0.0805085078,0.991313758,0.195175498,0.133333245,0.188679125,0.431372243,0.81951216,0.253644212,0.175757198,0.241025531,0.545454412,0.381502902,0.452380864,0.200000156,0.0375940075,0.727272564,0.238578704,0.688524977,0.900662304,0.640315913,0.214285761,0.558139535,0.448275955,0.2368422,0.35,0.0398550972,0.806930597,0.343284014,0.857768199,0.765432017,0.397928926,0.0659340695,0.648148183,0.356209331,0.402777748,0.879121012,0.49999995,0.874074053,0.678571379,0.142857063,0.952182981,0.390244051,0.451785572,0.346821113,0.436046745,0.061983437,0.0509554826,0.26829248,0.103448349,0.354838645,0.751219315,0.38,0.23333326,0.941176459,0.712121356,0.371428198,0.229166611
0.440678047,0.135416832,0.360656133,0.277511847,0.538461692,0.888888878,0.247787324,0.703125352,0.586207207,0.382113761,0.105473937,0.538461523,0.0465116244,0.566037983,0.8,0.212765957,0.721649399,0.153846138,0.686274775,0.263636524,0.224806161,0.627906902,0.628570989,0.109090767,0.561797894,0.0163204904,0.220365033,0.227272555,0.180722892,0.203390036,0.405172798,0.203539904,0.620129732,0.719298321,0.488888893,0.943589799,0.0231958874,0.059479515,0.187500466,0.50862061,0.260605964,0.10670731,0.328889055,0.0848214488,0.991051437,0.191824109,0.138613807,0.145299112,0.442307719,0.809523953,0.274052641,0.166666867,0.233945193,0.551111019,0.356687939,0.428571629,0.23497316,0.0355731272,0.735294338,0.248756418,0.685039641,0.918367414,0.592,0.226087081,0.571428771,0.374999813,0.231707232,0.35,0.0520832792,0.831818222,0.311881011,0.84947379,0.779221022,0.419161896,0.0628272503,0.679245536,0.356922921,0.399305848,0.917647084,0.533333373,0.884615422,0.683333132,0.156249922,0.947916602,0.425,0.435855268,0.354651161,0.4606987,0.0726495085,0.0538921734,0.257142851,0.10365851,0.277777761,0.755957841,0.377431818,0.234375,0.939226542,0.716666713,0.364238389,0.233333424
0.530303312,0.144230731,0.319149446,0.254901793,0.626865775,0.831168865,0.24651212,0.699186986,0.470588259,0.380597553,0.119235767,0.555555333,0.0441176453,0.68,0.830508268,0.155555478,0.689655189,0.135802591,0.74,0.274336333,0.30147091,0.59999988,0.486486341,0.142856943,0.533333093,0.0168970705,0.222049413,0.217391483,0.211764536,0.153846062,0.407079369,0.235849079,0.601351413,0.773437773,0.526315884,0.950819694,0.0180412346,0.064056968,0.200535138,0.527777314,0.275641032,0.0922618511,0.330357133,0.0762331535,0.990332992,0.169791951,0.10416689,0.185840849,0.445161429,0.812500051,0.286549796,0.202186146,0.220408517,0.504273569,0.303571382,0.421052516,0.262886654,0.0321284833,0.735294259,0.275361874,0.691666679,0.895833352,0.578512177,0.196078431,0.511628,0.3333333,0.207316921,0.396551553,0.0599999344,0.842105259,0.340540122,0.852008543,0.7875,0.440875596,0.0547263176,0.754717281,0.347945008,0.444785189,0.909090955,0.522727009,0.893129808,0.728813507,0.169230681,0.947033834,0.390243934,0.423437712,0.370588074,0.426241445,0.0743801081,0.0526315395,0.2,0.132911295,0.232558093,0.764486026,0.354243679,0.215384572,0.949152615,0.730159,0.336770064,0.272727194
0.527777489,0.176470533,0.2702706,0.279793234,0.646153788,0.852941285,0.2931034,0.709803948,0.457142763,0.408759537,0.123315418,0.576086782,0.0471204188,0.709677484,0.84127,0.173912865,0.687499952,0.154762169,0.74,0.28333319,0.323529154,0.6444446,0.476190743,0.145454385,0.510869393,0.0165016579,0.212074689,0.162162,0.225,0.181818091,0.336206979,0.265306135,0.592905399,0.829932056,0.472222233,0.946524035,0.0155843997,0.0694444769,0.190348572,0.457626708,0.333333,0.0962098789,0.29613742,0.103286364,0.991507442,0.160860372,0.123809444,0.185185221,0.445205398,0.790816375,0.295857897,0.242603904,0.19924792,0.484581256,0.291925546,0.459459468,0.292307617,0.0346154169,0.666666333,0.28640818,0.725191004,0.890410942,0.573332842,0.20000018,0.512195412,0.36,0.209876579,0.383647851,0.0608108412,0.829694381,0.329897253,0.830472259,0.818182018,0.449437926,0.050458785,0.754385847,0.347107342,0.462856813,0.9210526,0.466667033,0.905172393,0.765625,0.166666677,0.947257433,0.380952467,0.415360362,0.346405065,0.399147407,0.0762712514,0.0689656131,0.159090952,0.11728403,0.26666648,0.765478571,0.349090685,0.1875,0.946428461,0.714285971,0.327585916,0.281746128
0.479452104,0.199999854,0.24999997,0.278787873,0.62903254,0.797101303,0.294931027,0.703862478,0.5000001,0.370629506,0.13892804,0.557894758,0.0437158756,0.698412698,0.827586069,0.208333117,0.7,0.153845985,0.750000275,0.283464396,0.370370497,0.638297872,0.4888887,0.204081859,0.531915066,0.0156794306,0.213395907,0.179775564,0.269230635,0.208333521,0.289719778,0.27472522,0.597642998,0.84810145,0.50000025,0.95999996,0.0203562428,0.0777026971,0.174479406,0.426356774,0.363636647,0.1014084,0.281937955,0.095,0.987767558,0.159883659,0.123893857,0.168224283,0.386861331,0.775400939,0.304075324,0.226190577,0.197802242,0.426724182,0.233532537,0.472222311,0.303921239,0.044,0.625,0.29,0.74193536,0.892617379,0.566964367,0.203539921,0.512194759,0.32,0.159999952,0.38709645,0.0528052737,0.855263166,0.322034317,0.818965427,0.821917936,0.435880289,0.0480348728,0.740740719,0.313019409,0.488763972,0.897727449,0.458333275,0.896551708,0.796875,0.157142978,0.943478222,0.2954546,0.420967836,0.366459726,0.382609531,0.0806452523,0.066666692,0.155555384,0.127388594,0.222222156,0.757819899,0.318021234,0.2083335,0.957055213,0.741935545,0.312924862,0.280172592
0.506666904,0.24074076,0.232227474,0.286666941,0.647058818,0.772727023,0.289593018,0.720523728,0.552631689,0.362204184,0.139249869,0.461538286,0.0505618276,0.688524882,0.781818247,0.108695535,0.718592871,0.123595664,0.754098626,0.266666538,0.4042554,0.630434837,0.478260643,0.216666748,0.447916652,0.0145719355,0.187687921,0.148148196,0.278481128,0.19999988,0.256880869,0.3086422,0.598957856,0.851190499,0.435897405,0.961111091,0.0279187552,0.0596491242,0.152849706,0.448,0.345865131,0.101604242,0.288888982,0.0979381965,0.986473423,0.152803082,0.153225733,0.15000006,0.310077558,0.780898836,0.277227543,0.21764708,0.185185232,0.431111045,0.237179507,0.393939436,0.28571439,0.04780877,0.6578946,0.273170618,0.727272705,0.893333356,0.549107213,0.188524534,0.54761921,0.454545418,0.159420368,0.380000182,0.0540540573,0.868778243,0.338709738,0.825791731,0.847222146,0.447902988,0.0460251,0.714285871,0.297994227,0.515789643,0.8854165,0.410714493,0.915966393,0.86764694,0.140000101,0.926267278,0.260869552,0.410606321,0.363636325,0.352239192,0.0849420175,0.0607734971,0.122449151,0.121794859,0.186046512,0.7476459,0.272401102,0.236842129,0.963190179,0.741935594,0.337979207,0.323404099
0.545454636,0.287037072,0.212871426,0.272058622,0.652173774,0.75999998,0.295774501,0.723577263,0.526315684,0.304,0.145743094,0.397959239,0.0571429506,0.653846104,0.783333208,0.185184907,0.715053788,0.164835084,0.786885451,0.248226752,0.43421037,0.575,0.473684116,0.2361111,0.420454716,0.0172744997,0.198171168,0.129411739,0.356163971,0.178571564,0.225000198,0.324675427,0.589457378,0.90116287,0.476190238,0.961325998,0.0445026267,0.0709459872,0.146276715,0.440945459,0.340740392,0.0895140194,0.305,0.126315788,0.984990622,0.152854149,0.182539659,0.154471629,0.275590487,0.779141196,0.280404878,0.23809564,0.172881552,0.384279537,0.232876586,0.454545436,0.289719245,0.0562248429,0.613636239,0.304347904,0.736,0.916128995,0.54187201,0.191176394,0.513513405,0.48780469,0.136363486,0.376811418,0.059649087,0.875598197,0.355330278,0.819196479,0.8536587,0.453208423,0.0421940895,0.741379052,0.277322725,0.548718414,0.880434712,0.423728803,0.92727275,0.890411034,0.151162808,0.925058537,0.24444442,0.440233305,0.339622663,0.334677617,0.090225582,0.063829816,0.122449112,0.108280298,0.219511932,0.737827752,0.241553819,0.15625,0.953642358,0.72881329,0.344709678,0.354701032
0.625,0.300000045,0.187500102,0.282442437,0.690141,0.701492639,0.318840712,0.730290524,0.513513608,0.32,0.159670421,0.32967033,0.0666666093,0.673468969,0.796875,0.19047619,0.725714201,0.238636267,0.833333417,0.237410148,0.43949046,0.641025549,0.432432346,0.275,0.355263042,0.0197628243,0.179710176,0.115384626,0.368421363,0.162790633,0.173228256,0.30136984,0.562499372,0.913043487,0.477272923,0.951351351,0.0412979581,0.0753424103,0.116216319,0.449275027,0.330882646,0.0874036328,0.291666298,0.131736453,0.9845595,0.124125939,0.224138251,0.153225705,0.270491685,0.737179501,0.243902444,0.25862062,0.152249125,0.352941085,0.2,0.527777789,0.30044883,0.0572518917,0.55,0.337899337,0.6953125,0.913043501,0.507462603,0.210144921,0.484848342,0.55,0.0869567565,0.363636173,0.0557620712,0.88349517,0.365979812,0.805936077,0.858823459,0.450649196,0.0502283457,0.784313806,0.266853556,0.538888752,0.886363598,0.419355119,0.914728612,0.924050792,0.148809643,0.922897198,0.2790696,0.434523964,0.304635698,0.321368682,0.109965654,0.0677965973,0.16,0.10958911,0.256410279,0.732876544,0.221153673,0.184615274,0.943662003,0.807017396,0.333871143,0.360869789
0.662650535,0.28,0.171874945,0.259842367,0.75,0.698412589,0.322727204,0.728394701,0.588235429,0.327586219,0.163204889,0.278846443,0.0794701619,0.711111082,0.821917964,0.208955384,0.767955741,0.252747075,0.88,0.27972043,0.467948657,0.685714311,0.410256287,0.272727155,0.315789774,0.0215264559,0.153392641,0.149122799,0.421053216,0.163265351,0.157894705,0.34375,0.546242755,0.91758245,0.5348834,0.944444406,0.0480480176,0.0735294771,0.127071773,0.46875,0.260563537,0.092592597,0.306818526,0.1325302,0.984995566,0.113752288,0.26956519,0.166666647,0.198275813,0.707482889,0.229007549,0.265060306,0.133211621,0.322580666,0.177966204,0.625,0.289473388,0.064748258,0.521739057,0.334821289,0.654134992,0.913580281,0.510526155,0.206666706,0.5000003,0.537037261,0.119403064,0.333333313,0.0543932837,0.887254972,0.384615607,0.798701332,0.888889,0.443690461,0.0497738093,0.74999975,0.257310118,0.577142697,0.8522728,0.40000026,0.926470608,0.9259258,0.134502887,0.923433841,0.26,0.418878838,0.313432885,0.329660978,0.099999872,0.0628931001,0.192982446,0.0935250938,0.35,0.728976389,0.225589001,0.151515076,0.931297686,0.8363638,0.32467575,0.385281386
0.696202835,0.292452714,0.157608685,0.258928505,0.767857207,0.680000108,0.360730736,0.761701821,0.575757703,0.306306406,0.172673093,0.241071185,0.0758621341,0.622222373,0.839506028,0.19999994,0.742514969,0.274725,0.862745373,0.282894785,0.518987175,0.722222111,0.40000054,0.269663222,0.356164071,0.0233463316,0.14071805,0.118644212,0.439023732,0.188888838,0.137404571,0.310344876,0.538462068,0.916201091,0.604166579,0.939226566,0.0609756034,0.0702479833,0.119777154,0.473684508,0.3006536,0.0916441558,0.30303021,0.126436967,0.985319501,0.114864551,0.289473375,0.140625,0.144144075,0.703947446,0.206896588,0.281437415,0.13281246,0.327868492,0.148148171,0.619047576,0.275000358,0.0758122165,0.4444447,0.37036998,0.63934458,0.91082787,0.477528069,0.198675623,0.6000002,0.525424237,0.136363555,0.272726973,0.0691243776,0.907317136,0.402234971,0.786666825,0.891304165,0.435197704,0.0634146336,0.688889356,0.273273034,0.603550162,0.868131781,0.346666296,0.916666682,0.930232586,0.10778435,0.926940561,0.244444444,0.390390395,0.259842286,0.333034527,0.0911949417,0.0526315974,0.254902004,0.0794701682,0.384615385,0.722471158,0.235099573,0.134328513,0.923728812,0.807692173,0.307692618,0.434782663
0.747126501,0.229357701,0.133689793,0.261682069,0.711538429,0.727272782,0.382222128,0.78461535,0.517241324,0.286956613,0.174382666,0.221311332,0.0860927366,0.641025449,0.848837345,0.185714063,0.764331115,0.340425636,0.847826224,0.273333285,0.518518088,0.8,0.444444544,0.270833392,0.3384613,0.0303030436,0.147435572,0.144,0.422222138,0.17441864,0.0909091,0.3,0.549707444,0.909574559,0.529411882,0.945945935,0.070512866,0.0756302106,0.122857111,0.455497382,0.275640721,0.0994764199,0.308724684,0.122699367,0.985357451,0.120879572,0.348214597,0.166666583,0.145161165,0.7293236,0.199999922,0.263803513,0.142259428,0.32936473,0.153846243,0.644444587,0.282786959,0.0729166473,0.434782974,0.390041397,0.648,0.879194715,0.45751615,0.19463073,0.5714284,0.49999975,0.112675944,0.274509594,0.0865384657,0.925,0.425149686,0.810623548,0.870588326,0.437499929,0.0631578724,0.609756127,0.281437486,0.657533659,0.85567003,0.392404982,0.898550673,0.913043317,0.113207434,0.928089909,0.274509637,0.355095399,0.302325391,0.33333358,0.0942249717,0.0662251335,0.301886832,0.071895468,0.486486486,0.713839202,0.225913475,0.1267605,0.886792448,0.771929691,0.28413255,0.470085006
0.764044407,0.194444325,0.109890253,0.278688409,0.739130474,0.702702911,0.411214741,0.80933856,0.486486538,0.309734712,0.176282153,0.214285507,0.107142775,0.702702662,0.882352988,0.219511866,0.755244843,0.351648352,0.846153846,0.294117414,0.525316422,0.775509933,0.515151758,0.234693877,0.357142629,0.0306513551,0.138801177,0.124030968,0.423077269,0.195402544,0.0845070162,0.390244051,0.566065999,0.915422963,0.6,0.927083399,0.065830805,0.0729613583,0.122832379,0.470045826,0.25,0.0965909445,0.350993613,0.130719,0.986218783,0.116099122,0.344827716,0.150684886,0.157480332,0.7164176,0.206477725,0.256097736,0.11999994,0.32142861,0.157303569,0.619047386,0.254031956,0.0795847613,0.387754929,0.394736867,0.654135469,0.838028224,0.440298623,0.184713418,0.636363482,0.477611604,0.1066665,0.252631703,0.0923913301,0.930555558,0.43787003,0.804545483,0.892857029,0.461971996,0.0659898416,0.621621635,0.297296988,0.6614176,0.866666649,0.3678161,0.903448281,0.885057203,0.0886075384,0.936363605,0.306122424,0.324280725,0.268292936,0.31886799,0.107734803,0.067484651,0.294117435,0.0759493137,0.571428386,0.719076312,0.220000097,0.14084507,0.876288363,0.779660866,0.3071427,0.508546245
0.76190491,0.144230829,0.103260945,0.275590568,0.795454564,0.716417813,0.407583168,0.847583599,0.431818243,0.321428555,0.171849345,0.198473067,0.111111074,0.696969727,0.901099,0.176470641,0.727272578,0.406249878,0.846154015,0.323529147,0.496969711,0.745454522,0.545454682,0.268041246,0.403508658,0.032727251,0.135646602,0.114864899,0.369047579,0.1931816,0.0846153345,0.390244056,0.594594607,0.888888791,0.637930781,0.914572751,0.0543806685,0.0669643981,0.111110997,0.440677787,0.23841029,0.0917160205,0.356643353,0.138686038,0.987113385,0.1181959,0.425925868,0.1560284,0.192307755,0.738562239,0.22900767,0.288343456,0.104072344,0.286306763,0.164556833,0.634146463,0.250000355,0.0931899038,0.375000188,0.408729963,0.684210253,0.824999911,0.415929261,0.186335494,0.631578726,0.424657242,0.116883105,0.279069844,0.0852272039,0.93362834,0.442528361,0.814942398,0.910256518,0.474320422,0.0604395691,0.611110706,0.31327182,0.654867127,0.86666666,0.265822573,0.87586205,0.878048963,0.0963855422,0.927570182,0.3720928,0.293919261,0.25203266,0.318446243,0.12707172,0.05,0.314814883,0.0696202025,0.595238,0.70534127,0.188741535,0.1756755,0.824175842,0.810344657,0.325757095,0.568807492
0.782051278,0.153061415,0.106145242,0.298507691,0.813953563,0.720588124,0.415,0.848,0.377777827,0.305342996,0.184654454,0.225564065,0.122137526,0.75675683,0.904255319,0.178947297,0.724359077,0.415094303,0.853658785,0.355072841,0.500000025,0.728813517,0.482758503,0.252525075,0.448979665,0.0359066129,0.142857136,0.121019099,0.350649416,0.129411661,0.0962962767,0.421052779,0.598214439,0.878787778,0.64999995,0.911764794,0.0440251828,0.08333334,0.130057912,0.456928812,0.204225279,0.0714286029,0.394365879,0.130081292,0.987697714,0.116822428,0.505050505,0.174603168,0.201388892,0.791139267,0.20714288,0.27848075,0.0969163697,0.269841301,0.19999996,0.585365744,0.24096415,0.0774647053,0.352941459,0.439516266,0.664335589,0.842592558,0.403845691,0.188311708,0.7021276,0.39130383,0.0869567826,0.275862597,0.0909090764,0.941176454,0.461956286,0.797018008,0.918918976,0.503007081,0.0697674723,0.555555522,0.30696223,0.669811553,0.874999762,0.293333371,0.885906162,0.853333397,0.0807453316,0.933789936,0.409091082,0.261649293,0.258333658,0.328820083,0.12500009,0.0628573015,0.320754753,0.0805368302,0.717391343,0.6896705,0.193651178,0.2266665,0.767441953,0.770491862,0.315789702,0.568889147
0.776470566,0.136841941,0.102564077,0.330826868,0.85106383,0.735293774,0.431579275,0.859437777,0.339622438,0.28467146,0.192374164,0.235714365,0.149253861,0.729729838,0.946808463,0.14,0.719177845,0.405172503,0.860465172,0.370503632,0.491620009,0.7333333,0.393939576,0.265306194,0.476190395,0.0422017761,0.150170735,0.109826545,0.256756649,0.133333187,0.0977443414,0.4,0.617469734,0.86363625,0.671875,0.895,0.0424242009,0.0677084039,0.132963958,0.478723752,0.185430393,0.0723683549,0.364963536,0.119047541,0.988596489,0.106209133,0.57,0.201754326,0.22142858,0.811688386,0.200692044,0.301281855,0.0950226086,0.255905399,0.206349079,0.548386826,0.206611528,0.0721648861,0.370370459,0.409091233,0.651851701,0.830188649,0.340659066,0.179487081,0.70491817,0.373134288,0.114583554,0.259259626,0.0838322103,0.944186097,0.461538732,0.808296169,0.893939405,0.51448188,0.0731706634,0.451612465,0.306961917,0.663636354,0.843137456,0.305555408,0.900662264,0.774647887,0.0778441478,0.940092197,0.444444467,0.226415095,0.250000085,0.344893966,0.114914457,0.0714285343,0.283018868,0.0728475767,0.754386096,0.667701616,0.189654978,0.242424197,0.768292784,0.745454496,0.315789226,0.647619027
0.7625,0.151898606,0.111650428,0.394160457,0.85,0.69999975,0.438502548,0.86831279,0.280701863,0.246478714,0.192652662,0.257353043,0.142857151,0.75,0.9444445,0.130841025,0.649999622,0.439024664,0.857142686,0.365671959,0.479797705,0.737705,0.40625,0.303921838,0.435897618,0.0409982191,0.134545419,0.13812159,0.210526526,0.158415782,0.0869565087,0.424242497,0.617470151,0.870192269,0.671875,0.886138572,0.0268656599,0.0648648681,0.121761673,0.487096661,0.227585998,0.0758122706,0.358778331,0.116071472,0.987719284,0.100334468,0.569892658,0.217391213,0.189542488,0.812903188,0.197411097,0.299363458,0.0937499678,0.260536773,0.283018742,0.4375,0.20325186,0.0723684707,0.367347173,0.442,0.627737229,0.873873957,0.414893685,0.176870721,0.730769185,0.375,0.103448316,0.221052422,0.0786517897,0.920930311,0.44723612,0.823828822,0.884057851,0.505311273,0.078947325,0.354838394,0.294701998,0.703703648,0.8541665,0.348484565,0.914473688,0.753623122,0.0697673721,0.937500019,0.510638494,0.204724211,0.243478512,0.346456412,0.144549762,0.0591132819,0.302325581,0.0745342144,0.783333343,0.64991199,0.145214249,0.304348048,0.725,0.749999825,0.339622439,0.716981033
0.747252673,0.194029903,0.112149606,0.463768056,0.83333345,0.749999875,0.398772967,0.870078671,0.261538631,0.229729938,0.194962277,0.250000125,0.1680672,0.729729519,0.954545577,0.150442577,0.589552267,0.393442958,0.826923,0.437036995,0.4719625,0.754385974,0.305555617,0.271844825,0.452381171,0.038785834,0.114503762,0.163265366,0.121212061,0.14563112,0.107843021,0.379310424,0.614419613,0.872340426,0.682539614,0.888888916,0.0264706179,0.0666666547,0.114583412,0.495412962,0.216216205,0.0708661295,0.362963214,0.1363636,0.989565217,0.0944055213,0.558139688,0.225225116,0.170067842,0.838709675,0.19937697,0.327464397,0.0859728687,0.26377945,0.291666558,0.363636482,0.199152696,0.0688524269,0.306122876,0.457031659,0.569230812,0.892156966,0.447059055,0.1970802,0.720430096,0.333333433,0.0940171699,0.205882398,0.0659340908,0.919191921,0.479070085,0.817821816,0.8125,0.531107789,0.0666665947,0.25,0.246667012,0.727272755,0.88,0.359375,0.913333334,0.754098352,0.0760869798,0.941834368,0.523809805,0.169291179,0.252252022,0.325300977,0.143192514,0.0579709925,0.325581265,0.0949366792,0.79999996,0.631926066,0.142857111,0.373134163,0.654320865,0.750000025,0.365384953,0.751173655
0.73493962,0.22580639,0.105263178,0.492856751,0.883720942,0.771929546,0.40131594,0.861344512,0.223684145,0.223776389,0.203187609,0.239316249,0.185840738,0.763157847,0.921568683,0.126050453,0.503703945,0.362204448,0.835820733,0.432,0.476595785,0.7868853,0.292682893,0.314814743,0.410256682,0.0336538086,0.0905660054,0.184466279,0.126984127,0.165137596,0.121212,0.3333334,0.607843298,0.87570619,0.704918341,0.871559585,0.028011195,0.0684931781,0.127710829,0.504450721,0.201438859,0.0705394212,0.377049083,0.12389382,0.9888412,0.089385482,0.50000005,0.214285879,0.162650667,0.808383175,0.2125,0.299270204,0.0692640072,0.274193674,0.24999985,0.2926827,0.163179916,0.0730897312,0.277777517,0.488888851,0.514706059,0.904255319,0.489130458,0.211267777,0.752475008,0.338028162,0.0763359002,0.190476092,0.05,0.912280739,0.50454532,0.814471266,0.794117644,0.53640421,0.071428525,0.21875,0.24210551,0.716981504,0.8571427,0.355931973,0.912751776,0.744680749,0.0769231138,0.938997794,0.527777689,0.143968942,0.294117936,0.332661813,0.164835248,0.066666578,0.395348977,0.0797546437,0.770491985,0.617672655,0.139534731,0.485294251,0.629629196,0.725490235,0.359223376,0.76923073
0.746835272,0.33962217,0.103448312,0.489510568,0.888888944,0.714285714,0.369230824,0.857142994,0.21739107,0.256944597,0.19938036,0.264706099,0.184873898,0.711111487,0.923809577,0.138211391,0.471545233,0.401574517,0.825,0.435114483,0.498007694,0.777777867,0.209302116,0.315315084,0.405405562,0.03125,0.0769230008,0.169047651,0.147540918,0.149122857,0.166666783,0.454545518,0.596969741,0.877193044,0.676470429,0.883116958,0.0303797621,0.0746268821,0.130952332,0.522988488,0.193548584,0.084,0.386554704,0.113207543,0.98585691,0.0722433802,0.448717724,0.219780078,0.152438949,0.798780375,0.208333458,0.328125336,0.0711297213,0.2716047,0.317073059,0.275,0.16734695,0.0648464386,0.230769238,0.50000031,0.492647148,0.902173778,0.49999975,0.177631653,0.742574011,0.305555508,0.0714285986,0.247619221,0.0426540607,0.909090847,0.534246419,0.821428692,0.789473537,0.553383434,0.0647481632,0.189189232,0.204151786,0.711711615,0.853211064,0.39655164,0.898734249,0.692307585,0.086294458,0.942029008,0.60000016,0.129277466,0.301587514,0.35497,0.170454522,0.0738916521,0.4117648,0.0807453473,0.7076924,0.600881247,0.149999978,0.53968254,0.631578858,0.727272727,0.349753565,0.762376198
0.770114554,0.425532,0.0931372214,0.479452006,0.8958335,0.7361111,0.376,0.871369232,0.228571514,0.246268777,0.19892486,0.237623723,0.201754387,0.784314043,0.867924666,0.1484375,0.377358017,0.358332966,0.833333483,0.4406782,0.490974794,0.7999999,0.190476157,0.290598036,0.321428571,0.0288315341,0.0870967735,0.176856166,0.174603,0.159292025,0.246753397,0.441176226,0.593939233,0.878612686,0.681159046,0.876068441,0.0285035985,0.106557406,0.135198085,0.541208742,0.204819259,0.0843373872,0.380531093,0.100000031,0.98443899,0.0514285497,0.413333476,0.21,0.135802478,0.793333287,0.191126275,0.328125,0.0619834524,0.260330545,0.3333334,0.31707289,0.161702242,0.0648464065,0.25000005,0.490347452,0.463576346,0.909091082,0.542553417,0.175675701,0.757281571,0.322580397,0.0588235559,0.211538343,0.0418604307,0.886904685,0.548386865,0.829642235,0.781609062,0.562225388,0.0687022889,0.15,0.186131123,0.722688821,0.862595274,0.428571471,0.916129133,0.658536861,0.0851063574,0.949083539,0.677419068,0.114068342,0.322580617,0.36476225,0.153317645,0.074467959,0.485714049,0.0924855815,0.71831,0.583702319,0.164473637,0.62903254,0.643835614,0.696969718,0.360406122,0.771144178
0.788235421,0.575,0.101449288,0.455172482,0.84,0.743243297,0.36521734,0.88000015,0.233766153,0.241071525,0.17794782,0.235848862,0.211538552,0.79629642,0.847619126,0.171875,0.343750003,0.325000357,0.80000028,0.382812309,0.471186313,0.851851867,0.1458333,0.311926479,0.30434793,0.0236336452,0.101226911,0.177350076,0.185714174,0.176991161,0.285714357,0.463414793,0.598240459,0.871951202,0.631579016,0.889361602,0.0275229716,0.105769272,0.132701425,0.546174158,0.172222257,0.0948616096,0.327586041,0.09375,0.985144645,0.0471697817,0.368421074,0.184210581,0.138364813,0.795918159,0.201413555,0.316238957,0.0627615126,0.25104615,0.3235297,0.3170733,0.173228237,0.0588235335,0.363636291,0.47470831,0.432624573,0.911111173,0.55913988,0.196202568,0.737373879,0.296875,0.0576923108,0.21904781,0.0379747075,0.864516193,0.612149288,0.821666749,0.78,0.570803467,0.0610687229,0.135135095,0.184615668,0.747826026,0.885714202,0.482142393,0.906832322,0.560975544,0.0918368222,0.950099749,0.676470759,0.121771047,0.278688736,0.367704574,0.147971665,0.0809247893,0.470588276,0.0778441327,0.709677526,0.56578938,0.164473659,0.7042255,0.621212,0.65625,0.342391135,0.782608731
0.797872563,0.628571414,0.101010195,0.460526476,0.843137337,0.710144845,0.424,0.869767251,0.228571437,0.257142882,0.17252712,0.204081941,0.212121291,0.803921543,0.854545517,0.172131051,0.317073163,0.295082319,0.787234106,0.38582655,0.458904407,0.865384527,0.18,0.295238003,0.3,0.0207469121,0.109243683,0.162551043,0.202898758,0.1818181,0.241379428,0.46,0.607955011,0.823529297,0.580246594,0.897959167,0.0293454047,0.104651142,0.133333294,0.557065197,0.136612039,0.11363646,0.318181754,0.088709656,0.986078891,0.0391790749,0.363636364,0.176470591,0.121794949,0.774193646,0.192592485,0.322580965,0.0590716907,0.246753003,0.34375,0.3125002,0.158301082,0.0573477608,0.355932329,0.462151616,0.4326244,0.9148936,0.609523634,0.227848423,0.737373953,0.2807019,0.044025146,0.201834951,0.0368852393,0.832116839,0.602678788,0.825242661,0.7857142,0.584517055,0.0413223041,0.15,0.173076803,0.756097405,0.900662196,0.490196086,0.909090895,0.461538377,0.0894737701,0.945841338,0.6470588,0.103092824,0.264462857,0.386847381,0.158923966,0.106918246,0.527777589,0.0882352324,0.741935545,0.565963126,0.176100571,0.716216358,0.641791079,0.633333417,0.335227666,0.801980413
0.822429786,0.655172272,0.0873786202,0.437908369,0.796296237,0.712328727,0.47321414,0.873786537,0.205882459,0.333333367,0.155555661,0.195876559,0.225806487,0.816326555,0.870689606,0.182608891,0.25000015,0.275862077,0.741935274,0.364963772,0.417807968,0.882352935,0.163265253,0.306930884,0.4,0.0235131671,0.117021289,0.145491835,0.228571277,0.174999838,0.283018955,0.553571655,0.622093356,0.824324627,0.54321,0.912863079,0.0238611864,0.111111222,0.142856794,0.565333673,0.118556645,0.0972222519,0.310077284,0.0862069553,0.988191899,0.0395480379,0.328766896,0.176923119,0.10625,0.741379486,0.182539742,0.322313806,0.0643777238,0.221698467,0.379310286,0.283018455,0.164705839,0.0722021328,0.338709368,0.407407661,0.453846078,0.905882362,0.606060645,0.268571297,0.752808773,0.2884618,0.0628931071,0.241379683,0.040740697,0.839416213,0.626049957,0.80625,0.784313728,0.583575286,0.0491803141,0.125,0.154411794,0.747967265,0.91124258,0.520833025,0.901734016,0.472222011,0.0860215454,0.951035833,0.641025592,0.0875912578,0.252032231,0.399209292,0.160353546,0.119403042,0.545454809,0.0853658159,0.758064631,0.564659291,0.176470736,0.6829268,0.696969879,0.62962963,0.33333368,0.817204306
0.845454518,0.714285657,0.0821255927,0.456375758,0.842105132,0.652777843,0.504587178,0.857142987,0.194029919,0.325581267,0.155405559,0.186916022,0.242105073,0.788461579,0.879032401,0.159292119,0.250000175,0.233871025,0.741572933,0.376,0.433224856,0.880000164,0.14,0.366666273,0.352941176,0.0202702709,0.142118768,0.143724541,0.23376631,0.188976208,0.3137253,0.5428572,0.612612881,0.821428476,0.476190619,0.91153842,0.02396515,0.145161073,0.141388042,0.574026197,0.111675156,0.0890410577,0.356060351,0.0862068586,0.989301,0.0350194332,0.328358375,0.18518515,0.0838709986,0.716981481,0.153225809,0.305343157,0.0680851859,0.213930187,0.3125,0.283019015,0.147286899,0.071917801,0.413792941,0.391488957,0.437499656,0.870588287,0.616161655,0.289617627,0.740740756,0.26,0.06410254,0.248,0.0411985052,0.80281697,0.636793046,0.828829003,0.836206844,0.56866937,0.0441176497,0.145833285,0.146718111,0.771653478,0.927777785,0.5909086,0.901162845,0.514285754,0.075675693,0.956756799,0.622221962,0.0766422481,0.239669059,0.401209613,0.143236326,0.112,0.571428814,0.0891721471,0.79838726,0.553744715,0.147058884,0.697916251,0.692307938,0.620689679,0.353535211,0.83977919
0.864406768,0.70000027,0.108490539,0.48979557,0.806451603,0.609195374,0.479166912,0.865030796,0.206896593,0.31645589,0.171232949,0.141592937,0.336734767,0.784313922,0.899224656,0.14414427,0.253968329,0.20338984,0.722222211,0.345587781,0.4407895,0.8875,0.145833329,0.383720947,0.470588,0.022727288,0.156566022,0.122916689,0.304877713,0.160305393,0.415094223,0.543209509,0.614649958,0.801470609,0.512195102,0.914728727,0.0241227954,0.178571071,0.155038744,0.590078061,0.089947072,0.08333333,0.355555548,0.0708661502,0.989444049,0.0344129586,0.323529565,0.208053713,0.0828025916,0.738637022,0.140425602,0.272,0.0720339396,0.221052527,0.40000002,0.245282825,0.149606384,0.0592105585,0.446153668,0.337719566,0.456,0.855421687,0.62,0.28648626,0.740259666,0.204545318,0.0662250522,0.2,0.050000008,0.798507389,0.681372478,0.844077912,0.836065611,0.565277887,0.0447761633,0.156862584,0.120833397,0.743801755,0.928961747,0.59999974,0.913294713,0.454545327,0.0714285707,0.957410539,0.565217339,0.0752689023,0.195121904,0.384773348,0.138586599,0.0862069159,0.520833308,0.083916034,0.845588177,0.527169181,0.160605913,0.700934481,0.65625,0.583333475,0.391089292,0.84883717
0.87603319,0.741935303,0.11282051,0.485294059,0.813559231,0.563218143,0.516483465,0.860000157,0.196428455,0.306666584,0.16741104,0.144067877,0.407767128,0.795918304,0.905511908,0.164948402,0.269841343,0.19685037,0.714285643,0.3359375,0.42207761,0.85106386,0.214285586,0.395348942,0.6875,0.0198938861,0.1625,0.0879828269,0.227848077,0.206349351,0.372549249,0.5730339,0.618892323,0.808823612,0.493671147,0.924603173,0.0244988494,0.270833235,0.154855914,0.5721157,0.0819671764,0.0750853205,0.378151345,0.0642857464,0.988474581,0.0273109693,0.327586203,0.214285897,0.0764332066,0.694117531,0.125523025,0.293233259,0.0616739667,0.21164004,0.516128806,0.26,0.163179647,0.0607028139,0.491803049,0.296748341,0.469696592,0.840909184,0.613207345,0.33333345,0.768115832,0.263157789,0.0689655397,0.196850223,0.0549828655,0.823529242,0.687830994,0.84808265,0.843283497,0.549537881,0.045801545,0.122449,0.0883533726,0.744,0.923857802,0.682927046,0.929411782,0.5000001,0.0617977404,0.95874586,0.510638098,0.0625000681,0.148760259,0.382591242,0.117816082,0.08333332,0.490195594,0.0676691594,0.851562574,0.525132589,0.164179095,0.711864498,0.666666567,0.523809471,0.400990328,0.864705846
0.873949764,0.742857246,0.155914037,0.51111122,0.783333135,0.553191179,0.559139588,0.878787916,0.239130367,0.315789568,0.167715108,0.14166668,0.448980145,0.744680902,0.923076868,0.164835232,0.264150643,0.19841274,0.727272764,0.367646823,0.427652976,0.855555642,0.170731571,0.376470674,0.75,0.022606395,0.183205953,0.0840909763,0.259259374,0.226562387,0.42592627,0.593406881,0.623728638,0.800000006,0.459459784,0.921348312,0.0228833185,0.275,0.157753747,0.514925424,0.0793650673,0.0721649699,0.414414456,0.0364963511,0.989816705,0.0203251727,0.315789737,0.248366325,0.07586205,0.6578945,0.121212004,0.285714376,0.0691244767,0.203208604,0.555555489,0.3,0.159090469,0.0636362974,0.516128458,0.307692313,0.491803404,0.86046527,0.590475904,0.372642026,0.741935523,0.305555525,0.0984848997,0.165289372,0.0671378307,0.820144021,0.707182335,0.838801756,0.859259271,0.5451573,0.0503597252,0.1500001,0.088803,0.733333259,0.925742546,0.75,0.91875,0.4999999,0.0726257985,0.963993474,0.489795657,0.0487804693,0.128205063,0.41153053,0.110795465,0.0873787367,0.47916664,0.086614172,0.8656714,0.513338842,0.138138115,0.682170481,0.680555372,0.476190429,0.410138474,0.882716054
0.881889755,0.777777778,0.16574574,0.51515191,0.781818247,0.473118189,0.556817923,0.892561954,0.230769054,0.283582287,0.179916772,0.155172411,0.415730692,0.666666667,0.91525417,0.131868119,0.295454645,0.174999961,0.705882612,0.393442649,0.416666635,0.831578982,0.166666567,0.376470464,0.7857142,0.0221353991,0.215190225,0.0888888864,0.265822839,0.218978203,0.492063543,0.58,0.630188498,0.818791973,0.47435879,0.923077005,0.0350109228,0.24390259,0.143799352,0.497487579,0.0857143509,0.0582192318,0.418181937,0.0367646949,0.990572389,0.0185185296,0.269841343,0.284722543,0.0779221309,0.637681326,0.119468984,0.2499997,0.0813397219,0.192308039,0.617647029,0.3111109,0.130434819,0.0757143362,0.55072468,0.278008364,0.483606343,0.84931523,0.571428614,0.436123425,0.730158757,0.4,0.10169504,0.168141957,0.0771928992,0.849056545,0.726256704,0.86178856,0.880281736,0.534793579,0.0729926418,0.1875,0.0882352382,0.732283366,0.923444942,0.681818027,0.923076922,0.636363655,0.0662650801,0.961102097,0.54,0.040816362,0.14285709,0.433961801,0.104347895,0.139785016,0.456521811,0.0819672384,0.8857144,0.499159449,0.144694498,0.671232794,0.666666133,0.47826097,0.448430397,0.895705504
0.892561983,0.829787132,0.165680457,0.561538444,0.755555898,0.505376599,0.625000375,0.899082634,0.297297408,0.260869787,0.185628991,0.153846032,0.438202669,0.552631689,0.931623937,0.104395552,0.319149072,0.18867927,0.760869585,0.426086788,0.369491159,0.828571493,0.116278977,0.329268094,0.733333013,0.0222222307,0.210106222,0.0799999484,0.231707177,0.251798235,0.463767936,0.631578953,0.658823698,0.839416099,0.461538285,0.913725461,0.0365591546,0.324324395,0.130727729,0.488664691,0.077380926,0.0465949741,0.399999954,0.0444444636,0.988501981,0.0171673727,0.242424197,0.310810701,0.079136719,0.621621249,0.0990990766,0.230769018,0.084905643,0.195530978,0.722222,0.32,0.14084472,0.0710306321,0.554054054,0.268595315,0.469026093,0.863013663,0.625,0.455102472,0.677419535,0.418604767,0.108108081,0.178217824,0.0809859455,0.84375,0.723757177,0.874352387,0.879999981,0.531131075,0.0666666207,0.222222222,0.090225582,0.732283562,0.941176456,0.725490535,0.924528309,0.65625,0.0705127751,0.958266393,0.529411818,0.0363036217,0.129310381,0.442588744,0.0972222428,0.170454232,0.55102038,0.0894308615,0.878788,0.482456249,0.146496791,0.668874028,0.684931732,0.55,0.463519424,0.870786548
0.853211004,0.818181709,0.210191214,0.558333646,0.722222056,0.484210636,0.597701444,0.90196068,0.352941288,0.208333437,0.197238397,0.191919254,0.4534881,0.512195063,0.928571422,0.110526167,0.3,0.198113152,0.693877422,0.44444484,0.33118949,0.785046852,0.122449139,0.325,0.733333093,0.0195312282,0.222506682,0.0714286571,0.256097377,0.274193667,0.411764582,0.624,0.678966517,0.826086949,0.474359032,0.92682933,0.0364025955,0.37931011,0.125994557,0.458853104,0.0824176388,0.0352112856,0.447058889,0.0406503805,0.988020186,0.0149253967,0.234375,0.297101883,0.069767493,0.642857379,0.0985915686,0.256880855,0.0986546596,0.169590575,0.7499999,0.418604651,0.12328771,0.065277753,0.597015019,0.265624867,0.482142873,0.868420974,0.649350619,0.462263645,0.607143104,0.408163341,0.117647134,0.163265682,0.0889680191,0.85625,0.745762442,0.891857495,0.873239349,0.50000025,0.0930232907,0.203125,0.0797101373,0.674242899,0.940909124,0.74,0.91666662,0.696969679,0.0620689624,0.958540736,0.5999999,0.0375426835,0.116666621,0.448851767,0.0672268306,0.22471923,0.576923115,0.116071409,0.852459341,0.474079943,0.145762623,0.652777526,0.698630179,0.666666733,0.454148791,0.872093069
0.83,0.826922883,0.235714217,0.558558589,0.714285657,0.484848439,0.602272942,0.907216319,0.4166669,0.215384314,0.194932099,0.178571618,0.420454584,0.5,0.915887825,0.120192281,0.352941488,0.184466153,0.70370343,0.4,0.330097201,0.752212299,0.13725471,0.3375,0.6875,0.0171957676,0.246114051,0.08749999,0.271605073,0.269565423,0.426470015,0.66666636,0.703832559,0.828358386,0.527027169,0.938016547,0.0353430346,0.3571431,0.117801024,0.450495342,0.0846561231,0.0428571374,0.430379886,0.0451127639,0.985607003,0.0125522994,0.238806224,0.274808747,0.0650407499,0.677419503,0.0886699664,0.267240991,0.100000053,0.163265316,0.861111111,0.534883907,0.129629663,0.0768156001,0.614285639,0.26893957,0.481131805,0.855263057,0.630137089,0.483695465,0.48,0.415094008,0.118811932,0.168539782,0.102739757,0.8544305,0.728260732,0.900378257,0.871428541,0.498161749,0.078125,0.242424597,0.0867925456,0.653543554,0.942477903,0.75409853,0.909090877,0.705882247,0.064516111,0.956155139,0.6666666,0.0342466178,0.126050408,0.501984554,0.0532213304,0.235955164,0.593220344,0.128440274,0.846153923,0.465350497,0.139784905,0.5999998,0.701492191,0.7142858,0.417840527,0.846153885
0.814432644,0.892857304,0.283333474,0.509615609,0.72,0.5102039,0.620689714,0.913978426,0.447368311,0.197183,0.206378894,0.164557048,0.385542,0.444444633,0.938596464,0.132352871,0.405405443,0.183673608,0.690909245,0.396226147,0.287066165,0.792079282,0.188679075,0.36585372,0.652173978,0.0236530686,0.241729867,0.0830039733,0.269230708,0.327102413,0.385714093,0.678832552,0.712328791,0.846153832,0.5000001,0.948497868,0.0345572037,0.321428507,0.122715397,0.441687301,0.0682927341,0.0511945577,0.4366195,0.0420168076,0.986275736,0.0222671827,0.207792138,0.259259426,0.0873015221,0.684210332,0.094972021,0.262711834,0.0921052446,0.164285624,0.852941029,0.65,0.125560549,0.095429987,0.662161831,0.256504949,0.468085506,0.919999984,0.694914966,0.523131288,0.44262261,0.396551781,0.103092907,0.158536495,0.102236405,0.857142966,0.723404473,0.903435999,0.866666615,0.491357685,0.0746268799,0.249999875,0.10112367,0.636363519,0.934883698,0.791044742,0.884353781,0.727272709,0.0956521548,0.96021695,0.714285643,0.0388692751,0.133333363,0.530938083,0.0459459183,0.29629637,0.680555432,0.154545459,0.809523829,0.463967696,0.149466312,0.55405394,0.686567469,0.629629704,0.431279593,0.818652923
0.810526411,0.924528355,0.288461669,0.465346498,0.681818373,0.582417582,0.623529774,0.918919008,0.461538569,0.166666583,0.225092317,0.161764784,0.277108551,0.40625,0.935185176,0.140495838,0.39999984,0.180851172,0.677419639,0.4,0.2959507,0.697916621,0.178571082,0.43243233,0.555555433,0.023684224,0.260975758,0.105882442,0.243902224,0.353535354,0.352112676,0.684210463,0.707006296,0.837209534,0.536231646,0.952586235,0.0341365759,0.266666707,0.13296398,0.436031488,0.065727761,0.0412371219,0.390625,0.0517241405,0.984783912,0.0207038981,0.197368401,0.226562387,0.113043471,0.722222272,0.0946745238,0.296296507,0.0871370358,0.154411703,0.815789363,0.674418537,0.127049259,0.0927420567,0.684931305,0.227799246,0.454545455,0.859155,0.618181385,0.537499956,0.431034583,0.484375,0.102564051,0.144578372,0.0909090673,0.85234911,0.768867583,0.908590322,0.877049205,0.494648797,0.0724638719,0.241935521,0.0979020063,0.609090524,0.942583704,0.80000006,0.860294317,0.756756754,0.108108164,0.961111106,0.786885415,0.0359711971,0.12195129,0.544204523,0.0458220855,0.309523707,0.636363645,0.214285914,0.784615406,0.463053836,0.144444294,0.513888885,0.648648611,0.612902923,0.398906433,0.791666607
0.780488012,0.924528362,0.330188622,0.454545509,0.666666733,0.614458277,0.690475655,0.934210526,0.465116053,0.152777869,0.216845641,0.13793109,0.292682846,0.428571329,0.941176514,0.146341629,0.515151558,0.1999999,0.681159232,0.402061739,0.287539912,0.70103073,0.2,0.46875,0.4999998,0.0208604606,0.250579738,0.105058453,0.151162806,0.397849463,0.298507661,0.706293682,0.685552617,0.798245543,0.619718,0.961352631,0.0326530709,0.30000002,0.150417812,0.439394347,0.059907756,0.0412371588,0.403225542,0.0630630368,0.982931154,0.0266940751,0.180555636,0.264463157,0.130434676,0.714285571,0.134969375,0.283185388,0.109756135,0.124999984,0.804878361,0.645833346,0.123456833,0.123978146,0.638888653,0.225000315,0.475728007,0.888889011,0.606557582,0.506896418,0.35483859,0.507692554,0.111111356,0.153846208,0.0866425651,0.860927179,0.785407738,0.909189238,0.88,0.485679753,0.0681818582,0.339285702,0.0888888264,0.59183672,0.948598124,0.831168934,0.828358209,0.749999825,0.113043507,0.958724265,0.784615414,0.0370370056,0.109243635,0.575188188,0.0410256293,0.348837244,0.634408717,0.217821697,0.738461722,0.443420011,0.174603095,0.503401282,0.683543973,0.65625,0.40414492,0.781094425
0.777777689,0.912280518,0.339285302,0.437500019,0.666666633,0.642856771,0.67441854,0.874999975,0.533333373,0.157142763,0.226843014,0.16666655,0.271739137,0.484848494,0.923076982,0.154411811,0.5555556,0.208333437,0.6666667,0.494565305,0.3,0.709302255,0.204081739,0.48387059,0.43333329,0.0239043688,0.251152125,0.114068395,0.11881194,0.458823375,0.317460317,0.666666767,0.674930795,0.769230745,0.623376661,0.95431474,0.0418326283,0.322580732,0.136619632,0.446991782,0.0460250954,0.0449826843,0.442856999,0.0630630374,0.983402486,0.031982969,0.176470718,0.268907792,0.178571357,0.732142839,0.157575743,0.306930662,0.102040814,0.105691059,0.8333335,0.66,0.134146401,0.153005631,0.70370387,0.22727271,0.495575499,0.849999945,0.5625,0.536082305,0.323529097,0.459016738,0.0864198568,0.144578228,0.0823970351,0.847133669,0.802281036,0.912723552,0.884297607,0.481087569,0.0625000313,0.315789474,0.0884353471,0.516853593,0.954337938,0.86666686,0.823529428,0.709677374,0.137931123,0.964151001,0.76623379,0.0381679366,0.0975610195,0.587500308,0.04,0.34444451,0.688073521,0.225806565,0.736110953,0.441053768,0.168776368,0.513698472,0.607594718,0.605263,0.402298953,0.791044686
0.734939706,0.890909211,0.301886674,0.431579443,0.733333307,0.719101225,0.64772737,0.835616651,0.555555633,0.194029842,0.219844806,0.127272625,0.284210685,0.527777925,0.93043475,0.164285767,0.555555522,0.241935197,0.6363635,0.488888747,0.263803659,0.615384631,0.26,0.564515726,0.419354768,0.0240320028,0.268181399,0.11673155,0.101695028,0.4999999,0.310344631,0.697841959,0.640226494,0.770491637,0.641025892,0.945652109,0.0375234429,0.310344876,0.138069902,0.452887608,0.052419422,0.0487804624,0.441176444,0.0550458295,0.982558152,0.0358744294,0.196721297,0.258333154,0.184210716,0.722222106,0.165605236,0.340425128,0.109170254,0.0952380567,0.827586103,0.68749995,0.139737947,0.16713101,0.695122256,0.237373513,0.55,0.826923065,0.542373146,0.554348044,0.342105134,0.470588306,0.10389599,0.185185226,0.0805860092,0.819354757,0.833934999,0.908624137,0.868852557,0.505190561,0.0756301834,0.3157896,0.0973154826,0.4567899,0.952789726,0.847222176,0.8373984,0.741935555,0.17,0.966796913,0.7125,0.044,0.099999975,0.597955584,0.0284237726,0.333333167,0.713115011,0.2555553,0.714285743,0.447435809,0.157894763,0.444785447,0.573170887,0.560975793,0.411765082,0.787564689
0.76744193,0.875000063,0.288288344,0.393939455,0.6875,0.714285814,0.602563879,0.825,0.577777847,0.240740672,0.234592592,0.12,0.2978725,0.617646853,0.930434743,0.173333349,0.58536601,0.2500002,0.655737321,0.454545455,0.260735819,0.555555378,0.291666646,0.569444386,0.387096755,0.0189445139,0.264573994,0.117187494,0.0708661454,0.543478228,0.277777972,0.700729842,0.584070637,0.811965873,0.666666667,0.920454522,0.0466786383,0.357142857,0.135416771,0.431745716,0.0326530296,0.04983391,0.423076727,0.0576923592,0.982080913,0.0381861318,0.213114649,0.245762986,0.247787799,0.673076431,0.201257791,0.359223682,0.107296118,0.0756302242,0.833333417,0.65116286,0.143497716,0.159218005,0.707864551,0.248648747,0.519607912,0.810344581,0.49999985,0.553505731,0.342856934,0.46052627,0.0769229538,0.154762054,0.0588234959,0.782608651,0.856643406,0.902677662,0.894736759,0.513215624,0.123893738,0.339622468,0.107594928,0.376623377,0.943925203,0.809524,0.838709717,0.692307585,0.168224245,0.960937518,0.741176767,0.0425532,0.11382123,0.605351426,0.0310077488,0.395833487,0.69594582,0.2625,0.727272818,0.44204718,0.151898629,0.444785386,0.5375,0.48,0.362415738,0.764398153
0.769230769,0.795454461,0.271929853,0.416666317,0.611111189,0.75247531,0.594936919,0.855263158,0.552631579,0.203703661,0.2234251,0.159091032,0.302083679,0.692307646,0.95762707,0.206896738,0.625,0.258064426,0.592592441,0.526315505,0.235109995,0.588235059,0.326087128,0.52438992,0.387096877,0.0240641883,0.265625008,0.0970149966,0.0694444094,0.571428614,0.264150791,0.714285656,0.529761721,0.772357698,0.716215886,0.905882376,0.0714285471,0.40625,0.124999948,0.412969127,0.0313725478,0.0443686051,0.410959164,0.0693069062,0.982598622,0.0406091245,0.253968075,0.23478238,0.261261427,0.653061,0.217948904,0.35779804,0.112033111,0.0866141523,0.855072316,0.714285914,0.132352919,0.149855911,0.697916451,0.266666403,0.552380803,0.814814833,0.456140453,0.571942029,0.397436119,0.473684211,0.0722891711,0.17045457,0.0553359977,0.771428978,0.887323975,0.913111308,0.876106105,0.520786916,0.128205057,0.408163637,0.0917722218,0.324324297,0.94090909,0.839285871,0.853846046,0.645160858,0.163934361,0.955193509,0.694737186,0.047297302,0.122950761,0.576329351,0.0272277416,0.419355242,0.695906752,0.243589476,0.797100981,0.434369701,0.190045203,0.418128521,0.551281855,0.461538538,0.405594398,0.741935299
0.762886661,0.7,0.328,0.364406734,0.631579074,0.747368749,0.60000006,0.848101378,0.552631579,0.24,0.231428677,0.177777778,0.336734534,0.615384569,0.965217391,0.175675448,0.631579095,0.254237575,0.637930817,0.526881684,0.229236138,0.56435645,0.35555562,0.435294231,0.4,0.023004077,0.24572667,0.101503739,0.0828026062,0.614457747,0.266666773,0.689655584,0.497126359,0.806451652,0.720000088,0.894409807,0.0928462886,0.4285716,0.148325312,0.408088422,0.0357142889,0.0460526491,0.428571486,0.0686273847,0.980791606,0.0442708165,0.309091124,0.241379323,0.269230837,0.6279072,0.213414228,0.388888914,0.0987654762,0.0869565148,0.837837916,0.742857097,0.117346955,0.145348761,0.736263953,0.277777628,0.539215892,0.807017339,0.406779715,0.582733785,0.407407178,0.5,0.107143046,0.223404121,0.048979614,0.792553474,0.899280496,0.915471302,0.836363768,0.516648018,0.138613964,0.408163518,0.0965731332,0.265822933,0.950980406,0.807692235,0.862595516,0.576923442,0.159090782,0.956087803,0.697916411,0.0378007204,0.117117123,0.566901888,0.0255102077,0.480392285,0.684492219,0.258823348,0.793102945,0.445681602,0.213270045,0.420000226,0.527777631,0.490566247,0.418919223,0.764367666
0.747368348,0.697674509,0.307692292,0.341463795,0.6,0.765957517,0.587301452,0.80000028,0.625,0.294117718,0.218984478,0.209302305,0.384615074,0.589743554,0.941666667,0.19375,0.628571303,0.261538409,0.645161516,0.494117846,0.201320354,0.573033628,0.36585362,0.481481696,0.4,0.0192043669,0.246808473,0.104166706,0.078787843,0.551281821,0.2500001,0.658333433,0.465083833,0.836206957,0.734177194,0.894117661,0.121037414,0.444444444,0.148491813,0.397489642,0.0425532485,0.0498533726,0.474358979,0.084905673,0.980645219,0.0520833565,0.354166942,0.25000007,0.281250191,0.565217443,0.211180492,0.357142748,0.100000101,0.103448266,0.825,0.724137893,0.134408514,0.128655026,0.704762024,0.306569101,0.560439604,0.7719296,0.40350874,0.574007006,0.39534924,0.4875,0.0909089455,0.244898149,0.0431034156,0.773195895,0.899628235,0.915741688,0.839285902,0.515804983,0.135416854,0.395833258,0.0984126051,0.272727218,0.945812801,0.73913047,0.86821694,0.548386655,0.130718898,0.962301602,0.694736769,0.02941174,0.144144117,0.549565353,0.020408151,0.517647018,0.660633312,0.240506328,0.831579116,0.448420064,0.205,0.415697362,0.544117419,0.479166648,0.424657649,0.791411416
0.738636365,0.725,0.303703882,0.322033452,0.555555533,0.789473816,0.586206948,0.732394366,0.5625,0.34,0.226631107,0.214285543,0.448598227,0.552631689,0.936363606,0.180232645,0.545454373,0.268656727,0.580645432,0.49999995,0.172757867,0.577778131,0.357142986,0.471910081,0.458333317,0.0196905709,0.248927223,0.100628976,0.0823529624,0.545454636,0.264706074,0.64102554,0.447154775,0.867768608,0.7333335,0.8875,0.12950584,0.459459522,0.164733255,0.378854804,0.0681818095,0.0441176822,0.481012648,0.0937501906,0.975115761,0.0569105908,0.437499687,0.24,0.3595504,0.53658509,0.20121946,0.302752316,0.0987124536,0.090322502,0.788235273,0.695652113,0.121546916,0.123076846,0.715517467,0.2748093,0.555555744,0.76785733,0.357142879,0.558935631,0.452631972,0.50000015,0.0927835629,0.3,0.0271493338,0.768115897,0.900383072,0.921656694,0.831932705,0.490257935,0.170454519,0.409090714,0.100000078,0.258823348,0.95628416,0.6875,0.866141622,0.54838671,0.134146336,0.961065611,0.731958941,0.026490057,0.126213643,0.534746069,0.0279898381,0.5063295,0.631579105,0.226190387,0.912280737,0.456435389,0.209183974,0.377976268,0.5757575,0.450980386,0.463816138,0.791666249
0.734693812,0.717948787,0.344827776,0.300000145,0.538461254,0.811111124,0.543859765,0.690140845,0.612903487,0.418181576,0.211279106,0.228571423,0.445544636,0.526315495,0.915887859,0.167597731,0.535714139,0.279411776,0.5384612,0.550561829,0.16611337,0.593749441,0.4,0.430107514,0.461538592,0.0185449148,0.245651959,0.112716697,0.0855615101,0.540540632,0.275861872,0.610169398,0.448549427,0.884297586,0.729729792,0.893081741,0.139622861,0.43902412,0.168645999,0.408071763,0.0796019366,0.0482954634,0.467532468,0.123595701,0.975481662,0.0668523881,0.382978723,0.204379409,0.3703707,0.475,0.18292675,0.276785484,0.087557607,0.0931677949,0.804877944,0.65,0.136094644,0.114803672,0.737704766,0.276119165,0.4999999,0.775862012,0.283333328,0.569169942,0.460784366,0.519480616,0.112245089,0.309278386,0.0228310559,0.762376269,0.898437419,0.92064265,0.841121388,0.481269048,0.184210471,0.368421053,0.0924091498,0.244186071,0.957317129,0.617647068,0.85039376,0.638888672,0.152542608,0.954183338,0.791666567,0.0264026247,0.128712884,0.510815537,0.0195599157,0.4625,0.607595191,0.190476248,0.927419266,0.452075097,0.193717316,0.365625,0.545454491,0.465517407,0.483766251,0.796178441
0.731182788,0.736842053,0.355555103,0.306306478,0.466666593,0.861111056,0.555555656,0.721311449,0.565217591,0.470587782,0.202723914,0.242424321,0.464646425,0.421053,0.894230731,0.15463935,0.5,0.283582058,0.492537548,0.538461538,0.160655287,0.610526311,0.431818614,0.404494036,0.483870855,0.019607831,0.264830661,0.116847888,0.0914287079,0.547945103,0.322580732,0.57627122,0.459798669,0.877192847,0.773333677,0.905660327,0.152121017,0.45,0.170163343,0.424389771,0.0653267976,0.053097353,0.447368424,0.138888986,0.974782622,0.0724234742,0.441860465,0.198675292,0.440476304,0.416666833,0.148148186,0.26470567,0.0934579753,0.0853657971,0.772727332,0.5882355,0.128491604,0.10495628,0.705426526,0.287769782,0.485294363,0.796875,0.229508123,0.560784324,0.509433929,0.466667013,0.103773539,0.33333358,0.0355555296,0.773869444,0.876923005,0.923954446,0.812499962,0.466700998,0.206349286,0.411764776,0.0903009948,0.244680827,0.940789441,0.621621473,0.844594635,0.658536932,0.132275193,0.96487985,0.834862351,0.0298013293,0.1649486,0.471074009,0.0246913993,0.458333137,0.579831521,0.189873395,0.935251839,0.45035475,0.201183491,0.331034618,0.603448179,0.465517167,0.5000002,0.811688297
0.733333313,0.736842053,0.366412083,0.316831598,0.39999992,0.8450705,0.566037826,0.660377564,0.5,0.52,0.21603065,0.310344628,0.49,0.405405362,0.855669958,0.160975622,0.352941,0.338983363,0.389610351,0.547169703,0.138972722,0.628866034,0.435897549,0.337078296,0.5,0.016643532,0.268132014,0.131105403,0.0994474441,0.492537457,0.370370359,0.509615495,0.494004593,0.880952324,0.725275,0.907801418,0.16211583,0.358974415,0.177419335,0.456852613,0.0738916797,0.0588235971,0.465753219,0.153846092,0.974631245,0.0794520779,0.458333129,0.210526353,0.433332943,0.354838935,0.133720853,0.22,0.103448335,0.0872093436,0.6626502,0.5625,0.127777801,0.0974931205,0.703703733,0.258503076,0.453125,0.791044725,0.23809529,0.570213069,0.529411636,0.452054874,0.108910854,0.361702026,0.0506911843,0.797927471,0.853846183,0.926919527,0.810526486,0.426368325,0.193548335,0.5,0.098305071,0.301886515,0.901515097,0.627907286,0.84666665,0.6595744,0.119170938,0.965328459,0.811475619,0.0279720192,0.175257942,0.445273527,0.0217917802,0.436363556,0.565957521,0.1707315,0.944444513,0.469928506,0.18589724,0.302325437,0.55932202,0.39999998,0.473154789,0.780000084
0.715909101,0.729729765,0.357142804,0.287128646,0.344827693,0.777777556,0.528301606,0.630434826,0.486486246,0.53703693,0.220422589,0.258064342,0.4736839,0.454545618,0.854166431,0.14832544,0.315789663,0.310344976,0.4125,0.535713913,0.135977297,0.653465358,0.421052916,0.3,0.555555444,0.0152990206,0.259219272,0.132652988,0.0888888889,0.484375,0.448275921,0.529411704,0.531963956,0.873015917,0.724138174,0.908450773,0.170772499,0.378378303,0.195454504,0.50000005,0.0820512434,0.0737463144,0.426471044,0.203390158,0.968713783,0.0958904141,0.489361702,0.243420815,0.454545518,0.322580577,0.115577964,0.206521673,0.0875576,0.0837989366,0.619564914,0.529411765,0.130434813,0.0845070169,0.711111206,0.24999983,0.403508779,0.806451684,0.2452828,0.575107291,0.5520836,0.49999975,0.099999947,0.4111111,0.0442477788,0.828729479,0.852139963,0.928956843,0.77,0.396199306,0.254901753,0.527777736,0.0947712638,0.336538334,0.874999937,0.636363582,0.849999957,0.738461543,0.125603948,0.973214313,0.779527698,0.0227272664,0.1521741,0.422619025,0.0212766223,0.458332983,0.564315366,0.125,0.933333287,0.485470955,0.191489315,0.284615084,0.583333192,0.416666658,0.480891982,0.813793078
0.72580619,0.710526142,0.366666567,0.297029654,0.32,0.7875,0.533333293,0.578947284,0.605263237,0.528301947,0.223719957,0.264705947,0.411764588,0.459459622,0.80219802,0.145374444,0.388888689,0.2884617,0.329545628,0.53153158,0.140298527,0.670212367,0.40625,0.298701269,0.571428529,0.0140845021,0.274193872,0.15980622,0.0937500872,0.476922738,0.56,0.504854314,0.546296521,0.865079472,0.783464634,0.93382355,0.181866733,0.428571271,0.184331733,0.502617802,0.0862943973,0.0698412684,0.426470815,0.181818073,0.965458672,0.0970588771,0.489361702,0.240259985,0.507042246,0.354838971,0.106796056,0.204545343,0.0853080886,0.0942407812,0.627659486,0.545454264,0.124999931,0.108333289,0.74999999,0.238094946,0.388888983,0.861538503,0.26666664,0.568282463,0.593406475,0.483870642,0.0854701735,0.453488564,0.0443548476,0.822857195,0.823529486,0.930396569,0.77,0.395604158,0.254901829,0.485714249,0.0986842127,0.367924511,0.834782691,0.651162656,0.845070512,0.809523767,0.0990990015,0.973727394,0.791366953,0.0263158,0.144444458,0.411616206,0.0249999985,0.476190405,0.557521967,0.0875,0.954545466,0.483084801,0.181159526,0.274336426,0.60000012,0.428571386,0.483108492,0.843137292
0.755434502,0.612903348,0.355932049,0.30000003,0.214285671,0.765432194,0.607843165,0.527777872,0.527777606,0.607142929,0.232254108,0.264705841,0.414893651,0.4999998,0.80219804,0.123255771,0.36,0.188679175,0.351351376,0.504065282,0.13489735,0.705263088,0.375,0.315789553,0.518518463,0.0220689657,0.244603973,0.161592735,0.116402134,0.476922791,0.6,0.509615179,0.542141357,0.856060493,0.797546268,0.924999918,0.182266015,0.478260648,0.215777189,0.537313592,0.0729167348,0.0736195918,0.369862626,0.2075469,0.967877107,0.102409736,0.510638494,0.219178115,0.507692452,0.315789347,0.0964912616,0.272727155,0.0857141563,0.102564035,0.510638602,0.583333308,0.13297875,0.107142828,0.766917247,0.253333547,0.377358313,0.8450705,0.254237649,0.553418283,0.685393463,0.457627222,0.0901639308,0.468354381,0.0415094245,0.854545504,0.840531464,0.928933982,0.74999985,0.369586173,0.285714443,0.564102382,0.0879478592,0.370370293,0.79807674,0.666666667,0.83221494,0.783783435,0.0891472017,0.9744,0.783216747,0.0310077541,0.102564131,0.402733309,0.0251716184,0.527777547,0.541666372,0.109889989,0.96026493,0.482857524,0.2318837,0.233009523,0.690909069,0.426229784,0.493197115,0.828767104
0.793814344,0.65625,0.308942927,0.329897267,0.08,0.79746852,0.58,0.586206872,0.514286043,0.573770757,0.222084249,0.264706026,0.42553233,0.5,0.838709516,0.115023537,0.266666533,0.20370348,0.352940992,0.462686327,0.121739149,0.739583134,0.321428571,0.307691938,0.565217591,0.0192572321,0.242053665,0.167452445,0.1465968,0.411764818,0.607142975,0.509803997,0.544185776,0.8114755,0.827026981,0.908333235,0.172862668,0.4736844,0.18377084,0.54,0.066666686,0.0803571246,0.305555578,0.2500001,0.965719115,0.096026483,0.5000002,0.268656869,0.569444201,0.238095095,0.0565217566,0.341463602,0.0892018832,0.106976702,0.484848485,0.5555555,0.128342233,0.101876744,0.782945733,0.253521461,0.416666433,0.840000132,0.197183,0.524229471,0.65060227,0.431372361,0.0940170978,0.492957754,0.0419847276,0.89473695,0.844660208,0.934966216,0.758620417,0.365050054,0.288461412,0.725,0.0990099094,0.393616836,0.785714307,0.634146427,0.836879498,0.817073318,0.0754717343,0.966507108,0.78431361,0.0306513557,0.134146254,0.406045906,0.030232553,0.586207107,0.536458043,0.130434935,0.950704202,0.487156347,0.265151441,0.255319172,0.704918282,0.419354755,0.458904251,0.852112752
0.833333303,0.611110939,0.252101006,0.31683156,0.0967742516,0.746835625,0.603448438,0.625000212,0.59999998,0.610169356,0.234449407,0.2777779,0.406250059,0.5357145,0.838709597,0.105911385,0.29032261,0.181818018,0.344,0.451851862,0.136752064,0.755318998,0.3,0.325581133,0.666666667,0.0223776179,0.233166759,0.1935486,0.163265268,0.391304335,0.615384592,0.433962794,0.53271023,0.786885432,0.861243957,0.893442694,0.171917575,0.485714657,0.169154112,0.563106657,0.0606060876,0.0924855198,0.277777817,0.230769162,0.969091929,0.103559879,0.4464288,0.31034475,0.540541,0.250000125,0.0619468703,0.372092863,0.0909091355,0.111111041,0.474747475,0.533333507,0.12371139,0.108333373,0.79245303,0.242187379,0.526315989,0.8375,0.1969695,0.537036699,0.718309859,0.403846298,0.114035159,0.50000035,0.06,0.913043373,0.848297213,0.947019791,0.726190137,0.366159768,0.312499938,0.744680647,0.107255479,0.388889161,0.724137676,0.61904771,0.808219047,0.758620641,0.0638297745,0.970496806,0.751633776,0.0426356257,0.142857357,0.380551568,0.0257009384,0.703703763,0.567839303,0.153845985,0.951048926,0.478552134,0.314515811,0.204081757,0.660714463,0.456140453,0.459459152,0.852112641
0.857142891,0.512820456,0.233333335,0.343137173,0.121212073,0.738095426,0.61194039,0.607142896,0.555555444,0.646153723,0.230240385,0.305555661,0.363636391,0.6,0.840909416,0.0972222764,0.29032261,0.163934231,0.373134212,0.49659923,0.172727169,0.771739095,0.219512173,0.363636964,0.624999875,0.0272596756,0.239418111,0.195652127,0.167464093,0.396825357,0.68,0.42452875,0.527363138,0.79464292,0.862661045,0.905109658,0.165232109,0.448275655,0.167452728,0.572139767,0.07142853,0.0962733186,0.268656885,0.211538521,0.96942638,0.0738255314,0.509434313,0.318181995,0.613333039,0.23809529,0.0454545018,0.457830908,0.0873786783,0.117370943,0.5,0.5625,0.110091849,0.0994152249,0.775509912,0.265625,0.567567611,0.816091839,0.226666504,0.512562667,0.70149236,0.396226138,0.1272727,0.5,0.0652174022,0.923664052,0.869565176,0.951907216,0.694117592,0.369509139,0.34782593,0.730769227,0.087837727,0.354430477,0.689189431,0.575,0.83098601,0.722222522,0.073482435,0.972140776,0.733333245,0.0483271251,0.115384588,0.369029217,0.0277136345,0.696969758,0.562499843,0.19999978,0.948905102,0.483131227,0.308943021,0.21212117,0.696428627,0.50000005,0.46357651,0.841379313
0.907407405,0.538461515,0.259615335,0.333332883,0.0975609683,0.691357493,0.591549204,0.63333349,0.5416665,0.666666867,0.248078637,0.382353015,0.297297316,0.64,0.839506,0.0901639797,0.29032261,0.131147492,0.387597202,0.524138145,0.173501853,0.75,0.195652196,0.393257989,0.571428643,0.0361794866,0.247175366,0.175555776,0.156521801,0.39705884,0.730769527,0.405172697,0.528394753,0.79,0.871486018,0.9015151,0.157375373,0.44,0.180288931,0.538461107,0.0603016183,0.0996784218,0.253731348,0.203703561,0.970368447,0.0739549056,0.534482233,0.330097241,0.577464789,0.266666713,0.0491072267,0.478260448,0.0837696335,0.10859734,0.496183109,0.529411741,0.095454488,0.119496893,0.814432837,0.258620802,0.566666453,0.802325819,0.287670958,0.524752568,0.734375,0.36,0.0990099319,0.508474844,0.0904977511,0.937007916,0.90109892,0.962374615,0.691357662,0.377350382,0.32558107,0.745762349,0.080536857,0.36764679,0.6315788,0.571428743,0.822222354,0.714285757,0.0630630118,0.969343124,0.7131782,0.056179849,0.116883,0.37087088,0.0286395877,0.65625,0.542713071,0.191489362,0.940740706,0.472797638,0.357142921,0.233333417,0.728813773,0.472726995,0.465277857,0.832167915
0.905660333,0.571428643,0.271027941,0.314285599,0.0930231814,0.718309641,0.671428733,0.588235106,0.476190381,0.671875,0.252453444,0.432432403,0.283582368,0.551724034,0.84415586,0.0819209098,0.333333367,0.135135073,0.357723921,0.541095641,0.210344854,0.778845867,0.204081716,0.381443171,0.576922946,0.040787649,0.240845045,0.176339308,0.14,0.366197183,0.64,0.394958145,0.532178386,0.77528068,0.904382502,0.880596967,0.153539762,0.52,0.180487734,0.524038333,0.0523559895,0.113475245,0.29850759,0.16666685,0.971391106,0.0722891588,0.4827585,0.30841126,0.581080984,0.187499956,0.0540540359,0.546512109,0.0944444868,0.099999958,0.49999989,0.65116283,0.0765765552,0.114754134,0.838709665,0.302752127,0.49999995,0.797872118,0.353845723,0.50970858,0.714286043,0.3333336,0.09999994,0.559321841,0.0813396945,0.922413736,0.918987287,0.967521394,0.680000108,0.366078917,0.34883693,0.791666667,0.0716723401,0.338983197,0.617647135,0.538461415,0.816793799,0.6979168,0.0491329433,0.971056448,0.648437648,0.0639098128,0.12857139,0.383982657,0.0293398703,0.696969658,0.555555709,0.224719075,0.931972825,0.469838405,0.376146668,0.252631476,0.754385751,0.469387835,0.406896476,0.863309383
0.891891953,0.611111294,0.281553287,0.303030303,0.0888888089,0.784615671,0.698630229,0.571428629,0.473684505,0.602739819,0.24973349,0.378378303,0.2867647,0.50000005,0.865168127,0.0628415751,0.34375,0.141025558,0.363636267,0.585526446,0.207407132,0.778845897,0.24999975,0.347368065,0.5625,0.0417227454,0.24206353,0.164858583,0.118466846,0.328947363,0.620689679,0.42982443,0.507575354,0.781609075,0.913357391,0.875968925,0.15004378,0.482758452,0.20099224,0.50990099,0.0526315684,0.11627909,0.317460386,0.1625,0.96755313,0.068965511,0.508772053,0.300971139,0.575342088,0.203390041,0.0694444807,0.602272101,0.0919541876,0.0837005453,0.515151779,0.6382978,0.0588235376,0.101045193,0.835294134,0.329545502,0.552631579,0.78095245,0.410714005,0.497584807,0.711111227,0.354166371,0.105882268,0.58620679,0.0967741277,0.9175257,0.929223654,0.971938763,0.703704019,0.347789924,0.318181905,0.8133334,0.0590405499,0.29999987,0.557142811,0.534883847,0.828124914,0.689655213,0.0490463765,0.973333336,0.616541493,0.0606060509,0.118421112,0.385964698,0.0310077631,0.694444383,0.536842016,0.255813826,0.907142887,0.474358959,0.383838345,0.24,0.791044779,0.510204043,0.359999764,0.857142866
0.864077591,0.627906988,0.295237809,0.29896911,0.108695676,0.774193797,0.705128353,0.512820454,0.428571443,0.5625,0.247687801,0.361110856,0.269503438,0.423076785,0.855555657,0.0706214776,0.370370333,0.149425515,0.339285992,0.642857194,0.218978302,0.79661036,0.29999993,0.32954523,0.517241145,0.0418919226,0.250656367,0.170212897,0.111455181,0.289473882,0.678571332,0.420560509,0.516539228,0.837209514,0.89930556,0.857142866,0.132950836,0.46875,0.21994882,0.511961775,0.0597014857,0.114406672,0.396226438,0.124999825,0.970635246,0.0662823721,0.509091105,0.274509875,0.620253152,0.237288163,0.0857141997,0.648351648,0.0981594636,0.076576461,0.502762239,0.624999937,0.0488888363,0.110714389,0.848101239,0.315789579,0.5,0.766355123,0.416666667,0.479166535,0.682927078,0.324324327,0.157894863,0.61111115,0.121951182,0.896907152,0.931263815,0.973795425,0.728260482,0.341951851,0.2978724,0.795180477,0.0474452729,0.339622234,0.478260687,0.536585037,0.809917343,0.685185234,0.0564516447,0.97564689,0.5939852,0.0520445346,0.121951073,0.379832346,0.023746689,0.690476345,0.523077399,0.24074091,0.903846181,0.476351609,0.40243848,0.2210523,0.831168765,0.509090851,0.357664281,0.868965437
0.864077541,0.65,0.355769617,0.252631375,0.125,0.75000015,0.705882612,0.459459438,0.380952405,0.518987104,0.236165752,0.3125,0.263888958,0.46666686,0.85,0.080213962,0.366666657,0.135416773,0.360824692,0.695035678,0.215139626,0.777777977,0.293103253,0.305882045,0.57575763,0.0404171946,0.232712771,0.19675478,0.0981594243,0.298701369,0.758620424,0.393939415,0.538660126,0.850574505,0.88424436,0.841666592,0.13438955,0.50000005,0.221079912,0.526315767,0.0735293985,0.139534889,0.388888994,0.147368303,0.973031296,0.0742857675,0.527272058,0.2526313,0.6338025,0.290322345,0.141463364,0.633333347,0.108843444,0.0798121672,0.537233958,0.6666663,0.0540540359,0.108303259,0.8875,0.304348348,0.414634073,0.774774899,0.416666567,0.488505528,0.711111284,0.3157896,0.1392404,0.642857043,0.141935332,0.874999862,0.938596576,0.976450808,0.73404272,0.338832698,0.3,0.780487812,0.0505836348,0.428571286,0.432836354,0.52380931,0.818181951,0.699028802,0.0625000525,0.979104481,0.542253589,0.045112791,0.106666421,0.381124928,0.0188171876,0.6744188,0.47368432,0.259036326,0.909090989,0.492688887,0.381578814,0.215686284,0.872093113,0.543859728,0.340909127,0.861313858
0.855669958,0.707317283,0.321839146,0.219047784,0.277777722,0.772727245,0.771083983,0.4883718,0.307692315,0.5125,0.228122058,0.310344893,0.28057559,0.411764565,0.835443149,0.0909090455,0.413793376,0.131312987,0.406249597,0.758169719,0.197309722,0.791366837,0.360655316,0.282051472,0.538461523,0.0308879994,0.240489005,0.181102593,0.09798272,0.246753297,0.666666933,0.41414139,0.511193332,0.835293953,0.888554254,0.851485158,0.139094081,0.45,0.233596188,0.537777816,0.0574162771,0.128865997,0.416666733,0.180180068,0.972008831,0.088709652,0.558823309,0.230769208,0.661764434,0.260869535,0.163461549,0.729412308,0.101562551,0.0921660154,0.553299413,0.591837186,0.0533980946,0.0981818814,0.858823558,0.321428593,0.3333333,0.785123967,0.462962846,0.470588315,0.711111371,0.325,0.129869987,0.698412629,0.132867047,0.884210769,0.933790004,0.97686372,0.718446914,0.33205114,0.282051297,0.780488066,0.041152266,0.444444511,0.385714409,0.5000003,0.833333333,0.692307234,0.0616245907,0.984848496,0.536764794,0.0461538346,0.152777946,0.394140155,0.0238095093,0.723404366,0.483695466,0.282051072,0.928571396,0.507370753,0.4029853,0.19999982,0.866666813,0.53125,0.279411976,0.90625
0.835164933,0.707317254,0.337837601,0.228971836,0.294117635,0.690476431,0.772151523,0.458333246,0.346153669,0.469135835,0.235886708,0.3846155,0.2695036,0.384615369,0.818181818,0.0919541567,0.464285761,0.09,0.446808157,0.756944487,0.173469401,0.80000006,0.41379291,0.2571427,0.48,0.028642594,0.204485185,0.180422382,0.119444422,0.232876484,0.629629704,0.4148935,0.498792301,0.84415586,0.895522429,0.847825961,0.139258865,0.363636682,0.229591851,0.584474724,0.0514018918,0.134078189,0.369565,0.193277283,0.972482125,0.0852129974,0.558441603,0.209302095,0.692307615,0.229729692,0.179894143,0.752941201,0.109090978,0.08,0.527638237,0.615384446,0.0603015213,0.106007052,0.888888811,0.297872519,0.390244007,0.789473617,0.44230749,0.466666783,0.73469368,0.32608693,0.097560878,0.746032,0.152317801,0.883720919,0.936915822,0.974726215,0.67857144,0.328912276,0.325581265,0.771739046,0.0336134534,0.571428614,0.367646896,0.409090905,0.80000004,0.705357005,0.0619469304,0.986859398,0.5454548,0.0524193349,0.144927799,0.39130437,0.0235602,0.684210095,0.508875948,0.228915708,0.918032719,0.521039493,0.384615469,0.170212766,0.8279568,0.575757615,0.224638104,0.888
0.840909284,0.625,0.394737103,0.153465407,0.39999986,0.675675541,0.785714571,0.466666493,0.39999978,0.376470788,0.228787646,0.407407526,0.293706073,0.391304061,0.828947283,0.0790959944,0.46875,0.0925925767,0.516854035,0.785714626,0.178378384,0.765625,0.465517181,0.342857134,0.50000005,0.0251195679,0.195224832,0.179104546,0.113573437,0.228571537,0.655172138,0.383720792,0.49999986,0.868421,0.894259936,0.852272856,0.132311025,0.346938722,0.238219495,0.626168099,0.045045005,0.133333315,0.312499856,0.176,0.969879445,0.081280805,0.5542166,0.170731534,0.734375,0.242423879,0.176470646,0.814814619,0.105769191,0.0695187638,0.58,0.6666663,0.0800000744,0.0909089873,0.894117594,0.302325581,0.409091141,0.798245552,0.44,0.422360182,0.673912907,0.318181777,0.135134986,0.754098679,0.149350554,0.876288512,0.930787543,0.975913575,0.64150934,0.333189723,0.31111118,0.793478386,0.0421940992,0.621621649,0.367088863,0.386363568,0.807692323,0.733333428,0.0700637414,0.9886076,0.565217323,0.0448979498,0.147540848,0.39049565,0.0230178883,0.685185117,0.463414455,0.188235219,0.921951235,0.516556401,0.402985299,0.153846106,0.80000014,0.557376913,0.200000238,0.88524604
0.835443184,0.720930344,0.385713939,0.131818253,0.393939336,0.658536563,0.73913023,0.533333347,0.416666617,0.405063641,0.223942107,0.476190481,0.303703543,0.388888522,0.863013718,0.0852271613,0.433333143,0.10377357,0.597826482,0.80000012,0.180851131,0.773437613,0.462963185,0.353846306,0.50000005,0.0241546174,0.185628994,0.173357965,0.129120878,0.213333136,0.571428357,0.358974644,0.484886574,0.8552631,0.881656806,0.815384726,0.128143218,0.326530702,0.245125128,0.672645902,0.0456431645,0.115606938,0.297872579,0.174603128,0.97365533,0.0759804152,0.587628841,0.151898615,0.765625,0.246575371,0.191011242,0.797468561,0.139785058,0.0828729347,0.5863874,0.708333188,0.0817610582,0.0893470919,0.888888978,0.341463268,0.30232546,0.836538391,0.386363677,0.419752939,0.636363236,0.333333167,0.138888903,0.782051313,0.155844046,0.870967687,0.913580254,0.974411087,0.622807247,0.339701107,0.352941047,0.725489875,0.029661014,0.621621573,0.347826265,0.29787234,0.806451645,0.749999685,0.0774411136,0.986005098,0.580419176,0.0538116596,0.11290319,0.366733644,0.0199501474,0.6724136,0.442307787,0.148148256,0.92,0.519182625,0.357142843,0.130841049,0.759615362,0.597014622,0.178294666,0.882353021
0.85915493,0.729166719,0.388889083,0.13181824,0.4375,0.594594438,0.704918111,0.46,0.475,0.4366195,0.237791752,0.545454491,0.287878748,0.410713882,0.859375,0.0939225393,0.411764718,0.105769281,0.662921604,0.803030458,0.183431877,0.779527591,0.510204039,0.377048564,0.55,0.0209302141,0.161094205,0.177619921,0.145604652,0.162161984,0.68,0.379746618,0.477053173,0.857142871,0.877142876,0.828125,0.116176454,0.280701932,0.245664476,0.72844855,0.0396825363,0.130952351,0.24,0.181102332,0.973613316,0.0626505787,0.559632676,0.172839393,0.7678572,0.231884199,0.207100869,0.765431917,0.130434843,0.10439558,0.604877852,0.74999995,0.11409395,0.101694935,0.881720383,0.358974379,0.256410279,0.863157973,0.363636355,0.41176465,0.59615424,0.32,0.153846,0.792682917,0.15625,0.857142743,0.913612583,0.970047907,0.604838845,0.336305308,0.307692469,0.692982225,0.030172384,0.621621573,0.358490469,0.195651959,0.761193967,0.711864099,0.0824372761,0.989130426,0.553333529,0.0627802112,0.115942219,0.33996,0.019656,0.673076765,0.44055945,0.131578987,0.925581444,0.527800883,0.338235129,0.110236169,0.75,0.597222081,0.181102346,0.904347879
0.823529318,0.673469231,0.428571429,0.123931525,0.378378427,0.571428729,0.719298225,0.520833748,0.462963078,0.424242473,0.237102215,0.541666629,0.330508468,0.384615385,0.898550551,0.0928961563,0.351351511,0.09,0.69,0.838235164,0.175324697,0.821705474,0.525,0.407407122,0.59999968,0.0214205709,0.141025622,0.1834862,0.152541949,0.175675547,0.629629541,0.413333389,0.490123625,0.850746164,0.877840845,0.867924674,0.114754049,0.290909016,0.246334662,0.729508129,0.0237154274,0.131736509,0.207547166,0.167883135,0.973997854,0.0528846658,0.549618103,0.1625,0.8333333,0.2394365,0.21621612,0.753086299,0.166666583,0.0828402083,0.614349331,0.769230946,0.122302103,0.0986394721,0.8510638,0.3333332,0.239130367,0.878048988,0.368420979,0.40000002,0.539682586,0.288461671,0.138461428,0.785713943,0.15,0.858490538,0.913043575,0.961981562,0.623931542,0.333602606,0.289855465,0.672131599,0.0414746449,0.621621649,0.371428226,0.153846308,0.757575803,0.722222448,0.0922509744,0.985111675,0.530864148,0.0727271924,0.142856971,0.308793574,0.0397022241,0.66037726,0.432098663,0.146341444,0.935185188,0.511589111,0.323076597,0.0769230608,0.752577351,0.626666588,0.18110254,0.903846118
0.807017593,0.659574736,0.464285771,0.136752193,0.4,0.55,0.754717151,0.574468145,0.472727753,0.453125,0.256208055,0.576923019,0.330508713,0.377358813,0.890625,0.0913977252,0.361111083,0.0891089616,0.711538682,0.833333143,0.1753246,0.854700873,0.439024463,0.4561404,0.428571314,0.0156774794,0.145110446,0.186170297,0.157746584,0.184210545,0.620689703,0.463768322,0.474999485,0.85915507,0.881690141,0.865384527,0.10588232,0.285714371,0.229102389,0.710843341,0.0285714326,0.137143033,0.176470512,0.160839143,0.976438361,0.0381861242,0.562043744,0.168831218,0.822222247,0.317460454,0.19662926,0.716216145,0.181818164,0.0658682271,0.625550316,0.816091829,0.125874101,0.0958466078,0.849462215,0.341463407,0.235293924,0.869047352,0.366666547,0.39215722,0.534482353,0.259259,0.152542654,0.827160486,0.11111115,0.871287259,0.924999963,0.961328082,0.609090719,0.33320552,0.238095614,0.708333658,0.0473933657,0.575757388,0.403669753,0.185185185,0.758064555,0.736,0.0733590726,0.985419193,0.536145125,0.078703672,0.108433822,0.295217997,0.0392156714,0.682926937,0.442424581,0.152941131,0.924170595,0.514462481,0.29999986,0.0704224824,0.724489783,0.689188931,0.153846175,0.92380957
0.849056755,0.591837045,0.515625,0.168,0.307692315,0.4999999,0.7454548,0.523809495,0.553846022,0.428571357,0.265431727,0.62499995,0.315789443,0.374999962,0.901408451,0.0815218191,0.3125,0.133333227,0.725489991,0.849765547,0.20740727,0.878504681,0.358974287,0.438596742,0.466666453,0.0163755328,0.151785752,0.185739503,0.176300875,0.197674419,0.666666667,0.4999996,0.474452563,0.852941029,0.873994537,0.863636268,0.0807692778,0.279069712,0.205047557,0.727272682,0.0277777694,0.139784813,0.187499869,0.180555532,0.980000004,0.0344036756,0.57241415,0.15,0.803921761,0.380952443,0.19883043,0.666666733,0.213333121,0.0613496833,0.607929455,0.833333483,0.155405526,0.0903225166,0.852631697,0.357142821,0.291666558,0.880000276,0.3333333,0.433823959,0.456140609,0.253968,0.131147366,0.82051291,0.103448355,0.834951473,0.927113685,0.953992407,0.635514003,0.315119793,0.244681178,0.70866167,0.0398009605,0.59999988,0.441441444,0.152542769,0.754098651,0.733333183,0.0750988312,0.985312111,0.529100562,0.0758294379,0.0853657598,0.287784857,0.0358055978,0.692307615,0.437158419,0.154762161,0.923076988,0.512458437,0.275862155,0.0909090027,0.715909072,0.671641564,0.171717,0.93636366
0.833333483,0.645833058,0.49999995,0.174603089,0.30232546,0.463414785,0.742424297,0.520833413,0.55223871,0.46551716,0.27917096,0.6,0.315315161,0.404761964,0.915492958,0.0935672094,0.333333367,0.164383649,0.757281133,0.848889035,0.19259267,0.86538443,0.352941529,0.392856832,0.411764706,0.0147058788,0.16199372,0.165178943,0.208211202,0.179487262,0.653846162,0.5,0.459595874,0.863013859,0.86632389,0.88095244,0.0730026956,0.315789411,0.176270905,0.759542337,0.0351562658,0.112359551,0.186046307,0.188405801,0.98144105,0.0261438065,0.551514794,0.173333131,0.777777944,0.451613087,0.185628326,0.657894771,0.256756603,0.0503144932,0.635593267,0.8488373,0.184397274,0.0809061209,0.863636532,0.3877554,0.26086953,0.87142861,0.434782309,0.410959109,0.464285554,0.253731525,0.148148044,0.808219123,0.0869565948,0.818181773,0.918309892,0.949618323,0.597938122,0.303899803,0.233010125,0.737705269,0.0466321267,0.605263237,0.458333067,0.15625,0.712121144,0.736111307,0.0697673521,0.985185181,0.484848136,0.0825242941,0.0853657256,0.264706003,0.0409206849,0.736842105,0.437158335,0.148148296,0.926470576,0.49255557,0.235294012,0.063218538,0.776595989,0.694914736,0.212121,0.932203346
0.829268329,0.66,0.483333448,0.169355005,0.34883714,0.529411776,0.716049242,0.437499894,0.54794501,0.431034541,0.291711508,0.576923215,0.316666634,0.325581202,0.920000192,0.0727272796,0.344827869,0.1805557,0.754902146,0.834060969,0.193798422,0.89,0.40625,0.333333667,0.428571543,0.0143589652,0.161290578,0.164590746,0.249283432,0.232876747,0.636363709,0.533333147,0.442402164,0.851351455,0.852417319,0.868421132,0.0663992732,0.387096652,0.159608797,0.765182587,0.0322580813,0.117021186,0.24999975,0.199999936,0.983810035,0.0267489591,0.540697749,0.164556784,0.7,0.585714517,0.157894758,0.590361318,0.253333125,0.0426828949,0.637168276,0.876404212,0.214285413,0.0930231721,0.869047505,0.36,0.263158158,0.852459341,0.583333333,0.380000011,0.3684214,0.202898878,0.173077152,0.813559193,0.0559006399,0.755555902,0.921052659,0.937267971,0.6333333,0.304551837,0.215517077,0.726414809,0.051136299,0.521739009,0.508547147,0.15625,0.714285714,0.724832507,0.0599250981,0.985239859,0.47,0.082926829,0.112359765,0.235886637,0.0422163439,0.75675683,0.433155025,0.171052546,0.938095254,0.488543433,0.229166577,0.0564102765,0.784945992,0.690909322,0.23255807,0.947761127
0.815789363,0.604167023,0.530612176,0.18333338,0.34883707,0.514285457,0.710526487,0.45,0.590909032,0.372881678,0.303516358,0.636363645,0.336207071,0.317073022,0.927834922,0.08333342,0.428571343,0.196969598,0.770832869,0.828194076,0.1804512,0.911111191,0.466666553,0.296875,0.454545782,0.0120967477,0.177570219,0.158687885,0.245762603,0.266666527,0.619047695,0.55,0.406103435,0.810811019,0.843434369,0.833333167,0.0582101981,0.333333133,0.137379768,0.752173684,0.0378788038,0.13333342,0.302325521,0.211267674,0.982721379,0.0372670749,0.517241089,0.181818245,0.633333437,0.645569781,0.146892544,0.60215038,0.25000015,0.0459770161,0.623893895,0.875000088,0.228758204,0.0863787508,0.851851744,0.282608487,0.314285511,0.8125,0.624999925,0.371069161,0.396551521,0.188235162,0.214285479,0.7758619,0.049689414,0.767441916,0.92352947,0.928726488,0.621951224,0.301277771,0.212121088,0.745098216,0.0595238598,0.4255318,0.536585122,0.169230735,0.745762631,0.696202163,0.0611509996,0.985018722,0.464646605,0.0637254629,0.117647059,0.225872986,0.048913081,0.838709665,0.459595675,0.153846,0.947368485,0.472443846,0.272727236,0.0424528472,0.797872179,0.725490382,0.2375,0.926666671
0.763157942,0.612244827,0.5319148,0.171874914,0.341463341,0.513513462,0.69892452,0.454545473,0.594936778,0.3999998,0.310237976,0.615384938,0.319672098,0.292682629,0.90291265,0.0783132608,0.444444511,0.233333337,0.773195723,0.793721973,0.156716406,0.9166665,0.4375,0.241379255,0.428571486,0.0135790332,0.193220199,0.159090965,0.278820384,0.305555539,0.6,0.6,0.387243848,0.835443251,0.861892701,0.794871877,0.0574810179,0.4,0.112540191,0.76548694,0.0390625137,0.151515043,0.324324327,0.225564,0.980738361,0.0349076106,0.491802974,0.190476481,0.609375,0.653061065,0.134078271,0.620689652,0.2857142,0.0372340519,0.616071241,0.890110011,0.256579199,0.0935251232,0.823529324,0.304347952,0.285713986,0.822580729,0.714285643,0.372548957,0.40000028,0.225806623,0.228571437,0.779660666,0.0654761652,0.75,0.925816005,0.917128933,0.577464789,0.298460604,0.187970038,0.7659574,0.0774193164,0.46,0.52419373,0.164179218,0.70000001,0.68125,0.0561056035,0.985969392,0.442211009,0.0666666453,0.119565252,0.254273325,0.0467033087,0.892857154,0.463158003,0.157894737,0.958525359,0.455007722,0.294117541,0.0523809404,0.854166558,0.716980815,0.26666646,0.938271637
0.769230738,0.490565992,0.5581398,0.195121841,0.357142679,0.435897392,0.689075941,0.388889139,0.6666668,0.318182195,0.315979418,0.652173843,0.316666507,0.268292622,0.883928581,0.0802469095,0.428571471,0.186440888,0.787234191,0.782221874,0.16,0.931818366,0.428571357,0.238095238,0.4,0.0142045477,0.204947273,0.161815153,0.281080952,0.289855523,0.58333335,0.564102695,0.354120343,0.8235295,0.864229785,0.794871797,0.047004944,0.5,0.103225897,0.760563439,0.0433071343,0.15625,0.4375,0.230216056,0.979894178,0.0367965085,0.465240387,0.191011662,0.633333573,0.673469461,0.1204188,0.685392752,0.306451361,0.0441988597,0.612334674,0.893203829,0.253247007,0.0843373645,0.805555497,0.24,0.243243295,0.836065669,0.7,0.390728695,0.344827434,0.229166977,0.23333334,0.786885466,0.0520231682,0.766233713,0.923512797,0.913827687,0.56338,0.278733358,0.200000116,0.818181755,0.0641025633,0.462962824,0.467153224,0.223880733,0.737705095,0.698224768,0.0658307335,0.98307293,0.425120844,0.0744186416,0.161615968,0.249999458,0.051490523,0.8888889,0.463687118,0.142857071,0.959595988,0.450788756,0.30303007,0.0476190186,0.846938731,0.695651809,0.260273878,0.913294798
0.836734549,0.490565606,0.558139712,0.22314042,0.333333267,0.3947366,0.685714341,0.342105332,0.683544432,0.310344662,0.311550266,0.56,0.310924175,0.268292427,0.895161414,0.0774192282,0.36,0.133333373,0.802197722,0.770642002,0.186440678,0.93,0.527777831,0.311475049,0.388888922,0.0131208851,0.237354088,0.141725294,0.289893923,0.235294176,0.6,0.511627444,0.333715573,0.831169,0.857512903,0.764705794,0.0433006249,0.470588235,0.131419531,0.744394311,0.049999994,0.166666622,0.6129031,0.231404972,0.979365084,0.0323973987,0.447761259,0.182795845,0.616666938,0.67543855,0.111111057,0.734939733,0.233333653,0.0449438508,0.602678322,0.899082635,0.271340973,0.0707964839,0.771428609,0.187500031,0.285714229,0.790322679,0.65,0.406666341,0.415384634,0.215686368,0.307692192,0.784615622,0.0555556067,0.705882229,0.918309826,0.906429151,0.583333,0.272938505,0.19463084,0.826530487,0.0584415495,0.370370211,0.486486909,0.260869791,0.70000015,0.675977424,0.0600600504,0.977483462,0.41237131,0.0707964996,0.185185133,0.254736707,0.0473684389,0.727272727,0.480226094,0.116666812,0.97087375,0.439372189,0.34848453,0.04524888,0.867346727,0.645833035,0.25,0.906976773
0.80000008,0.466666467,0.583333225,0.1914894,0.3157896,0.357143,0.726618622,0.314285674,0.666666867,0.301886432,0.305962705,0.541666683,0.333333083,0.226415081,0.885964955,0.0827586952,0.36,0.109375,0.793103283,0.733032126,0.20720733,0.924528357,0.512820408,0.338709708,0.428571443,0.00983019787,0.22950832,0.154844276,0.27792914,0.263888874,0.4999999,0.520833552,0.311790839,0.821428436,0.854570778,0.757575755,0.0370370694,0.4,0.116519116,0.717703714,0.0493827522,0.160583897,0.676470432,0.23076901,0.976810838,0.032894712,0.42713585,0.177083429,0.578125,0.709090939,0.117647141,0.763440653,0.225806123,0.0467836234,0.597345336,0.901960851,0.2875,0.0814479838,0.732394366,0.187499919,0.382352962,0.750000125,0.619047619,0.454545737,0.405797254,0.196078431,0.416666567,0.803571763,0.0607734466,0.742857249,0.909859173,0.908659841,0.538461492,0.274257544,0.201389021,0.838709581,0.0714285314,0.361702055,0.44375,0.280702172,0.695652513,0.685082877,0.0610465615,0.976486818,0.420764789,0.0634920348,0.183333336,0.232704543,0.0474861057,0.645161113,0.529761891,0.0677967729,0.961904797,0.427311148,0.338235331,0.052863463,0.869158918,0.660714162,0.25,0.89937099
0.754717128,0.5000002,0.538461569,0.192592664,0.315789537,0.384615331,0.755395813,0.3,0.64000022,0.333333333,0.303979773,0.576923412,0.285714441,0.235293841,0.903225774,0.0902778217,0.392857104,0.0952380952,0.7468354,0.737863797,0.20183477,0.924369792,0.5319148,0.352941382,0.434782739,0.00868055052,0.262711841,0.144760256,0.298342497,0.276315645,0.5,0.489361702,0.287777913,0.769230831,0.858757088,0.764705771,0.0348652481,0.48,0.146801916,0.68599066,0.04782614,0.153225755,0.702702622,0.215517331,0.973264739,0.0360360072,0.416267877,0.162790747,0.515625,0.699999857,0.125000047,0.822222347,0.25,0.0641710892,0.608889104,0.914529941,0.340136048,0.10362691,0.7236841,0.16,0.419355126,0.741935452,0.611110833,0.465753303,0.423728703,0.181818082,0.521739083,0.781818335,0.0511363431,0.712328829,0.912568285,0.912890802,0.491228204,0.255960283,0.1974522,0.863636405,0.0493827598,0.369565111,0.422619177,0.290908858,0.761904924,0.677966467,0.0530726768,0.972972955,0.429411529,0.0576922658,0.195122048,0.226899237,0.0508981773,0.655172138,0.540697827,0.06666672,0.955664988,0.414965926,0.347826052,0.0560747716,0.869158926,0.714285714,0.2,0.896103881
0.796609961,0.54,0.5,0.209459389,0.275,0.475,0.744966552,0.348837321,0.657534166,0.30434803,0.296752237,0.565217417,0.30097131,0.233333507,0.905511783,0.0958903173,0.3333332,0.084507,0.666666033,0.715,0.240384715,0.92682918,0.533333347,0.3692306,0.571428514,0.01026519,0.255319081,0.133628379,0.300813099,0.30120528,0.37037037,0.477272595,0.25000005,0.7887325,0.882352999,0.769230862,0.0386740039,0.521739139,0.155172084,0.659292073,0.0420168084,0.151785683,0.680851128,0.230158549,0.971548781,0.0403800805,0.453658632,0.179487054,0.50000005,0.712,0.116751244,0.858695528,0.253731803,0.0645160516,0.674757349,0.910714338,0.355263107,0.113513387,0.746666699,0.157894805,0.375,0.740740874,0.473684295,0.48648684,0.433961817,0.181818,0.565217391,0.796609883,0.0614525703,0.666666967,0.914893726,0.914681266,0.483333265,0.240995105,0.192546464,0.860214914,0.0552146616,0.3720928,0.453551793,0.32,0.741935497,0.680473556,0.0552486537,0.973174372,0.493671019,0.0555555461,0.183206127,0.215139812,0.0536277279,0.65625,0.520710188,0.083333425,0.957894716,0.409002673,0.402597322,0.0539216205,0.87,0.723076923,0.176470445,0.886524755
0.820895572,0.529411606,0.567567584,0.223602714,0.275,0.4285716,0.739436963,0.358490272,0.676056162,0.28888896,0.282420434,0.52,0.288888487,0.222222311,0.872180451,0.0884353936,0.228571177,0.0789474237,0.647058635,0.704917795,0.264151322,0.940740761,0.53333328,0.381579157,0.6250001,0.0125313231,0.272321483,0.142978017,0.311653175,0.313253287,0.4285716,0.4,0.235425815,0.741935597,0.879310316,0.7105262,0.0396946926,0.629629504,0.148997221,0.658634837,0.0431372441,0.158415718,0.672727365,0.240310005,0.969352398,0.044083549,0.460829724,0.184210489,0.507463099,0.723577388,0.101010027,0.8666668,0.301587302,0.0756756078,0.687830683,0.895652242,0.337837704,0.119318252,0.708333142,0.14,0.307692423,0.728813836,0.476190486,0.527396954,0.441860423,0.161904709,0.576922962,0.830508251,0.0632185024,0.6875,0.910614453,0.92192583,0.509434104,0.225848405,0.202380839,0.8829787,0.0787878873,0.333333467,0.42622971,0.479166683,0.727272709,0.623456586,0.0594900812,0.970724211,0.54421789,0.049469984,0.166666667,0.199601194,0.0705127832,0.621621535,0.497041498,0.142856986,0.955307257,0.404366337,0.453332973,0.0717949209,0.881720412,0.7727275,0.190476146,0.898550674
0.794117541,0.490566492,0.64285705,0.236024895,0.309523879,0.45945953,0.758620829,0.4285717,0.671875,0.311111087,0.277259874,0.464285539,0.285714457,0.2375,0.854014575,0.111888081,0.219511954,0.10126568,0.681818032,0.690058769,0.23853214,0.929032299,0.564102482,0.394737005,0.541666683,0.0120192202,0.255707928,0.127399625,0.336043263,0.276595734,0.388888906,0.425,0.227273078,0.745762503,0.887240388,0.648648719,0.0428994194,0.59375,0.149333619,0.607287528,0.039370124,0.2040819,0.621212035,0.269230983,0.966093383,0.0464037444,0.490826018,0.130435061,0.541666375,0.745901739,0.0904523912,0.864197314,0.280701804,0.0994764,0.710982638,0.909090869,0.394365912,0.121387288,0.573529315,0.187499875,0.351351411,0.677965751,0.421052116,0.509434153,0.413043317,0.151515,0.56666661,0.847457446,0.0807454103,0.625,0.897790138,0.930408906,0.461538385,0.212773397,0.195122212,0.903225787,0.08333342,0.40000014,0.427135639,0.486486692,0.716981274,0.664740301,0.066282386,0.968798811,0.602836797,0.0426229657,0.1625,0.18897641,0.0650684883,0.568182059,0.481481536,0.151515152,0.938650422,0.414530049,0.445945922,0.0568720132,0.896907079,0.791666646,0.187500225,0.906250047
0.794520459,0.547169926,0.642857014,0.21428559,0.261904574,0.529411694,0.761194309,0.378787652,0.706896671,0.260869326,0.274725633,0.464285675,0.279999924,0.268292561,0.855072422,0.115646336,0.2444442,0.0617285185,0.679245325,0.6875,0.230769538,0.917127145,0.583333333,0.358974708,0.538461446,0.00987841766,0.27411126,0.108291061,0.344827709,0.284403745,0.30232553,0.4,0.243872564,0.714286071,0.876080649,0.631578916,0.046560071,0.527777778,0.165829517,0.569037672,0.031496103,0.21111119,0.528571911,0.282442767,0.960359893,0.0517646707,0.517241074,0.166666583,0.549296,0.735042642,0.0810809968,0.84883724,0.315789505,0.0959595314,0.683544318,0.900900937,0.421874922,0.111764689,0.518518259,0.2222222,0.294117859,0.588235324,0.409090841,0.54375,0.41666675,0.161290303,0.558823453,0.830769282,0.0723684391,0.645161552,0.906515631,0.933222566,0.436363749,0.199797706,0.190789538,0.848837345,0.0751445725,0.31428562,0.437811026,0.46875,0.708333471,0.66875,0.0479041676,0.969984191,0.661654341,0.030211503,0.156862674,0.165428001,0.0688405376,0.4999997,0.435643765,0.180327718,0.935064928,0.423167004,0.54285696,0.0495049762,0.900990046,0.857142986,0.205607375,0.911764671
0.782051422,0.49999995,0.708333454,0.199999994,0.261904574,0.645161413,0.78761041,0.378787614,0.690909238,0.295454593,0.258651263,0.4,0.301369851,0.291666479,0.86153854,0.122580719,0.282608585,0.089887882,0.619047848,0.705521409,0.224719518,0.913978517,0.594594557,0.357142514,0.615384577,0.0101966366,0.271738864,0.100164142,0.355670328,0.294642755,0.288888629,0.390243556,0.238095101,0.733333247,0.887005711,0.607143161,0.0452365045,0.564102682,0.153845944,0.573222029,0.0224719222,0.187500338,0.584415626,0.284671535,0.95536541,0.0480769671,0.526530487,0.158536416,0.638888908,0.767676791,0.0913043572,0.840909305,0.355932344,0.102941212,0.714285523,0.938053081,0.429824076,0.123456743,0.543478072,0.302325521,0.314285757,0.541666529,0.4285715,0.519230508,0.395349121,0.171717083,0.529411724,0.827586,0.0714285621,0.586206631,0.915662603,0.934253776,0.475409485,0.194648586,0.182432213,0.840425452,0.0823528835,0.303030273,0.451922495,0.5,0.695652187,0.692307448,0.0431034308,0.970149286,0.738805825,0.0216802209,0.133758047,0.144712118,0.0662021331,0.5,0.433962527,0.196969579,0.907284745,0.43319841,0.60274,0.04,0.934579441,0.844156016,0.159291921,0.90131579
0.786666715,0.519230708,0.74999995,0.194117572,0.25,0.655172303,0.768518347,0.378378303,0.673076929,0.282051326,0.26167793,0.357142957,0.291666788,0.314285757,0.884892149,0.125827948,0.313725451,0.0857142386,0.615384554,0.699300991,0.1851853,0.903553311,0.707317278,0.357142729,0.642857107,0.0105708189,0.301886958,0.095693812,0.376963525,0.336363435,0.276596034,0.411764941,0.248175054,0.676470626,0.898773054,0.538461585,0.0472603089,0.560975798,0.14180905,0.57510761,0.0250896012,0.204545084,0.559523608,0.290322614,0.949494983,0.0503597289,0.562249136,0.152941192,0.682352941,0.755102043,0.0865800686,0.840909077,0.419354777,0.109004691,0.654675909,0.945454531,0.452830562,0.121019127,0.488888744,0.394736763,0.303030312,0.511904932,0.434782583,0.511235874,0.384615215,0.171717083,0.476190529,0.836065867,0.110389631,0.5714284,0.922600563,0.939842247,0.454545136,0.193288661,0.190839465,0.833333167,0.0773809537,0.303030282,0.456730548,0.483870958,0.659574672,0.715151489,0.050746193,0.968531459,0.748091902,0.0216216079,0.131736433,0.147387784,0.0616438173,0.444444278,0.375527171,0.157142841,0.904109603,0.429428367,0.639534608,0.0443349476,0.933884389,0.8055554,0.146788926,0.899328884
0.776315745,0.519230812,0.86,0.173652712,0.285714214,0.657142863,0.77,0.402984921,0.666666633,0.292682676,0.270670045,0.333333367,0.238805957,0.3076922,0.908396864,0.14189184,0.296296307,0.0825687823,0.6666666,0.690647289,0.195402383,0.903669713,0.714285857,0.364583419,0.60000004,0.0103163809,0.313868742,0.0954617097,0.403100862,0.357143154,0.20000008,0.368421126,0.244444393,0.661538734,0.905844183,0.50000005,0.0498007868,0.4999997,0.139423302,0.545851504,0.0169491395,0.227847746,0.561797726,0.241935346,0.950346413,0.0431655199,0.572243658,0.12222221,0.731182754,0.741176264,0.0818965159,0.838709613,0.418181891,0.118483412,0.671428588,0.952830199,0.509259335,0.131944471,0.475,0.40625,0.3125,0.49999985,0.454545291,0.530726136,0.380952576,0.161904765,0.55,0.839285855,0.10691824,0.534482972,0.927673016,0.936334384,0.473684095,0.188101761,0.16911755,0.797872239,0.0833333483,0.294117759,0.436937287,0.5625,0.673469229,0.71264386,0.0588235853,0.963541638,0.792592598,0.0131579061,0.147929031,0.124304305,0.0671140926,0.407407263,0.314740719,0.181818073,0.902777851,0.436903594,0.609755932,0.0520833218,0.942446016,0.807692438,0.144230881,0.892617535
0.707317383,0.527272653,0.854166698,0.155844095,0.268292668,0.648648489,0.8,0.403225684,0.688524775,0.1777776,0.278502979,0.32258061,0.234375,0.315789547,0.891304231,0.111111222,0.310344914,0.0769230592,0.7714286,0.716418148,0.207317062,0.895454528,0.7500001,0.384615446,0.6206897,0.0110497459,0.30075222,0.0917431457,0.434447168,0.398373815,0.272727318,0.297297289,0.25935138,0.680000164,0.906809974,0.545454545,0.0509137973,0.459459422,0.138014349,0.479999783,0.0282685512,0.272727218,0.522727223,0.213114618,0.945462843,0.0493505982,0.593971319,0.135416765,0.732673177,0.771428754,0.072580684,0.855669872,0.480769044,0.121827354,0.6666668,0.951456261,0.4838708,0.135135143,0.555555344,0.551724479,0.34375,0.504950506,0.428571386,0.557376848,0.404761802,0.192660496,0.526315789,0.836734665,0.101796384,0.490566247,0.923841029,0.935060742,0.446428845,0.187965087,0.15625,0.804347717,0.0714285971,0.285714557,0.41304351,0.516128997,0.64444438,0.726804093,0.0527859236,0.966192193,0.8181817,0.0174563836,0.15760867,0.125693184,0.0601266134,0.303571191,0.313653096,0.188405981,0.899280556,0.420795002,0.686746851,0.0441176241,0.939189213,0.788732394,0.1354168,0.915584368
0.682926473,0.571428514,0.8444446,0.157894655,0.26530622,0.714285843,0.781608797,0.403846421,0.65151513,0.145833287,0.274509856,0.235294324,0.265625,0.32203411,0.892086334,0.112676089,0.403846217,0.0977443805,0.725,0.716535696,0.2658228,0.887387417,0.840579532,0.457446666,0.586206948,0.0116438342,0.344262091,0.0816325898,0.445569594,0.401575076,0.3,0.351351341,0.256690818,0.658536163,0.906976651,0.6,0.0504256946,0.404762202,0.1375,0.41596636,0.0383275269,0.231707239,0.477272639,0.172727196,0.94017283,0.034852561,0.58103447,0.113402143,0.776699014,0.753846203,0.0629921317,0.877550873,0.509804255,0.135135425,0.673758796,0.936842213,0.477777682,0.118881055,0.529411782,0.620689562,0.346153565,0.532710506,0.49999995,0.570680886,0.452380971,0.20869569,0.595238338,0.862745218,0.0914634328,0.471698283,0.930000024,0.93778355,0.44,0.177868433,0.136363684,0.755814149,0.0697674174,0.25,0.412499851,0.461538254,0.64444438,0.738915977,0.0469208164,0.962365639,0.832,0.0140515267,0.155555574,0.127949252,0.0593471578,0.241935497,0.285211074,0.194444364,0.89855066,0.411614466,0.623529213,0.0591132975,0.941935551,0.753622622,0.159090764,0.91366909
0.678160732,0.647058618,0.812499987,0.148387113,0.25490208,0.7105262,0.825,0.454545564,0.6666667,0.152173785,0.278650507,0.21621633,0.276922766,0.36538469,0.906474825,0.0955882697,0.437500038,0.0979020824,0.756097676,0.684615031,0.281690218,0.889400944,0.87013,0.416666283,0.5384617,0.0123456846,0.339129966,0.0801186712,0.484449525,0.46093777,0.270833238,0.361111119,0.247572586,0.666666567,0.903225765,0.588235294,0.040290616,0.378378251,0.136815633,0.358649522,0.0337838061,0.21839086,0.427083343,0.133333245,0.937584747,0.0458452489,0.6225804,0.109890088,0.769230726,0.685185185,0.06250002,0.897958969,0.54901992,0.135135193,0.659090894,0.884210531,0.439560396,0.141844113,0.515151512,0.666666567,0.307692123,0.565217511,0.461538569,0.60952397,0.425531915,0.236842035,0.692307715,0.875000212,0.0914634693,0.468085,0.934853438,0.940888264,0.463414839,0.171223444,0.0909089891,0.760869515,0.06666666,0.241379183,0.413654284,0.50000005,0.674418865,0.744076034,0.0489913424,0.962365659,0.833333348,0.0178571198,0.16915444,0.131531599,0.0563379831,0.203125,0.244755161,0.194444325,0.910344818,0.392068094,0.647059294,0.0529100731,0.936708929,0.736841874,0.188235162,0.913043463
0.617283885,0.657534308,0.84313728,0.161073717,0.266666673,0.720930567,0.797297419,0.477272852,0.616279131,0.19999978,0.273820281,0.184210637,0.23333316,0.333333133,0.927152271,0.104477681,0.488888791,0.100000033,0.673912807,0.713178351,0.267605866,0.888888836,0.874999888,0.406593325,0.4999998,0.0117565851,0.350877105,0.0790629487,0.495,0.492063516,0.363636673,0.282051341,0.256038003,0.679487464,0.887029345,0.625,0.0375741351,0.3333329,0.1175,0.31932805,0.0403726878,0.20212766,0.439560496,0.126126036,0.936160627,0.0476190876,0.635384524,0.123456851,0.791666483,0.754717055,0.0517241757,0.86597918,0.553191268,0.159793723,0.645668929,0.888888967,0.438202612,0.151515182,0.5,0.666666733,0.32,0.574803407,0.464285954,0.63255826,0.434782657,0.212389388,0.696969688,0.844827447,0.0920244839,0.326530761,0.932432405,0.932414661,0.594594535,0.173796886,0.0813008054,0.784946178,0.0595237881,0.25,0.396154448,0.44,0.65,0.732456331,0.0558659973,0.959927215,0.843283566,0.0172786357,0.174528806,0.130198974,0.0625000375,0.189655362,0.238562065,0.19696958,0.915492962,0.388857959,0.666666267,0.0691489293,0.929032304,0.708333033,0.243589622,0.901515179
0.597561196,0.704225648,0.804347841,0.154929535,0.275862107,0.690476276,0.779220944,0.538461769,0.617021177,0.155555493,0.258048905,0.19999994,0.235294029,0.317073117,0.922580679,0.102941133,0.5,0.105263129,0.624999987,0.6953125,0.285713914,0.86528497,0.864864958,0.413043246,0.5,0.0130494594,0.358491092,0.0780821595,0.528822037,0.540146187,0.435897392,0.333333233,0.237089365,0.623376599,0.89140259,0.571428571,0.0384356242,0.21875,0.0948904626,0.276119674,0.0462962981,0.171717137,0.414633707,0.12621363,0.934374949,0.0515151427,0.63864321,0.128571313,0.793814382,0.804347943,0.0461538332,0.863636555,0.562499869,0.159340735,0.629032128,0.875000088,0.356322157,0.144,0.375,0.648648624,0.409090664,0.622222251,0.393939497,0.679324961,0.4222219,0.1983471,0.666666833,0.896104021,0.0714285586,0.315789647,0.9540983,0.928524251,0.6875,0.169113249,0.0650406613,0.778947445,0.0625,0.214285629,0.418250891,0.347825991,0.675675473,0.729358374,0.0516304631,0.955197174,0.886666745,0.0185567222,0.195833419,0.121112981,0.0668379279,0.152542739,0.205882275,0.26229501,0.918918864,0.367565931,0.643564431,0.0591397859,0.940789438,0.705882671,0.2592596,0.85820886
0.639534792,0.710145019,0.765957353,0.129251633,0.280701691,0.682926941,0.761363624,0.512820654,0.663265604,0.2,0.259103531,0.258064574,0.238805924,0.30952381,0.918918877,0.0891719818,0.526315789,0.120689819,0.571428657,0.624999812,0.3333332,0.863874346,0.882882935,0.488095205,0.5000001,0.0134048149,0.342342508,0.0773558623,0.540609285,0.556291543,0.414634266,0.422222364,0.230587488,0.6617651,0.884421995,0.625,0.0323790256,0.314285494,0.0805686962,0.278388012,0.0535714034,0.179245362,0.470588106,0.106796118,0.93181812,0.0495049439,0.631195465,0.150000115,0.7500002,0.808510638,0.0306748118,0.865168327,0.585365485,0.150838041,0.630251932,0.870967677,0.306818285,0.134020779,0.371428749,0.657894663,0.4999995,0.645390071,0.3714284,0.677550951,0.361702055,0.224,0.647058818,0.89772748,0.0588235118,0.236111153,0.942492029,0.9291238,0.69999977,0.160415225,0.0567376,0.786516735,0.0863309155,0.272727291,0.448147996,0.2500002,0.724138021,0.703883287,0.0502793915,0.957820725,0.870748316,0.0222671927,0.19844375,0.125796083,0.0616967008,0.12903209,0.185344745,0.271186702,0.88050314,0.363611174,0.653061365,0.0635838723,0.950704255,0.725806708,0.27999994,0.859155006
0.606741639,0.726027573,0.72222225,0.121212033,0.285714257,0.7209304,0.739130583,0.529411641,0.656862485,0.210526442,0.251163101,0.3125,0.234375,0.317072959,0.919999997,0.0858893956,0.575757688,0.105820096,0.452380952,0.625000289,0.309859155,0.860962548,0.872881394,0.519480468,0.392857064,0.0128534814,0.32710268,0.0718085601,0.567839066,0.554838526,0.422222369,0.50000015,0.220623601,0.632352774,0.875675766,0.625,0.0302613496,0.257142831,0.075117368,0.279850911,0.062686485,0.133928559,0.493976149,0.0891089407,0.93119067,0.0445205715,0.637573932,0.140351058,0.742267929,0.829787336,0.028125,0.8510638,0.5999997,0.15151513,0.648648999,0.876543186,0.269662908,0.138613932,0.333333333,0.684210474,0.4583336,0.680555462,0.365853656,0.678431537,0.354166642,0.231404911,0.727272691,0.92156865,0.0512820574,0.219512098,0.954407336,0.93243246,0.685714094,0.155694673,0.0653594935,0.771739037,0.100000012,0.342857169,0.487889005,0.192307773,0.71875,0.680202942,0.0539772416,0.961887518,0.895424889,0.0265654557,0.181818095,0.143740463,0.0648648543,0.117647235,0.185950813,0.235293841,0.891719642,0.36123347,0.704081459,0.0691823527,0.931818225,0.701754098,0.302325612,0.84615391
0.593406534,0.686566937,0.724137683,0.113772369,0.274509637,0.690476214,0.752380775,0.5517243,0.679245074,0.263158053,0.246125964,0.277777706,0.210526311,0.35,0.917910308,0.065088746,0.48387091,0.0945273822,0.395348837,0.584905474,0.371794649,0.874317005,0.893939311,0.457142966,0.451613019,0.0115361337,0.287128821,0.0575636502,0.558441492,0.528301759,0.439024771,0.555555744,0.206982645,0.6428573,0.858695702,0.571428629,0.0270270057,0.24324327,0.066210076,0.239043802,0.06158364,0.112149562,0.493670744,0.0789473979,0.937770122,0.0385964588,0.614942279,0.127272638,0.714286,0.808510753,0.024024009,0.855669858,0.647058847,0.141104294,0.61,0.894117647,0.258064555,0.129032426,0.333333367,0.65,0.423076896,0.692857687,0.40000004,0.690839993,0.3333332,0.196969772,0.6666666,0.916666631,0.0432098584,0.179775446,0.967065907,0.935081957,0.5833336,0.162162504,0.0636943608,0.760869496,0.0932203603,0.384615492,0.517856953,0.31034489,0.625,0.657894327,0.0697674007,0.968634686,0.885135151,0.0316573556,0.170278644,0.161339361,0.0748663802,0.121212048,0.183059984,0.255813851,0.907407321,0.365899062,0.741572981,0.0684931556,0.913793059,0.692307415,0.278480844,0.813008081
0.591397823,0.758064603,0.727273,0.10000008,0.274509592,0.681818191,0.741071489,0.642857214,0.742574462,0.3611114,0.2364128,0.305555547,0.185184963,0.357142679,0.919117601,0.0687831657,0.5172413,0.0905172191,0.405405543,0.538461886,0.384615346,0.873684225,0.9015151,0.419354752,0.49999985,0.0142011932,0.295238099,0.0574867,0.574999844,0.5361445,0.444444544,0.63265262,0.216145896,0.630434633,0.847826104,0.590909377,0.0315789546,0.22857146,0.0635964822,0.228,0.0538921529,0.117647062,0.511904902,0.0629921241,0.940404489,0.0244755042,0.625714478,0.156862641,0.67,0.804878205,0.0240963976,0.897959031,0.647058959,0.1366461,0.629213434,0.8888888,0.266666805,0.0989009901,0.357142921,0.685714594,0.379310434,0.696969183,0.461538477,0.677536161,0.352941088,0.184,0.625,0.919708088,0.0552146784,0.168420952,0.959064299,0.936248272,0.523809733,0.166555535,0.0902777544,0.73255824,0.0970873942,0.428571229,0.562069329,0.3333334,0.625,0.61581922,0.0632530064,0.971698167,0.91240886,0.0457746247,0.157593539,0.182662476,0.0826446681,0.142856986,0.197297342,0.250000175,0.900000025,0.36989241,0.724137738,0.0652173939,0.929203549,0.679245696,0.273809455,0.801652797
0.549019687,0.793650794,0.71666667,0.109826584,0.268292649,0.754717153,0.73484838,0.59375,0.747663601,0.419354806,0.236702193,0.305555678,0.17543883,0.357142921,0.92857144,0.0880828972,0.461538731,0.0860655748,0.342105332,0.459184108,0.385713784,0.886597889,0.908450727,0.415094032,0.4375,0.0139453966,0.252631602,0.0585885677,0.587537329,0.53631282,0.548387019,0.6470592,0.211587018,0.6578946,0.853403288,0.625000062,0.0332400946,0.216216251,0.070512724,0.225806368,0.0450160877,0.115702467,0.518518733,0.0673077188,0.94468641,0.0272108718,0.605114096,0.19148917,0.602041,0.780487934,0.0258064656,0.893617,0.703703663,0.148734206,0.659793736,0.879518048,0.266055366,0.09,0.229166577,0.727272709,0.361111111,0.714285457,0.531914694,0.659004069,0.322034046,0.174603122,0.621621673,0.919999997,0.064516099,0.166666607,0.965811971,0.939261775,0.545454782,0.180971409,0.0872483293,0.712643659,0.10416681,0.42222228,0.576778825,0.333332933,0.638888817,0.584906103,0.0707964928,0.975285201,0.907142858,0.0520833761,0.151785725,0.198496189,0.0884718437,0.145161244,0.233595985,0.217391057,0.88622767,0.379511379,0.72527458,0.0769231008,0.927272753,0.666666733,0.25,0.763636587
0.584070611,0.746031671,0.728813227,0.107142961,0.3,0.79999996,0.679104608,0.655172407,0.761467875,0.5,0.225240726,0.303030342,0.156862541,0.346939061,0.927419347,0.0757576174,0.48,0.0807691878,0.351351411,0.428571429,0.415384234,0.90769238,0.885135143,0.428571229,0.393939358,0.0148486435,0.247058873,0.0521390749,0.599337554,0.524323901,0.464285568,0.64,0.206632616,0.567567627,0.855555456,0.6,0.0325000175,0.2368422,0.066666636,0.24137945,0.0284810388,0.106557301,0.545454582,0.0490195571,0.948717923,0.0231788219,0.582352773,0.196078278,0.567010133,0.666666733,0.0304054322,0.89,0.75,0.1477988,0.70103072,0.892307778,0.265486672,0.0816328,0.241379324,0.75,0.305555525,0.755395694,0.590909405,0.666666867,0.3333332,0.152542368,0.638297945,0.935897417,0.0738254449,0.161538313,0.973614799,0.939721308,0.46666648,0.193558722,0.092857133,0.662790734,0.120879,0.413043607,0.581132194,0.324324327,0.694444444,0.55345943,0.0714285629,0.977799235,0.883211741,0.0592105847,0.141209957,0.197108185,0.0896357898,0.160714161,0.24155814,0.227272977,0.8625,0.379271153,0.775280778,0.0757575815,0.928571479,0.7,0.206897093,0.740384784
0.551401555,0.733333287,0.7169815,0.116564364,0.358974415,0.833333417,0.669014086,0.692307808,0.773584935,0.392857143,0.228889269,0.2500001,0.169491866,0.290908813,0.896,0.0640394217,0.56,0.0912161963,0.315789411,0.425287385,0.492537099,0.910891045,0.902097843,0.415093866,0.484848442,0.015522873,0.235955417,0.0373961106,0.570908793,0.505208218,0.416666633,0.666667067,0.227979302,0.53125,0.844086036,0.59999994,0.0364215135,0.189189214,0.0757574714,0.229571689,0.0226537366,0.0840336775,0.589040953,0.0594059819,0.952649811,0.019292575,0.540462442,0.191489323,0.557894644,0.565217074,0.0398551075,0.9157896,0.740740741,0.122857106,0.747475,0.869565104,0.256880659,0.09,0.203125,0.703703522,0.225,0.787671279,0.624999975,0.655737728,0.32558136,0.12605043,0.698113449,0.94520551,0.0794702384,0.14960623,0.970899472,0.938181773,0.470588524,0.200405253,0.119403061,0.6063833,0.0869567,0.369565359,0.604938285,0.342856831,0.6666664,0.528301565,0.0596590105,0.981132083,0.888059648,0.0614618629,0.145833344,0.186728789,0.0701754381,0.19999986,0.240601771,0.179487162,0.878787923,0.385441003,0.740740856,0.104477734,0.925233679,0.705882418,0.21,0.745283141
0.539215331,0.746031722,0.692307785,0.125,0.305555708,0.82894742,0.677419517,0.703703663,0.778760903,0.371428363,0.215048886,0.222222267,0.124999875,0.278688228,0.906976678,0.065,0.586206683,0.0786885734,0.333333267,0.390243817,0.532258179,0.934010111,0.91034476,0.479166752,0.444444456,0.0152733161,0.256097379,0.038834989,0.552419348,0.50000031,0.464285675,0.652174204,0.22777734,0.470588353,0.834224515,0.59375,0.0408670888,0.179487226,0.0717487827,0.238267502,0.018808802,0.088,0.5,0.0744680628,0.956975222,0.0188088006,0.551136471,0.177777511,0.55,0.54347798,0.0411522793,0.909090909,0.666666433,0.100558621,0.791666958,0.8732395,0.235294255,0.122641507,0.206896662,0.576922954,0.24,0.835616361,0.666666367,0.672064762,0.305263044,0.120689638,0.673469131,0.927007384,0.0733333193,0.145038261,0.974683519,0.9385395,0.458333358,0.210203885,0.143939331,0.62500011,0.0930232465,0.394736684,0.611374833,0.384615369,0.611111172,0.489208258,0.05952384,0.974591697,0.85507238,0.0738832032,0.151335651,0.185401544,0.0710059769,0.240740717,0.260651691,0.138888972,0.888888906,0.381775071,0.723684172,0.111111089,0.938775394,0.676470697,0.217821788,0.741935352
0.533980676,0.753424849,0.71153856,0.125874117,0.263157789,0.85915507,0.656626431,0.769230692,0.75728159,0.323529406,0.205830782,0.181818336,0.0895522821,0.253731348,0.903225842,0.0609137699,0.571428614,0.0779220052,0.307692246,0.341176234,0.517857414,0.943298967,0.918367412,0.479166435,0.458333317,0.0170246042,0.268292507,0.0319889288,0.532407389,0.49052114,0.44,0.653060935,0.232954481,0.419354958,0.838709657,0.617646691,0.0435092538,0.15,0.0736342752,0.24908399,0.0238095267,0.0888888964,0.46774154,0.0760870391,0.956805728,0.0151975454,0.534285883,0.209302179,0.55,0.564102495,0.0495495343,0.919192,0.64,0.0899471584,0.794117841,0.885714331,0.217821675,0.13725492,0.206349079,0.481481493,0.244898278,0.85443034,0.72881379,0.68273097,0.326923232,0.105691033,0.679245408,0.944055947,0.066225204,0.125984256,0.976247028,0.938059727,0.4782608,0.230345051,0.155737613,0.571428541,0.0722891855,0.382352741,0.619047263,0.365853666,0.633333563,0.492856771,0.0563797853,0.96943975,0.865671558,0.0874785751,0.133956296,0.17187501,0.0674486601,0.270832908,0.251889338,0.151515121,0.900620962,0.395883488,0.552631187,0.114649663,0.927834943,0.607142857,0.24545416,0.707317312
0.533333319,0.73913037,0.71153856,0.126760601,0.282051269,0.852941144,0.60233906,0.709677416,0.764705941,0.333333467,0.188810871,0.217391296,0.0933332093,0.260869687,0.910569006,0.072164981,0.551723934,0.0866873445,0.36,0.292134871,0.46,0.947089966,0.91366912,0.520833608,0.48,0.0150079007,0.232558193,0.0335765724,0.469387706,0.452153088,0.517241459,0.647058988,0.253443385,0.387096674,0.837696335,0.555555356,0.0413668843,0.15625,0.0659898146,0.261029554,0.018237068,0.0862069467,0.380952367,0.0689657379,0.961315698,0.0148809554,0.53353646,0.211538552,0.532110083,0.522727486,0.0717948907,0.89583311,0.545454709,0.0773480046,0.842105188,0.8,0.20212768,0.123711551,0.19736848,0.434782726,0.25000005,0.85625,0.785714336,0.702222402,0.327272802,0.08943088,0.688888889,0.939189206,0.0816325931,0.0967741497,0.979214779,0.938113177,0.511628102,0.237648337,0.17213109,0.592592414,0.105263179,0.322580806,0.6335084,0.431818027,0.621621735,0.447154401,0.0502958662,0.974402764,0.869564951,0.0957446378,0.105095632,0.165021208,0.0694863576,0.318181736,0.266666415,0.166666567,0.874172277,0.40931844,0.544304127,0.0909090864,0.888888889,0.633333317,0.28688476,0.658227673
0.534653581,0.769230415,0.79591828,0.130769179,0.227272855,0.865671681,0.644067913,0.666666567,0.739583274,0.282051369,0.195710114,0.185185056,0.0853657683,0.205882376,0.920354031,0.052356,0.518518663,0.0930232944,0.346153669,0.306666753,0.536585076,0.946601928,0.911949706,0.533333433,0.576922858,0.0147532173,0.254901962,0.0365296347,0.478494718,0.428251106,0.588235241,0.641509443,0.238763784,0.37142856,0.836633587,0.571428429,0.0445474653,0.21875,0.0697675014,0.252830302,0.0124223653,0.104347829,0.375,0.0857141914,0.960730838,0.0111420726,0.567073378,0.228070377,0.560975494,0.545454545,0.0913978366,0.897959102,0.428571414,0.0726256753,0.851851817,0.79629652,0.185185226,0.129032335,0.192307677,0.391304504,0.254545298,0.869565247,0.74999995,0.765486619,0.283464427,0.09565215,0.688889076,0.928571419,0.0746268484,0.0992367131,0.984581504,0.940929909,0.555555678,0.246870496,0.161017159,0.550000039,0.15625,0.235294306,0.605405104,0.465116186,0.605263242,0.45762666,0.0527950362,0.971332254,0.887574042,0.092495563,0.108196771,0.137414939,0.0906432508,0.357142643,0.259168053,0.2500002,0.860000038,0.414465335,0.485714546,0.0833331717,0.874999962,0.629629641,0.31007768,0.682927068
0.505263053,0.728155433,0.808510638,0.120689594,0.25,0.852459111,0.612359819,0.634146517,0.729411765,0.244898004,0.193006416,0.232142809,0.0674158528,0.1875,0.908256888,0.0531914787,0.5,0.100345994,0.269230735,0.369047363,0.5625,0.945544525,0.891566233,0.58,0.64,0.0136876172,0.274336008,0.0374800719,0.434782577,0.424444456,0.60000034,0.686274486,0.240687514,0.307692377,0.835680842,0.5625,0.050035028,0.228571423,0.0527703773,0.249999775,0.0154798998,0.0826445501,0.375,0.132353007,0.962363326,0.0138503936,0.577639682,0.233333377,0.639706145,0.536585198,0.0952380648,0.90425531,0.368421147,0.0615385203,0.858490578,0.784313906,0.168674665,0.166666533,0.194805081,0.4,0.313725525,0.903846233,0.7368421,0.781512521,0.238805789,0.09375,0.674418865,0.918367404,0.0681817677,0.113043427,0.982062803,0.937310017,0.6666669,0.268603551,0.181818168,0.534883802,0.145161173,0.235294259,0.610778331,0.478260904,0.588235094,0.486238664,0.048484827,0.963696294,0.913792978,0.0888157578,0.102040767,0.136611992,0.115606908,0.394736758,0.267989852,0.24999985,0.839743586,0.401860293,0.4375,0.080645051,0.873563014,0.592592756,0.325925905,0.69879501
0.4687502,0.69,0.7727273,0.119658044,0.261904652,0.836363685,0.624338582,0.5813956,0.741176393,0.21153841,0.197613054,0.249999925,0.0786517449,0.15625,0.89320389,0.0531401211,0.4999998,0.103092806,0.291666771,0.402597362,0.541666729,0.93809527,0.896969775,0.575,0.65217387,0.011500263,0.336,0.0380165075,0.378698199,0.411894179,0.6,0.678571639,0.236467085,0.217391187,0.817777896,0.57575753,0.0518701835,0.205128344,0.0425531564,0.240157305,0.0159744527,0.0743800985,0.406779912,0.164179152,0.962884911,0.0132978509,0.60000025,0.241935524,0.676259166,0.61111125,0.129032124,0.892156963,0.26086957,0.0515464365,0.863636356,0.826087117,0.1625,0.16666675,0.194804981,0.36,0.382978817,0.899371193,0.76744203,0.842105286,0.228188365,0.111111053,0.731707639,0.87333344,0.0937500469,0.118181833,0.980686711,0.943481606,0.6666667,0.274345746,0.185840825,0.484848334,0.103448379,0.210526442,0.588607615,0.51923104,0.484848639,0.405405424,0.0482314511,0.965231821,0.903954804,0.0887850009,0.10322582,0.129581139,0.116071465,0.411765118,0.241545819,0.277777889,0.8227848,0.383054422,0.416666783,0.0899470529,0.876404374,0.592592674,0.36029416,0.692307892
0.536842368,0.66346124,0.809523843,0.126050332,0.204081516,0.847457407,0.630681818,0.630434737,0.773809404,0.24999995,0.20183506,0.249999975,0.060606,0.1076922,0.871287136,0.0443349567,0.44,0.102189863,0.36,0.409091,0.6,0.946859814,0.917721644,0.571428543,0.6363638,0.011664911,0.357143244,0.0390244066,0.347058696,0.389867896,0.615384685,0.704918005,0.244118047,0.222222133,0.803347241,0.551724369,0.0571030738,0.205128264,0.035519147,0.236,0.013071878,0.0756301818,0.44262321,0.129032074,0.96401354,0.0123762477,0.648208373,0.21666667,0.640625,0.702702592,0.146892616,0.884615399,0.321428507,0.0388889317,0.86363635,0.771428731,0.15,0.138613963,0.1927712,0.56,0.372093063,0.91156478,0.829787149,0.845588209,0.225,0.112675989,0.685714349,0.87248319,0.10000007,0.144230818,0.97942387,0.946776523,0.702702851,0.295471884,0.133333399,0.461538157,0.120689776,0.2,0.550335877,0.527272642,0.40000002,0.381817722,0.0404039988,0.957968525,0.918918963,0.0876671522,0.103225829,0.123882463,0.133435581,0.342105395,0.266491052,0.341463571,0.819875673,0.369828031,0.390625,0.0885417366,0.851063919,0.555555633,0.396946734,0.714285857
0.560439436,0.657407722,0.857143014,0.114503893,0.245283096,0.811320825,0.638888826,0.565217543,0.775,0.24074062,0.205696487,0.254237498,0.0485436835,0.102941187,0.87735856,0.045662084,0.428571429,0.118959089,0.416666917,0.373134124,0.571428486,0.951456294,0.913580258,0.5581392,0.55,0.0100742358,0.382165888,0.0364238636,0.368420637,0.372685202,0.605263158,0.70149224,0.281690428,0.19999992,0.8237706,0.625,0.0493351794,0.225,0.0346666847,0.225000264,0.0141843943,0.0833334,0.492307749,0.189655205,0.964168022,0.0121951173,0.697674375,0.203390098,0.666666627,0.682926946,0.162162206,0.858490655,0.333333367,0.0561224521,0.853448179,0.652173704,0.146341417,0.176470513,0.17391333,0.50000005,0.45,0.905109501,0.852272811,0.840277825,0.253333299,0.119718264,0.727272582,0.879194735,0.121951334,0.155963319,0.980430512,0.946468402,0.727272836,0.309396121,0.137931188,0.392857284,0.131147318,0.20454558,0.518987476,0.4680852,0.428571271,0.347826361,0.0333333233,0.953654151,0.935323449,0.0793011133,0.108626326,0.128498678,0.145209508,0.309523779,0.253886281,0.3636363,0.821191901,0.367570843,0.393939697,0.075,0.86734678,0.541666629,0.398550897,0.69999989
0.529411865,0.628099297,0.795454784,0.111111123,0.224137943,0.770833363,0.655172434,0.618181671,0.749999775,0.245614054,0.200446081,0.262295174,0.0625002,0.134328581,0.881818118,0.0497737779,0.56,0.123552111,0.48,0.375,0.5555554,0.946524075,0.90740743,0.553191511,0.55,0.0117021315,0.373417814,0.0390879159,0.356784117,0.363014151,0.595238319,0.735632264,0.290419274,0.209302242,0.808163228,0.612903239,0.050212197,0.255319098,0.031746019,0.211764628,0.0110294113,0.072,0.47826057,0.176470512,0.964919547,0.0114678918,0.726027244,0.220339136,0.666666473,0.735294185,0.16216222,0.851485066,0.363636109,0.0461538811,0.850877136,0.55,0.113636145,0.148148216,0.12621363,0.611111233,0.341463605,0.901408415,0.884615434,0.843003336,0.25308662,0.0853658383,0.696969658,0.882716051,0.131147571,0.17171722,0.978431376,0.949312091,0.666666767,0.326732636,0.133858308,0.375000108,0.150943185,0.208333142,0.506493795,0.431372286,0.414633849,0.285714577,0.0340136452,0.952727347,0.946859889,0.077694289,0.0927835205,0.132004932,0.158536593,0.307692523,0.248704531,0.456521963,0.817610043,0.360256422,0.4788735,0.0787036914,0.846938722,0.571428557,0.418439567,0.716981428
0.560439448,0.604838895,0.813953581,0.100671155,0.236363429,0.774193687,0.686046686,0.637931045,0.721519084,0.22,0.20869919,0.282258198,0.0721651072,0.171428537,0.888,0.0511627698,0.619047495,0.129032241,0.433333057,0.40625,0.4736842,0.928961777,0.927272734,0.596153381,0.652173878,0.0116958946,0.369047676,0.0340909047,0.354978326,0.366995022,0.534883853,0.70873762,0.336336007,0.204545598,0.817796695,0.535714193,0.0465949956,0.224490145,0.0290237181,0.210526432,0.0143369131,0.0762712673,0.575342673,0.24,0.960455529,0.00631579158,0.748365725,0.22,0.69343071,0.729729592,0.198895076,0.848214311,0.4,0.0394088914,0.820754825,0.681818436,0.109889978,0.139344204,0.117117046,0.727272764,0.388888994,0.888111946,0.863636388,0.832191467,0.254658173,0.0872092544,0.741935503,0.883116918,0.122950777,0.1888887,0.980314971,0.952871819,0.653846265,0.332078337,0.136752049,0.333333107,0.169491815,0.226414958,0.478260788,0.386363623,0.432432473,0.264957268,0.0431654642,0.950276309,0.954081603,0.07728894,0.10181818,0.158779634,0.191304321,0.359375,0.248780535,0.468084894,0.810457503,0.361182409,0.463768404,0.103139047,0.851485176,0.5789474,0.492957751,0.711538431
0.609195491,0.603305528,0.837837803,0.10691821,0.1969695,0.745762402,0.713414654,0.637680662,0.740740696,0.26,0.224167583,0.2571426,0.0744680777,0.171428486,0.894308947,0.0528635619,0.6,0.151020369,0.448275576,0.396552181,0.391304404,0.92178766,0.92307692,0.618181733,0.6,0.0114643021,0.374999933,0.0290791713,0.374999781,0.385787382,0.441860465,0.700854943,0.341317998,0.153846108,0.811403479,0.407407404,0.0433870165,0.28,0.0293333494,0.195572146,0.0144404334,0.0756302929,0.647058812,0.239130463,0.963497736,0.0120481849,0.782894975,0.222222156,0.682170495,0.710526374,0.204545704,0.842592651,0.45,0.038647319,0.791666483,0.7499998,0.136363414,0.12295069,0.121951246,0.6666664,0.404761762,0.885906131,0.861111085,0.83214296,0.21854318,0.0765027384,0.757575655,0.87248323,0.129629594,0.222222489,0.986564267,0.954175846,0.625000087,0.341864284,0.155737666,0.28,0.183333508,0.222221978,0.491525448,0.39534864,0.365853602,0.232758808,0.0451388392,0.958333333,0.95789469,0.072767438,0.114814685,0.164854807,0.199395824,0.387096777,0.232673222,0.50000025,0.794701807,0.352405312,0.446154043,0.112554095,0.826530626,0.571428486,0.520833203,0.717391346
0.557894814,0.658333642,0.853658656,0.102857258,0.242424294,0.707692325,0.719178033,0.675676,0.734177341,0.288888658,0.221619603,0.316455168,0.0736841,0.150684705,0.899159754,0.0474137941,0.541666629,0.16521743,0.45,0.36,0.30000005,0.915730218,0.927631572,0.649122605,0.592592637,0.00939456366,0.380681738,0.0247117178,0.412587377,0.368984205,0.354166519,0.76,0.360464901,0.205882435,0.808510759,0.379310638,0.0370107066,0.32,0.03561645,0.166112863,0.0224718971,0.0769230715,0.676470559,0.261904631,0.961229382,0.011741678,0.806349012,0.255813953,0.6691728,0.6666666,0.257485142,0.854368954,0.409090664,0.03414635,0.8000001,0.703703722,0.139785002,0.096,0.102362223,0.636363745,0.357142743,0.879194714,0.92105262,0.81052643,0.219178018,0.0815217249,0.769230662,0.867549868,0.153846134,0.2125,0.983271339,0.963460127,0.52,0.348613085,0.161538468,0.277777696,0.160714164,0.208955521,0.477011787,0.444444656,0.34883707,0.247706679,0.0509091299,0.964,0.960227238,0.064583359,0.122449002,0.159360039,0.193038033,0.369862804,0.234413954,0.581818216,0.783950942,0.355731162,0.352940988,0.125000063,0.831460419,0.5625,0.517482546,0.682926946
0.594059471,0.651514933,0.8,0.0804598318,0.238806009,0.696969779,0.750000175,0.623376623,0.762886658,0.35,0.221482329,0.333333533,0.0736841589,0.168830983,0.912698481,0.0530972688,0.576922873,0.204444336,0.454545709,0.333333333,0.3125,0.911111147,0.919254706,0.721311649,0.608695596,0.00934580128,0.357143041,0.0250000025,0.408783453,0.379310548,0.346938757,0.74590166,0.371516929,0.296296267,0.791666817,0.32,0.0334532364,0.374999462,0.0326086937,0.168284745,0.0262172196,0.0862069381,0.746268878,0.3,0.962316593,0.0113636411,0.823077136,0.25,0.685039515,0.652174239,0.319018463,0.884210688,0.458333471,0.0445544591,0.804347439,0.692307646,0.166666683,0.0975611015,0.0737704785,0.653846365,0.2558138,0.891719569,0.926605495,0.797250969,0.201492634,0.0909090364,0.769230815,0.872483373,0.146788887,0.226666423,0.983725129,0.958618082,0.478260813,0.370882852,0.154411791,0.317073257,0.176470459,0.184210618,0.481675289,0.357142964,0.333333167,0.232142581,0.051660556,0.958506219,0.969512192,0.058415919,0.12955469,0.168518718,0.219745166,0.3375,0.217948723,0.654545431,0.785714558,0.352960622,0.3125,0.125581369,0.822222347,0.533333147,0.488888742,0.709677345
0.582417524,0.648,0.74,0.0838323236,0.269841343,0.714285729,0.728070071,0.653333069,0.787878709,0.393939558,0.215440942,0.325580998,0.0574714368,0.180722892,0.950819678,0.0599077663,0.56,0.207792003,0.444444411,0.31707289,0.305555556,0.883435583,0.906832313,0.677965986,0.624999913,0.00993724791,0.326087203,0.0217391157,0.439102239,0.402116402,0.316666595,0.758620647,0.392097288,0.333333367,0.776744243,0.291666988,0.0326725536,0.321428289,0.0384615569,0.155487764,0.0246913525,0.0909089909,0.785714414,0.3125,0.960667413,0.0111317361,0.850000206,0.210526442,0.72,0.653061012,0.369426421,0.895833131,0.48,0.0507614268,0.7741933,0.65625,0.186274503,0.0952380886,0.0604027033,0.615384823,0.234042553,0.886792549,0.914285709,0.782758528,0.201612775,0.119318187,0.756756805,0.876712483,0.142857286,0.2266664,0.984154954,0.963442473,0.413793234,0.386799486,0.151079171,0.312,0.183673682,0.131868,0.497512469,0.27586229,0.280701732,0.240740703,0.0516605079,0.954935604,0.986394552,0.0549242426,0.142857091,0.173645229,0.223683987,0.353658265,0.220207494,0.704917964,0.797927749,0.351307579,0.333333133,0.13942308,0.80000024,0.461538354,0.484375,0.666666867
0.64,0.686130814,0.702127481,0.0858895231,0.230769215,0.694444544,0.696969658,0.646341223,0.79411771,0.425,0.203894672,0.329268068,0.0813953326,0.166666917,0.966386556,0.0571428306,0.608695696,0.241666472,0.409090832,0.35,0.297297319,0.884146339,0.907975423,0.745762707,0.607142936,0.00878553862,0.308510751,0.025862075,0.445454679,0.405405072,0.28125,0.790322668,0.37133531,0.428571357,0.75124381,0.310344666,0.0299777404,0.370370648,0.0339943078,0.154285807,0.029661035,0.0923077206,0.833333433,0.387097155,0.963574849,0.0134099597,0.850000198,0.216216173,0.704918273,0.673076727,0.389610236,0.868686882,0.59999988,0.0444444316,0.8,0.617647106,0.210526226,0.0839695384,0.05882355,0.615384608,0.266666453,0.89759031,0.926605506,0.790779888,0.196581143,0.122905055,0.78048789,0.857142831,0.14772713,0.208333437,0.986135203,0.965098057,0.444444522,0.38557006,0.166666627,0.319327426,0.261904679,0.086021557,0.53846183,0.28125,0.262294874,0.23478248,0.0568181634,0.94000001,0.985401457,0.0493716369,0.191780871,0.177884572,0.22068939,0.352941176,0.209677751,0.696969709,0.797029916,0.339747552,0.315068768,0.142857143,0.77380961,0.5,0.456,0.733333393
0.636363865,0.695652184,0.6666666,0.0890410832,0.205882315,0.643835664,0.673267329,0.675324932,0.8,0.351351541,0.203051592,0.329268399,0.0543480109,0.133333213,0.950819685,0.0673076799,0.52,0.252066176,0.367346996,0.21739137,0.268292568,0.853658639,0.92121214,0.80952381,0.566666513,0.00757959068,0.297979644,0.0332226353,0.442771256,0.405555657,0.253968149,0.827869015,0.366197302,0.363636027,0.74,0.235294159,0.0313695202,0.333333433,0.0280373855,0.163538725,0.026200861,0.0958904753,0.8589745,0.4375,0.96454038,0.0181817909,0.87573972,0.176470641,0.722222144,0.612245071,0.40714286,0.891089139,0.4999999,0.0869564504,0.793814203,0.558823888,0.201754424,0.0875910937,0.0555555333,0.666666567,0.285714343,0.89999999,0.877192829,0.794963724,0.15873015,0.117977536,0.708333312,0.857142794,0.148148356,0.239999872,0.982935171,0.961788612,0.48,0.388549367,0.193939481,0.306306406,0.285714257,0.107526957,0.57213927,0.282051297,0.304348035,0.267326658,0.0579150213,0.942731255,0.96899224,0.0456941798,0.18433186,0.177832196,0.235954954,0.336956698,0.193181832,0.673913328,0.786408053,0.350068049,0.302631791,0.144444526,0.780488015,0.529411765,0.403225898,0.757575779
0.666666807,0.680555616,0.6785718,0.0857143423,0.242424076,0.606060742,0.660550796,0.678571093,0.787233979,0.384615492,0.185341444,0.386666661,0.0561800112,0.107526903,0.942148765,0.0754716434,0.5,0.27843134,0.34,0.222222067,0.238095238,0.857142959,0.925287298,0.865671473,0.53125,0.00590551183,0.328358155,0.0336699993,0.442307735,0.37931022,0.223880633,0.860655817,0.389091335,0.409090618,0.711734714,0.22857146,0.0282574996,0.372093186,0.036666686,0.173469066,0.0241546092,0.0880503468,0.879120891,0.454545482,0.965435986,0.0185950837,0.868501707,0.258064748,0.719298479,0.571428643,0.439393729,0.8888889,0.486486392,0.108808386,0.804597595,0.5625,0.175438647,0.0875911212,0.0609755605,0.620689966,0.255814005,0.895705587,0.889830466,0.838234986,0.15217406,0.146341551,0.714285486,0.877697781,0.1358027,0.222222144,0.983388688,0.965991927,0.423076546,0.383633501,0.190183937,0.324561773,0.297297238,0.0714286286,0.604166583,0.292682646,0.295775,0.26,0.0546875336,0.944444501,0.951612916,0.0491379214,0.203980103,0.186297826,0.236514401,0.301075289,0.190184064,0.598684261,0.810426226,0.355027511,0.296296122,0.147436033,0.79746882,0.555555489,0.333333327,0.741935455
0.692307354,0.720000291,0.622950961,0.0958903915,0.333333167,0.637930928,0.657407831,0.70129896,0.760416648,0.485714343,0.188942039,0.418918916,0.0531915266,0.108910964,0.932773086,0.0703518345,0.454545409,0.282101338,0.369565074,0.226415036,0.159091068,0.842857112,0.937853191,0.867646926,0.5625,0.00577756752,0.31,0.0348432289,0.427852086,0.358586264,0.236111111,0.880952454,0.397727477,0.50000005,0.731650982,0.2,0.0259229955,0.35,0.0363636216,0.165467666,0.0312499581,0.104294503,0.858974359,0.4210528,0.967011093,0.0137299818,0.871069192,0.342857137,0.738095215,0.510203998,0.476922647,0.876288488,0.388888889,0.109452696,0.79999984,0.513513562,0.153846139,0.0921986369,0.0484848673,0.629629604,0.205128223,0.907514423,0.901785777,0.851300815,0.13380277,0.165680386,0.6,0.887218023,0.142857,0.221052533,0.987055032,0.961196451,0.407407504,0.368420909,0.169811338,0.34,0.368421053,0.106383085,0.645161177,0.261904579,0.2972975,0.27472532,0.0666666407,0.931868275,0.933884357,0.0504705457,0.236841939,0.16606052,0.226666856,0.252873774,0.184818457,0.578313453,0.791855303,0.373969371,0.315789411,0.131034434,0.784810406,0.571428586,0.32173883,0.7142858
0.708737815,0.741496371,0.642857207,0.104838693,0.370967248,0.615384677,0.619468623,0.736111053,0.739583374,0.567567497,0.184609324,0.353846306,0.082474367,0.114285565,0.910714333,0.065,0.5,0.280241958,0.404761762,0.230769238,0.145833173,0.819548836,0.938144276,0.8732395,0.592592615,0.00523061371,0.315270822,0.0371746992,0.417253469,0.355855858,0.210526442,0.871794939,0.434108511,0.461538246,0.703196386,0.230769308,0.0286168852,0.363636318,0.0401460405,0.169950379,0.0360824901,0.121546874,0.860759716,0.463414556,0.967465075,0.0100502451,0.876923078,0.3333335,0.731092398,0.49999975,0.503596691,0.895833321,0.416666667,0.106481507,0.759035952,0.457142926,0.151260434,0.11510791,0.07017545,0.555555489,0.205882376,0.919075162,0.897196279,0.869047623,0.151515109,0.151685792,0.5961541,0.910569096,0.135802573,0.19791698,0.98578198,0.95873787,0.392857261,0.354289942,0.186747281,0.336734769,0.416666733,0.09,0.688888905,0.266666587,0.323529771,0.260869639,0.0716980637,0.926991122,0.928571411,0.042517026,0.236559271,0.142416731,0.235577019,0.240963855,0.159574452,0.527472422,0.792792492,0.402515791,0.352112676,0.148148155,0.773809013,0.565217374,0.276785475,0.741935248
0.730769123,0.751677666,0.655172272,0.144,0.44262271,0.577777704,0.616822601,0.736841947,0.691489454,0.578947137,0.192180696,0.413793028,0.104166758,0.123809484,0.877358649,0.0624999806,0.375,0.259183453,0.418604542,0.2166669,0.176470406,0.828358262,0.958974388,0.873239437,0.555555589,0.00747663789,0.287179394,0.0428305911,0.393471099,0.337606993,0.227848091,0.862903187,0.454166555,0.46875,0.691630237,0.244444347,0.0263368221,0.444444467,0.0505836171,0.183623081,0.0408163322,0.138613918,0.881578971,0.477272618,0.968524478,0.0194986179,0.887459825,0.324324395,0.7727274,0.50000015,0.507812746,0.870967716,0.35,0.0850201357,0.753086373,0.428571371,0.136,0.123188486,0.108433789,0.615384915,0.222222211,0.929411821,0.890909177,0.852813902,0.118110298,0.140449797,0.6,0.928571404,0.112676056,0.201834834,0.9839228,0.956112818,0.392857025,0.36426479,0.174157776,0.366667183,0.39999986,0.1,0.66844965,0.269230965,0.328358266,0.26829268,0.0871080087,0.933618908,0.899122821,0.0439105088,0.254053934,0.12889674,0.231578836,0.223529188,0.166023173,0.5047615,0.81553397,0.404964814,0.375000187,0.1484375,0.759035872,0.631578853,0.229357895,0.68
0.698113574,0.765957366,0.636363582,0.148760423,0.52542379,0.634615383,0.60784292,0.726027418,0.676767641,0.595238021,0.193697579,0.442623211,0.129411726,0.11,0.84,0.0564102679,0.375,0.255101756,0.410256464,0.225806435,0.173077048,0.804511317,0.954545436,0.840579628,0.607142796,0.00645160541,0.307692343,0.0422017663,0.367595861,0.33333342,0.209876674,0.868852372,0.51101321,0.435897618,0.68803434,0.235293912,0.0229793945,0.486486395,0.0517928048,0.172413494,0.0362694301,0.143518575,0.8481015,0.416667008,0.971990019,0.0240240095,0.89144738,0.333333333,0.747663478,0.386363507,0.510948856,0.873562951,0.368421126,0.0784313973,0.727272291,0.419354916,0.129771028,0.141732279,0.13580248,0.666666633,0.275,0.920245467,0.892857181,0.877828046,0.142857094,0.160804218,0.655172376,0.933333269,0.0987654802,0.228571163,0.981279275,0.951551939,0.416666542,0.361874864,0.157894477,0.340659407,0.435897518,0.0970873942,0.67195748,0.269231081,0.318840849,0.276922889,0.0894039007,0.951063774,0.860169388,0.0439870311,0.233009798,0.120324222,0.233333555,0.21978022,0.160784366,0.412280583,0.774724976,0.42321519,0.3815791,0.096,0.756410227,0.666666467,0.216216345,0.678571332
0.646017393,0.781954844,0.583333383,0.181818225,0.62,0.714285686,0.56481473,0.761364,0.681817933,0.65,0.194633998,0.474576063,0.139534772,0.113402209,0.821782202,0.050561819,0.352941176,0.263888979,0.512820605,0.234375,0.166666533,0.807142617,0.944444462,0.840000148,0.624999913,0.00591984788,0.348258285,0.0361216999,0.319852933,0.309416914,0.232558116,0.875000005,0.554502013,0.340909064,0.683982677,0.236363565,0.0253968113,0.439024183,0.05462184,0.187499521,0.0416666663,0.183406468,0.842857269,0.442307535,0.975423665,0.0191082794,0.871972333,0.341463446,0.74782605,0.395348798,0.46212121,0.828571617,0.378378465,0.0817121255,0.666666933,0.392857104,0.140845001,0.179487038,0.123376602,0.709677171,0.295454364,0.901315789,0.913043283,0.889447031,0.141666576,0.1727746,0.614035009,0.91304327,0.131578961,0.242990784,0.982567339,0.951770895,0.481481689,0.356994554,0.17560954,0.352272965,0.409091241,0.108910837,0.642457872,0.320754685,0.338235229,0.333333333,0.0946745314,0.952380889,0.867256623,0.0377813953,0.20454552,0.114303083,0.220339071,0.206185762,0.136546097,0.408,0.763313326,0.44050233,0.3880599,0.108108061,0.794871918,0.571428557,0.235294373,0.666666633
0.67326732,0.78761057,0.631578947,0.208,0.673077037,0.763636258,0.544554349,0.802469078,0.702702646,0.675,0.189655374,0.528301806,0.116883,0.1279069,0.84,0.062146844,0.285714343,0.266791037,0.617647091,0.264706,0.153846338,0.805555938,0.939393935,0.824324412,0.571428643,0.00540296767,0.375661399,0.0323193742,0.311355319,0.288990333,0.247191153,0.867256515,0.559405738,0.3095235,0.660793178,0.285714157,0.0217216353,0.50000005,0.0682730486,0.179774989,0.0621761749,0.172839647,0.8169015,0.462962793,0.977691998,0.0260586278,0.858657224,0.3255812,0.756302694,0.394736805,0.4184398,0.838235116,0.333333367,0.0648854748,0.648148294,0.4,0.146666635,0.198019948,0.112582763,0.705882306,0.209302221,0.896551771,0.922222323,0.877551037,0.163636218,0.185,0.627118536,0.906976781,0.164557067,0.281250003,0.978547842,0.946375736,0.428571871,0.365878125,0.180095008,0.414634166,0.409091241,0.116279023,0.6220931,0.36,0.338235334,0.348484914,0.0852941718,0.938524523,0.842592621,0.0285035706,0.191964356,0.108484822,0.234939736,0.173469535,0.11983474,0.398648972,0.756097493,0.459387085,0.381818124,0.141592855,0.782051344,0.53333296,0.24427494,0.645160858
0.644859908,0.77358502,0.694444636,0.196850404,0.6956523,0.750000125,0.536081839,0.842696504,0.709677666,0.705882418,0.180088604,0.509433804,0.119999848,0.108695767,0.835051398,0.0702702676,0.277777722,0.312267481,0.678571429,0.29850773,0.12,0.813433133,0.929577472,0.787878788,0.631578874,0.00440917031,0.404761999,0.0331384246,0.305970442,0.278538306,0.282352744,0.816326529,0.605555658,0.256410405,0.663830126,0.29999997,0.0194805213,0.521738857,0.0676691594,0.170519877,0.07352944,0.190839324,0.80000012,0.392857171,0.978614222,0.0274914413,0.854545413,0.333333233,0.765151533,0.452381136,0.379746927,0.785714421,0.375,0.0424710565,0.595744881,0.375000112,0.1528663,0.222221911,0.0980392353,0.75675673,0.224489765,0.867646989,0.911392438,0.894179943,0.187500125,0.201030705,0.6666665,0.9036144,0.207316862,0.308510969,0.976935715,0.946637357,0.40625,0.36491934,0.189654874,0.451219226,0.476190238,0.1111111,0.606741126,0.34146368,0.285714143,0.338461265,0.0749999025,0.925155923,0.824561239,0.023010967,0.166666757,0.110974158,0.237804858,0.147368171,0.125984356,0.380644955,0.751677925,0.481839117,0.36734688,0.132653227,0.758620617,0.555555489,0.24444472,0.645160852
0.63934442,0.752380876,0.794117521,0.174603203,0.755555678,0.7291667,0.494623749,0.833333233,0.699999744,0.758620817,0.177018205,0.462963017,0.0972222222,0.107526957,0.823529412,0.0705882,0.25,0.328301957,0.692307815,0.315789447,0.130434626,0.794326518,0.927884613,0.733333,0.555555556,0.00387263602,0.426751301,0.0360721052,0.295879651,0.268691274,0.25641,0.806451381,0.617283746,0.232558047,0.659663663,0.350000265,0.0183486398,0.560975793,0.0609318771,0.178247536,0.099999945,0.187969675,0.815789529,0.346154135,0.979896282,0.0285714466,0.855513332,0.263157947,0.76978394,0.465116307,0.377358421,0.76056338,0.363636418,0.0364372205,0.615384646,0.32,0.15483867,0.3037974,0.0972221236,0.685714526,0.192307954,0.82835816,0.897435959,0.876344107,0.206521835,0.192512932,0.548386868,0.904761648,0.197531001,0.30120472,0.977011464,0.942082138,0.441176335,0.38322125,0.18907544,0.55,0.514285554,0.114285634,0.539772697,0.386363568,0.242424197,0.358490287,0.0626632163,0.924369742,0.79661008,0.0193982535,0.129870093,0.120155056,0.26282092,0.153061239,0.121093918,0.345454346,0.722221994,0.493264556,0.279069728,0.158415851,0.735294276,0.473684011,0.268115787,0.69999998
0.590909186,0.781818158,0.818181855,0.159420331,0.857143014,0.723404145,0.484848488,0.829268515,0.68032833,0.714285529,0.178380468,0.50000005,0.081081,0.117646988,0.8375,0.0789473724,0.217391213,0.379699352,0.636363655,0.315789311,0.116279023,0.810219188,0.935779768,0.737705116,0.647058824,0.00514139467,0.417218857,0.0327869036,0.271375056,0.281862397,0.272727,0.818181764,0.61006254,0.210526353,0.67094,0.388059655,0.0173010496,0.634146454,0.0622837475,0.163522058,0.102564129,0.212624627,0.828947403,0.34090913,0.97772062,0.0279720178,0.841666725,0.166666767,0.771812258,0.4583335,0.373417736,0.739726096,0.34375,0.0341880056,0.589743572,0.363636255,0.161849776,0.311688312,0.102941166,0.714285886,0.196428379,0.816,0.878787891,0.887096787,0.23404253,0.207650487,0.569230972,0.887640156,0.256410123,0.356164271,0.97875814,0.937182245,0.45945973,0.385116113,0.229249244,0.623376699,0.5000002,0.128571339,0.513661162,0.369565248,0.227272577,0.409090436,0.0506329784,0.924686158,0.798387128,0.0164190719,0.116182606,0.141509494,0.292682784,0.139785042,0.110686981,0.350574818,0.722222052,0.496388401,0.279069656,0.191489381,0.696969588,0.4999999,0.26515174,0.678571361
