0,0,0,0,0,0,0,0,0,0,0,0,0,0,0,0,0,0,0,0,0,0,0,0,0,0,0,0,0,0,0,0,0,0,0,0,0,0,0,0,0,0,0,0,0,0,0,0,0,0,0,0,0,0,0,0,0,0,0,0,0,0,0,0,0,0,0,0,0,0,0,0,0,0,0,0,0,0,0,0,0,0,0,0,0,0,0,0,0,0,0,0,0,0,0,0,0,0,0,0
0,0,0,0.000189394046,0.00038417212,0,0,0,0,0,0,0,0,0.000196463952,0.000188679061,0,0.000377644134,0.000745433887,0.000378071946,0,0,0,0,0,0,0.000381971022,0,0,0,0.000766283674,0.0003885,0,0.000367918091,0,0.000374672123,0,0.000391695952,0,0.000391235965,0,0,0,0,0,0.000580047004,0,0,0,0.000366031971,0,0,0.000376222916,0,0,0,0,0,0,0,0,0,0,0.000379074943,0.000383729927,0,0,0,0,0,0,0.000197628119,0,0,0,0,0,0,0,0,0,0,0,0,0.00036927593,0.000388801997,0.000373413219,0,0,0.000378501189,0,0,0.000375234967,0,0,0.00038051779,0,0,0,0,0
0.000645994008,0.000325202865,0,0.000813272335,0.000666222149,0.000321439786,0.000657893551,0.000329164251,0.000649561666,0.000654021954,0.00067340037,0.000644745606,0.000959694489,0.000168519952,0.000963702062,0.000323415165,0.000433745142,0.00146009129,0.000655738258,0.000990426669,0.000331785025,0.00166223514,0.000665777999,0.000648087886,0,0.00066159401,0,0.000320923874,0.000979752321,0.00125806869,0.000669791818,0,0.000312694973,0.00102494046,0.00129491658,0,0.00101317211,0.000333777876,0.0010107809,0.000996678449,0.000664231895,0.000644746328,0.000319693073,0.00033288879,0.00084118553,0,0.000981675098,0.00100908238,0.00159540512,0,0.000327117923,0,0.000652527791,0,0.00031615607,0,0.000663789719,0.000328731076,0.000638365937,0.000644953896,0.000328731177,0,0.00128617325,0.000495703712,0.000330468906,0.00100603558,0.000331455089,0.000658978043,0.000307881892,0.000981353637,0.000842317978,0.00100637362,0.000953895217,0.00102389122,0.000325308899,0.000677966035,0.000323206123,0.000327010986,0,0,0,0.000967118377,0.000651890143,0.000320409989,0.000998003657,0.0016323873,0.000665113478,0,0.000325309225,0.000655522128,0.000320615851,0.000640203641,0.000326264068,0.000811162171,0.00032499201,0.00160359041,0,0.000662252245,0.000331016162,0
0.00115807735,0.000889944199,0.00139017507,0.000735726866,0.00121691551,0.000876422656,0.00118976717,0.000295072009,0.00116516186,0.000592066069,0.00151011875,0.0017462168,0.000733352966,0.000456759737,0.000886787669,0.000291715081,0.00118203194,0.00233032168,0.000884172092,0.00240023892,0.00179425895,0.00194494301,0.000899280107,0.000584965918,0.00115506735,0.00148544403,0.000297530209,0.00117267568,0.00172662098,0.00207296368,0.00151102991,0.000736809682,0.000562113872,0.0012376248,0.0024003487,0.000882873224,0.00121506784,0.000587372082,0.00286403429,0.000896057485,0.00074693782,0.000875657923,0.000859352478,0.000298329223,0.000447761201,0.00147058939,0.00119617226,0.00169178603,0.00186889159,0.000301296067,0.000583942051,0.000869061438,0.00147579413,0.00152485483,0.000576035916,0.000289686829,0.000597193956,0.00117096027,0.000571427838,0.000577534035,0.000893124562,0,0.00144592182,0.000757575208,0.000594178171,0.00121432922,0.000883914549,0.000595948085,0.000562746479,0.000876680714,0.00137362552,0.0018007205,0.00142126051,0.0021347978,0.000293082927,0.00153940946,0.000571265592,0.000293340993,0.000298239916,0.000585994012,0.00170331415,0.000877193752,0.00146670493,0.00058055208,0.00119331645,0.00148942548,0.000899279568,0.000292826179,0.0011597565,0.000885477131,0.00116211653,0.000863559089,0.0014675652,0.000968993506,0.000292397945,0.00190448106,0,0.000596302101,0.000298062763,0.000290698006
0.00189445178,0.00139353479,0.00157728576,0.000974659022,0.00201033707,0.000823272163,0.00140765871,0.000277701193,0.00135943405,0.00137703045,0.00199259917,0.00245097667,0.000679901559,0.000285143996,0.0010884349,0.00164158903,0.00221791183,0.00294784751,0.00151849993,0.00307176837,0.0025245448,0.00197016284,0.00111111151,0.00082079401,0.00161856097,0.00192996875,0.000551419518,0.00162733707,0.00187366187,0.00244698356,0.00198524901,0.000816549139,0.000527148069,0.00174520101,0.00270489596,0.00122749601,0.00141884112,0.000409165027,0.00307677652,0.00166527781,0.00124792088,0.00163132313,0.000803213906,0.000838223727,0.00111607225,0.00165608633,0.00141563061,0.00228375729,0.00205086128,0.000281373005,0.00107729571,0.000816549139,0.00190891669,0.0011544,0.000808191025,0.00134264018,0.000564494323,0.00109051183,0.00105932403,0.000809061112,0.00111265529,5.55401001e-05,0.00134264154,0.000998574583,0.000549450109,0.00171330687,0.000823949547,0.00112296508,0.00117770336,0.00109739207,0.00155895926,0.0022421533,0.00132520515,0.00212524808,0.000539374305,0.00144133957,0.000398618059,0.000269542101,0.000978473888,0.000823272675,0.0027166109,0.00108049645,0.00137513973,0.000814995375,0.00138696331,0.00167550975,0.00111763168,0.0011019279,0.00218102227,0.00137099085,0.00135906511,0.00107555516,0.00191152505,0.00117434675,0.000819224949,0.00234611952,0.00143472061,0.000829647213,0.000555091995,0.00027225688
0.00259201891,0.00174872128,0.00206441208,0.0020242929,0.00222160763,0.00131509498,0.00217834596,0.000537490234,0.00129332516,0.00160213613,0.00179756793,0.00223978919,0.000656512906,0.000278395826,0.00157977641,0.00212483101,0.00243902591,0.00335896726,0.0017524923,0.00339581596,0.00301452599,0.00191991112,0.00186666861,0.00133832912,0.00251456233,0.0024684813,0.000801068847,0.00250065735,0.00182102033,0.00349864388,0.00243243277,0.00157191629,0.00100755583,0.00225035293,0.00352204494,0.0017444956,0.00220811359,0.000528402064,0.00382559479,0.00241545949,0.00142450015,0.00184356344,0.00156046786,0.000536624153,0.00134880011,0.00210915112,0.00135832502,0.00324734816,0.00225584024,0.00149659812,0.00156087516,0.00105374007,0.00209698475,0.00139004485,0.00158562558,0.00234680389,0.00137893044,0.00106524671,0.00127975452,0.00104166837,0.00175249012,0.000323014788,0.00210084037,0.00152186026,0.00157936172,0.00218878453,0.00132555605,0.0010796244,0.00113150698,0.00187015574,0.00163755557,0.00299645611,0.00178616899,0.00207583633,0.000389104978,0.00248893935,0.000638569912,0.00104547911,0.00163354161,0.001049044,0.00362218129,0.00131027502,0.00160685355,0.000798723482,0.00134228068,0.00217805569,0.00135611541,0.00106723622,0.00341296896,0.00133690012,0.00259605006,0.00181582288,0.00159277883,0.00114245663,0.0013133699,0.00333867357,0.001971277,0.00107123607,0.00106496481,0.000262742937
0.00323712052,0.00222284091,0.00199316638,0.00266479609,0.00321261513,0.00137249502,0.00228777031,0.00140252454,0.00188577808,0.00195094851,0.00201322971,0.00352877048,0.000937835375,0.00145730097,0.00293201302,0.00279485872,0.00281611173,0.00342278358,0.00274137891,0.00377517089,0.00274328402,0.00213614457,0.00275785968,0.00166712862,0.0037251653,0.00328451222,0.00110131956,0.00369559749,0.00243177469,0.0041452634,0.0024958419,0.00323101455,0.00155844078,0.00231548694,0.00463843502,0.00207641265,0.00262543771,0.000554323729,0.00400850224,0.00331766488,0.00156149678,0.00222531244,0.00190372643,0.000560537969,0.00196739861,0.00244432585,0.00194282387,0.00465204099,0.00279798762,0.00169875508,0.00187667857,0.00162513649,0.00243111865,0.00255174531,0.00205930524,0.00255788758,0.0022759611,0.00111172883,0.00160944,0.00247796989,0.00234936634,0.000616075093,0.00246440476,0.00280791687,0.00192096661,0.00233303917,0.00191571076,0.00167785149,0.00114275645,0.00222407261,0.00280820017,0.0031437551,0.00291159368,0.00245098167,0.000793859703,0.00303205147,0.000934079963,0.000811470032,0.00286287157,0.00109110797,0.00397953072,0.00218459919,0.00196353391,0.000822143969,0.0022402698,0.0022766094,0.00229489535,0.00137969042,0.00497178201,0.00190424443,0.00356457555,0.00188071074,0.00277008195,0.001183325,0.0018898465,0.00375417384,0.00305943903,0.00153118097,0.00109860054,0.000274272883
0.00396704172,0.00255020655,0.00264900629,0.00273136289,0.00361604188,0.00247984885,0.00345249972,0.00189334301,0.00238877459,0.00278896719,0.00246629466,0.00469696887,0.00257419802,0.00269632887,0.00451727959,0.00376884303,0.00352677704,0.00546365082,0.00398597244,0.00471396601,0.00266666412,0.00326691056,0.00403101378,0.00217865047,0.00327204711,0.0039508303,0.00123228439,0.00400540666,0.002117361,0.00578738795,0.0032397413,0.00366636169,0.00265330056,0.0033036,0.0046962733,0.00242954249,0.00338409076,0.00124727178,0.00545094294,0.00471549797,0.00206940664,0.00233769015,0.00205730175,0.000956937495,0.0026587442,0.00370943517,0.00301683073,0.00667104505,0.00417335579,0.00227938677,0.00209643681,0.00185758694,0.00245023019,0.00321337035,0.00288461647,0.00363102376,0.00259319242,0.00203506463,0.00182704231,0.00218000215,0.00300633396,0.00062774605,0.00248988606,0.00306254195,0.00220194837,0.00335008549,0.00277520794,0.00254533867,0.0015197543,0.00285261421,0.00323310507,0.00425392721,0.0035523951,0.00216883743,0.00118448459,0.00295372525,0.00225971796,0.00155135059,0.00357259071,0.00184956613,0.00497751963,0.00310945096,0.00255102263,0.00216651302,0.00284540462,0.00267112142,0.00312191833,0.00182648327,0.00612305764,0.00155714672,0.00406758285,0.0018371114,0.00359711839,0.00243271255,0.00273806192,0.00401542416,0.00350584355,0.00211492824,0.00188620352,0.000614250037
0.00367400792,0.00346140949,0.00303571456,0.00385694006,0.0043588807,0.0030601789,0.0056934014,0.00237529626,0.00391772544,0.00235057286,0.00340257732,0.00474011258,0.00259487361,0.00415749409,0.0050573151,0.00550964884,0.00428112904,0.00683472686,0.00588990087,0.00522830338,0.00328107539,0.0035739784,0.00456852526,0.0023923425,0.00466483417,0.00636740102,0.00134816383,0.00510552088,0.00295178656,0.00578894929,0.00334559853,0.00451504921,0.00379386974,0.00288704963,0.0059603355,0.00302383385,0.0037893091,0.00255972536,0.00661136881,0.00588031415,0.00461178898,0.0028945255,0.00380951953,0.00104711933,0.00475866379,0.00338753039,0.00295241462,0.00685094247,0.00385829265,0.00395826541,0.00245659982,0.00236327017,0.00265780641,0.00387733459,0.00282785623,0.00401435144,0.00423728315,0.0034745231,0.0013364516,0.00338638663,0.00327247575,0.000678655582,0.00241963299,0.00452993982,0.00308430476,0.0040292996,0.00404312398,0.00398889808,0.00280250829,0.0031790867,0.00433508982,0.00432588623,0.00400512574,0.00239058354,0.00163934516,0.00266618899,0.00243585811,0.00305706473,0.00494700156,0.00198019864,0.00517776601,0.00367355575,0.0027576714,0.00201680731,0.00408441297,0.00181488182,0.00385179233,0.00256903946,0.00775320172,0.00331784891,0.00508688689,0.00205198211,0.00462329047,0.00284220082,0.00294021784,0.00557553395,0.00461765806,0.00199534252,0.00306957556,0.000667334626
0.00514895162,0.00372855798,0.00177374758,0.00453000965,0.00351974952,0.00299177327,0.00493681404,0.00341426397,0.00426438981,0.00253623325,0.00427019207,0.00438750079,0.00314026353,0.006,0.00550054907,0.00674156991,0.00426356726,0.0068467779,0.00815011883,0.00611068974,0.00466381417,0.00346687422,0.00549450418,0.00372439098,0.00446760744,0.00717535194,0.00224299055,0.00550197857,0.00321773412,0.00623218725,0.00312270328,0.00457372643,0.00372881514,0.00316456159,0.00677903785,0.00515668558,0.00365408042,0.00260126202,0.00610220699,0.00671012182,0.00722414479,0.0035773593,0.00418371087,0.00116822464,0.0051713347,0.00399563872,0.00388170448,0.0076248561,0.00339879381,0.00359138011,0.00301098187,0.0026090189,0.00251256562,0.00539706787,0.00354191521,0.00427968804,0.00577366171,0.00322928035,0.0021921851,0.00454545738,0.00349136384,0.00146520103,0.00307220067,0.00572301219,0.00494485049,0.00324807159,0.00459558908,0.0046159554,0.00428112829,0.00424382555,0.00438763406,0.00542845713,0.00437674934,0.00275482145,0.00249376297,0.00344431684,0.00440450987,0.00442804475,0.00578257565,0.0028715047,0.00536242338,0.00410353267,0.00258112336,0.00219458512,0.0047776621,0.00316205438,0.0047980825,0.00309917678,0.00786556405,0.00395683137,0.00582707169,0.00228832771,0.00513384606,0.00330341745,0.00319262372,0.00403876832,0.00600165212,0.00235934584,0.00390915777,0.00110538071
0.00570729263,0.0040338816,0.00235143178,0.00478369338,0.00419463259,0.00330169416,0.00577451505,0.00395833631,0.00384763411,0.00274079976,0.00423011914,0.00410664407,0.00412912776,0.00644884452,0.00599520297,0.00768272171,0.00513478966,0.0062803905,0.0106041639,0.0078550458,0.00399327196,0.00528765122,0.00602878441,0.0049833881,0.00484652351,0.0074598284,0.00284206534,0.00563017103,0.00316957456,0.00467654593,0.00380152243,0.00748079603,0.00419401868,0.00510638542,0.00708215004,0.0048097906,0.0058087628,0.00373599256,0.00725840291,0.00592718219,0.00863411256,0.00479819407,0.00862418519,0.00128810604,0.00555326639,0.00434954466,0.00516224299,0.00740740602,0.00332778652,0.00387263488,0.0024885114,0.00288303541,0.00395412917,0.00713386344,0.00486080281,0.00345591935,0.00720948788,0.0034992209,0.0024135185,0.00496072875,0.00409197779,0.00321284634,0.00375783327,0.00688935626,0.00549683005,0.00404494247,0.00476947242,0.00579768278,0.0060334734,0.00568429956,0.00598719391,0.00749894802,0.00370644802,0.00299401185,0.00290247718,0.00588482235,0.00586455201,0.00646987336,0.00611041545,0.00350877352,0.00464834502,0.0046354875,0.00241351789,0.00236966799,0.00567031295,0.00327082525,0.00631808392,0.0037147107,0.00977325499,0.00524728195,0.00597938236,0.00340570098,0.00462404629,0.00408663685,0.0041952697,0.0049661363,0.00484317965,0.00259481193,0.00471311719,0.00162272117
0.00679348481,0.00300042954,0.00305738697,0.00524157162,0.00633197517,0.00506857401,0.00680594974,0.00487238973,0.00375000198,0.00338696097,0.0039771913,0.00437112067,0.00415110237,0.00886193488,0.00605798522,0.00758620917,0.00688388999,0.00550418587,0.013575701,0.00809061542,0.00533890118,0.00670364697,0.00680692263,0.00533333043,0.0054347862,0.00759493833,0.00262352408,0.00492832092,0.00382394984,0.00516128731,0.00408250802,0.00909898643,0.00569744406,0.00576568476,0.0101679983,0.00380409012,0.00682593618,0.00317029157,0.0112968783,0.00485212795,0.0098791297,0.00473355295,0.00949836385,0.00231160541,0.00778816671,0.00474546445,0.00582147577,0.00790781398,0.00402683924,0.00475963979,0.00348789679,0.00361827317,0.00475984281,0.00756901296,0.00523062181,0.00400168294,0.0063054552,0.00381841009,0.00352423669,0.00535953898,0.00357442703,0.0035429572,0.0041436438,0.00709382416,0.00595783912,0.00447761261,0.00767207227,0.00668391609,0.0075823277,0.00829672766,0.00734743601,0.00861287573,0.00381526009,0.00556071149,0.00317392965,0.00576752471,0.00708501486,0.0076164887,0.0073260082,0.00378787692,0.00406681321,0.0070895544,0.00216825494,0.00296108328,0.00545851164,0.0042694468,0.0062774727,0.0041338609,0.0123717112,0.00650759241,0.00725623144,0.00238436067,0.0051202142,0.0046666661,0.00473056351,0.00648055243,0.00401807867,0.00303951234,0.0077536612,0.00175901651
0.00504541022,0.00357461973,0.00359342852,0.00603924828,0.00764087854,0.00620655466,0.00617920605,0.00660568964,0.0046576634,0.00369685549,0.0034213097,0.00368974899,0.00501595735,0.00855131228,0.00608899444,0.00558658988,0.00847035237,0.00624100511,0.018011034,0.00741307651,0.00496523901,0.00868232553,0.00664010939,0.00532429362,0.00533890295,0.00969080667,0.00281030544,0.00388916097,0.0045419547,0.00582241001,0.00461894155,0.00818488452,0.00572034445,0.00706972421,0.010289077,0.00471203906,0.00715071943,0.00299401185,0.0123367145,0.00558092392,0.0113981754,0.0053818578,0.0109692119,0.00255754562,0.00866766331,0.00665083225,0.00590179296,0.00672980332,0.00545093984,0.00567010929,0.00222320892,0.00499001975,0.00384430416,0.00690147757,0.00676729602,0.00560035743,0.0102459094,0.0032407392,0.00383325246,0.00497511725,0.0030918711,0.00475736648,0.00407332081,0.00599101981,0.00604837302,0.00544069897,0.00772200787,0.00690607528,0.00968054268,0.0114378978,0.00693069797,0.0116394289,0.0041054454,0.0053516783,0.0049668874,0.00628626918,0.00910582941,0.0086372343,0.00875437281,0.00588768513,0.00483770529,0.00853018009,0.00184928508,0.00322878529,0.00524058871,0.00411099897,0.00678850463,0.0048482333,0.0141662755,0.00559962703,0.00699187482,0.00319659018,0.00495294415,0.00653436273,0.00560286897,0.00812566553,0.00391061428,0.00283687851,0.00784698146,0.00309523532
0.00549753889,0.0028680663,0.00375288738,0.00555246168,0.00633874996,0.00773479325,0.00776915408,0.00791406708,0.0052083318,0.00404858182,0.00347779247,0.00342285935,0.00558375154,0.00906593997,0.0065228203,0.00690606895,0.00670600682,0.00728407105,0.0182089598,0.00851648444,0.00472937356,0.00974388669,0.00590458028,0.00641711056,0.00675675689,0.0105210356,0.00249625527,0.0052576148,0.00692012737,0.0069407409,0.00520316745,0.00965420346,0.00551977953,0.00663130487,0.0124932114,0.00397953661,0.00631389469,0.00426439525,0.0131738575,0.00563063071,0.0104637942,0.00695217556,0.0110452576,0.00229226434,0.0103991101,0.00757180601,0.0065104243,0.00713500673,0.00522840061,0.00672269508,0.00294695348,0.00716649943,0.00522466146,0.00717212853,0.00694847011,0.00557170513,0.0124458883,0.00258264629,0.00372935586,0.00576519866,0.00275735415,0.00705643867,0.00610093415,0.00653951052,0.00598802351,0.00708383395,0.00851969037,0.0083661388,0.0118918845,0.0125149156,0.0079148477,0.0122282651,0.00425934714,0.0055118092,0.00544887603,0.00702758003,0.0108321014,0.00868676135,0.00687948097,0.00626204407,0.00475462519,0.0119658186,0.00368188658,0.00447538457,0.00710298937,0.0041759465,0.0059965751,0.00414555588,0.0168524988,0.00663604178,0.00590585618,0.0029673596,0.00701186947,0.00849705565,0.00608568291,0.00715991265,0.00310558997,0.0040983592,0.00760044573,0.00393494457
0.0045045063,0.00453400697,0.00540711957,0.00843373811,0.00582436946,0.00670323751,0.00795106834,0.00854701599,0.00622524315,0.00426666117,0.00350262573,0.00368271505,0.00476991959,0.0101214695,0.00632911044,0.00542822569,0.00653983294,0.00790960637,0.0207373246,0.00745378925,0.00566893429,0.0112873807,0.00631950445,0.00640279051,0.00680826554,0.00937673313,0.00426212007,0.00455321326,0.00856991608,0.0080784806,0.00674581436,0.0105233205,0.00608519719,0.0077010751,0.0124854818,0.00488400595,0.00620915399,0.0067911732,0.0151855994,0.00552486745,0.00986436678,0.00823673374,0.0123239392,0.00240096077,0.0117834545,0.006628242,0.00651188337,0.0075301235,0.00592768166,0.00785973453,0.00432198452,0.00904703924,0.00690448815,0.00872409699,0.00623441002,0.00512033003,0.0134328352,0.00174723223,0.0027901763,0.00741162593,0.00146555965,0.00897572328,0.00874125356,0.00580719535,0.00590666007,0.0063734908,0.00783435788,0.00878552931,0.0105882338,0.0144880853,0.00874021253,0.0123311856,0.00506585437,0.00681199702,0.00786959428,0.00746680201,0.0101472781,0.00927945971,0.00933735411,0.00629261501,0.00394689531,0.0132994539,0.00490702422,0.00482573715,0.00718628832,0.00389454501,0.00716956107,0.00348085539,0.0172176283,0.00773907642,0.00782997939,0.00255428005,0.00645540245,0.0079455154,0.00670147295,0.00766774356,0.0013661199,0.00490730328,0.00824014273,0.00482405794
0.00393959447,0.0053475976,0.00539956142,0.00887978551,0.00556857688,0.00716612164,0.00811907732,0.00855826082,0.00736236137,0.00528168183,0.00699301499,0.00369914555,0.00424500241,0.00805953162,0.00610771435,0.00525279669,0.00634517878,0.00803460021,0.0222222341,0.00700000432,0.00608643554,0.0126329854,0.00394737104,0.00613873858,0.00800711808,0.00801481079,0.00568182296,0.00559006794,0.00877687909,0.00699744873,0.00798815321,0.0123456894,0.00938707895,0.0080445476,0.0118971005,0.00717079183,0.00878426196,0.00856793616,0.0161881497,0.00675219977,0.00955631175,0.00977748095,0.0107663056,0.0046419087,0.0114204193,0.00879478857,0.0067155083,0.0102301669,0.00777202696,0.00662250608,0.00414201504,0.0081466317,0.00773195679,0.00860024138,0.00682594098,0.00439802475,0.0136186859,0.00324464599,0.00419412139,0.00748596427,0.00207146403,0.0103925953,0.0099071197,0.0058555674,0.00694444517,0.00823044121,0.00891795038,0.0111482878,0.00939848909,0.0145228294,0.00944625402,0.0127250007,0.00429799621,0.00772429402,0.00880923832,0.00599880108,0.0102564041,0.0100176823,0.0129654432,0.0085034096,0.00421456086,0.0153594566,0.00625339462,0.00401146316,0.00696459916,0.00717548251,0.00664450715,0.00536769777,0.0200183541,0.00714286256,0.00820668601,0.002476998,0.00776699702,0.00853658933,0.00873731744,0.00924657992,0.00225733599,0.005941764,0.0076726286,0.00586420475
0.00428571476,0.00580045633,0.00496688578,0.0113981812,0.00689655792,0.00738396321,0.0094545521,0.00871458759,0.00888414574,0.00703774173,0.00849184978,0.00409836205,0.00674309027,0.0111695091,0.0040674068,0.00506146039,0.00717212814,0.00668003345,0.0226370078,0.00661764012,0.00711052339,0.0145560355,0.00427107149,0.00619700263,0.00942783127,0.00876010761,0.00491703338,0.004755446,0.0116707611,0.010232881,0.00773694077,0.0104377036,0.0125921425,0.00832224268,0.0113168802,0.00625433554,0.00696055505,0.00970548895,0.0164257492,0.00836971361,0.00962249162,0.0120000105,0.0140700085,0.00705715341,0.0102523728,0.0107713591,0.00690334621,0.0143716706,0.0104729697,0.00730994566,0.00514800496,0.0122403624,0.00860831966,0.00928890998,0.0075593937,0.00408878575,0.0123118895,0.00592592251,0.00589777429,0.00891020571,0.00386739923,0.0106716858,0.0126497984,0.00426136015,0.00552486792,0.00848083066,0.00900320265,0.0107334688,0.00815218905,0.015648288,0.01016829,0.0132984569,0.00697085405,0.00877192631,0.00975292883,0.00647668909,0.0120757258,0.00882168265,0.0140591139,0.00796080594,0.00365853753,0.0193271619,0.0100949975,0.00487507846,0.00549115964,0.00568181144,0.00571429286,0.005309059,0.0240677921,0.00703324289,0.0085357934,0.00311769668,0.00955180955,0.00872482634,0.00884146598,0.00915750232,0.00326530933,0.00629723036,0.00626304808,0.00640593337
0.00703675155,0.00759973711,0.00814478848,0.0108063137,0.00611828792,0.0111796464,0.0100463786,0.00842912639,0.0131172787,0.00669791487,0.0106304959,0.0044085239,0.00585651164,0.0124567375,0.00431832114,0.00469116403,0.00657414217,0.00728863622,0.0225303281,0.00596184721,0.00946040199,0.0173373789,0.00431034981,0.0073735976,0.00913563343,0.00729926632,0.0065573926,0.00521609184,0.0152621173,0.0172943972,0.0083275657,0.0111111131,0.0151410863,0.0130007022,0.0103942777,0.00661278683,0.00912862816,0.0122585396,0.014265823,0.00970498328,0.00877194277,0.012204723,0.0120572752,0.00758725129,0.00872599389,0.0106719429,0.0068691264,0.0166548405,0.0116363576,0.00811030316,0.00561009155,0.0136765858,0.00791765609,0.00928571331,0.0100931685,0.00319897246,0.0124025466,0.010998311,0.00533808211,0.0101892217,0.00538921483,0.0113182461,0.0120226419,0.00473933605,0.00672645551,0.00891411631,0.00920679979,0.0106453694,0.00738006014,0.0131363143,0.00997045009,0.014709278,0.00562983893,0.00938967489,0.0129251684,0.00813872181,0.0150646012,0.0123626456,0.0163737951,0.00808625483,0.0045074072,0.0275407527,0.0112107495,0.00767754077,0.00531915211,0.00512618824,0.00634920568,0.0055942498,0.0231716073,0.00787671263,0.00902153519,0.00490196657,0.0112721544,0.00852483751,0.00789473208,0.0113016388,0.0034217274,0.00717078656,0.00312500156,0.00974512797
0.0145118612,0.00919238929,0.00915561991,0.013525705,0.00360750672,0.0126903576,0.0148637467,0.00981997405,0.0159395975,0.00835072967,0.0159489424,0.00323101976,0.00550747487,0.0148148194,0.00657895449,0.00518582109,0.00614912111,0.00991610193,0.0244131177,0.00797649734,0.00948213448,0.0182611002,0.00389864221,0.0114329289,0.0107526859,0.00482315307,0.00731528573,0.00562249589,0.015980098,0.0191347645,0.0102941181,0.0114353452,0.0164547606,0.014883244,0.0113636273,0.00531510323,0.00888889691,0.0156249876,0.0153396549,0.0101954059,0.0120378366,0.0186308498,0.0117969777,0.0105691011,0.0085388956,0.0123614707,0.006923076,0.0185606112,0.0128006203,0.0105355622,0.00988593483,0.0166374748,0.0104257234,0.0088852891,0.0120332045,0.00276243745,0.00945537109,0.0111835968,0.0061728369,0.00932400785,0.00684506759,0.0159123218,0.0115931211,0.00595744313,0.00796812631,0.00773195881,0.00674157877,0.00929901072,0.0110497177,0.0127226488,0.00834006458,0.0129740695,0.00469116599,0.00948213061,0.0127830449,0.00832701389,0.013565881,0.0127055292,0.0183603747,0.0073475394,0.0048780474,0.0285031794,0.0132652966,0.00803213369,0.00632466842,0.00614573939,0.00961537942,0.00614706735,0.0266249133,0.00938437976,0.0084996396,0.0098478101,0.0107913639,0.00875000287,0.0105485189,0.0127768452,0.0045207963,0.00840336034,0.00591216559,0.00947282242
0.0181124968,0.0112280657,0.0146561721,0.013371536,0.00156862787,0.0110192951,0.0150136485,0.00699912692,0.0167548403,0.0110132127,0.0231164267,0.0043215223,0.003314,0.0154082977,0.00572246901,0.00562851438,0.00650935714,0.0130612115,0.0325325159,0.00763701847,0.010140401,0.0181975594,0.00625868818,0.011608622,0.0137103739,0.0035056982,0.00853374361,0.0085397005,0.0174904869,0.0241652142,0.00923076717,0.0122466329,0.0163738,0.0187601977,0.012137825,0.00642571114,0.0116166555,0.0182222359,0.0126050396,0.010909089,0.0128205081,0.0213269977,0.0111110963,0.01100761,0.00971921275,0.0129118271,0.00729336207,0.0204326759,0.0118952254,0.0112464782,0.0098765443,0.0165208903,0.0112254551,0.00907440359,0.0159151278,0.00149031221,0.0124223607,0.0123203011,0.00782608329,0.00588730131,0.00859220973,0.0187687764,0.0114987926,0.00662251479,0.0103806224,0.00632339102,0.00667780037,0.0120754574,0.0126262663,0.0157756399,0.00610820061,0.0154542914,0.00356506453,0.00943396896,0.0119047669,0.0082918535,0.0120232183,0.00959232871,0.01839931,0.0108063081,0.00413223057,0.0429769419,0.0163934577,0.00847458411,0.00822123313,0.005015049,0.0102040726,0.0103680626,0.029290421,0.0101214554,0.00683280131,0.0127238454,0.0100502946,0.00765076336,0.0121120334,0.0132075452,0.00591133533,0.00977443726,0.0110701201,0.00925926932
0.0229455699,0.00960117362,0.0175438618,0.0140845442,0.00344233792,0.0146088472,0.0155310189,0.00603528687,0.0181291835,0.00936768187,0.0261948463,0.00463392249,0.00525394078,0.0144927778,0.00820897251,0.00707069717,0.00781249961,0.0101694966,0.0420944382,0.00946969763,0.010664489,0.0192998171,0.00735293585,0.0125977366,0.0122989631,0.00482625609,0.00865800527,0.00983899911,0.0168269076,0.0252862991,0.00803858965,0.0155109599,0.0149911799,0.0257535719,0.0131579015,0.0066945594,0.0129353265,0.0231156177,0.0111022873,0.0141601435,0.0147492596,0.0245147882,0.0151811981,0.0132392061,0.0106257617,0.0135658751,0.00929839993,0.0208855551,0.013771771,0.0121334419,0.0113537034,0.015306142,0.0130616304,0.0109344018,0.0185356764,0.00164203541,0.0157154724,0.0156774907,0.00742804102,0.00514018728,0.00905293108,0.0194963641,0.0102965373,0.00621120143,0.0136736451,0.00484966111,0.00707964416,0.0114379019,0.0130161516,0.0181983695,0.00739372033,0.0165114298,0.00606672206,0.00913838138,0.0103585655,0.0118074502,0.0107719847,0.0117117105,0.0197433053,0.0107526699,0.00619834548,0.0394265577,0.0206794694,0.00904295982,0.00791766058,0.00895856287,0.0137440651,0.0140425558,0.033478271,0.00853240943,0.00889830872,0.0106599094,0.00886918672,0.00568182759,0.0132,0.0136363486,0.00960515808,0.00881410342,0.0120308057,0.00822845763
0.026785727,0.00911974266,0.0226027357,0.0127523981,0.00537152987,0.0147208282,0.0196408202,0.0061904755,0.0208333393,0.00741350815,0.0275275329,0.00494559921,0.0072793407,0.0128976834,0.0080192466,0.00742314453,0.00624998678,0.0101590044,0.0431392795,0.00798404523,0.00935374009,0.0170565264,0.0094413863,0.0112917678,0.0119403037,0.0082730443,0.00938967297,0.00847457983,0.0133851593,0.0245,0.00844594924,0.016585372,0.0201122652,0.0321774086,0.015044245,0.00782609075,0.0189273983,0.0215749941,0.00989280545,0.01990049,0.0152284391,0.0281615076,0.0160256624,0.0130475353,0.00759492637,0.0126716341,0.00949096649,0.0208510635,0.0194074033,0.011777279,0.0131103131,0.0219297974,0.0101694822,0.0123596001,0.0195886545,0.00358102193,0.0185185203,0.0133333151,0.00896413517,0.00759877998,0.0104790598,0.0195208369,0.00814751234,0.00634248013,0.0134357097,0.00717212885,0.00955110029,0.0120585617,0.0139422945,0.0186274291,0.00961538652,0.0171202946,0.00685714979,0.00664767688,0.0104253597,0.0103578207,0.0136452208,0.0106589066,0.0228013373,0.0124282964,0.00755555292,0.0406852457,0.0210355768,0.0105008116,0.00841043396,0.0115681392,0.0152259503,0.0171773433,0.0384267603,0.0107334561,0.0122270654,0.0174672409,0.0107015398,0.00700115874,0.0124250256,0.0140766291,0.0113250051,0.00796312999,0.0132113821,0.00875388044
0.030283507,0.00764656691,0.0242857041,0.0130293597,0.00671141403,0.0139935701,0.0190651843,0.00860327194,0.0217171433,0.0121212195,0.0261473011,0.00519209839,0.00925926431,0.0163191401,0.0094178022,0.0130434995,0.00560747383,0.0103510466,0.0425079191,0.00644466006,0.0116279014,0.0201271094,0.0109427563,0.0139155612,0.0138741197,0.0133779483,0.0125786338,0.00786627874,0.0134633251,0.0286458445,0.00884173317,0.0174897241,0.0185370603,0.0329669997,0.0149812812,0.00913240729,0.0251916703,0.0229885343,0.0117944407,0.0217842057,0.0184995,0.0361111396,0.0173611217,0.0136852377,0.0108991913,0.0114416079,0.00957352562,0.017421601,0.0218654388,0.0167224313,0.014071298,0.0202622612,0.0143213009,0.0108303337,0.0246304736,0.00457456312,0.0169811338,0.0144168113,0.00762195541,0.00816104518,0.0112,0.0192307708,0.00882613189,0.00777777101,0.0150451614,0.0120218993,0.0112359513,0.0126811513,0.0126234542,0.0186528617,0.0124999976,0.019699811,0.00745342799,0.00707069753,0.0110921377,0.0101744205,0.0117021329,0.0116649264,0.0217890282,0.0154003888,0.00716332733,0.0295790787,0.022668957,0.0135708091,0.00636942424,0.0126760551,0.0176589049,0.0156882867,0.0421103834,0.0100364992,0.0130841087,0.0289115181,0.0101010394,0.0104987056,0.0126012603,0.0157628765,0.0110159128,0.00620018012,0.0162644467,0.0107831819
0.0331978137,0.00786024933,0.0351270298,0.0143171594,0.00934577915,0.0154184815,0.0215924678,0.0079787311,0.0205695975,0.0149911821,0.0233950058,0.00628930742,0.0093320268,0.0114503821,0.0117117112,0.0185393604,0.00690335635,0.013302748,0.0435953596,0.0101925148,0.0114722872,0.0189732067,0.0124888469,0.0124095298,0.0136829999,0.0155131439,0.0121816241,0.00710660901,0.0158959447,0.0259096896,0.00754884324,0.0153508522,0.0219665783,0.0355625971,0.0138613914,0.00863723547,0.0251959582,0.0243309405,0.0108794226,0.0222965455,0.0191285981,0.0356308336,0.0147965893,0.0115183221,0.0129870065,0.0116686108,0.00810810449,0.0134288146,0.026416893,0.0212264537,0.0196463732,0.0256410046,0.0151515128,0.0147849573,0.0318134586,0.00666666876,0.0149253896,0.0125873975,0.00622403955,0.0106132423,0.0113735747,0.0208556027,0.00973451254,0.00804601105,0.014115117,0.0112613045,0.0123789283,0.0141271389,0.0117977755,0.0232300516,0.0171306117,0.0219164354,0.00709219674,0.00533050054,0.0122699498,0.0102458939,0.0125142344,0.00930231916,0.0252101291,0.0165198105,0.00916496823,0.027127019,0.0242896415,0.01512456,0.00685602251,0.0106544915,0.0171517543,0.0181236786,0.0455958305,0.0096431973,0.0137254907,0.0307328439,0.0114795882,0.0127118715,0.0150800975,0.0159151127,0.0160642802,0.00569260104,0.0143617028,0.00994151793
0.0339462279,0.0100090862,0.0340908812,0.0130796558,0.00959489531,0.01744186,0.0209267569,0.0086604791,0.0181817905,0.0155251105,0.0226757529,0.00582627093,0.010736179,0.00861245014,0.0103773447,0.0226217941,0.0111675137,0.0153488493,0.0386313746,0.0130641409,0.0123456996,0.021436868,0.0137362587,0.0117772853,0.014814829,0.0154440077,0.0133010927,0.00941424367,0.0157791137,0.0273256015,0.0108499226,0.0128055614,0.0267665828,0.0320584701,0.0139634604,0.0114770486,0.0218365164,0.017173029,0.0114613167,0.0237020637,0.0169851385,0.0417661133,0.0153845985,0.0140237415,0.0109374913,0.0136904984,0.00824931313,0.0156971363,0.0234765037,0.0221675098,0.0182868313,0.02773928,0.0179558254,0.0131004247,0.0389755706,0.00716478086,0.0154480273,0.0122511365,0.00870511469,0.00997505479,0.00971816552,0.0185601939,0.00928505344,0.0106508755,0.0125857672,0.0131894389,0.0156794394,0.0160256672,0.0109356209,0.0179171175,0.0186812923,0.022355496,0.0109034059,0.0034129687,0.0143240902,0.00962568135,0.0147420025,0.0110565083,0.0247074212,0.016166261,0.00849256087,0.0235910793,0.0245338474,0.0179076258,0.0094621545,0.0120481937,0.013186804,0.0203160405,0.0484409864,0.00984251972,0.0137130579,0.0478526527,0.0131578971,0.0169491339,0.0159362423,0.0168538865,0.0204379114,0.00612869694,0.0144539417,0.00886075222
0.0394557024,0.0120482006,0.0398724724,0.0121950913,0.0111857022,0.0229591768,0.0192616573,0.00884954017,0.0156626597,0.01558074,0.0201421517,0.00757574811,0.0120798302,0.00869566226,0.0101112008,0.0223624027,0.0104493109,0.0137701803,0.0363704936,0.0154440097,0.013793105,0.0201421514,0.0146056506,0.0103686364,0.0158940195,0.014230265,0.010582,0.0084925651,0.0178394282,0.0339088122,0.0121621647,0.0138055128,0.0340659264,0.0330242975,0.0162979973,0.0121692973,0.0221444941,0.0150478947,0.0119402911,0.0284359854,0.0160256778,0.0467580601,0.012903213,0.0150375826,0.0116861576,0.0109755991,0.00948767232,0.0158730133,0.0223028802,0.0255033067,0.0225269076,0.0300300075,0.0170697186,0.0173501703,0.0475372367,0.00736064287,0.01465968,0.0130932732,0.0109889983,0.0116882953,0.00847455686,0.0187353551,0.00893744276,0.0136646102,0.0123967121,0.0152671273,0.0202702545,0.0187431334,0.00777202899,0.0187573208,0.0156774847,0.0234553475,0.0118243344,0.00374065037,0.0178055981,0.00771778,0.0181347398,0.0105819988,0.0271738863,0.0168674813,0.00990098383,0.0192043602,0.0267295951,0.0226600844,0.00871793942,0.0155340065,0.0124999884,0.0215310669,0.0557553967,0.00835071766,0.0125427536,0.0502577922,0.012244872,0.0196078539,0.0148261462,0.0146627715,0.0195122396,0.00541709772,0.011576653,0.00818555082
0.0417246459,0.0104166781,0.0395623274,0.011875,0.0151691757,0.0248321834,0.0133333495,0.013458993,0.0165816378,0.0150778377,0.0183648935,0.00768383416,0.0116896924,0.0127201638,0.0106156972,0.0232697188,0.0120613936,0.0126336121,0.0332934674,0.0162162145,0.0125000216,0.0210843561,0.0123076763,0.00937865028,0.0174496488,0.0133511053,0.0108254394,0.00996678598,0.0165069148,0.0307189923,0.01242235,0.0152811323,0.0351872583,0.0245215066,0.0162094736,0.0123258202,0.0221556821,0.01685391,0.0108583534,0.0249391981,0.0159744079,0.0448798857,0.0132978824,0.0187845119,0.0121739183,0.0104031208,0.00978473507,0.0150943304,0.0198497937,0.0205479266,0.0253479013,0.035937473,0.0162721871,0.0199004788,0.0538740786,0.00759220228,0.0189189121,0.0102563978,0.0132596399,0.014305199,0.00689657593,0.0219976133,0.0114107541,0.0165394119,0.0126506192,0.0187919198,0.0245592162,0.0179171193,0.00796811641,0.02375,0.014364625,0.0234374386,0.0124777111,0.00260077982,0.0177340011,0.00682595966,0.0216783076,0.0125173835,0.0309423164,0.0181817922,0.0124999592,0.0177252323,0.0270270168,0.0250500777,0.00843879662,0.018072268,0.0140186617,0.021383633,0.0575679368,0.00838575235,0.0131421554,0.0567567085,0.0124137875,0.0184563389,0.0130072438,0.0139103747,0.0186125263,0.0057207972,0.00926935168,0.0103397154
0.0450874616,0.0116845263,0.043918966,0.0161082368,0.0134502966,0.0284090526,0.0120689841,0.0192043529,0.010967739,0.0145728952,0.0209079863,0.012849174,0.00998889991,0.012833157,0.00904976036,0.021793275,0.0110010978,0.0142857286,0.0300782272,0.0162162089,0.00937502962,0.023316066,0.012432412,0.0092706899,0.0215827435,0.0151724127,0.0106951937,0.0146561492,0.0239651035,0.0363128773,0.0116487457,0.0135309366,0.0375690104,0.0249999847,0.0176390554,0.0133630582,0.0226993726,0.0203488525,0.00917923504,0.0215404553,0.0212290658,0.0480153763,0.0108695795,0.0178571341,0.00932834888,0.00933331408,0.00942408415,0.016634061,0.0227531293,0.0236769074,0.0244898203,0.0399333728,0.0107526974,0.0207612305,0.0521472205,0.00554325183,0.0191441882,0.0090416038,0.0126437126,0.0170067835,0.00494436193,0.0211516107,0.0128342405,0.0217686798,0.0143034734,0.0203784249,0.0248365888,0.0157004878,0.0100286409,0.0222805165,0.0167973002,0.0252206629,0.0148975858,0.00271002951,0.019019001,0.0068259602,0.02478135,0.0185449091,0.0300859433,0.0172839709,0.0129358969,0.0189873538,0.029964767,0.0246153668,0.00912994292,0.0192307569,0.0146163456,0.0210803525,0.0538673825,0.00887904044,0.015056502,0.059639357,0.0123456662,0.0172711781,0.0141213808,0.0138248945,0.0194346002,0.00717701498,0.00552484691,0.0122887891
0.0509510554,0.0142132214,0.0432525668,0.0191545308,0.0141975447,0.0272205927,0.0104712021,0.016736405,0.0121794812,0.0134061621,0.0150059994,0.0182521909,0.0112739915,0.0116772653,0.00944512189,0.021656113,0.0134679885,0.0147835479,0.0314423319,0.0179310289,0.0108460043,0.0217391609,0.0119047826,0.0134270889,0.0240239856,0.0159787275,0.011538447,0.0185614709,0.0253663867,0.0407569475,0.0126582237,0.0181696128,0.0351956136,0.018820616,0.0176211443,0.0152224794,0.0232558226,0.0267857694,0.0107465826,0.0159999858,0.0194954251,0.0480640487,0.0103163861,0.0203850469,0.0139164901,0.00916229359,0.00993376338,0.0195071723,0.0192539323,0.0229970391,0.028526908,0.0365217711,0.00943396925,0.0227670667,0.0491505395,0.00565609807,0.0159386171,0.0170454658,0.0133333195,0.0120805165,0.00263504008,0.0233372324,0.00891862451,0.0255376726,0.011875,0.017595333,0.0247592678,0.0125313252,0.0118168206,0.0174731558,0.0167410672,0.0244565725,0.0134357248,0.00845069366,0.0181634592,0.00847456212,0.0309352768,0.0237388952,0.0287356177,0.0167463928,0.0179190724,0.025817545,0.0320823249,0.0213675509,0.0103711635,0.0225224883,0.0144057525,0.0199999892,0.0520984752,0.0112867032,0.0117493338,0.0555556039,0.0123966898,0.0185497381,0.0144230999,0.0127795364,0.0228571186,0.00740742467,0.00335571054,0.01525427
0.0550206902,0.0146596876,0.0377668283,0.0178807709,0.0161498577,0.0219032926,0.0151260389,0.0196353106,0.0153333302,0.00897920919,0.0185873719,0.0227021234,0.0115473152,0.0141766559,0.010253308,0.0191815614,0.0166468403,0.0131434897,0.0314424043,0.0170212783,0.01287552,0.0219178071,0.0138888896,0.0126835514,0.0250391582,0.0143603009,0.0152284681,0.0217391522,0.0275545781,0.0468510576,0.0142095811,0.0185959944,0.0351562321,0.0167741868,0.0237341969,0.0139534874,0.0232258339,0.0226244668,0.0127167723,0.0121950962,0.0263472503,0.0433911865,0.0131578708,0.0253238836,0.0159680652,0.0104712042,0.0101580325,0.0243128454,0.0164634088,0.0299999828,0.0216244453,0.046491283,0.0109717989,0.0202206083,0.0484450145,0.00585480094,0.0131108696,0.0172084414,0.0161090644,0.0116580524,0.00136611926,0.0309632885,0.00840335664,0.02553192,0.0119797927,0.0163296938,0.03021585,0.0107816792,0.0134730813,0.0216138,0.0182992693,0.0276203825,0.0138067247,0.0139081894,0.0183861071,0.00826904463,0.0369565852,0.0290964821,0.0303907818,0.0171624362,0.026817631,0.0266159778,0.0326757218,0.024581642,0.0118279706,0.0277777406,0.0185643198,0.0194986154,0.0450516934,0.0115340144,0.0108695949,0.0527457211,0.0118384697,0.0225443119,0.0125545757,0.0119047576,0.017274504,0.00993791871,0.00458715972,0.0210526544
0.0473900748,0.0139335318,0.033333295,0.0185950416,0.0177631486,0.0171073146,0.014362641,0.023909996,0.0154570032,0.00636007451,0.0214917801,0.0300668206,0.0092060012,0.0170757958,0.00931678737,0.0184696252,0.0158343621,0.0123180196,0.0321523115,0.0143884922,0.0140540465,0.0185449026,0.0136829948,0.0137930972,0.0241546183,0.0221642611,0.0185643354,0.0222222416,0.026159346,0.0511364325,0.0136363557,0.0179339857,0.0393386639,0.0140127773,0.0269360232,0.0150987327,0.0270618397,0.0287878339,0.0146713625,0.0096952799,0.0255427931,0.0445478663,0.0142045116,0.0316481626,0.0142857189,0.00795756255,0.0117785976,0.0273311858,0.0180572918,0.0288000202,0.0196506547,0.0561694578,0.0139751709,0.0205607687,0.0427045778,0.00598800926,0.0123152741,0.0156249678,0.0181347475,0.0127877037,0.00140448971,0.0387324806,0.00858893693,0.0276968494,0.0125298517,0.0139319026,0.0278184425,0.00899032623,0.0151745015,0.0163446895,0.0167026051,0.0318517996,0.0118110027,0.0198469711,0.0192719223,0.00719023371,0.0452585949,0.0306603851,0.02877695,0.0176406216,0.0375616335,0.0238095499,0.0298601694,0.024946909,0.0128479227,0.0322580719,0.0180878461,0.0152777894,0.0448529949,0.013382012,0.013404815,0.048580047,0.00983142685,0.020504743,0.0114130522,0.0165794,0.0180360868,0.0110974333,0.00574055207,0.0199999842
0.051581804,0.0151025057,0.01820945,0.018759,0.0175552572,0.0176849092,0.0124334,0.0239725852,0.0157967189,0.00922329698,0.0208333298,0.0367646751,0.00916382514,0.0190583096,0.0101796055,0.0161507811,0.015,0.0145414017,0.029182898,0.014326621,0.0130293439,0.0191176614,0.0155875219,0.0140449125,0.0151770564,0.021099724,0.0158536476,0.0246113973,0.0301527777,0.0577234827,0.0109689236,0.0113636164,0.0419580449,0.0101911168,0.0305755237,0.0137931383,0.0250659485,0.0303030185,0.016853938,0.0110192767,0.02679739,0.047892679,0.0144927871,0.0345107784,0.0197238702,0.00688705145,0.0121359007,0.0294432364,0.0171974788,0.0256409926,0.0184331899,0.0652173485,0.0138036726,0.020637891,0.0429262687,0.00629723488,0.0124532968,0.0122699515,0.0198412548,0.0109755876,0.00145138055,0.0476772324,0.0115979414,0.0257186257,0.013157883,0.0112359512,0.0315186047,0.0149031076,0.0212765979,0.0137614464,0.0146596694,0.0242423964,0.0152963923,0.0248029719,0.0175246589,0.009926828,0.046206842,0.0356589721,0.0235988486,0.0169132932,0.0442804582,0.0288660315,0.0298879817,0.0217160883,0.0121279498,0.031250025,0.0187919268,0.0180240116,0.0390279514,0.015,0.0157274227,0.0512820597,0.0126050345,0.0184899643,0.0107344646,0.0188848732,0.0248446801,0.0109489336,0.00698484524,0.0258302663
0.0497159464,0.0120349923,0.0154711668,0.0165662353,0.015483853,0.0132231207,0.0151515,0.019525802,0.0148964004,0.0146864813,0.0236612804,0.0359146003,0.0143804893,0.0162037008,0.0103911763,0.0129870083,0.0164348836,0.0131868038,0.0262467295,0.0124653555,0.0133481984,0.0234260725,0.0188679804,0.0168776511,0.0169204846,0.0244216159,0.0218160569,0.0253333124,0.0313677069,0.0627089887,0.0120817963,0.01136361,0.0377697596,0.0100376613,0.0303030212,0.0123529323,0.0251655467,0.026234549,0.0168119622,0.0150684795,0.0293333308,0.0465116676,0.0144091971,0.0375153589,0.0216962554,0.0100430396,0.0110564933,0.0356347867,0.0185185115,0.0211931058,0.0176263415,0.0661511606,0.0214723646,0.0166666365,0.0386977884,0.00632111348,0.0120711721,0.0120967882,0.0219619347,0.01423488,0.00147709897,0.0571607737,0.0174029354,0.0238474248,0.0137559574,0.0161550971,0.032496299,0.0203443294,0.0267296211,0.0110063096,0.0188481574,0.0236967005,0.0144927361,0.0289855291,0.0154109369,0.00991648753,0.0416089083,0.0432767712,0.0218703134,0.0171198433,0.048088835,0.0262009097,0.02767522,0.0226537473,0.00887904293,0.0360110442,0.0150273212,0.0211640646,0.0360902072,0.015170655,0.014943956,0.0428359657,0.0152990179,0.0188679404,0.0128779283,0.0245454429,0.0337690916,0.0143198186,0.00925927037,0.0305343563
0.0524781931,0.0100446304,0.0122448753,0.0109717912,0.0128865973,0.0134679919,0.0133333407,0.0206043929,0.0166240128,0.0184630718,0.0235731611,0.0332168007,0.0143171663,0.0178147473,0.0100117899,0.0131406022,0.0182054757,0.0132890383,0.0231959116,0.0121950968,0.0161830189,0.0213089872,0.0239234212,0.0165975527,0.0229277222,0.0231065802,0.025821618,0.0290237397,0.0318877496,0.0682926859,0.0112676016,0.0121765553,0.0360303349,0.010296005,0.0303030248,0.0101237379,0.0274869,0.0269607754,0.0184949083,0.0175675667,0.0343203834,0.0504808125,0.012838789,0.0417185408,0.0211945709,0.0127118669,0.0125,0.0411355663,0.0126939538,0.0229068052,0.0160905792,0.0691768079,0.0241327518,0.0145985641,0.0344156206,0.00770218476,0.00700639179,0.012,0.0259938766,0.0145903156,0.00426135128,0.0687898936,0.0147255678,0.0213465141,0.0111371521,0.0111287793,0.035460975,0.0182724254,0.0316046174,0.0130932778,0.0195876459,0.0259026892,0.0101663545,0.0277402103,0.0181498873,0.0106167683,0.0386631946,0.0504587414,0.0214285647,0.0184108351,0.0515923974,0.0223713742,0.0221027225,0.0221382208,0.0105386362,0.0257879674,0.0141642936,0.0280611853,0.0399999568,0.0170604038,0.0139417029,0.0364655509,0.0137931044,0.017621167,0.0156075722,0.0265081846,0.0438202132,0.0144927688,0.00833335092,0.0305927807
0.0653451231,0.0113250119,0.0145118526,0.011272159,0.0127876997,0.0126125985,0.0159744155,0.0219478664,0.0188442057,0.0180180108,0.0221674889,0.0308343492,0.0151515037,0.0140664773,0.00973657588,0.0119205025,0.0193637863,0.0116897041,0.0204342278,0.015903271,0.0219399261,0.0230768956,0.0305997692,0.0138888997,0.0288461829,0.0242537003,0.022883263,0.0261744897,0.0287049368,0.0641233483,0.0118577117,0.0155763169,0.0348684426,0.00895139179,0.030797048,0.00610434061,0.027415121,0.0285234725,0.0143415744,0.0208333004,0.0324586186,0.0564319677,0.0174165691,0.0509202415,0.0209125505,0.0125348312,0.012578602,0.0447154537,0.0101744327,0.0248796278,0.0234278964,0.0817875176,0.0331325236,0.0178253014,0.0383091058,0.00916230458,0.00939595972,0.00784311875,0.0221169165,0.0119825567,0.00857142077,0.0719041811,0.0167131382,0.0196078841,0.0138888958,0.010819175,0.0327169358,0.0176991037,0.0439296673,0.0101522976,0.0208550383,0.0274193434,0.0149647709,0.0277401839,0.0163742585,0.0103652511,0.032450293,0.0524738115,0.0234248771,0.0187441364,0.0461638335,0.0233645089,0.0271492864,0.0204188857,0.00951247886,0.0154799005,0.0183098418,0.032967,0.032915364,0.0154043889,0.0141277535,0.034883744,0.0168302559,0.020260511,0.0169683117,0.030685869,0.0477272942,0.0198366242,0.0108564527,0.0316204923
0.0721501735,0.0132794187,0.0144736875,0.0140625,0.0154043858,0.0154142398,0.0156739906,0.0310296275,0.019059744,0.0185370485,0.0228716758,0.0320987787,0.0138592954,0.0126835696,0.0128348059,0.0133869006,0.0183615928,0.0108577892,0.0188917334,0.0184275006,0.0244186139,0.0225080498,0.0320435284,0.0094339666,0.0247618947,0.0217391393,0.0258810514,0.0308123225,0.0284327118,0.0631194729,0.010584658,0.0158729984,0.0335664126,0.00783289047,0.0305206114,0.00541711168,0.0295301794,0.0326854891,0.0180180096,0.0256739644,0.0356632911,0.0539393946,0.0219941622,0.0520446086,0.0231316856,0.012295078,0.0137156936,0.0439624308,0.0169491356,0.0253566152,0.0265603995,0.0899653993,0.0410094878,0.016157976,0.0391362643,0.010825435,0.0100755832,0.00767756207,0.0183639482,0.0127524,0.011235946,0.0730411235,0.0184659028,0.0181518782,0.014585752,0.010703362,0.0306122476,0.0201465,0.0450819799,0.0121107022,0.016666679,0.0235690137,0.0203539955,0.0287671097,0.0167463947,0.010941958,0.029294237,0.0491283631,0.024,0.0190735603,0.0518373437,0.0266344004,0.0238352895,0.0182555865,0.0105139847,0.0197368054,0.0204082104,0.0367394075,0.032,0.0156657797,0.0195497336,0.0304404261,0.0185714338,0.0226585735,0.0198456555,0.0315884022,0.056451661,0.0222349047,0.00961538096,0.0355730472
0.0777125786,0.0169902802,0.0144357173,0.0163043574,0.017369673,0.0136452476,0.0160350107,0.0346320093,0.018633568,0.0170511556,0.016905073,0.03167704,0.0128479376,0.0135714183,0.0122905201,0.0160857927,0.0160583769,0.0121693021,0.0173913286,0.0210280074,0.0293083012,0.0189328774,0.0382205546,0.0107527054,0.0245282766,0.016374251,0.0283911228,0.0352303497,0.0297176698,0.0712487322,0.0131578834,0.0125588775,0.0308555065,0.00954980971,0.0255941036,0.0066666562,0.0318559349,0.0291970897,0.0171730388,0.0257069672,0.0320699563,0.0541764678,0.0230215408,0.050486653,0.0243478224,0.0184397156,0.0125470839,0.0449029428,0.0179152741,0.0317073613,0.0272596724,0.0821554838,0.0387096594,0.0163934203,0.04539393,0.0126582254,0.0101137723,0.00938084775,0.0314136,0.0107642717,0.0107095195,0.0715240721,0.0242510129,0.0186125398,0.0141176435,0.0131771672,0.025787924,0.0150943094,0.039182298,0.0156794425,0.0186721588,0.020797221,0.0214492597,0.0308988485,0.0134969205,0.00864552758,0.0244565956,0.0527597884,0.0230642399,0.0171124557,0.0452729908,0.029197094,0.0255590938,0.0152709318,0.0116278964,0.0249110415,0.0190895921,0.03440859,0.0345963862,0.00795756016,0.0223266879,0.0295970103,0.018005519,0.0183206262,0.0191226158,0.0225303081,0.0775462692,0.0258717604,0.00855743675,0.0303644082
0.0872092598,0.0241935361,0.012080515,0.0208655598,0.018315,0.0194175049,0.0164158854,0.0393013316,0.015931378,0.0179104554,0.0149625793,0.0279584003,0.0150375744,0.0116618229,0.0111228694,0.0130719033,0.0181268546,0.0103627089,0.0154702608,0.0170260822,0.0297974666,0.0239852552,0.0408163053,0.010781673,0.0296442263,0.0083333655,0.029149513,0.0364372965,0.0271493422,0.0762590512,0.0172990873,0.00988468605,0.0285924286,0.0112675938,0.0246045731,0.00880087798,0.0372928666,0.0292968333,0.0209150373,0.0242346907,0.0279822968,0.0682802889,0.0252453895,0.0537173176,0.02329451,0.0193905623,0.00879395745,0.05407054,0.0220713007,0.0276461658,0.0289193407,0.0827401636,0.0422185407,0.0162748836,0.058744947,0.0128755864,0.0119331984,0.0130841179,0.0284191943,0.0121412796,0.0162822073,0.075104367,0.0255255051,0.017035797,0.0142179835,0.014064701,0.0211565606,0.01458332,0.0335570533,0.0126353473,0.0137566067,0.0240641576,0.0257270575,0.0336750028,0.0150753668,0.0084507003,0.0189189187,0.057377013,0.0240549709,0.015177316,0.0421195763,0.0272953047,0.0254507315,0.0150631649,0.0116414227,0.0340909057,0.0222882707,0.0371859959,0.0353535366,0.00815219707,0.0192531944,0.0296251765,0.0203251637,0.0268256185,0.0234113589,0.0280209601,0.101616752,0.0332225517,0.00946744114,0.0303643812
0.0933823956,0.0289202869,0.0107816818,0.0193199394,0.0154762292,0.0185185063,0.0177665284,0.0364431882,0.0167464009,0.0212355039,0.0156815327,0.0218253822,0.0118407094,0.0134328587,0.0106044855,0.0128369991,0.0205047457,0.00931678786,0.0133983209,0.0227790103,0.029304,0.0204842007,0.052971574,0.0120482178,0.0321931248,0.00808311445,0.0277777453,0.036030361,0.0272,0.075976932,0.0174943785,0.0120068901,0.0255474367,0.0103857604,0.0264054938,0.0118662438,0.039017415,0.0349793939,0.0243277739,0.0247831692,0.0338733107,0.0713169393,0.0235457013,0.0487556283,0.0212765911,0.0233838036,0.00755669219,0.0526945242,0.0212389234,0.0254629455,0.027375209,0.0864527222,0.0342809544,0.0146252107,0.0622490476,0.0101302618,0.0115207055,0.0114722985,0.0273723066,0.00895855731,0.0198938833,0.0721997627,0.022900798,0.0207972137,0.01304864,0.015436237,0.0207182475,0.01489362,0.0328282992,0.0143884774,0.0139484726,0.0296167224,0.0231182628,0.0353383214,0.0191571073,0.00759013086,0.0178082085,0.0418641731,0.0204081592,0.0177966231,0.0459459072,0.0316301893,0.0268052297,0.0173913088,0.0107015359,0.026515142,0.0217076993,0.0413758881,0.0417362688,0.00826446074,0.0234285846,0.0357142625,0.0194552616,0.0297805866,0.0279361783,0.0314685157,0.110070293,0.0361842177,0.00830368332,0.033398837
0.094632845,0.0378589781,0.0096153949,0.0270479516,0.0152403031,0.0239520799,0.0187580784,0.0382395096,0.0142179867,0.0198863716,0.016706459,0.0216782933,0.00861143491,0.0121580746,0.0111675356,0.0114503406,0.0176848897,0.00799200583,0.0168119563,0.0258241948,0.027465703,0.024,0.0566406566,0.0175202265,0.0344827724,0.00914287963,0.0243464329,0.03865338,0.0244299361,0.0835616302,0.0162693499,0.0154374248,0.0274888011,0.0110062972,0.0257475131,0.0127523923,0.0409956694,0.0387096794,0.0237466857,0.0234857632,0.0424597504,0.0713131,0.026845645,0.04146242,0.0228758337,0.0220082731,0.00744415129,0.0542959837,0.0213143872,0.0234493223,0.0307692158,0.0771992515,0.0355285848,0.0201464984,0.0580774731,0.0128023188,0.0122631171,0.0134357233,0.019400356,0.00969213601,0.0179487045,0.0663600134,0.0240770633,0.0323129374,0.013905,0.0192802067,0.016620468,0.0151187917,0.0331587934,0.0157617935,0.0164473655,0.0305755282,0.0245725953,0.0345622068,0.0198019478,0.00785854803,0.012278323,0.042673132,0.0117449397,0.0153489783,0.0460944487,0.0247524913,0.0268571382,0.013513493,0.0130796613,0.036,0.0233667349,0.0485111144,0.0340531265,0.0130246243,0.0272525187,0.0306962267,0.0176767957,0.0365853551,0.0288461443,0.0330356734,0.104783681,0.0438405671,0.00817754918,0.0301205108
0.0981767552,0.0394021662,0.0082644614,0.0318181725,0.0143513598,0.0244399468,0.0144110171,0.0369317544,0.0129411744,0.0167442177,0.0150987203,0.0174418676,0.0088691784,0.0102489105,0.00920241549,0.0144057502,0.0177705954,0.00873786863,0.0157431028,0.0384192439,0.0300896479,0.0232108593,0.0580645074,0.0195821992,0.0327868741,0.00682595898,0.0228353938,0.0384168026,0.0280528584,0.0800866132,0.0148571693,0.0136986411,0.0255024031,0.0175159418,0.0261382609,0.0132596428,0.0390015721,0.0381165989,0.0355263387,0.0166270918,0.031791927,0.0705435544,0.0307898608,0.0341627228,0.0210355835,0.0188934,0.00844389792,0.0595519987,0.024955427,0.0222734436,0.032846739,0.070512822,0.0355239716,0.0279329774,0.0564202324,0.0124826555,0.0120481819,0.0158102397,0.0205128164,0.0113636225,0.01662401,0.0634920562,0.0280991482,0.0398906773,0.0154211083,0.0216346006,0.0133333203,0.0239130078,0.0278261089,0.0203735042,0.0166113055,0.0286737994,0.0218536284,0.0373609107,0.0194410911,0.0100502807,0.01104975,0.0466563291,0.0145867304,0.0192534202,0.0475530248,0.0305164295,0.0278099836,0.0186567229,0.0117233181,0.0426356926,0.0265804347,0.047821968,0.032646071,0.0147492758,0.0361381096,0.0314445557,0.0171568715,0.0525913842,0.0296296061,0.0324561531,0.114942596,0.0372947565,0.0128956561,0.0324543903
0.092957707,0.0399187872,0.00675675169,0.0347633083,0.0130486489,0.0253411339,0.0146198817,0.0354278518,0.00894989134,0.015902717,0.0146067799,0.0147059012,0.0108814032,0.00977654267,0.00812183813,0.0199063272,0.0200668864,0.00862895955,0.0129032097,0.0463386554,0.0351458843,0.0223463602,0.0661576927,0.0235294169,0.0292842006,0.00671891657,0.0266728,0.0363941247,0.0255536885,0.0802920191,0.0154639498,0.0162748596,0.0245642246,0.0205696445,0.0247525066,0.014115113,0.039800918,0.0444964675,0.0444146291,0.0169286588,0.0358679686,0.0696638179,0.0327225049,0.0328526041,0.0193548248,0.0200266852,0.0086313423,0.0628672625,0.0277264253,0.0235109903,0.037664794,0.0680147795,0.0311355,0.0318352168,0.0505688337,0.012448161,0.0110374971,0.0183299378,0.0201004848,0.012471655,0.0173482245,0.0659268601,0.0318020751,0.0374592729,0.022274322,0.0246843122,0.019568162,0.02471909,0.033444804,0.0250809005,0.0165198023,0.0299823779,0.0228706848,0.0334370321,0.0188457338,0.0123202814,0.0121950862,0.0444617811,0.0144927632,0.0204051219,0.0465897779,0.0296127282,0.0314685251,0.0167910561,0.0129108088,0.049180323,0.0245098054,0.0486307849,0.0300884845,0.0152904979,0.0464509207,0.0265345534,0.0170588112,0.048120366,0.0287081237,0.0329566967,0.108009673,0.0399706134,0.0123456563,0.0371901085
0.0886426418,0.035810859,0.0082417572,0.0405007304,0.0117096019,0.028142571,0.0126727844,0.0288713764,0.00996481853,0.0124282988,0.0121816244,0.014970077,0.0140692517,0.0109739136,0.0103412877,0.0222222131,0.0222602722,0.00956938262,0.0129701944,0.0480998,0.0343915228,0.0229445838,0.0871500755,0.025786137,0.0302325606,0.00786519567,0.0298756274,0.045161333,0.0262237464,0.099642033,0.0168729132,0.0151515048,0.0160256148,0.0177705965,0.0232944879,0.0154015415,0.03608241,0.0406697944,0.0461038727,0.0179425684,0.0346319823,0.0718636063,0.0330310718,0.0317163546,0.0141287372,0.0209204916,0.00986439668,0.0608433752,0.0279329673,0.0299684583,0.042,0.0593434226,0.0295202864,0.0368323934,0.0473411034,0.00949794934,0.00971918874,0.0202019978,0.0163934079,0.0187224498,0.0160890736,0.0686528848,0.0320855413,0.036624225,0.0240384413,0.0265439007,0.0217105287,0.0278969505,0.0308848546,0.0222039644,0.0178971097,0.0316344591,0.0253846006,0.0277349694,0.0183276432,0.00954404475,0.0121293845,0.0434783396,0.0148270387,0.0212568739,0.0423769127,0.0296912167,0.0303392706,0.017690889,0.0100783757,0.049792562,0.0200276496,0.046089426,0.0339285659,0.0155279654,0.0481557448,0.0254974618,0.0157526102,0.0505200293,0.0262515,0.0305343752,0.119949445,0.035883504,0.0134378419,0.0432220627
0.0814668887,0.0381578608,0.00943397255,0.0491329612,0.00914632881,0.0270757778,0.0134983189,0.0231829416,0.00954566495,0.0129224629,0.0145089088,0.00863422896,0.0196078222,0.00903224874,0.00846559992,0.0230414489,0.0213523226,0.00957854878,0.0128865974,0.0490074093,0.0289655294,0.0253623262,0.0907929157,0.0279542961,0.0304449667,0.00702576281,0.0321663456,0.0423819825,0.0209059309,0.109992523,0.0152671631,0.0117967335,0.0140845285,0.0211039268,0.0247933778,0.0163043574,0.0361445455,0.0478589191,0.0477793768,0.0157194662,0.0398550976,0.07677669,0.0348386877,0.0283132363,0.0124610395,0.0181311054,0.0115681499,0.0539877219,0.0285978103,0.0250404053,0.0310621225,0.0579987683,0.0472727591,0.0328467457,0.0368349908,0.010781677,0.0127659589,0.0205338778,0.0126183076,0.0163847633,0.0156062394,0.0733590927,0.0302457818,0.0322834058,0.0312876403,0.0246405826,0.0208596479,0.0335497513,0.0373376808,0.0213607674,0.021590876,0.0344828052,0.0252293478,0.0362537188,0.0147559415,0.00884952097,0.010567994,0.0357142568,0.0135363819,0.0337186847,0.0387205096,0.0300668253,0.0340501575,0.0208333242,0.0113507357,0.0420168235,0.0204225222,0.0510597771,0.0238531881,0.0125195909,0.0485338437,0.0252844542,0.0203850194,0.0548686595,0.0303969837,0.0329456987,0.0981183142,0.0284281017,0.015469585,0.0447316161
0.0742404581,0.0293367098,0.0121130819,0.0502092849,0.0115853509,0.0213903717,0.0123318521,0.0244755,0.0123874341,0.0100502722,0.0118407196,0.0096,0.0212089311,0.0127064826,0.0116150338,0.0225988598,0.0226876,0.00748363701,0.0104849649,0.0556285717,0.0258855819,0.0327731297,0.0930086953,0.0261193868,0.036144587,0.00839327631,0.0326340642,0.0429318854,0.0213523251,0.117051072,0.0148619721,0.0160377233,0.00930234047,0.0219594768,0.0245901594,0.0116537392,0.0403128874,0.0421053187,0.0543046213,0.013126507,0.0449437551,0.0676691932,0.0442708281,0.0311750388,0.0145929388,0.0252996175,0.0128866066,0.0565217185,0.0295237756,0.0227272834,0.0383064831,0.0498686921,0.0566037034,0.0344202528,0.0190476152,0.010335923,0.0128479362,0.0240585868,0.0119403063,0.0160787961,0.015931378,0.0716753301,0.0306513588,0.0286377817,0.0288342974,0.0199999859,0.0223602717,0.0397959213,0.0382059453,0.0196541118,0.0250854975,0.0382003298,0.0239567623,0.0338504776,0.0118407236,0.0117095953,0.00919842488,0.0279569502,0.0152284312,0.0509079589,0.0394547903,0.0269058124,0.0281359903,0.0201922958,0.0125284394,0.044,0.0214899415,0.0515063091,0.0182815095,0.0163132086,0.0530973955,0.0286990003,0.0189732001,0.0518018198,0.0274790724,0.025096492,0.0927977645,0.0291529292,0.0171270533,0.0629920268
0.0631969382,0.0247148453,0.0145118625,0.0574555907,0.0146878828,0.0196428469,0.0123180313,0.0259009478,0.0113895046,0.00920243488,0.0104383993,0.0116279131,0.0225872629,0.00990096891,0.0129943374,0.0219780086,0.0209059167,0.0064338231,0.0132801952,0.0608675922,0.0229729563,0.0374800874,0.101109749,0.0245398366,0.0328638662,0.0087281713,0.0358468703,0.0399999992,0.0199275006,0.123749531,0.017410239,0.0168985962,0.00771604969,0.0222221998,0.0256849348,0.0106502379,0.039579486,0.0390625709,0.0525965974,0.0105139899,0.0450762778,0.0567464749,0.040119458,0.031322462,0.0137825376,0.026041628,0.0152671526,0.0621890511,0.0289178777,0.0222734413,0.0431034772,0.0458415217,0.0598859344,0.0293610229,0.017687066,0.0112359602,0.0116772737,0.0339322043,0.0189504329,0.0133196685,0.016624017,0.0781810214,0.0299401631,0.0341945885,0.0245215256,0.0190657849,0.026993837,0.0396518725,0.0463576044,0.0179687545,0.0290022936,0.0338983558,0.0257575507,0.0446071901,0.0113518911,0.014652,0.0138018025,0.0247967362,0.0202020098,0.064192545,0.036849737,0.0271398868,0.0274136218,0.0199805082,0.0134408734,0.048,0.0233236509,0.0483716581,0.0145719429,0.0195758488,0.0510912536,0.0332903627,0.0160256901,0.05891242,0.0295823323,0.0204841806,0.106104704,0.0289301311,0.0172031333,0.0712788071
0.0631768165,0.02625,0.0172185079,0.0637858798,0.0176767655,0.0159858032,0.0132304431,0.0217155281,0.00993375735,0.00665301186,0.00926880703,0.0152284285,0.0210304566,0.0101010331,0.0193156654,0.0209677583,0.0188356439,0.0053475952,0.0104166465,0.0740478737,0.0229659011,0.0394932951,0.101930029,0.0242537093,0.0308057014,0.00774193084,0.0349599873,0.0410011138,0.0176678127,0.125877253,0.0192519261,0.0171717045,0.00616331741,0.0207254383,0.0212389255,0.013544029,0.0401757536,0.0404312798,0.053149596,0.0114678991,0.0406504285,0.0459119596,0.0330230501,0.0257270797,0.0135908554,0.0354430467,0.0225515561,0.0656566427,0.0288640683,0.0270898038,0.0368879622,0.0388783147,0.0645472074,0.0210016243,0.0130854012,0.00845411364,0.0114702594,0.0315399126,0.0167597958,0.0118929571,0.0141025373,0.0839294541,0.0253164208,0.0376105525,0.0263157916,0.0181395593,0.0277778261,0.0361781299,0.0503246816,0.0197161157,0.0330969031,0.0514334179,0.0306278114,0.0446540196,0.013078488,0.0161289827,0.0196318459,0.0214401097,0.0222930107,0.0754749851,0.0323529764,0.0297618821,0.0234741909,0.0201771636,0.0115911391,0.0486891181,0.0222222107,0.0454545359,0.0197132325,0.0195122268,0.0421511154,0.0409510985,0.0147835556,0.0617559472,0.0296208201,0.0219377949,0.111620727,0.0290252061,0.0187431385,0.0833333133
0.0576251408,0.0207065129,0.0213032489,0.0567424246,0.0173697054,0.0123674699,0.0138121367,0.019999987,0.0147225166,0.00802139853,0.00812184495,0.021848742,0.0181269015,0.0110294056,0.0201524718,0.0223028504,0.0176678089,0.00357781537,0.0137671612,0.0794798623,0.021491782,0.045588179,0.100997501,0.0299251685,0.0278422508,0.00902061865,0.0330508973,0.035937527,0.0174216035,0.124210039,0.0179543039,0.0123456714,0.0118518342,0.0212389096,0.0228471237,0.0145454543,0.0461689548,0.0314960271,0.055706525,0.00930232056,0.04347819,0.0417704916,0.03671944,0.0208561617,0.0171939869,0.03375,0.0255235513,0.0697674491,0.0283363636,0.0228658557,0.0365854307,0.0379829976,0.0675944262,0.0173192561,0.0111265587,0.00838320916,0.012486988,0.0391304187,0.0186666606,0.012596891,0.0140485383,0.083333335,0.0218818132,0.0422031834,0.0254027148,0.0161145955,0.0263736116,0.0303030121,0.0640589859,0.0219869522,0.0344009559,0.0569727343,0.0318181592,0.0479214158,0.01175866,0.0185413641,0.0225118127,0.0204582604,0.0192926208,0.0965480359,0.0244604061,0.0278329886,0.0246609263,0.0258033077,0.0136125663,0.0451388645,0.0237388914,0.0413983473,0.0217785737,0.0150753631,0.0395852329,0.0529986421,0.0148304895,0.0587371524,0.0304093371,0.0214669053,0.110769179,0.0246440237,0.0207650588,0.0932914184
0.0664375254,0.0163551023,0.0223784766,0.0638432657,0.0193236767,0.0175438919,0.0173961731,0.0154480024,0.0174215937,0.00681738798,0.00810536219,0.0299003391,0.0167487634,0.0106382728,0.0196936547,0.0208119879,0.0173010287,0.00707964478,0.0145630721,0.0815451128,0.0176100519,0.051244502,0.0971881665,0.0372004281,0.033256899,0.00911456916,0.0317991505,0.040104194,0.0168634084,0.117054286,0.0193236798,0.0117187131,0.0112835205,0.0163511247,0.0209424,0.0163934123,0.0482625617,0.0338541926,0.0556318516,0.0105509886,0.0437908542,0.0320987784,0.0380386743,0.0228621218,0.018637493,0.0335404314,0.0314861891,0.0744417031,0.0266430053,0.0222222191,0.036437207,0.0293577827,0.0725646382,0.0197947355,0.0115645923,0.00941176593,0.0145529926,0.038392819,0.019922872,0.0114068438,0.0138539347,0.0907407681,0.0202246967,0.0530409721,0.0227272711,0.016256546,0.02221077,0.026362046,0.072790249,0.0205479697,0.0418203902,0.062709035,0.0319149127,0.0513638185,0.0118191186,0.0220318286,0.0208574958,0.0167464492,0.0235849253,0.111534202,0.0225670167,0.0251937806,0.0263488268,0.0250723431,0.0151361939,0.0528052573,0.0216741576,0.0378038157,0.0204777865,0.0141955955,0.0329067822,0.0561959808,0.0147523655,0.05431763,0.0286697353,0.0235602236,0.0970148766,0.0214285648,0.016834971,0.0835094775
0.0743847809,0.0171037624,0.0255427997,0.0686747221,0.0209065852,0.0157342517,0.0176336861,0.0151822152,0.0162790538,0.00645857735,0.00678294381,0.0330033702,0.0133971299,0.0141935443,0.0200222578,0.0195674845,0.0235690177,0.00795052679,0.0132052874,0.0894135517,0.0156815322,0.056277,0.101010097,0.0400763155,0.0353074736,0.0108142333,0.0259413849,0.0341968974,0.0189003155,0.113226811,0.0168161793,0.0106761617,0.00945945259,0.0169902808,0.0203390141,0.0167741708,0.0447471228,0.0399002904,0.0573204347,0.0117371012,0.0449804387,0.0259036303,0.0316840219,0.02774867,0.0157232861,0.0304137054,0.0395549528,0.0824107899,0.0225303095,0.017725248,0.0357852504,0.0261323916,0.063872297,0.01914894,0.00922264692,0.00776054008,0.0176531423,0.0374564695,0.0191326497,0.0106589145,0.0100376696,0.0886224243,0.0208332823,0.0604619513,0.0220500747,0.0135017408,0.0274390329,0.0306644297,0.0937884363,0.0260586028,0.0415647602,0.0598361187,0.0313480254,0.046848599,0.0141955416,0.0239807466,0.0242937617,0.0159490004,0.0235479014,0.129796838,0.0165062181,0.0286259674,0.0249065948,0.0200391015,0.0163099273,0.0435435496,0.0271816977,0.0293602261,0.0231958521,0.0169230566,0.0252659298,0.0627769138,0.0131579199,0.0431373112,0.0268456474,0.0261824477,0.106837604,0.0205099972,0.0177724779,0.0902636656
0.0763274104,0.0200228444,0.0285006169,0.0783492071,0.0191873685,0.0213903718,0.0153758478,0.0128078718,0.0164319405,0.00869567261,0.0056657222,0.0423011968,0.0134486184,0.012886601,0.0239955245,0.0173267324,0.0260586217,0.00937765723,0.0115207183,0.0805514903,0.0155502302,0.0573770055,0.102464387,0.0419274211,0.0272727519,0.0128041012,0.0204678286,0.0279793161,0.0191304308,0.110907264,0.0158013734,0.0135363801,0.00895138914,0.0167464346,0.0183028249,0.0217983689,0.0401529856,0.0447942057,0.050894142,0.00824500736,0.0375,0.02088305,0.0371341678,0.0300315934,0.017052403,0.0270270232,0.0475609976,0.0805085331,0.0196078608,0.0232896602,0.0404858066,0.0273037292,0.0800821236,0.017976052,0.0104166403,0.00860215389,0.0177083523,0.0413268329,0.0186799581,0.0114722916,0.0102040767,0.0901524874,0.0232018726,0.0702550715,0.0202140265,0.0161009615,0.0276406677,0.025040397,0.0938087172,0.0230263259,0.0480649621,0.0678391174,0.0291858912,0.0390305215,0.0142404754,0.0286783306,0.0237580612,0.0159744381,0.0262345566,0.14726919,0.0173102773,0.02616824,0.0235440075,0.0204280251,0.0176946009,0.0410557246,0.0362845107,0.0307498045,0.0263440689,0.0162962903,0.0192307603,0.0660091755,0.0111223143,0.0395062012,0.0272628124,0.0234009368,0.111405931,0.0207631365,0.0144578368,0.0898662849
0.0746880711,0.0197294555,0.0317459906,0.0709343157,0.0182521754,0.0268336556,0.0180652545,0.0109235431,0.0169286523,0.00895855875,0.00656045008,0.0443685471,0.0126459271,0.01437909,0.0282167266,0.0188866689,0.0269841162,0.00915141364,0.0137142995,0.0816666782,0.0154577887,0.0622348319,0.10779221,0.035087726,0.0254041667,0.0111662364,0.0155440413,0.0267489873,0.0156521595,0.111271195,0.0126728015,0.0217729472,0.00862070083,0.0172672553,0.0183333714,0.0287769883,0.0440646997,0.0444711793,0.0494429203,0.0129717304,0.0302096836,0.0172413905,0.0395189364,0.0332986333,0.0119760083,0.0242130531,0.0675836841,0.080063388,0.0204724075,0.0259740169,0.0419162128,0.0210355835,0.0898436949,0.0186615098,0.0129198894,0.00858367622,0.0180084636,0.0418654384,0.0155502146,0.0117878172,0.0102959999,0.100295046,0.0259433905,0.077877698,0.01938425,0.0186620616,0.0272515591,0.0233644731,0.100200397,0.0256622708,0.0524345052,0.0694214658,0.025954222,0.0357587628,0.0141766607,0.0351514947,0.0249745385,0.0224,0.0279937878,0.154098972,0.0119205251,0.030075203,0.0228426629,0.0144787621,0.0149402268,0.0416666688,0.0407876694,0.0267175558,0.032008839,0.0144717886,0.0181503983,0.0651491168,0.0120482146,0.0319662437,0.0309782981,0.0262751571,0.108585885,0.0176211209,0.0156815305,0.0830356602
0.0744234572,0.0186567308,0.0282791962,0.0798649817,0.0174291628,0.0281195189,0.0176678582,0.0128968194,0.0192539162,0.00800913152,0.00682439035,0.0521007717,0.0108803139,0.0117955804,0.0236447294,0.0186091913,0.0265151111,0.0117746101,0.0145576498,0.0843108578,0.0133494927,0.061181439,0.106438932,0.0330477506,0.0305164545,0.013285023,0.0175063992,0.0269430143,0.0157342549,0.112853302,0.0115074917,0.0232558353,0.00970872417,0.0169616857,0.0196399098,0.0338732295,0.0417406988,0.0442584121,0.0509194321,0.0153121551,0.0221401734,0.0209944766,0.0445004106,0.0351437154,0.0139860056,0.0177440208,0.0725235429,0.0838299399,0.0164424587,0.0273668752,0.0409836167,0.0186625183,0.0985130369,0.0159032994,0.00890581608,0.0075350045,0.0196078379,0.0320209735,0.0136986116,0.0138339785,0.0100628819,0.106128546,0.0365853574,0.0824956693,0.0184544295,0.021618435,0.0254515347,0.0214968424,0.114906874,0.0271646407,0.0558968389,0.0708190929,0.0269865,0.0276735075,0.0120000113,0.0403129028,0.0274450601,0.0251968136,0.0297340064,0.154397778,0.0136186788,0.0237642721,0.0247395811,0.0120423754,0.013,0.0256410167,0.050420198,0.0194214772,0.025857221,0.0111420725,0.013913312,0.0616,0.0129224613,0.0213004583,0.0286659451,0.0244274939,0.0969080272,0.0139935789,0.0148698977,0.0696864223
0.0778019766,0.0178389737,0.0391254873,0.0891472515,0.0180722835,0.0340715869,0.0204819326,0.009462153,0.0188106458,0.0106761583,0.00837003392,0.0588709241,0.0127551204,0.0152477959,0.0256264087,0.0151228871,0.0288184188,0.0139982601,0.0138121325,0.0844155585,0.0133983028,0.0646492316,0.117607468,0.0257037918,0.0290557177,0.0128956582,0.017402365,0.0252365709,0.0146519999,0.107999927,0.0132488336,0.0243572402,0.00941176179,0.0145985125,0.0181518435,0.0394737118,0.0393356712,0.055944,0.0413165276,0.0145102836,0.0243221324,0.0222342742,0.0431726894,0.039054457,0.015118763,0.0160296151,0.083139129,0.0839133895,0.0140845,0.0309352205,0.0428265111,0.0177706141,0.0944881973,0.0181378442,0.0103225558,0.00751071932,0.0207039719,0.03129894,0.0093612266,0.0144566325,0.00887199876,0.095652229,0.0404040541,0.0928511669,0.0174825087,0.0257428848,0.0276953545,0.0250760195,0.126283664,0.0339557734,0.0521843995,0.0632582245,0.0220912772,0.025094742,0.0142045279,0.0430539833,0.0281826394,0.0289855551,0.0320611129,0.157068887,0.013496149,0.0216165446,0.0252918385,0.0100478526,0.0108588235,0.026109707,0.0586592112,0.0156895136,0.0236156287,0.0110803209,0.0144483445,0.0719936679,0.0166994107,0.0190274749,0.0269396921,0.0271903052,0.0866534261,0.0107181046,0.0163316491,0.0693240857
0.0759493945,0.0182186396,0.0453037606,0.0872928975,0.018518491,0.0352348447,0.0249376588,0.00823642734,0.0204714136,0.0135134999,0.00973450769,0.07119472,0.0157841091,0.0176544311,0.0226160957,0.0113636355,0.0290858369,0.0141342714,0.0125284584,0.0810419165,0.0157384757,0.0699345892,0.138297949,0.0243605493,0.0271605335,0.0149769424,0.0154682154,0.0252100966,0.0146251921,0.106985337,0.0140023148,0.0244845385,0.0136518892,0.0184397277,0.014950176,0.0449927049,0.033884299,0.0580865613,0.0410765118,0.0157431107,0.0228796628,0.0206787132,0.041567229,0.0424334824,0.0157067981,0.0151515285,0.086603142,0.0936395583,0.0110192765,0.0380885877,0.0512249728,0.0170278848,0.0907298099,0.0239766077,0.01125,0.00816328073,0.0204081759,0.0287081697,0.00944388246,0.0130616344,0.00784313671,0.0983965374,0.0398009879,0.0920996604,0.0203619808,0.0323730039,0.0354536575,0.0237389181,0.13047839,0.0385038756,0.0461847652,0.0557461655,0.0269503492,0.017206511,0.0170648698,0.0429515,0.0266412474,0.0319488666,0.0290519635,0.155360991,0.0158227752,0.0202108928,0.0326922992,0.00872937906,0.0116279143,0.0251889228,0.06617651,0.015213822,0.0272161828,0.0138121768,0.0167548491,0.0761046897,0.0162368668,0.0185185143,0.0212765966,0.0274809317,0.085661092,0.0105820053,0.0211442752,0.0611887881
0.0675812881,0.0182868234,0.0525761321,0.077765657,0.0154639505,0.0426229741,0.0236025114,0.0105363943,0.0221027312,0.0123609248,0.00961537704,0.0766822687,0.0154321064,0.01752185,0.0251256147,0.0115273785,0.0291667057,0.011680147,0.0116009113,0.0814121293,0.0135802528,0.0682990091,0.146164205,0.025179844,0.0271605268,0.0183333207,0.0163179913,0.025268826,0.0130354005,0.100772292,0.0130331647,0.0257984935,0.0112612766,0.0170940039,0.018549756,0.0444763427,0.0278219772,0.0617977012,0.0385735132,0.0147435905,0.022402504,0.0184404618,0.0401837288,0.0431654306,0.0168243336,0.016069209,0.0879518163,0.101045353,0.0179487057,0.0352112584,0.0535714568,0.0209581265,0.0858283945,0.0193132931,0.0100882432,0.00705641647,0.0186143137,0.0243506627,0.009009,0.0138889228,0.0088945416,0.0972644321,0.0481928,0.0821442989,0.0306122774,0.0394900439,0.0388247634,0.022503527,0.139489427,0.0381827908,0.044006376,0.054973833,0.0265363266,0.0176898867,0.0135746428,0.0427215168,0.0271789996,0.0361067668,0.0329249359,0.155711511,0.025625,0.0220228266,0.0289575336,0.00733944261,0.0103578215,0.0245097975,0.076149457,0.0101791433,0.03096677,0.0135317981,0.0160714261,0.0700000104,0.016728618,0.0185185099,0.0188877574,0.0243902517,0.0826137077,0.0104058233,0.0229468723,0.066666712
0.0560122577,0.0150659137,0.058394092,0.076541856,0.0144341512,0.0415335009,0.0232704163,0.0139289151,0.0214120771,0.00862070302,0.00973451206,0.0912635581,0.0155925136,0.0141277475,0.027559077,0.014,0.0269541619,0.0124999897,0.0129411725,0.0895953876,0.0138017863,0.0725608919,0.151773855,0.02533171,0.0299251974,0.0151991806,0.0188758291,0.0221753069,0.0148147942,0.0960130394,0.010856466,0.0200236034,0.0130151797,0.0158273429,0.0236486659,0.0479548394,0.0253846029,0.0736607171,0.0396706856,0.0125470893,0.0179882411,0.023195853,0.0421687238,0.0444555334,0.0140332556,0.017175567,0.0951806791,0.102402645,0.0171148726,0.03558054,0.0595237464,0.0168971005,0.0742970703,0.0151673964,0.00995023841,0.0080563998,0.0133196689,0.0263158046,0.0106796148,0.0144927835,0.0102040879,0.103139067,0.0451467401,0.0816688977,0.0331491431,0.0431372367,0.0360552248,0.0203755139,0.14949523,0.0426421243,0.0442386905,0.0429071487,0.0282894664,0.0154015429,0.0149892572,0.0506012585,0.0217391157,0.0329153644,0.0287610814,0.156347987,0.0270269894,0.0134706999,0.0277777897,0.00883391084,0.0100640462,0.0257009336,0.0883651776,0.0101296771,0.0309200847,0.0173564725,0.0163636355,0.0731481675,0.0128558453,0.0173076822,0.0154639332,0.0223546898,0.0705328654,0.0122824846,0.0192307813,0.068716127
0.0579053069,0.0123853102,0.0639881306,0.0727481449,0.0144843684,0.0445860348,0.0267516268,0.0135396562,0.0235426518,0.00863133879,0.0107430645,0.0998509649,0.0166320055,0.0114595701,0.0226063993,0.0108803217,0.0280748578,0.0102420958,0.0157384768,0.0810811427,0.0138713525,0.0771462115,0.157616071,0.0232558026,0.032663318,0.0143295644,0.0211794152,0.0172413864,0.0142602394,0.0841764311,0.0108433775,0.0134660317,0.0119176304,0.0173160173,0.020033402,0.0455839863,0.0234848507,0.0651260426,0.0346096903,0.0126103064,0.0184005723,0.0240984295,0.0438972022,0.0364999745,0.0120293244,0.0198463472,0.0806846476,0.114903326,0.0158151421,0.0298245463,0.0564705864,0.0204724163,0.0502007905,0.0148110234,0.00981592226,0.00786627529,0.00989120712,0.0273312365,0.00948766731,0.0186721521,0.0163521746,0.107462756,0.0492663084,0.0715914444,0.0351351817,0.0450405308,0.041798887,0.0215404953,0.165996167,0.0459769989,0.0479115667,0.0359019481,0.029962551,0.0132794139,0.0132274894,0.0490291788,0.0216240271,0.0318664452,0.0284090566,0.155250999,0.0322776918,0.0153959035,0.0340617246,0.00795053302,0.00921659709,0.0326086612,0.103801203,0.00986582506,0.0232383828,0.0183727121,0.0175276786,0.0765407713,0.0130866343,0.0162488303,0.0161943732,0.0227273261,0.0696296121,0.0146914806,0.0165094694,0.066727572
0.0520408467,0.0125111776,0.0657390601,0.07548311,0.0177956627,0.0391849982,0.0219922166,0.0134486152,0.0227021059,0.0111801442,0.0117328451,0.099950351,0.0151975731,0.00903615226,0.0170380309,0.0111223171,0.0264200541,0.0132827376,0.0168877922,0.0814285113,0.01375,0.0745164544,0.168427714,0.0182260289,0.0410959275,0.0142420987,0.0202646797,0.0217864633,0.0152284423,0.0749866932,0.0134638943,0.0118912541,0.0103519925,0.0177252238,0.0205047373,0.0394191338,0.0230414916,0.073022298,0.0252225479,0.0173696947,0.0163736903,0.030450215,0.0456960931,0.040006774,0.0140918418,0.0226960209,0.0700992391,0.121516201,0.0130331453,0.0285547644,0.056220093,0.0206349142,0.0515021624,0.0142017624,0.00936767663,0.0117646999,0.011787813,0.0264900543,0.00746268367,0.017857145,0.0224438868,0.114125156,0.0427083408,0.0756321466,0.0403987911,0.0476440781,0.043501023,0.0233414883,0.172244403,0.0551948288,0.0505363216,0.0293132132,0.033214728,0.012290518,0.0139186072,0.0557603664,0.0201432243,0.0315638349,0.0315436059,0.162076529,0.0348028225,0.0179063402,0.0344387848,0.00868056135,0.0103189531,0.0349076489,0.113193425,0.00893550233,0.0214497107,0.0193798552,0.0207939552,0.0778443533,0.0151384145,0.0183962104,0.0122324415,0.0258493446,0.0606937012,0.0144927603,0.0201900372,0.0663717073
0.0553845855,0.0136986131,0.065018365,0.0726495548,0.0217143087,0.0369230578,0.0323644993,0.0135135028,0.0264026838,0.00883841265,0.00883391912,0.0944205739,0.0167512822,0.0063436996,0.0144736852,0.0123711532,0.0284237909,0.0173116159,0.0182926496,0.0854885273,0.0140127912,0.0779147631,0.178231618,0.0160098749,0.0415754492,0.0176817336,0.0185490727,0.0181818431,0.0134227979,0.0686747836,0.0126582249,0.0114130508,0.0109018809,0.014245,0.0249609737,0.0338983129,0.0241057625,0.0860735369,0.0214899332,0.0203045884,0.0143422371,0.0293076068,0.0474372393,0.0382860492,0.012833652,0.0210598324,0.0605095898,0.128540359,0.0130023377,0.0298165369,0.0495391815,0.0194489912,0.0538792938,0.0178916762,0.0125427578,0.0114176992,0.0108055048,0.0284153249,0.00924214533,0.0162601554,0.0240811163,0.105656854,0.0471153418,0.0693091541,0.0404145557,0.0513227154,0.0435223113,0.0274853251,0.166998213,0.0611111426,0.0522917157,0.0216693659,0.0346197407,0.0141010706,0.014752365,0.0605230634,0.0150000091,0.0319888968,0.0317567711,0.172991221,0.0376828462,0.0169270732,0.0407268658,0.00779895884,0.0123574002,0.0383837958,0.127218952,0.0077881551,0.0232220786,0.0237203761,0.0199416817,0.0833332583,0.0145118507,0.0164684539,0.00729168964,0.0279770744,0.057803469,0.0172910512,0.0234093694,0.0676156611
0.0500992834,0.0168888964,0.0638489041,0.0692402587,0.0212290719,0.0358208353,0.0348225944,0.0107376298,0.0235745323,0.0128865977,0.0124999943,0.0984529857,0.0211480023,0.0039954263,0.0162297041,0.0135557609,0.0279503082,0.0187304752,0.0213032592,0.0892856316,0.0125786026,0.07824641,0.151724125,0.015457788,0.04583335,0.0175267821,0.0174418519,0.0182599168,0.0141509579,0.0567911127,0.0134227972,0.0105846597,0.01037736,0.010370365,0.0233918229,0.0381414783,0.0288161872,0.0897921451,0.0224867664,0.0220959827,0.0111111243,0.0272269181,0.0549040984,0.041830095,0.0178026271,0.0216178684,0.0529716297,0.136120107,0.0150115086,0.0316027374,0.0534935025,0.01610309,0.0572033846,0.0191021879,0.0154015396,0.0130841209,0.00964319846,0.0221852859,0.0109689163,0.0132653169,0.025348532,0.0983197829,0.0464715856,0.0671428243,0.0457287084,0.0507324037,0.0474592826,0.0253950475,0.181633057,0.0606758761,0.0547264312,0.0235479052,0.0319735709,0.014925416,0.0199579622,0.0610698679,0.0148285521,0.0347222526,0.046571794,0.196801706,0.0426486554,0.0153061247,0.0403128623,0.00891340095,0.0114068358,0.0496032321,0.164193796,0.00839695262,0.0312046734,0.0229885443,0.0186491728,0.0856530543,0.0123138581,0.014155254,0.00629591805,0.0315185767,0.0537248437,0.0190839811,0.0228873405,0.0716752763
0.0419102874,0.0176834904,0.0621715369,0.0681003763,0.0195227902,0.0321167441,0.0422535027,0.011542007,0.0255157363,0.0141025493,0.0132743279,0.102493039,0.0165663066,0.0051311242,0.0131894354,0.0135281263,0.0238993622,0.0167188913,0.0231065612,0.0893817922,0.00889455009,0.0712495014,0.135021088,0.014018648,0.0391752835,0.0177865493,0.0155038839,0.0205627512,0.0129573177,0.0418679639,0.0109739202,0.012339576,0.00823422311,0.0104011601,0.0240792953,0.0278552066,0.03432134,0.111711742,0.0175218586,0.0213300277,0.00984066312,0.0234590679,0.0592552305,0.0419639592,0.022321419,0.0240875752,0.0546943066,0.143374638,0.0168661766,0.033637404,0.0513346756,0.0176849029,0.0531696626,0.0149953195,0.0139335303,0.0104735771,0.0099601531,0.0275283865,0.0110395521,0.0161122718,0.0328947346,0.0945175112,0.0370065867,0.0534459057,0.0440613368,0.0508413724,0.0468004063,0.0281995946,0.180039115,0.0636227875,0.0512346136,0.0208023496,0.0313496403,0.0134679894,0.0169851219,0.0650329973,0.00914077918,0.0311284369,0.0491980903,0.20395785,0.0502702216,0.0151515423,0.0425790823,0.0119352105,0.0127450917,0.05202306,0.187009713,0.00820896379,0.0344100606,0.0222717634,0.0185,0.0842571726,0.0109629724,0.0113327428,0.00541710217,0.0360230778,0.0589040453,0.0271170535,0.0248785942,0.0666118213
0.0393333146,0.0149516069,0.0634987278,0.0776065536,0.0221052444,0.0288599971,0.0432569764,0.00979477504,0.0231182802,0.0170156966,0.013009545,0.100270956,0.0154536318,0.00661523735,0.0132336096,0.0197861049,0.0214646594,0.0182012475,0.0267623888,0.0920365112,0.0111940157,0.0680627946,0.11819019,0.0106257595,0.0437262287,0.0178041557,0.0164076061,0.0162690003,0.00955883268,0.0367528172,0.00701260495,0.00909091148,0.00716845329,0.0120845701,0.0214384624,0.0259831052,0.0462382773,0.122852198,0.0143540505,0.022813697,0.00787036783,0.0235023226,0.0614682443,0.043715884,0.0277777702,0.0241691706,0.0485122718,0.141225211,0.016350191,0.0393835779,0.0423386416,0.0163398694,0.0648536675,0.0155660496,0.0130010722,0.0116681034,0.0108024798,0.0274299806,0.0111731886,0.0147208116,0.0340599937,0.101029599,0.0342146391,0.0491803816,0.0389971837,0.0553774862,0.0433768492,0.0278372275,0.193579555,0.077485378,0.0497629718,0.0227272345,0.0360933894,0.0124857934,0.018008447,0.06944437,0.00902527582,0.0318876966,0.0476804286,0.212688089,0.0591899881,0.0162094603,0.0497657061,0.0140067658,0.0122824764,0.0543478011,0.212408488,0.00687023192,0.0320600512,0.0203744278,0.0131979714,0.0954447265,0.01067616,0.012025899,0.00687287863,0.0343838934,0.0561643707,0.0310366034,0.0256257695,0.0709876509
0.0380379734,0.0212669623,0.0583679234,0.086681971,0.0200803676,0.0223775963,0.0487341517,0.00933706485,0.022607748,0.0153333072,0.0127442699,0.0948753798,0.0171787621,0.00770076661,0.0115766536,0.0217864404,0.0243605576,0.0183585202,0.0309677285,0.0903388841,0.0120627185,0.0579486474,0.1244065,0.00692838952,0.0362318221,0.0217611807,0.0237885466,0.0146396499,0.00937083084,0.0287120424,0.00736375383,0.00905625206,0.00564235999,0.0163204859,0.0185185052,0.0269541827,0.05283912,0.127287782,0.0128055562,0.0277061864,0.0104831285,0.0192660481,0.0650623717,0.042433512,0.0313670113,0.028919343,0.0459844249,0.134458052,0.0165663143,0.0372525639,0.0370370715,0.0136518418,0.0695651949,0.018981486,0.0149732697,0.0139251398,0.0122863393,0.018348605,0.0129870242,0.0147808497,0.0384615238,0.105946364,0.0362537424,0.044747096,0.0352241768,0.0611882898,0.0401987671,0.0232936159,0.204321818,0.0703124505,0.0516432615,0.0171957503,0.0304941724,0.0125142344,0.0169312234,0.075329475,0.0111835876,0.0322180629,0.0468947958,0.208175314,0.0635721655,0.015132393,0.0478158594,0.0140425542,0.0116525243,0.0610820122,0.233282583,0.00716980401,0.0383580834,0.0177610491,0.0132518005,0.103556559,0.0119156639,0.0156102107,0.00816801951,0.0379213373,0.0531468099,0.0359901251,0.0259975849,0.0616540855
0.0357872875,0.0205292174,0.0508197192,0.1048565,0.0156708998,0.0225102602,0.0565218264,0.0101569703,0.0246659848,0.0171773709,0.0113240491,0.0822959482,0.0186838719,0.00773479611,0.0102702665,0.0233592867,0.026097292,0.0190583249,0.0380711351,0.0918368261,0.0120192043,0.0583069612,0.126068325,0.00675677291,0.0319149191,0.0241295621,0.0260323122,0.0158013822,0.00906737474,0.026821503,0.00886260654,0.0106918227,0.00604491717,0.0216763274,0.0194479592,0.0299319174,0.058346869,0.132970475,0.013333313,0.0320261561,0.0112917782,0.0208522183,0.0524282085,0.040620716,0.0320150449,0.024,0.0396824833,0.135311792,0.0176695416,0.0355029072,0.0366299963,0.0146341637,0.0735929772,0.0242230711,0.0117647112,0.0162393138,0.0141458182,0.0188323928,0.0134135025,0.0128336408,0.0455840278,0.110911895,0.0354046688,0.0424165183,0.0353581497,0.0625893656,0.0329004133,0.0267380265,0.207341198,0.0611664921,0.0579128564,0.0202788411,0.0288957513,0.0121145201,0.0181912462,0.0858924368,0.0149181812,0.0365098177,0.0530973013,0.206685608,0.067091044,0.0173913267,0.0460373799,0.0142241373,0.0139186017,0.0740431759,0.247699075,0.0100896887,0.0361290012,0.0172413671,0.012371148,0.116452898,0.0119047612,0.0153617458,0.00846433059,0.0392156525,0.0548128966,0.039603984,0.0271221979,0.0533428297
0.0281542831,0.0223671944,0.0447985099,0.113436238,0.0180780234,0.0225763556,0.0576765573,0.0107879926,0.0159045689,0.0132200153,0.0110717501,0.0693277533,0.0156143952,0.00858368223,0.0108460013,0.0192743853,0.0251428637,0.0257558626,0.0479538933,0.0907452572,0.0104894974,0.05414012,0.131884081,0.009988921,0.0284756903,0.0274369107,0.0256529949,0.0159634965,0.00871731593,0.0212851322,0.0102639407,0.0104071049,0.00783971953,0.0212464492,0.0165238571,0.0287670856,0.0600315844,0.140029379,0.0161637819,0.0310077405,0.00941703732,0.0212962877,0.0557413784,0.0342013777,0.0388940842,0.0212071774,0.0394385681,0.124503957,0.0193192377,0.0336879402,0.0275919949,0.0141066059,0.0706638635,0.0288461948,0.0107296067,0.0154811681,0.0165562688,0.0173410257,0.018396219,0.0117347059,0.0444288098,0.10270676,0.0338616442,0.0295630132,0.0344365026,0.0637583207,0.0317667846,0.0257787473,0.235231772,0.0596590752,0.0497109572,0.0227817741,0.0241596648,0.0129310543,0.0168884263,0.095308005,0.0162241971,0.0395047459,0.0501252504,0.216328326,0.0723120795,0.0165184568,0.0475112752,0.0155631022,0.0176211205,0.0798721735,0.266354791,0.00961537834,0.0344155469,0.01195425,0.0160804431,0.115618735,0.0141844038,0.0180722913,0.00598084749,0.0418883104,0.0530013254,0.0361663243,0.0266836865,0.0566940804
0.0250895988,0.0246377042,0.0399291097,0.139300749,0.0169332277,0.0218228667,0.0604822867,0.00883720914,0.0114770435,0.0140252217,0.0099999905,0.0624103425,0.0144198631,0.0105152139,0.0108225031,0.0211581634,0.026140202,0.0274914598,0.0591194365,0.0882352965,0.00911160159,0.0520608061,0.135476284,0.00872409895,0.0274193333,0.0267489784,0.0331083346,0.013203249,0.00843374405,0.0183266985,0.0139751852,0.0108463149,0.00946643041,0.0246020398,0.0112293017,0.0263513487,0.0651839913,0.1444445,0.0172413691,0.0267123366,0.0112815808,0.0227907131,0.0603448461,0.0328466891,0.0379506938,0.0232558249,0.0344129997,0.120895589,0.0208333565,0.030516481,0.018211912,0.016,0.0712643692,0.0344530864,0.0119542434,0.0150528951,0.0175054546,0.0150093576,0.0209523843,0.0123580198,0.049062024,0.107864773,0.0285913371,0.0268542026,0.036336324,0.062785387,0.0292716914,0.0231183191,0.25055674,0.0635593394,0.0426135676,0.0184757158,0.0234792413,0.0131434878,0.0145145171,0.095,0.0168818251,0.0444443796,0.0432872931,0.214678554,0.0815217904,0.0132449932,0.0497762645,0.015164775,0.0209944381,0.0830768385,0.287009162,0.0094224162,0.0321750622,0.0104712017,0.0125130111,0.110119123,0.0122914759,0.0182481616,0.00990098109,0.0358072268,0.0565694206,0.0376249549,0.0257069641,0.0482991991
0.0296456784,0.0216971974,0.035116099,0.154710765,0.0128087998,0.0233160728,0.0675320178,0.00956023197,0.0134462106,0.0173333262,0.00828729025,0.0662739039,0.0146750677,0.0115546185,0.0107296072,0.022831058,0.0251875518,0.024390239,0.0738704631,0.0908019018,0.00878154477,0.0445279367,0.133237087,0.0119435642,0.0294117774,0.0295858302,0.0368731924,0.0118510443,0.00688074096,0.0146153855,0.0193861107,0.0126795011,0.010008353,0.0317459997,0.0127353253,0.0284327071,0.0689911097,0.139223686,0.0169928249,0.0248275823,0.0116063239,0.0247663473,0.0616995694,0.0338645356,0.0373699594,0.026981433,0.0242047577,0.112818052,0.0221827642,0.0214286011,0.0138036551,0.0141955903,0.0732861315,0.0345279187,0.0108429699,0.0137540302,0.0167930584,0.0125899197,0.0228102307,0.0120482031,0.0504840969,0.0989070737,0.0297872394,0.0359007536,0.0319895058,0.0683661972,0.0302266988,0.0212649578,0.245475128,0.0572034006,0.039370062,0.0206659117,0.0225027006,0.010952893,0.0147618983,0.100825094,0.0179820236,0.0412429578,0.0262147966,0.206088745,0.0879954005,0.0157274325,0.0412540776,0.0156249831,0.0212765845,0.0989425146,0.278870597,0.00939986053,0.027564081,0.0095,0.013224788,0.11923081,0.0106100778,0.0206971251,0.0121506755,0.0362140154,0.0540380963,0.0402199416,0.0283375589,0.0476509347
0.0346991715,0.0230692251,0.0348991644,0.157467564,0.0164233639,0.0263835195,0.066811888,0.00866217358,0.0157200903,0.0154241797,0.00853080064,0.0737463703,0.016756735,0.0157728368,0.0107991159,0.0220162307,0.0263429974,0.0269320962,0.0971892875,0.0864618212,0.0110253612,0.0354457541,0.130952275,0.0158370951,0.0280649704,0.0370548209,0.0461847961,0.00957209747,0.00452488326,0.014581741,0.0270700635,0.0114468857,0.0115606854,0.0288315457,0.0103485554,0.0256769226,0.0695035756,0.128740057,0.01832994,0.0253054051,0.0143651488,0.0263653389,0.0585042111,0.0404339491,0.0328884934,0.0273972751,0.0234482851,0.107516647,0.025618368,0.023199019,0.0201439071,0.0154799059,0.0681818584,0.0411365832,0.0105120104,0.0135782823,0.0151351292,0.0138169615,0.0233069263,0.00983284789,0.0506944424,0.0983225404,0.0283286168,0.0432181277,0.0298245883,0.0794962783,0.0289974768,0.0228031005,0.263465802,0.0542419453,0.0409291562,0.0200688311,0.0239955247,0.0109648917,0.0156397941,0.100033595,0.0203336604,0.0428265253,0.0239948388,0.215417219,0.087749307,0.012096801,0.0392780831,0.0155535284,0.0186813238,0.111027131,0.285932743,0.00925925657,0.0242236289,0.0100200238,0.0138476758,0.100361575,0.0107623266,0.0212888577,0.0119647477,0.0436954,0.0577830333,0.0336146309,0.0371794274,0.0576670542
0.0391137993,0.0224032648,0.039231367,0.15288351,0.017621113,0.0308642139,0.0758536047,0.00869565727,0.0173823678,0.0198019771,0.00858778657,0.079376873,0.0136612238,0.0155119166,0.0117647164,0.0212643792,0.0264207698,0.0250596858,0.11487553,0.0804597655,0.00645162081,0.0357143087,0.134027672,0.0152671663,0.0217076644,0.0487106146,0.0521564847,0.00833335317,0.00436204009,0.0113808726,0.0293209677,0.0141552413,0.0125628193,0.0282317742,0.0108108026,0.0213100377,0.075524426,0.131773403,0.018499503,0.027534366,0.0137688127,0.0296570777,0.0694103312,0.0414201477,0.0269899265,0.0275387357,0.0259209193,0.106257657,0.0277537094,0.0189873458,0.0221606316,0.0142405237,0.054830334,0.0457685715,0.0117627551,0.0112630705,0.0163043739,0.00972450162,0.0198647992,0.0116054146,0.0525239016,0.100738382,0.0388488845,0.0453929095,0.0251101546,0.0759717977,0.0320786671,0.0174943683,0.257211409,0.0520693731,0.0407366453,0.0156424717,0.0213243138,0.014508918,0.0151085939,0.105200914,0.0224119708,0.0399159816,0.0217113757,0.224428745,0.0885588357,0.0134771051,0.0404411157,0.01539855,0.0222965741,0.117952322,0.277046704,0.00863930673,0.0199516463,0.00925024569,0.0137389487,0.0960502425,0.0142348777,0.0251196036,0.0143391287,0.0481347977,0.0544496829,0.0346465867,0.043506506,0.0651898602
0.0496413498,0.0249330885,0.0385226132,0.155773392,0.0184372251,0.0366004657,0.0848701958,0.00957853918,0.0198952943,0.0212014387,0.00887573854,0.0757353411,0.0116408062,0.0198087275,0.0129729652,0.0236686285,0.0240667805,0.022538551,0.124999956,0.0784090935,0.00613495067,0.0321700819,0.132695009,0.0137711737,0.020746915,0.0510299372,0.0510101164,0.0129717339,0.00849256229,0.00946969684,0.0346820634,0.0132905597,0.0163370592,0.0234604398,0.0106496189,0.020688051,0.0734693318,0.140169876,0.0208333763,0.0286782978,0.0161876555,0.030726298,0.0677749383,0.0476423918,0.0229568265,0.0344522758,0.0291262552,0.0968428113,0.0229133,0.0232257861,0.0231362562,0.0172144267,0.0543477777,0.0446273214,0.0164342568,0.008,0.0159574438,0.00931680606,0.0225679766,0.00964320424,0.0511508974,0.107291666,0.037195993,0.0515537089,0.0226666611,0.0759569587,0.0356827938,0.0213625278,0.24378133,0.0471337832,0.0381636408,0.0173535863,0.0215617434,0.0146231784,0.0198675369,0.0996208718,0.0238095355,0.0379554833,0.0308398709,0.23024547,0.087082439,0.013477109,0.0437693788,0.0204957228,0.0238365103,0.126984436,0.271614173,0.0073583514,0.0157958779,0.00841121006,0.0168986267,0.0663265092,0.0134408478,0.0235199196,0.0210656866,0.0473876595,0.0558754934,0.0395411261,0.0507335199,0.0614702359
0.0592104871,0.0291545063,0.039230978,0.146624412,0.0160608766,0.0324519016,0.0994065639,0.00886699437,0.0190329451,0.0241031739,0.012096758,0.0855920088,0.0109528937,0.0284013906,0.0134529235,0.027093542,0.0270669138,0.0224056918,0.138888788,0.0785953395,0.009,0.0309684713,0.133697249,0.0144181463,0.0176630721,0.0531099753,0.0553416726,0.012121201,0.00871457383,0.00909780109,0.0386329596,0.012867647,0.0141784876,0.0237741286,0.00923075538,0.0171296407,0.0754966557,0.129761865,0.0193680208,0.0231425213,0.0195312405,0.0276735544,0.0815507641,0.0505691212,0.0268270209,0.0422534321,0.0288857971,0.0860360878,0.025692771,0.0281173201,0.021197017,0.0229794093,0.0681199491,0.0444444347,0.0233235975,0.00731707163,0.0138004063,0.00762194825,0.0217928049,0.010328634,0.0555555633,0.109657898,0.044349114,0.0559490427,0.0203515573,0.0845324778,0.0370705345,0.0210705903,0.222355725,0.0541720864,0.0349611887,0.0157563095,0.0186074419,0.0156794362,0.022272725,0.0912409601,0.0230414169,0.0343434155,0.0305989405,0.22993414,0.0822641199,0.0113798119,0.0434559448,0.0206896469,0.0248868562,0.132289714,0.290665094,0.00532724361,0.0129870252,0.00817438851,0.0167984212,0.0583468314,0.013736254,0.0282700535,0.0259900981,0.0461538638,0.0512820287,0.0376693989,0.0570071029,0.0586700665
0.0725720294,0.03760842,0.0440539814,0.140386601,0.0159798192,0.0327381439,0.10208533,0.00980390718,0.0209863787,0.0284210041,0.0141361172,0.0848152373,0.00870008434,0.0309474077,0.0174672365,0.0234656513,0.0260058857,0.0201421704,0.149639366,0.0821678007,0.0075400493,0.0275900868,0.131014913,0.0111448782,0.0134771092,0.0569066126,0.0518999459,0.0163934315,0.00961540471,0.00796661359,0.0402636214,0.0126239773,0.0126156397,0.0210209996,0.00832464942,0.0199733684,0.0756193272,0.120519187,0.0145077727,0.0250626509,0.0188775583,0.0224929609,0.077241329,0.0615436119,0.0249546569,0.0483593134,0.0349933431,0.076376631,0.0260823753,0.0371497985,0.0228716754,0.030612221,0.066761344,0.0447188672,0.0236071684,0.00646203235,0.0162303581,0.00734215125,0.0208,0.0138632025,0.0629583924,0.120918412,0.0407458653,0.0646108265,0.0189464014,0.0893490918,0.0376106581,0.0219594757,0.208020161,0.0535714604,0.0314875776,0.0158394912,0.0197530915,0.0111371502,0.0261497179,0.0948954794,0.0210526217,0.0346232431,0.0289575339,0.238826622,0.0840740866,0.0112675985,0.0408996367,0.0239796231,0.0228310347,0.14938615,0.29971347,0.00630915242,0.0128956319,0.00810810689,0.0172413891,0.0576036886,0.0159474625,0.0315144127,0.0333753363,0.042616983,0.0531956131,0.0334152284,0.058045983,0.0616798456
0.0955882081,0.0376447377,0.0492057241,0.130412944,0.020850342,0.0344619131,0.110307784,0.0137701859,0.0238094945,0.0303335727,0.0155914537,0.0829875561,0.00936883135,0.0333334237,0.0175630851,0.0272614852,0.0262646243,0.0217654089,0.153509172,0.0805488956,0.0119485507,0.0248554608,0.127748465,0.00908173263,0.0145118713,0.0584158319,0.0566636156,0.0164900102,0.0103305955,0.0100308523,0.0432011358,0.0115658483,0.0123347912,0.0196078369,0.0122324272,0.0171320153,0.0711538593,0.112035823,0.0168775922,0.0277435031,0.0201446283,0.0221606523,0.0756484173,0.0659932624,0.0309186995,0.0427851414,0.0385109335,0.0767824211,0.0271822048,0.0416667004,0.0258302555,0.0360429056,0.0671428452,0.0582429919,0.0228789474,0.00743187503,0.0164439984,0.0100864373,0.0185606004,0.0157515737,0.0611639188,0.122719764,0.046206902,0.0616147151,0.0131208908,0.0855262546,0.0400712148,0.0246636808,0.194510601,0.0522754957,0.030601103,0.0147368189,0.0205127985,0.0114320096,0.0282281926,0.0925728372,0.0203592367,0.0308080732,0.0303225821,0.254020872,0.0819061598,0.0140844982,0.0408805569,0.0251605636,0.0197904437,0.158805091,0.325759722,0.007661289,0.0149597367,0.00875657089,0.0155925167,0.0533736487,0.0190114062,0.0267093374,0.0427296085,0.0409738693,0.051591873,0.0343573404,0.0657250362,0.0636482765
0.0989636832,0.0445075427,0.0520227841,0.126999457,0.022312917,0.0290628835,0.108095754,0.0165289334,0.0242179458,0.0282375608,0.0168478244,0.081843174,0.0090735474,0.0295887311,0.014269983,0.0298136721,0.0310410722,0.0257611025,0.145754139,0.0840439479,0.0108303092,0.0312855522,0.130081246,0.0108481275,0.0106241652,0.0579636564,0.0562943149,0.0181598045,0.0112820406,0.0111624459,0.0389876687,0.0106761581,0.0123130971,0.0175913298,0.0178753759,0.0234474073,0.0698993161,0.101468549,0.0114226217,0.0320261764,0.0215562408,0.0222117364,0.0699708946,0.069739973,0.0367775951,0.0367647352,0.0415094467,0.0732369761,0.0245353183,0.0520957165,0.0254027142,0.0482524836,0.0730659424,0.060144387,0.0210871486,0.00912105739,0.0185567294,0.0113154319,0.0196733319,0.0145631156,0.0683759993,0.124840491,0.0592991739,0.0589887595,0.00923317265,0.085714336,0.0410777594,0.0192525581,0.200695626,0.0514353735,0.0257270792,0.017857145,0.0206451836,0.00885480025,0.0349999818,0.0858749871,0.018495705,0.031658353,0.0303030605,0.26142852,0.0755899479,0.0116788174,0.0419726605,0.0267558749,0.0202622667,0.176606328,0.355907698,0.0109845424,0.012761001,0.00827129901,0.0169671259,0.0493469212,0.0210084008,0.0292164409,0.0498108515,0.0393939241,0.0507330799,0.0363128634,0.0661405728,0.0646438071
0.106310029,0.0473429374,0.0579630993,0.137300801,0.0232621903,0.0250875098,0.111365753,0.0168290566,0.0230230093,0.0318054603,0.0261363192,0.0811907703,0.0105363943,0.0313332812,0.0124153534,0.0311284234,0.0305824959,0.0257793414,0.145321234,0.0796296292,0.0109190214,0.0337078654,0.154291413,0.00772947406,0.00923482702,0.0590312094,0.0526548674,0.0151883515,0.0121951179,0.011292826,0.0357634107,0.0118613188,0.01094891,0.0175438754,0.0200411246,0.0230673125,0.0722291792,0.0979451565,0.0105708003,0.0313333607,0.0239361902,0.0212971736,0.0695067232,0.0816892462,0.0423951269,0.036,0.0455104937,0.0674053184,0.0228613422,0.060024056,0.0245592372,0.0512220794,0.0676794895,0.0630952636,0.0189114435,0.0127877292,0.0195272598,0.0114285606,0.0194709751,0.0161290387,0.0706456047,0.114035051,0.0637190833,0.0494978931,0.0120162299,0.0963139373,0.0433450106,0.0204545408,0.215401518,0.0490314917,0.0170260889,0.0166840136,0.024516135,0.00907987994,0.0378788302,0.08239907,0.0149350433,0.0254154312,0.0313283144,0.258974372,0.0731253651,0.0129310241,0.0376781615,0.0291715552,0.0185628303,0.178014884,0.397417387,0.0131802775,0.0142518043,0.00731707068,0.0172413895,0.0492856413,0.0274163615,0.0405047104,0.0616522616,0.0323960139,0.0554268149,0.0354552376,0.0688287952,0.0646214517
0.111912071,0.0443160586,0.0613704719,0.135767732,0.0238686535,0.023479554,0.111798323,0.0165349754,0.022417151,0.0338589757,0.030023047,0.0792572713,0.0108267707,0.0317929099,0.0154866755,0.0282638213,0.032857141,0.0258823374,0.139220909,0.0761844114,0.0114840972,0.0410879386,0.170602149,0.00749765556,0.0102564048,0.0578946505,0.0532928553,0.0212234787,0.015657613,0.0114806018,0.0305851566,0.0128676617,0.0108010812,0.0163711005,0.0188390985,0.0296717494,0.0680359736,0.102135585,0.0106723825,0.0298013242,0.022994663,0.0181124922,0.0613636471,0.091683986,0.0468476393,0.0310509722,0.047423898,0.0687400739,0.0184649164,0.072274901,0.0183544221,0.0589123259,0.0659630297,0.078252773,0.0189288924,0.0147954665,0.0175801662,0.011396008,0.0201908902,0.016608388,0.0694774604,0.105059034,0.0756579247,0.0473163776,0.0116682512,0.0984486842,0.0393162377,0.0193621617,0.210752789,0.043504867,0.0173611317,0.0158561991,0.0231660214,0.00956936804,0.0391791153,0.0739047804,0.0226985927,0.0267686557,0.0300752359,0.255197892,0.0686695625,0.0115607046,0.0365,0.0275779666,0.0159313628,0.192646173,0.418938462,0.0133967146,0.0160098653,0.00804505302,0.0157894628,0.0537248847,0.0291666493,0.0363511073,0.0704975963,0.0288461371,0.0566932887,0.0360288565,0.0700110663,0.0584170795
0.110537074,0.05089829,0.0668470194,0.142857046,0.0269814344,0.0192379173,0.0939480291,0.0160968598,0.0240384412,0.0338590339,0.0291374927,0.0822162452,0.0115606923,0.0317460122,0.0197368285,0.0207182594,0.0296610537,0.0252403748,0.138410646,0.0824937336,0.0116279126,0.0520000748,0.193693584,0.00654817635,0.0110700865,0.0604213182,0.0596760534,0.0244667795,0.0147213288,0.0135135007,0.0237789395,0.0150093712,0.00892060417,0.0125522994,0.019461079,0.0271365407,0.066623574,0.105263208,0.0146750622,0.0303643954,0.0207865505,0.0171919805,0.0538116394,0.0993656714,0.0510291611,0.0281155465,0.0468991611,0.0714285677,0.0201023263,0.0801392895,0.0197452355,0.0627769018,0.0710526185,0.0854456142,0.0144534718,0.016949145,0.0167715197,0.0163265119,0.0212714551,0.0157342535,0.0771718001,0.101449232,0.0773583881,0.0520231195,0.0134758389,0.0967548661,0.0346990521,0.0173209979,0.219438564,0.0430932268,0.0140679651,0.0136761277,0.0254568779,0.00865264758,0.0490477064,0.0683157576,0.0254341825,0.0264900956,0.0334957936,0.255128085,0.0631313293,0.0118870514,0.0278846037,0.0228091255,0.0153483122,0.204883525,0.433035813,0.0118317347,0.0134803955,0.00855365376,0.0183982528,0.0604782203,0.0348399477,0.033607644,0.0818584094,0.0305291214,0.0563245352,0.0308788377,0.0745515991,0.0594184247
0.105729166,0.0441035748,0.0742374963,0.150882048,0.0278745511,0.0207415381,0.0915447476,0.016017316,0.0249764072,0.0353488745,0.0281359807,0.11140825,0.0115052878,0.0292968809,0.0204545188,0.022567009,0.0276162349,0.0228365384,0.130921149,0.089219338,0.0101010159,0.0613425499,0.202470454,0.00749765594,0.0125156091,0.0613259988,0.0649458665,0.0246305552,0.0144777797,0.0167363928,0.0261194201,0.0148011134,0.00898474626,0.0111887944,0.018830517,0.030454678,0.0678082146,0.10208636,0.0134715158,0.0274261211,0.0160000006,0.0150093732,0.0425373134,0.101165202,0.0558419465,0.0226608366,0.0558113056,0.0640553078,0.0187087377,0.089534769,0.0189394073,0.0618555724,0.0828877091,0.0892856996,0.0168889049,0.0181818111,0.013251803,0.0197628158,0.022496389,0.0168588957,0.0813007233,0.099910461,0.0802311875,0.0448625412,0.0122727347,0.108508061,0.0282786982,0.0189873528,0.228154752,0.0362997215,0.013142156,0.0118243555,0.033464604,0.00847456797,0.0531540733,0.0698528491,0.029236255,0.0231967117,0.0368097718,0.25750578,0.0508833983,0.0131579008,0.026341005,0.021109746,0.0147895547,0.215968953,0.449618456,0.012425033,0.015189848,0.00753010956,0.0170212906,0.0587044042,0.045499985,0.0371120066,0.0950369576,0.024258778,0.0628353037,0.026708577,0.0754190615,0.0653798193
0.102725364,0.0466418295,0.0796312219,0.153015889,0.024500881,0.0166316482,0.0879958054,0.0129198787,0.0254237336,0.0404366947,0.0267131421,0.12460204,0.0128458287,0.0321057409,0.0179977478,0.0220912922,0.024628238,0.0244630208,0.138633333,0.094921409,0.0109789676,0.0724373648,0.207989211,0.00740740637,0.0123609048,0.0536912513,0.0645431603,0.0266836363,0.014328061,0.0181434513,0.0295566466,0.0138768552,0.00883391161,0.0108538511,0.0183531909,0.0300545833,0.0692883295,0.0991058444,0.0121822054,0.029093367,0.0164512403,0.0163094182,0.035375082,0.115079374,0.0673487387,0.0230125977,0.0648253166,0.0605504464,0.0180045066,0.0929053449,0.0202205815,0.055714259,0.0826772039,0.0963184369,0.0158311203,0.0221198429,0.00924975139,0.0192307396,0.0234708976,0.0122061485,0.0793649992,0.107497791,0.0778330699,0.0350876868,0.0111008396,0.109259188,0.0268293085,0.022108884,0.230202206,0.0315789158,0.00979191559,0.0151860086,0.0381016519,0.0101781085,0.0646356804,0.0678934042,0.0288234757,0.0201649893,0.0358824101,0.25190126,0.0504620188,0.0146413006,0.0303454854,0.0172825122,0.0136519053,0.209032229,0.463022933,0.0109499343,0.0127388885,0.00675675149,0.0149892683,0.0598052382,0.0498519412,0.0400815604,0.100505034,0.0246238116,0.0581617158,0.0217391164,0.0838939518,0.0823170702
0.0891142775,0.0485865977,0.0818583049,0.145651449,0.0224153992,0.019104076,0.0853403529,0.0153735789,0.0208530416,0.0450324618,0.0275779026,0.139945596,0.0155188995,0.0297674576,0.0163104754,0.0223214711,0.0272727455,0.0231316837,0.15418776,0.10487795,0.0102230567,0.0700000624,0.212771321,0.00933706827,0.0140679637,0.0473274185,0.0674668482,0.0294117774,0.0200587247,0.0217206543,0.0259348609,0.0123719974,0.0101695102,0.0142642463,0.0165829595,0.0439965264,0.0707898496,0.098644558,0.0119916524,0.0327763374,0.0104046244,0.018928927,0.02751468,0.129510542,0.0690093096,0.0264585844,0.079911324,0.064324874,0.0145038205,0.0921300193,0.0153846026,0.0512091364,0.0734535506,0.0992844366,0.0159433184,0.0261026037,0.00805640161,0.0219638208,0.0224926503,0.01263536,0.0868313156,0.107983389,0.0849514611,0.0312965613,0.00932835761,0.110714342,0.0280488208,0.0228571561,0.23608787,0.0299884095,0.00737100221,0.0148741002,0.0335062607,0.0116882963,0.0714749816,0.0614035566,0.0333333557,0.0187835184,0.0367132706,0.245795119,0.0443083523,0.0155587119,0.025664521,0.0166270933,0.0119903916,0.206451415,0.453565404,0.0111669534,0.00972055146,0.00808230698,0.0124352407,0.0657341665,0.050639105,0.0333332987,0.119183073,0.0185184994,0.0551789653,0.0224505279,0.0819176834,0.0815347458
0.089304845,0.042314404,0.0920810408,0.153998138,0.027390918,0.0175097377,0.0869565226,0.0141169677,0.0182516793,0.0435920979,0.0301507146,0.150344872,0.0148325489,0.031709527,0.0183276639,0.0189504468,0.0228102132,0.0266271937,0.165028624,0.121445285,0.010700402,0.0872162496,0.211582132,0.0136116009,0.015890994,0.0445321649,0.0824533384,0.0321212349,0.0224665684,0.0202761426,0.0306490626,0.0166809275,0.00971283811,0.0174506917,0.0176410944,0.0530302725,0.0655818662,0.0966514784,0.0158974251,0.0349562495,0.0111607059,0.0204545241,0.0278833914,0.138130214,0.0809523758,0.0326370265,0.0865561452,0.0703100553,0.0185758571,0.0948661523,0.0144605243,0.0423357761,0.0718015794,0.0946828777,0.0169923808,0.0237659818,0.0107421709,0.0194805058,0.0209239996,0.013837648,0.0789038703,0.116902267,0.0807017379,0.0312500841,0.00657276595,0.111644635,0.0261824162,0.0242424166,0.230198367,0.0360046258,0.00726390847,0.0147058674,0.0419440767,0.0143603042,0.0733010374,0.0620593029,0.0404454728,0.0179532926,0.0354729824,0.237556133,0.0442670405,0.0142247691,0.0276769372,0.0132850211,0.0108564545,0.201406322,0.465986428,0.0166944945,0.00941176508,0.00858369542,0.01267162,0.0700933648,0.0491967864,0.0335968072,0.126370043,0.0139859999,0.0538663987,0.0206794578,0.091629793,0.0894988421
0.0837667963,0.0459098214,0.0916587989,0.13738286,0.0268816895,0.0193192223,0.0907770645,0.0156161468,0.0175953143,0.042323102,0.023506991,0.168928003,0.0152213952,0.0372339775,0.0230337287,0.0197268549,0.0236013905,0.0305882218,0.192059576,0.130742074,0.0099601532,0.0912280609,0.203866235,0.0150709198,0.0188679487,0.0414798334,0.0939025456,0.0355421372,0.0282566763,0.0207972045,0.026755823,0.0151515067,0.0116182578,0.0213607744,0.0174717423,0.0438373851,0.070239816,0.0895296403,0.0178207639,0.04039171,0.0110131921,0.0208522565,0.0296662167,0.135210271,0.0877498242,0.0400500484,0.102378371,0.0722662002,0.0204475192,0.0918141732,0.0129450088,0.0362537731,0.0717884049,0.0906515862,0.016101719,0.0254394115,0.00765550772,0.0202275663,0.0209964406,0.0121042915,0.0827886761,0.1252955,0.0819582088,0.0315789705,0.00912408633,0.104886824,0.0208333771,0.025119587,0.213114907,0.0334100849,0.00733495411,0.0134228236,0.0420499865,0.0144736926,0.0826086455,0.0603693354,0.0472578376,0.0171634975,0.03492239,0.242240265,0.0515727564,0.0127659603,0.0291262223,0.0179425736,0.00947867758,0.20024236,0.483186124,0.0261011522,0.0114285947,0.00800581941,0.0144927641,0.0742507212,0.0514380608,0.0274584687,0.129320552,0.0140055989,0.053734009,0.0149853756,0.0950036976,0.0903030249
0.0769627915,0.0384615266,0.101947881,0.13192338,0.0287297743,0.0172308777,0.0931320045,0.0166666707,0.0195694809,0.043221386,0.0217669708,0.179384274,0.0184352347,0.0399141446,0.0223713851,0.0167938994,0.0248500699,0.0262544202,0.216115068,0.14583305,0.0120119998,0.0982857072,0.208685925,0.0197424971,0.0189099034,0.0368662657,0.0891410904,0.0429119296,0.0363128452,0.0205419517,0.0280172294,0.0171339359,0.0124377908,0.0246423385,0.0124739993,0.045112805,0.0635265744,0.0763473085,0.0182186325,0.0455096821,0.0095949,0.0224077597,0.0283473689,0.134397435,0.0958262071,0.042253478,0.105165401,0.0733734778,0.0183066227,0.095362778,0.0130653849,0.0265273558,0.0773956015,0.0871920578,0.0167644832,0.0291353374,0.008530797,0.0189873442,0.0153793512,0.0170664258,0.0864361952,0.141674058,0.0757097379,0.0309119754,0.00824931396,0.0980860349,0.0246808892,0.0215568258,0.216453227,0.0346985239,0.0075,0.014966756,0.0410595921,0.0174966795,0.0869989964,0.0581737557,0.0456646836,0.0155820375,0.0353009155,0.227347585,0.0574457722,0.0151724164,0.0382562877,0.0196304478,0.0105386356,0.202934162,0.499097885,0.0255616363,0.00800911792,0.00934230686,0.0102986726,0.085657364,0.0524515805,0.0216535392,0.135838237,0.0152777931,0.0445632785,0.0115303918,0.0953912219,0.0974729273
0.0814032099,0.0346729956,0.114095076,0.108402327,0.0273972437,0.015652173,0.0878040144,0.0163253006,0.0169660673,0.0448479673,0.019531235,0.184244779,0.0178244721,0.0409835919,0.021689498,0.0185758758,0.0281923285,0.0236938154,0.243757467,0.148603397,0.0123967112,0.0884702882,0.200435751,0.0217206532,0.0175054544,0.0342226973,0.0866236021,0.0404656599,0.0394653999,0.0246753184,0.0240334082,0.016866573,0.013256,0.0279552275,0.0107180982,0.0455712813,0.0661080367,0.0708155395,0.0196770967,0.0554919358,0.0120967454,0.022240503,0.0263157558,0.13218385,0.0962215038,0.0445435012,0.0973172884,0.0817400758,0.0218518637,0.0992272615,0.0105363972,0.0292642541,0.0839243414,0.0845214315,0.0154772148,0.0335478349,0.00951474105,0.0185185322,0.0145565403,0.0165745965,0.0889946031,0.150200416,0.0688216455,0.033386344,0.00918274753,0.0927895963,0.0234441223,0.0189798446,0.224193249,0.0344036484,0.00758532235,0.0178571361,0.0376711931,0.0184426182,0.0834145558,0.0588235741,0.0522182878,0.011352892,0.0394630805,0.214404944,0.0604586962,0.0193103495,0.0453719969,0.0221187036,0.0105882218,0.196877266,0.516274861,0.0314117203,0.00909088609,0.0102817929,0.00826448446,0.0945767196,0.04647054,0.0232712844,0.134487514,0.0110803258,0.0339702617,0.00992471445,0.0876727193,0.0987878185
0.0677237908,0.031789678,0.116732178,0.114101294,0.0267759845,0.0131467252,0.0961326346,0.0137994561,0.0156407483,0.049574256,0.0185185063,0.192258985,0.0151098992,0.0433651858,0.0181236833,0.0168453074,0.0313504929,0.0217391065,0.269784091,0.149336409,0.00930715879,0.084472304,0.189357965,0.0196982537,0.0150375695,0.0264395239,0.0872629048,0.0422911108,0.050369661,0.0281442356,0.0236869616,0.0162572143,0.0138662289,0.0183206252,0.010660997,0.0378411742,0.0614512478,0.0634807659,0.0205882196,0.0539933194,0.0114832488,0.0209703972,0.0230078487,0.138193601,0.0889488339,0.0474372704,0.0996582329,0.0821614992,0.0267319494,0.0925740023,0.0100640445,0.0301418256,0.0752213111,0.087710104,0.0150176478,0.0359744791,0.00943396202,0.0178132429,0.0117686574,0.0173221023,0.08433734,0.152977931,0.0632469678,0.0313531331,0.00630063347,0.0857530492,0.0242634308,0.0203592388,0.222135421,0.03481739,0.00882721788,0.0188172149,0.0422252391,0.0168776277,0.0773694207,0.0599112786,0.0567375041,0.0115942033,0.0344402907,0.210412705,0.0638487188,0.0202702458,0.0468319876,0.0252005065,0.0105633825,0.192353192,0.543735085,0.0335545872,0.00991188119,0.0118389883,0.00931677303,0.117076337,0.0430824917,0.0216783033,0.139323288,0.0109439249,0.0323590539,0.00925924588,0.0775234693,0.0927032762
0.0724496573,0.0287175638,0.125081864,0.123126476,0.0280527984,0.0124677497,0.0976139113,0.0125899183,0.0189161255,0.042086074,0.0202349651,0.184397152,0.0180505411,0.0419580222,0.018,0.0162241853,0.0375700071,0.0212290798,0.286925377,0.145879779,0.00996016202,0.0837096007,0.192859381,0.0190554952,0.0158730062,0.0210336256,0.0857763276,0.0430497882,0.0576744719,0.0335950798,0.0209371861,0.0166305162,0.0146818857,0.0167682791,0.0115766508,0.0413580124,0.060317482,0.0522788442,0.0197685529,0.0565732453,0.0131951003,0.0233468226,0.0251366442,0.135917043,0.0862872892,0.0460954941,0.101156091,0.0953741822,0.0314097299,0.0919826195,0.00901713026,0.0297398071,0.0734341351,0.0960333506,0.0131694617,0.0458673653,0.00928505277,0.0150240241,0.0121868818,0.018484282,0.0823424946,0.16089082,0.0604606169,0.0344233983,0.00797872859,0.0918443696,0.0253436624,0.017427862,0.202177088,0.038773122,0.00902061874,0.0210810763,0.0454545286,0.0181310891,0.0796116131,0.0569715511,0.0591715624,0.00964319306,0.0325,0.203076959,0.0635527626,0.0235783482,0.0518854243,0.0230078292,0.0116009229,0.170467815,0.574733112,0.0367540444,0.00843879561,0.00965405908,0.0114822391,0.119393143,0.0397917119,0.0223775963,0.144995582,0.0119680953,0.0261780084,0.00800836133,0.06968463,0.0882004123
0.0682042076,0.0252524958,0.132449246,0.131914146,0.0309050002,0.0115483298,0.106142333,0.0127737266,0.0176166029,0.0441449821,0.0172634064,0.19168674,0.0186703135,0.0406976482,0.0170565451,0.0169731293,0.0498848925,0.0156249892,0.303963646,0.150267496,0.0108161249,0.0767687456,0.18898101,0.0192953105,0.0152339566,0.0127893022,0.0787116894,0.0368687354,0.066606634,0.0325418031,0.0168316895,0.0175310344,0.0122349046,0.0170212773,0.0148063596,0.037453194,0.0605006583,0.038709627,0.0171428647,0.0648648556,0.0144404351,0.0210437668,0.0218316903,0.137912027,0.0816421189,0.0434298287,0.087310881,0.0989964651,0.0335299054,0.0904010441,0.00896055873,0.0342052241,0.0776892911,0.0963238802,0.0100182122,0.0515510622,0.00850661558,0.0111633453,0.00840335513,0.0167106352,0.0791071048,0.17454918,0.0605360642,0.0439367145,0.00983899564,0.105311384,0.026586625,0.0156794463,0.195852151,0.0374574429,0.00787403891,0.0241157361,0.0538563244,0.0199146869,0.0828543788,0.0453195508,0.0625000719,0.0115052717,0.0368692974,0.188413458,0.0656486128,0.0210084059,0.0576093275,0.0212053417,0.0106026628,0.166854357,0.591575504,0.0474819756,0.00935550458,0.0107084136,0.0087179339,0.125802339,0.0395480275,0.0182327944,0.148936123,0.00992554308,0.026018909,0.00737877389,0.0687372875,0.0842627308
0.0583418798,0.022382093,0.133633681,0.139947692,0.0366403618,0.0135021001,0.104602547,0.00950224987,0.0182795751,0.0431279179,0.0184729435,0.204126638,0.0178236384,0.0445362789,0.0169971658,0.0135318095,0.060993982,0.0151679191,0.324452698,0.15005271,0.0108055138,0.0764726761,0.172619288,0.0204678336,0.0106044904,0.0121654768,0.0796395315,0.03476476,0.07644442,0.043292007,0.0139961443,0.0145197221,0.012698396,0.0198019987,0.014806361,0.0376884424,0.0663057549,0.0384614685,0.0222116862,0.0685224229,0.0114739602,0.0217755296,0.0177452989,0.151515152,0.0696721924,0.0439306048,0.070093471,0.097335464,0.0385470616,0.0905659933,0.00974314438,0.0402893127,0.0758426418,0.0977682804,0.0119375662,0.056487244,0.00845864831,0.012041289,0.00948699712,0.0181034629,0.0735114849,0.178313792,0.0576923851,0.0515097846,0.0136487754,0.106904212,0.0293609588,0.0151856044,0.179372441,0.0345022345,0.00788435551,0.0226769288,0.053547545,0.016973148,0.0900590755,0.0499999875,0.0688863617,0.00930232725,0.0374507291,0.180993851,0.0602473333,0.0141442676,0.0621212527,0.0265193217,0.0144539547,0.163820543,0.598743098,0.0497819803,0.0112473927,0.00919732018,0.00857718013,0.113989732,0.036486451,0.0140449263,0.153781386,0.0136741956,0.0230014979,0.00497866719,0.066465258,0.0806845326
0.0521920513,0.0176518896,0.130792943,0.165499747,0.0393063908,0.0122156773,0.107760077,0.0107577254,0.0207877552,0.0378715064,0.0185643154,0.211780989,0.0165094282,0.0457115718,0.015051742,0.0128369819,0.0685699684,0.0139335417,0.351503327,0.147455932,0.0106280323,0.0754189777,0.162755419,0.0220282534,0.0113989768,0.00945624811,0.0738878893,0.0269709513,0.0846632096,0.0530035518,0.00959693788,0.0122982395,0.0115829988,0.0242915188,0.0124861456,0.0373890907,0.0625000369,0.0373395647,0.0247920364,0.0757576042,0.0101781132,0.0194421084,0.015756297,0.154055036,0.0644144211,0.0433212512,0.0541175819,0.097381332,0.0425531777,0.094485765,0.0141218235,0.0419286673,0.0767857461,0.0985793287,0.0125673209,0.0586177084,0.00852273358,0.00918918414,0.00990099679,0.0215371609,0.0659928325,0.17611071,0.0560997506,0.0548446459,0.0104735874,0.132689187,0.0310008995,0.0105908768,0.171052485,0.0300218396,0.00763357389,0.0237306795,0.0539419792,0.0167831983,0.0867397137,0.0459940855,0.0662126001,0.010388418,0.0347593915,0.164259241,0.0582182153,0.0126582273,0.0687461562,0.0264609081,0.0155118942,0.156089635,0.621052323,0.0537982141,0.0153845886,0.0104803397,0.00911853046,0.114465493,0.0349314576,0.0196476724,0.160366442,0.0145348777,0.0205714405,0.00578452349,0.0655487772,0.0776819069
0.0460805004,0.0165991882,0.136979067,0.173309303,0.0401376388,0.0102040777,0.115439491,0.00516431746,0.0198675551,0.0360975897,0.0160692008,0.233761073,0.0134874774,0.044487468,0.0116487308,0.0123304843,0.0859452739,0.0190074196,0.375837325,0.161191142,0.00930458474,0.0837004274,0.138415623,0.023770462,0.0124352441,0.00712590143,0.0667282173,0.0206073801,0.0865970836,0.0637168917,0.0067372549,0.0110062976,0.0112866771,0.0274151456,0.0137795271,0.040880489,0.0622567763,0.033926611,0.0288372263,0.089536209,0.0123051729,0.0191489327,0.0126448904,0.153875994,0.0502183059,0.0535279698,0.0381062361,0.104845528,0.0414692564,0.0988106862,0.0185185102,0.0439914154,0.0726949985,0.105263178,0.0129151257,0.0589482903,0.00839552427,0.0108695928,0.010646111,0.0225724104,0.0642688369,0.191554329,0.0547350464,0.0550458127,0.0120106793,0.140091527,0.0320285296,0.00597177803,0.166909338,0.0294759376,0.00493218605,0.0204645456,0.0629322713,0.0148448306,0.0792128487,0.0443787342,0.0784422549,0.0117391264,0.0319574014,0.162610517,0.0599065572,0.0122282987,0.0738993568,0.0243212631,0.0137334599,0.150996015,0.633945286,0.0555555913,0.0195272471,0.0115864519,0.00997009235,0.11503506,0.0268455948,0.0228459175,0.149410063,0.0128205286,0.0233253488,0.00808822961,0.06275102,0.0766466983
0.0468580392,0.0133928571,0.138342055,0.189290172,0.0502309856,0.0100401651,0.112582766,0.00371747099,0.0207399225,0.0349514301,0.0151323874,0.246899982,0.0128078903,0.0477362099,0.0122484705,0.0120192254,0.102372036,0.0215163799,0.372381949,0.160486844,0.00825243263,0.0819490715,0.133333293,0.0263591401,0.0135983644,0.00703398683,0.0632774061,0.0157126379,0.087815037,0.0690623302,0.00533980483,0.00955412933,0.00765696374,0.0309617551,0.0175341439,0.0401949178,0.0672955102,0.0349406122,0.0301484282,0.0866597217,0.0111553878,0.0179640717,0.0117899281,0.158088267,0.0429115667,0.0595822772,0.0368195013,0.107153174,0.0349293563,0.103955777,0.0263312788,0.0366666659,0.0701439081,0.104493206,0.0144927435,0.0588488099,0.0080500881,0.0097507938,0.010401184,0.0203908395,0.0632250306,0.194632625,0.0556994853,0.0501792317,0.0137168102,0.147048747,0.034772218,0.00588235682,0.149197406,0.024309364,0.00487804351,0.0262258168,0.0666208507,0.0135684905,0.0835865517,0.039358595,0.0909090527,0.0125313192,0.026525208,0.140468362,0.0610513145,0.0163043666,0.0745740615,0.0241657327,0.0158576195,0.13780284,0.647273028,0.0594809032,0.02002,0.0127041588,0.0101316991,0.108734996,0.0317139052,0.0232696718,0.144815815,0.0122863466,0.0204714531,0.00829562299,0.0578092775,0.0732707695
0.0496706531,0.0141509518,0.134425086,0.197385485,0.0574052548,0.0102124164,0.12626254,0.00365296675,0.0206243343,0.0334288493,0.0175,0.24972255,0.0123584007,0.0521694265,0.0131463705,0.00933488299,0.107741571,0.0215430094,0.394393753,0.166134355,0.00921434386,0.0774011001,0.121973158,0.0309584126,0.0111902198,0.00818712967,0.0589930687,0.0102505464,0.0850452534,0.0749330605,0.00475284739,0.00889967182,0.00771605355,0.033203118,0.020833306,0.0374531685,0.0735827189,0.0340136212,0.034611766,0.093644429,0.0098684256,0.0174368035,0.0121693195,0.168478657,0.0419520025,0.057997471,0.0284785895,0.110523136,0.0292758415,0.10306813,0.0289351659,0.0318681032,0.049541221,0.103644239,0.0126582369,0.064297832,0.00709219681,0.00830736299,0.00825207656,0.0172697403,0.0632767687,0.208478883,0.0574204287,0.0573476427,0.0143626471,0.160092832,0.0261305964,0.00567595148,0.152542439,0.0215053998,0.00468383981,0.0306817737,0.0650684944,0.0156657769,0.079938938,0.0304708821,0.10136551,0.0182926915,0.0274509905,0.142700339,0.0592105498,0.0192307771,0.0737304967,0.0275175644,0.0150918513,0.136779744,0.658087907,0.0603881775,0.0214143317,0.0131208875,0.0133745049,0.0983555857,0.0316946945,0.0264639893,0.140647345,0.0114345016,0.0201298658,0.0107609617,0.0578893974,0.0756541674
0.0615825509,0.0156608151,0.137296523,0.19050774,0.0574644572,0.00996810488,0.119565269,0.00449640214,0.0193208419,0.031488584,0.0171149182,0.271408529,0.00995807821,0.0476683933,0.0136925614,0.0104046239,0.124565318,0.0269607976,0.394690537,0.171161735,0.00984067265,0.080296146,0.111535137,0.0310173762,0.0110887048,0.00681041959,0.057709812,0.00805525427,0.0738637859,0.0716016035,0.0058593715,0.0073230311,0.0118017269,0.0335018613,0.0291901929,0.0329601919,0.0680191427,0.035548925,0.0372289517,0.0963333356,0.011990405,0.0157480297,0.0131717464,0.16606969,0.0417021035,0.057979842,0.0173084166,0.10793082,0.0256713831,0.102527149,0.0362694984,0.0289079345,0.0422017427,0.0960916644,0.0144404229,0.0671256661,0.00792253326,0.0100908049,0.0104633846,0.017031634,0.0606060227,0.221756726,0.0609861673,0.0509499531,0.0156537797,0.159141093,0.0273798537,0.00412372173,0.1435574,0.0233794023,0.00799085537,0.0287687115,0.0648022093,0.0181817909,0.081591977,0.0288858814,0.114954154,0.0249396495,0.023376593,0.142934716,0.0630434392,0.0251989866,0.0746951076,0.031103269,0.0140937494,0.135530744,0.657067531,0.0618668457,0.0211198293,0.015988382,0.0149330707,0.0833333842,0.0368750111,0.0264814279,0.133591029,0.0121827532,0.0209125387,0.011895322,0.0505617358,0.0776052759
0.0636229773,0.0149769624,0.1461404,0.204514435,0.0626492241,0.0106048681,0.118495065,0.00451670488,0.0198741077,0.0240354234,0.019760468,0.277550087,0.0128617254,0.0483193621,0.0145759608,0.00920600322,0.137576208,0.026470578,0.387216139,0.173958765,0.011301995,0.0849902056,0.115287151,0.0271738875,0.0130653506,0.00533049952,0.0595668046,0.00786518827,0.0752211929,0.0696607591,0.00589970219,0.00576131638,0.0141955977,0.0421606845,0.0347923124,0.0298314431,0.0694604192,0.039589431,0.0362864933,0.0936775768,0.0115226291,0.0157756501,0.0121212038,0.176985706,0.0404584142,0.066705096,0.0158450246,0.102900544,0.0211267496,0.0988617283,0.0368744328,0.0324267805,0.039252338,0.0979009834,0.0152193285,0.0713107555,0.0120898228,0.0110553065,0.0146491957,0.0188062015,0.0605898582,0.226856105,0.0640916579,0.044117581,0.0163339187,0.160263365,0.0224892112,0.00307061932,0.117326048,0.0212992755,0.00861141371,0.0219907712,0.0639687026,0.0204081673,0.0852041068,0.0268456016,0.125620714,0.0242718733,0.0240572342,0.152806555,0.0578621725,0.033289533,0.0753011423,0.0341176566,0.0109452723,0.131689123,0.670121156,0.058927282,0.0215647056,0.0143139216,0.0178389507,0.0748503345,0.0383647339,0.031857363,0.136486202,0.0120482283,0.0176470646,0.0122449055,0.0463633763,0.080890339
0.0680697275,0.0151045755,0.148128641,0.200849016,0.072303831,0.00958588035,0.118796183,0.00774839461,0.0156438025,0.0265403105,0.0204327092,0.270751132,0.0101580328,0.0451086623,0.0130044806,0.0101809853,0.138239069,0.0255403361,0.378389836,0.178172363,0.0122615846,0.0895883601,0.100529147,0.0266393448,0.0156882814,0.00732984279,0.0586392382,0.00677965014,0.0737179485,0.0727356109,0.00693755625,0.00590219537,0.0153102349,0.0449936723,0.0361990377,0.0281329653,0.0636871477,0.0399014801,0.0328330138,0.0947521972,0.0145616956,0.0139494447,0.0158163347,0.189895274,0.0448133069,0.0700969253,0.0160332437,0.107066584,0.0167185054,0.0962232506,0.0359679696,0.0336539019,0.0406975874,0.0847274419,0.017667835,0.07495818,0.00985433024,0.0106796158,0.0108780014,0.0170731826,0.0594736828,0.234321529,0.06304345,0.04363,0.0189873445,0.160263461,0.0211090259,0.00398803669,0.108108093,0.021074768,0.00704935141,0.020954529,0.0691057159,0.021276547,0.0885363613,0.0264200506,0.130929592,0.0276402731,0.0197704076,0.167490057,0.0565021803,0.0364517118,0.0838477904,0.0354690904,0.0109018778,0.132888915,0.69761463,0.0620778365,0.0222992822,0.0180905042,0.0190525471,0.0651427948,0.0433167739,0.03322613,0.136571963,0.0100603927,0.0137254884,0.0124895961,0.050035238,0.0837642134
0.0773195725,0.017164194,0.143037569,0.217105057,0.0680147373,0.0104555598,0.108740832,0.00784856648,0.0151514992,0.0313075131,0.0188679492,0.274267618,0.0126436966,0.0515184563,0.0116079107,0.00777777296,0.145958867,0.0232904107,0.362356195,0.170340959,0.0121402908,0.0983374662,0.099457732,0.0229320174,0.0210595702,0.00634920635,0.0576922946,0.00677201688,0.0725099868,0.0692716625,0.00979432686,0.00610820122,0.0137959828,0.0457354743,0.0388457077,0.0244216344,0.0565312973,0.0363372282,0.0341555429,0.0963718773,0.015900566,0.0130044763,0.0155778993,0.193194538,0.0546558818,0.0744878531,0.0190887049,0.0965875957,0.0151045713,0.100966452,0.0403225652,0.030651392,0.0432099043,0.0798100216,0.016666657,0.0759062043,0.0108131451,0.0107276204,0.0115226323,0.017543853,0.0560796305,0.250776156,0.0671052979,0.0467445547,0.0195555807,0.157449152,0.0212593183,0.00584795385,0.105597805,0.0201484864,0.00855512709,0.0175141274,0.0703124466,0.0185873919,0.092707233,0.0226969091,0.149682599,0.0312500511,0.0228114012,0.186849471,0.0550000921,0.0434876317,0.082365334,0.0426900973,0.0110886683,0.130570336,0.711734325,0.0596130932,0.0221021529,0.0191082691,0.0190631511,0.0492379682,0.0478207686,0.0402892237,0.135003153,0.0132382888,0.0113636385,0.0131463676,0.0443015516,0.0928571833
0.0844155405,0.0146735109,0.1395901,0.206989019,0.0725807043,0.00883652072,0.102475212,0.00749765085,0.019631879,0.0341727008,0.0215827371,0.25767949,0.0183214951,0.0447248116,0.012277736,0.00768382777,0.150617367,0.023175522,0.352127043,0.168938819,0.0114259683,0.0908521627,0.100805246,0.0209846772,0.0270270327,0.00627617862,0.0483051163,0.00884953628,0.0689935317,0.0687829867,0.00852557959,0.0059982889,0.0151898737,0.0416667231,0.0524515552,0.0227272882,0.053156195,0.0353535575,0.0372138041,0.0975804278,0.0187518671,0.0109289542,0.0166831787,0.212555035,0.0526865106,0.0886406082,0.0165184578,0.108985703,0.0158970338,0.0942470713,0.0323774561,0.0329066824,0.0528540691,0.0855565918,0.0137655391,0.0771327196,0.0143945745,0.0151237438,0.0122377558,0.0142737118,0.0636742862,0.258979111,0.0727190942,0.0472756688,0.0232350493,0.156395661,0.0143706643,0.00566572587,0.0952380905,0.0192697863,0.00965961058,0.0207166866,0.0737813583,0.018203844,0.105502947,0.0175438963,0.142115237,0.0335365912,0.0197132339,0.198148188,0.0603528471,0.0490705297,0.093852896,0.0390356591,0.0133745168,0.13483488,0.72681272,0.0632300481,0.0207156307,0.017094038,0.0210946137,0.0390150756,0.049999938,0.0525,0.134377039,0.0145833539,0.0137795461,0.0120643487,0.050107751,0.091826472
0.0859834968,0.014803842,0.131672279,0.226907448,0.0727612146,0.00827689901,0.0930233428,0.0086124482,0.0246305568,0.03760072,0.0185406693,0.248577243,0.0204819345,0.0422943101,0.0114285659,0.00865800303,0.15242942,0.0253479203,0.350768138,0.168396432,0.0118289365,0.0899265137,0.0979366261,0.013018723,0.0348039061,0.00846559915,0.0439244419,0.00808313251,0.0733944309,0.0648888639,0.00954778536,0.00602409792,0.017417173,0.0484633857,0.0584192465,0.0242261934,0.0503282533,0.0391260218,0.0381315741,0.098068092,0.0187856965,0.0112570253,0.0178218007,0.226826633,0.0553857629,0.0752508828,0.0164765534,0.0999423834,0.0135644335,0.0900854761,0.0284664368,0.0388007802,0.0530785098,0.0879507732,0.010204087,0.0832661542,0.0152705005,0.0188766011,0.0120689627,0.014394585,0.0619150452,0.266353382,0.0683452774,0.0626043594,0.0235081519,0.174111067,0.0104821927,0.00721370622,0.095597544,0.0195674765,0.0116487379,0.0191873462,0.0742240989,0.0204403098,0.112931601,0.0189701912,0.143592182,0.0394619042,0.0193208431,0.204940527,0.0662710576,0.0546052995,0.0955307189,0.0376404636,0.0168243419,0.134394612,0.743399306,0.0653460152,0.0198156835,0.019807262,0.0200918704,0.0341976458,0.0576922942,0.0492463522,0.142978049,0.0145833563,0.0129251545,0.0108205587,0.0508752327,0.0915132258
0.0929151758,0.0131282879,0.133526009,0.226390625,0.0784313641,0.00966542232,0.0911577251,0.0125120346,0.0239899143,0.0386852768,0.0151515041,0.243684746,0.0304506612,0.041079871,0.00892857504,0.00948365867,0.155348955,0.0271855174,0.338022156,0.151303437,0.0100091001,0.100430205,0.0954907659,0.0162205997,0.0417867015,0.00851064468,0.0392713493,0.0103806277,0.0685201123,0.0658913959,0.0116156709,0.00526315783,0.0135726759,0.0518474457,0.0560000038,0.0229419954,0.0536480954,0.0294726517,0.0378563967,0.0901361037,0.0193370103,0.0103383501,0.0181086847,0.231560587,0.0638297958,0.0787745967,0.0153061286,0.0883838756,0.0137931035,0.0855992822,0.0255474114,0.0440199104,0.0566448432,0.0973310244,0.0106666643,0.0790667237,0.0171957765,0.0194986049,0.011545287,0.0122362969,0.0704375548,0.265496585,0.068709413,0.0647668555,0.0264357418,0.156135991,0.0141458135,0.0060606123,0.0818713474,0.0160965923,0.012658212,0.0142368887,0.0755102045,0.0225921251,0.113941894,0.0199449827,0.139101299,0.0409383403,0.0191657559,0.22114204,0.0577956794,0.0574636409,0.102473501,0.0301479118,0.0132135012,0.129663375,0.751188187,0.0607270394,0.0173383171,0.0190011192,0.0182648535,0.0348837277,0.0573863123,0.0502415237,0.137422298,0.0157841038,0.0143246832,0.0111214109,0.0570506534,0.0815160537
0.0863477437,0.013740469,0.133682499,0.222151384,0.0766909015,0.00830815369,0.0795353534,0.0144927643,0.0209657071,0.0450679674,0.0131578811,0.238872371,0.0292288437,0.0532162939,0.00733496683,0.0135275761,0.151490735,0.0208105037,0.326658478,0.141866815,0.0107719795,0.105058302,0.0892532333,0.0159616926,0.0505193708,0.00892856991,0.0361816613,0.0141010713,0.0616034005,0.0677127289,0.0105932028,0.00530034956,0.0135726829,0.0548271318,0.0650685159,0.0185922954,0.0480166572,0.0281080997,0.0303180763,0.0984364285,0.0182755294,0.0128571376,0.0183486345,0.255069713,0.0624683906,0.0852334157,0.0154241808,0.0797520856,0.0146616556,0.0872780929,0.0213713584,0.0564388072,0.0636942285,0.101236642,0.00890472245,0.0722843904,0.0190941499,0.0236742871,0.00960660337,0.0127442744,0.0669165141,0.271588018,0.0695229153,0.076164817,0.0288614138,0.159730726,0.0141242831,0.00604490276,0.0681445541,0.0213849441,0.0105218881,0.0154285717,0.0716253586,0.0230582263,0.124413064,0.0177111804,0.115948931,0.0481308648,0.0220750457,0.219546665,0.0480995408,0.0579227284,0.105780389,0.0271920738,0.016179524,0.122617917,0.74339056,0.0549978177,0.018909391,0.0169213831,0.0172216015,0.0352878016,0.0535307687,0.054389286,0.142150456,0.0144927358,0.0126760443,0.0130232616,0.0707395249,0.0710580001
0.0779295221,0.0151745001,0.143957826,0.217254702,0.0723038782,0.0100619219,0.0777026772,0.0127201592,0.02012194,0.0510548514,0.0176544351,0.234138414,0.0355392663,0.0494117337,0.00580430642,0.0151362005,0.15991369,0.020665937,0.317585407,0.13083233,0.0095652138,0.0958278495,0.0904006974,0.0157604363,0.0547310063,0.00993728367,0.0354717106,0.0132052665,0.0551346166,0.0647768058,0.011049707,0.00793651065,0.0126416848,0.0531660506,0.0672964495,0.0193050002,0.0416227454,0.0220673432,0.0228426805,0.101779737,0.0146341528,0.0134486144,0.0175077445,0.244261986,0.0597825689,0.0943601476,0.0157480595,0.0810359652,0.0176470648,0.078585517,0.0206140454,0.0567376017,0.0617646244,0.108702226,0.00996377076,0.0772292753,0.0221719288,0.0270403327,0.00950569914,0.0136286301,0.0661110761,0.259208436,0.0791706179,0.083941641,0.0234521708,0.155761807,0.0133565613,0.00596252245,0.0686042061,0.0178394561,0.0121951279,0.0163360475,0.0639776931,0.0247218642,0.122222166,0.0214899449,0.107292711,0.054316156,0.0209944529,0.225619505,0.0479335934,0.0574555509,0.121702678,0.0211726275,0.0184210359,0.11193053,0.747093286,0.0566987387,0.0156646881,0.0193548628,0.015981736,0.0358695953,0.0537143323,0.0543680488,0.143378094,0.0185556701,0.0167832,0.0113100843,0.0810762232,0.0680851351
0.0745273507,0.0109022639,0.151515352,0.225527075,0.0705740811,0.00926639288,0.0752601691,0.0147347738,0.0191387387,0.0633561292,0.0224274247,0.230190987,0.035802535,0.0477941581,0.00673400321,0.013,0.171981567,0.0220930076,0.313024312,0.122806772,0.00863558655,0.0930537188,0.0890132682,0.013719505,0.0548008001,0.0089567917,0.0353160246,0.0141343145,0.0578859002,0.0693876802,0.00918485853,0.0070922,0.0103806312,0.0455097605,0.0713151265,0.0205919998,0.033299137,0.0235293805,0.0211480496,0.117753564,0.0161615919,0.013219999,0.0139720488,0.247305335,0.0613893791,0.0957523771,0.0175438546,0.0741356322,0.0199842837,0.0693904214,0.0197195536,0.0640831508,0.0621302295,0.11091068,0.0118721488,0.0789056372,0.0230700968,0.0250260419,0.00951474942,0.0145797691,0.0610021746,0.269334815,0.0846007457,0.0871355992,0.0272895362,0.154099719,0.0176990988,0.00581395468,0.068849224,0.0186274677,0.0173288366,0.0127020461,0.0623229524,0.024906595,0.122881291,0.0227596214,0.0977066861,0.0563451492,0.020247465,0.222578469,0.0408445653,0.0510344695,0.130864322,0.0204419778,0.0189473608,0.100341841,0.732468409,0.0560897759,0.0162229715,0.0174418287,0.0127610011,0.038213153,0.047023774,0.0495004271,0.14892989,0.0193285425,0.0179806597,0.0113207503,0.0978141976,0.053666292
0.0764641778,0.0107327756,0.145779741,0.219143173,0.0642144084,0.00867508126,0.077292699,0.0143849271,0.0240274398,0.0655172852,0.0251989455,0.213069536,0.0338480283,0.0437424226,0.00636132317,0.0155189127,0.182786698,0.0200486211,0.321347784,0.113810703,0.00859844626,0.0867824299,0.0849546483,0.0124905273,0.0543187845,0.0102591569,0.0270863873,0.0141010762,0.0577889114,0.0691219489,0.0104772717,0.00901713646,0.00890471943,0.0448484115,0.0660146805,0.0241423268,0.0276660034,0.0222743051,0.0186915605,0.136477092,0.0141271283,0.0135004778,0.0132093934,0.235052612,0.0568087274,0.0948852426,0.0165393947,0.0691957968,0.0218269763,0.064327483,0.0142977385,0.0693597287,0.0707634615,0.122994661,0.0102803681,0.0750191172,0.0303300333,0.0255474186,0.0106075236,0.0161290419,0.0631928799,0.279039101,0.0890944904,0.07908495,0.0301764325,0.14419939,0.0173184521,0.00666111037,0.073966773,0.015624985,0.0227081656,0.0129259796,0.0623248188,0.0244798115,0.127009652,0.0227272493,0.0799799218,0.0568181936,0.0204545202,0.202731594,0.041023038,0.0480502383,0.134026834,0.0260869839,0.0223260409,0.0860786466,0.718087597,0.0573216982,0.0162907368,0.0132113775,0.012925991,0.0411523007,0.046228755,0.0387263462,0.144935513,0.0210304565,0.0242261679,0.0116391876,0.105597954,0.0544973381
0.0700431196,0.0100297064,0.153056364,0.213104135,0.0646340919,0.00884955858,0.0783630715,0.0169573531,0.026434205,0.068301241,0.0290055632,0.212703365,0.0362997451,0.0350242137,0.00739773974,0.0178394461,0.174664347,0.0167286307,0.321573967,0.113392839,0.00603969336,0.0931973508,0.0781452271,0.0104555686,0.0551238212,0.0108932165,0.0302257427,0.0176056507,0.0592654016,0.0631578645,0.0106888445,0.00811541836,0.00779221121,0.0466417613,0.0584725699,0.0259900583,0.027699482,0.0233128789,0.0187695155,0.151848083,0.012448083,0.0151960659,0.00899620253,0.227055974,0.0681817879,0.100583675,0.01756591,0.0572094772,0.0254097887,0.0659922808,0.0125418075,0.0718432666,0.0687022611,0.120643501,0.00832562249,0.0657099369,0.0349365061,0.0260416421,0.0105667553,0.0172413566,0.0679681871,0.270796203,0.107389141,0.0772849344,0.0288991309,0.131385174,0.0208333506,0.00739524309,0.0814086815,0.0106796165,0.0308016759,0.0117371035,0.0571635234,0.0206060512,0.123365183,0.0196353282,0.0644511916,0.0593813266,0.019929642,0.1931266,0.0452695174,0.044157681,0.131609476,0.027987122,0.0255047487,0.078744531,0.712080228,0.0573690533,0.0153272462,0.013078487,0.0145102864,0.0395257087,0.0418250867,0.0371109046,0.157610323,0.0191897893,0.0251396229,0.0111561989,0.107939953,0.0599787296
0.0739130116,0.00939850075,0.154827222,0.2091503,0.0592185478,0.00986033366,0.0810458549,0.0105667628,0.0242196286,0.0702288061,0.0346320266,0.200733676,0.0357142154,0.0370827652,0.0118006958,0.0160160097,0.17730174,0.0130039031,0.361937185,0.108072854,0.00892060356,0.1207792,0.0782104325,0.0118343185,0.0498550415,0.0088105593,0.0283560521,0.0175233268,0.0590682027,0.0567546397,0.00997505711,0.0101569738,0.00944205823,0.0453383969,0.0635294576,0.0224321387,0.026735459,0.0212895887,0.0186143119,0.160687763,0.0128342199,0.0190989207,0.00785582845,0.216525944,0.0664273434,0.10509757,0.0226730354,0.057192306,0.0255102043,0.0629170733,0.0126369068,0.0668073473,0.0734463771,0.119349,0.00986546311,0.0568012014,0.0318498904,0.0205405116,0.0126953151,0.0141423362,0.0725490339,0.272470565,0.108857312,0.088110387,0.028653285,0.132946772,0.0209302187,0.00655737764,0.101490803,0.00796019233,0.0368072678,0.0116958975,0.0682788957,0.0186567145,0.118188183,0.0219478534,0.0649214135,0.0573929628,0.0247191419,0.202476762,0.0474560634,0.0365691039,0.139250595,0.026766597,0.0300778192,0.0867938027,0.71457213,0.0532775938,0.0139573179,0.0132924061,0.0119331824,0.03853752,0.0557823406,0.0356037091,0.164608723,0.015401539,0.0215924377,0.00705641732,0.108118108,0.0594218451
0.0781758559,0.0100821571,0.146492443,0.198979383,0.0618114847,0.010523303,0.0855365726,0.0101744228,0.0258064618,0.0742397113,0.0377358864,0.192458237,0.0374999749,0.037878817,0.0105263125,0.0132113782,0.17932861,0.0118421085,0.385624983,0.103929032,0.0100640491,0.12089359,0.0863682577,0.0116453831,0.0459922913,0.00908058275,0.0252342693,0.0195035224,0.0613811176,0.0485669089,0.0113780001,0.00843486421,0.0084388196,0.0386075954,0.0634038322,0.0180587136,0.0226014941,0.0218978539,0.0185567172,0.164085541,0.0118025725,0.026104451,0.00863557753,0.205188668,0.06803355,0.112929096,0.0195178216,0.0555054002,0.0251063919,0.0603282848,0.0110826988,0.0589848267,0.0774253878,0.116605619,0.01323919,0.0541031199,0.034585817,0.0142700033,0.0117187369,0.0208136209,0.0677966046,0.265745965,0.1169922,0.0862785506,0.0225563893,0.128722914,0.0236966597,0.00722891723,0.102029298,0.00792079053,0.044129859,0.0143198185,0.063596594,0.0175438426,0.105745953,0.0233644658,0.0605234927,0.0506822405,0.0232816091,0.199759464,0.0469925522,0.0379665248,0.151569038,0.0293193529,0.0364131038,0.0821759248,0.705533366,0.0518842501,0.0128824839,0.0119284304,0.00954655952,0.0359922778,0.0609243285,0.0268505387,0.173158125,0.0184331387,0.019893892,0.0059999982,0.109746975,0.0608603964
0.0835129985,0.0113470034,0.131761507,0.203906967,0.0615670865,0.0119257908,0.0871183322,0.0109523784,0.0242268183,0.0786047093,0.0380673485,0.188171975,0.0440181088,0.0326223594,0.0126467858,0.0147368243,0.169509377,0.0134770892,0.416454406,0.098017302,0.0102996375,0.134422179,0.0873180194,0.0122982341,0.0453862254,0.00879248466,0.0229604051,0.0161482936,0.0684079887,0.0450121108,0.0130719073,0.00871249159,0.0107883846,0.0414506906,0.0625455975,0.0181200376,0.0265526498,0.0184957152,0.0179104488,0.163713337,0.0129171384,0.0247524683,0.00762712374,0.211691043,0.0672268472,0.114404016,0.026106659,0.0534452543,0.0259623954,0.0582191791,0.0120481902,0.0476190071,0.087523274,0.108035663,0.0137931075,0.0534568387,0.0362737154,0.0140388479,0.011,0.0197367921,0.0767568537,0.249014422,0.116965295,0.0931477349,0.0224929534,0.122710658,0.0257214606,0.00643087415,0.0969731177,0.00713558386,0.0469283069,0.0201660671,0.0645863387,0.0139771311,0.0973937419,0.0291073732,0.049208128,0.0495626857,0.0186607584,0.199116139,0.0503982673,0.0435606404,0.149865175,0.0222929656,0.0371584619,0.0795194324,0.708062628,0.0484652007,0.0104923477,0.0105062086,0.00954654952,0.0335538911,0.0657342312,0.0316952224,0.178608088,0.0196304396,0.0217391478,0.00509685173,0.100368389,0.0625680025
0.0868869926,0.0100430412,0.118679726,0.198780393,0.059683281,0.0132541167,0.0906749355,0.0115740769,0.0227507791,0.0706319239,0.0369230567,0.190862889,0.0449943373,0.0395408059,0.0120036872,0.0148619781,0.151293675,0.0125522975,0.427311491,0.0989063366,0.0129932733,0.141656669,0.0901287171,0.0109546188,0.0409145726,0.00709217645,0.023437495,0.0170990772,0.0687808652,0.0368589465,0.0162381564,0.00702107084,0.0145590588,0.042838079,0.0569236018,0.015730365,0.0238739129,0.0211180334,0.0180904898,0.165388464,0.010052905,0.028780511,0.00812348865,0.21016913,0.0674053622,0.121373193,0.0255434787,0.0507637132,0.0257826679,0.0568832482,0.0164359975,0.0428388169,0.0972477346,0.10306034,0.0154109501,0.0445544411,0.0370065589,0.0197802138,0.0100502789,0.0230480087,0.0777417704,0.234141221,0.125223154,0.0965664943,0.0202117629,0.12332931,0.0226365011,0.00637451007,0.0916313173,0.00616649538,0.0509499454,0.0205245147,0.0661336774,0.00739828356,0.09090902,0.0261557542,0.0413832185,0.0392992088,0.0195227843,0.188486571,0.0476406344,0.042565934,0.156226338,0.0217391711,0.0434298296,0.0728324237,0.712766146,0.0475806077,0.0103916842,0.0122989501,0.0115291099,0.0349161704,0.0827389426,0.0365344491,0.188278094,0.0174418467,0.0225102414,0.00313151865,0.09422651,0.0660479994
0.0869796935,0.00972621889,0.115332494,0.1981598,0.0577149072,0.0145131113,0.0886608116,0.0141552378,0.0265797449,0.071089982,0.0417910212,0.183500055,0.04176202,0.049936728,0.011462213,0.0128479349,0.142947448,0.0167831998,0.437731024,0.0954080886,0.0139303487,0.135736674,0.0978377902,0.00950118972,0.0380037073,0.0074906397,0.0283663831,0.0171358583,0.0705496545,0.0279747485,0.0188934172,0.0113285399,0.017827511,0.041039677,0.0491803166,0.0154015408,0.0265287712,0.0241635812,0.0195783333,0.160151828,0.0108577712,0.0268867842,0.00906841586,0.208754445,0.0658627125,0.126969464,0.031416368,0.0502241749,0.0238790915,0.0594795411,0.0175438701,0.0478654153,0.0869174909,0.106796143,0.0129198812,0.0484806396,0.0320723469,0.0184563846,0.0113285299,0.0206572709,0.085409934,0.220405374,0.136312944,0.0892473748,0.0187746895,0.131707407,0.0246575128,0.00618238699,0.0847021626,0.00425532191,0.0501662296,0.0221729651,0.0603197817,0.00767261624,0.0807237121,0.0246098489,0.031638408,0.0346118076,0.016375529,0.185237581,0.05676858,0.0415662504,0.156146214,0.022439609,0.0385887339,0.0639268496,0.730784191,0.0463114781,0.00919264979,0.0141509359,0.0129789566,0.0320632377,0.0855728035,0.0426330229,0.192537972,0.017523313,0.0220689633,0.00108696014,0.0930359349,0.069060719
0.0812153854,0.00977553455,0.105409163,0.208075658,0.0609468081,0.0122065658,0.0831388097,0.0127504408,0.0286845263,0.0721200563,0.0474683919,0.178149705,0.0319634661,0.05625,0.0137688148,0.0145985354,0.138394324,0.0151934061,0.446602133,0.0877634261,0.0145378878,0.13826606,0.0960482267,0.0080192484,0.0306495656,0.00845411499,0.02888518,0.0231144014,0.0681264709,0.0247801948,0.0153846,0.0125391512,0.0185796889,0.0457102526,0.0499011619,0.015184397,0.0260371028,0.026066335,0.0224551018,0.157427375,0.0115789213,0.0254975049,0.0109134889,0.196224171,0.0648147934,0.14050103,0.031823131,0.0442637625,0.0210577969,0.0610902592,0.0196886543,0.0387596512,0.078202998,0.095716766,0.0141195994,0.0445695578,0.0290507453,0.0172031298,0.00969828029,0.0214952939,0.0855408455,0.222489121,0.133105807,0.0845361101,0.0179640737,0.139080526,0.0221112393,0.00675170425,0.0791294953,0.00545256011,0.0485527042,0.0216919946,0.0454545782,0.009375,0.0747908802,0.0255681725,0.026558875,0.0288103818,0.012373456,0.17612411,0.0552608839,0.0397661088,0.162979433,0.0210876994,0.035986887,0.0600232863,0.724270304,0.0540308024,0.0113636238,0.0175115239,0.0152998837,0.0315356268,0.1011315,0.0519662864,0.198437812,0.0202381351,0.0247593055,0.00339366143,0.0976008429,0.0699774047
0.081382878,0.0115327343,0.105401854,0.214614502,0.061018916,0.0130308868,0.0963360318,0.0131463538,0.0266472773,0.0843022469,0.0526729284,0.173974008,0.0353201104,0.0642317974,0.0133466731,0.0157067969,0.132975219,0.0202976894,0.44558662,0.0880204823,0.0216472824,0.129328893,0.0955723152,0.00721153196,0.026989943,0.00878219333,0.0389785203,0.0240673802,0.0680732389,0.0253012317,0.01710527,0.0114107555,0.0182876046,0.0421296067,0.0426356385,0.0142231751,0.0275108938,0.0316741521,0.0285714506,0.146594943,0.0143295672,0.0294117421,0.00963855745,0.205186495,0.0612338237,0.143358932,0.039344309,0.0377798574,0.0198215792,0.0737782758,0.0252141057,0.0349741531,0.0855048449,0.0907098778,0.0148637597,0.0467333895,0.0315534094,0.0219399275,0.00981462049,0.0244360885,0.0860565724,0.21913588,0.134593416,0.0770020477,0.0198574254,0.1458095,0.0217729391,0.00597907622,0.0792910422,0.00966700623,0.0428841119,0.0185578337,0.0425531896,0.00980392716,0.0643458856,0.0288888808,0.0269186787,0.0244360867,0.0101925081,0.168701119,0.0555088598,0.038777954,0.166666479,0.0248587387,0.0387096874,0.0494881096,0.729686682,0.0487911169,0.0110565114,0.0173833624,0.0149812818,0.0339623085,0.114206147,0.0550023256,0.21177125,0.0213523281,0.0264993119,0.00681044129,0.0888051658,0.0650643836
0.090707999,0.0131381363,0.0920397609,0.224254056,0.0706018526,0.0146627519,0.0988223054,0.0142977361,0.0261627943,0.0856728021,0.054517126,0.158518565,0.0403810451,0.06954888,0.0124202816,0.0149892513,0.137874374,0.0211081543,0.439826676,0.0927448978,0.0229946377,0.124060198,0.0994316865,0.00741961077,0.0249060363,0.00980389657,0.0421404612,0.0314353445,0.0728193426,0.0207993758,0.0203045892,0.0102986942,0.0199335645,0.0409683843,0.0437318006,0.0122221999,0.029043803,0.0287418837,0.0385802742,0.142233623,0.0146290291,0.0269691744,0.0102442864,0.193846675,0.0587405823,0.153820818,0.0411887365,0.034227562,0.0192308012,0.0702904203,0.0252621267,0.0355731108,0.0762711649,0.0943396097,0.0117548245,0.0537063136,0.0304383029,0.0216086465,0.0109051205,0.0296367069,0.0887446776,0.23281735,0.13961814,0.0706106813,0.0170067981,0.14464686,0.0195439657,0.0052044583,0.0784181238,0.0105041995,0.0352998217,0.0171673555,0.0400908272,0.0109755918,0.066006583,0.0320726333,0.0301479151,0.0235183648,0.00794548422,0.170058672,0.0502146053,0.0406839626,0.165357175,0.0254143554,0.0398828776,0.0428571175,0.729216354,0.0499573067,0.0110114242,0.017304187,0.0161090614,0.0321497537,0.119944258,0.0630533789,0.216860831,0.0193470444,0.0301724297,0.00832342,0.0836012959,0.0659144802
0.0936147043,0.0149136607,0.0996287758,0.229712019,0.0750577773,0.0219047666,0.107151853,0.0173985035,0.0265225789,0.0864936805,0.0554674983,0.148116156,0.0442797428,0.0794155402,0.0111788546,0.0137711699,0.146726529,0.0241117376,0.421146569,0.0888974942,0.0212649523,0.12014266,0.107226132,0.00829186923,0.0214352221,0.0109699477,0.0459502186,0.0376593459,0.0669538382,0.0176420023,0.0192061404,0.0108932289,0.0196245772,0.0398801332,0.0441726541,0.0102505437,0.0261496992,0.0255740895,0.0396499044,0.132804466,0.0152593835,0.0258816832,0.00795544611,0.183537255,0.0575304606,0.176938006,0.0443995387,0.030414771,0.0184804703,0.0735586887,0.0288461407,0.0392670353,0.0876811156,0.0932047845,0.0109612146,0.0571153566,0.0255060347,0.0226985732,0.0134679823,0.0297731898,0.0898147029,0.240087487,0.145121931,0.0656934696,0.0187460734,0.152391591,0.0279605216,0.00591715649,0.0858261925,0.0131027407,0.0386571777,0.0124739946,0.0366972139,0.0120773002,0.064377681,0.0362637029,0.0287486485,0.0317757034,0.0107143082,0.160268198,0.0501253029,0.0454015859,0.165140651,0.0253303871,0.0432330841,0.0412428512,0.72148885,0.0521930294,0.0106746346,0.0210196751,0.0164556682,0.0289099302,0.123431025,0.0659446966,0.230496353,0.0146163529,0.0327510077,0.0102124206,0.073027764,0.0705813181
0.0802603096,0.0169902941,0.0896510284,0.219707103,0.0971751853,0.0276968108,0.11583015,0.0158856208,0.0211742036,0.0905245028,0.0539062162,0.148194424,0.0404494609,0.0751263177,0.0134854538,0.0115183133,0.165653437,0.0224438767,0.404254974,0.0899190052,0.0296656544,0.110877276,0.115384572,0.00847458608,0.0240384758,0.0138889011,0.051615659,0.0424207584,0.0736771925,0.0216813964,0.0181818,0.00879119824,0.0205959737,0.0453278,0.0459770097,0.0080367563,0.0248888868,0.0241780181,0.0425866991,0.138537356,0.012845841,0.0257142967,0.00725805981,0.173139217,0.0540796255,0.183183104,0.0442247533,0.0361446269,0.0145985171,0.0778564049,0.0330739356,0.0351562684,0.0868643974,0.0936639461,0.00958333818,0.0569475972,0.0243085158,0.0208062331,0.0158191713,0.0344339512,0.0863028305,0.244818658,0.153245242,0.0705244922,0.016850501,0.157534245,0.0305602586,0.00730993571,0.0886733938,0.0159744203,0.0408902451,0.0128068587,0.0383435642,0.0144057617,0.0618221876,0.03532611,0.0307950532,0.028063615,0.00973238279,0.151472808,0.0488314351,0.0513711715,0.169789353,0.0280777862,0.0441959801,0.0371661682,0.70591797,0.0573192964,0.0112410038,0.0213055478,0.016352178,0.0287081568,0.105409173,0.0755827531,0.223086532,0.0124532963,0.036956476,0.0113821009,0.06256635,0.0799300176
0.0765473445,0.0175146331,0.0844311304,0.213730611,0.113532094,0.0262065082,0.119065942,0.0143884924,0.0226415058,0.0909558591,0.0536253502,0.14549743,0.0420819546,0.0914634245,0.0112244969,0.0163598799,0.184330107,0.0225118086,0.412009944,0.0901492465,0.0312831353,0.108503347,0.121638931,0.00612423559,0.022878952,0.0150289133,0.050911357,0.0449886072,0.0781794149,0.0196253298,0.0126262842,0.0105820031,0.0210573435,0.044568252,0.0428768499,0.00816801902,0.0237455119,0.0215962306,0.0508386066,0.138528235,0.00970873701,0.0284756985,0.00644122487,0.169230843,0.0482289542,0.18965495,0.0426680623,0.0436619925,0.0152792283,0.0783009792,0.03125003,0.0365358552,0.0898875907,0.0893195914,0.00586756244,0.0583268137,0.0256410394,0.0173333148,0.0186607547,0.0309477612,0.0900598363,0.255660364,0.1600241,0.0671378061,0.0184178608,0.144874304,0.0305943991,0.0101744204,0.0899830041,0.0172972902,0.0405961774,0.00984681515,0.0358255858,0.0187134487,0.0616953333,0.0353645427,0.025055707,0.0294117912,0.013715702,0.139851762,0.0441867265,0.0539099565,0.155606683,0.023983314,0.0474974629,0.0310633455,0.694618488,0.0612788695,0.0172574424,0.0221924555,0.0158151375,0.0261881456,0.101827627,0.0845534002,0.220888336,0.00920243473,0.0494829462,0.0118764945,0.0629751049,0.0740956659
0.0788264776,0.0189492061,0.0851990043,0.210012827,0.13771425,0.0307692038,0.119157001,0.0135135254,0.0196445235,0.0890597971,0.0558866794,0.141301293,0.0426828866,0.0996523949,0.0100908118,0.022471901,0.19928298,0.0174216066,0.405988255,0.0980088067,0.0292207573,0.1042884,0.119480601,0.00643974775,0.0187932883,0.0156250084,0.0540625162,0.0411499911,0.0833333762,0.0158433941,0.0112079633,0.00936523028,0.0219178159,0.0494580116,0.0452736038,0.00795453231,0.0232456079,0.0235276223,0.0532609082,0.132252097,0.00749063933,0.0264039878,0.00641025708,0.167171733,0.0393327167,0.198941542,0.0416666817,0.05009369,0.0151832321,0.0745567306,0.0315315123,0.0357142971,0.105517252,0.0888031084,0.00831947015,0.0589722858,0.0275271226,0.0161290437,0.0199161624,0.0380380241,0.0827612051,0.266914683,0.17281668,0.0650684994,0.0165204839,0.133810003,0.0320068759,0.0103550242,0.0936960144,0.0186766442,0.0414045983,0.00937155793,0.0415308725,0.021640052,0.0613363455,0.0383333703,0.023704554,0.0381097374,0.0138889078,0.124565948,0.0372035899,0.0566150334,0.150345337,0.0223958805,0.0537190939,0.0361595874,0.677481165,0.0650442442,0.0237864342,0.0308695448,0.0147965967,0.024461859,0.0989159375,0.0900606727,0.225601804,0.0122850036,0.0475483,0.0140680101,0.0517241357,0.0739476404
0.0728355187,0.0223413354,0.0785890656,0.205589854,0.157832798,0.0317002965,0.123947842,0.015898272,0.0136278212,0.0822060078,0.0533834467,0.137189148,0.0488888386,0.101129896,0.0110775521,0.0267094407,0.204519752,0.0179977557,0.413098108,0.100805352,0.0306652638,0.104339873,0.127516776,0.00772200629,0.0146914828,0.0178777313,0.0514173726,0.0412371978,0.0871619058,0.0121951172,0.0134638822,0.00825592653,0.0207768674,0.0587071188,0.049896044,0.00589624035,0.0190265435,0.0231316819,0.0463065168,0.132706066,0.00754005312,0.0256079798,0.00925925687,0.159456707,0.0360486711,0.223919732,0.0389282029,0.0543378573,0.0189354974,0.0725469562,0.0300096353,0.0323032845,0.127762561,0.0844725933,0.00934580486,0.0586169844,0.029734682,0.0189959182,0.0207509709,0.0386965645,0.0790960227,0.26898714,0.170276848,0.0677686107,0.0144287328,0.128772626,0.0340908886,0.01129518,0.0948948837,0.0205047185,0.040062462,0.0105555438,0.0428802093,0.0243506266,0.0653483982,0.0355555767,0.0223463766,0.040991969,0.0124688265,0.110176658,0.0373376422,0.0565475989,0.143261284,0.0209611396,0.0590673931,0.0361842009,0.652724728,0.0645298677,0.0289215682,0.0291304232,0.0141843787,0.0227502305,0.0889037638,0.0864463436,0.214005393,0.0134474065,0.042962961,0.0132336073,0.0470324755,0.0697413061
0.0690103955,0.0236363382,0.0768277492,0.205929366,0.164465756,0.0300096787,0.130262382,0.0159616965,0.0141811556,0.0728407491,0.0490935959,0.137163155,0.0522067094,0.100336303,0.00994035961,0.0183783795,0.224744541,0.0175630881,0.413978496,0.102694855,0.0267406332,0.111960399,0.147410415,0.00952858619,0.0138339826,0.0199771786,0.0481928044,0.0388951668,0.0790010976,0.010700392,0.014669912,0.0115425152,0.0202578218,0.0704873773,0.0478443824,0.00593120024,0.0154457267,0.0240174618,0.0403587848,0.137637417,0.00830258127,0.0278976226,0.0103716511,0.155826469,0.0320755011,0.237942354,0.0386546404,0.0619678085,0.0178571546,0.0756785181,0.025870216,0.0339232813,0.130790239,0.087598346,0.00928961994,0.0533661629,0.0275989134,0.0187096741,0.0231213603,0.0396659783,0.0760136203,0.268355232,0.157418403,0.0769230892,0.013636354,0.11947797,0.0374787479,0.0128593112,0.0936329076,0.0204617349,0.0406417391,0.0109170222,0.0485893824,0.0275423544,0.0626410843,0.0322763155,0.0215175452,0.0396341232,0.0160692034,0.115192098,0.0344731766,0.061978497,0.148041762,0.0160788214,0.0576339698,0.0376851475,0.651211313,0.0669565315,0.0349753556,0.0347711365,0.0138089996,0.0287657383,0.0821095269,0.0887929256,0.208877436,0.014217989,0.046965355,0.0120551251,0.0412027812,0.077472438
0.074837769,0.0263158178,0.0785773137,0.218465945,0.170803748,0.0253410651,0.121267267,0.0165484504,0.0117011708,0.0723140054,0.0528700921,0.138061865,0.0528017666,0.106860629,0.00778968,0.0184381996,0.245316101,0.00955413096,0.431571714,0.107398579,0.0270137583,0.122279554,0.149463793,0.0117948593,0.0108588197,0.0186440611,0.0478158778,0.0392264573,0.0765697958,0.0109561781,0.0165680251,0.0114822425,0.0172884366,0.0722362262,0.0585392028,0.00581395052,0.0157116475,0.0223944624,0.0409091251,0.13369747,0.0064635282,0.033818468,0.0114235515,0.155767956,0.0276518399,0.252202388,0.037524325,0.0716980903,0.0148413449,0.076169728,0.0213556425,0.036585338,0.128818007,0.0891282338,0.0109379313,0.0524263663,0.0304428006,0.015644524,0.0247895372,0.0347509995,0.0741379474,0.252531176,0.154541991,0.0803431892,0.0133460463,0.111620687,0.0428816883,0.00994643953,0.0914496982,0.0191511573,0.0376458313,0.0127253762,0.0588235376,0.0318602341,0.0650953205,0.0277777383,0.0191657553,0.0372983996,0.0169050722,0.122001748,0.0306447107,0.0691358236,0.155956053,0.0162107392,0.057,0.0392857461,0.644075101,0.0717992495,0.0390104865,0.040491353,0.0140540449,0.0233695878,0.0826873317,0.0842710128,0.196871048,0.016646846,0.0508357381,0.0148571527,0.0364757764,0.0804721819
0.0737736832,0.0330777399,0.0775720635,0.230928365,0.175364066,0.0193089273,0.126889953,0.0118110177,0.0159010566,0.0671176064,0.05282202,0.141537946,0.0549041236,0.102508943,0.00570885069,0.0191011694,0.261762307,0.00941424868,0.429334572,0.102999154,0.0247618885,0.12676642,0.153690938,0.010555542,0.00968990948,0.0197152094,0.0509126077,0.0406593173,0.0742368246,0.0091649656,0.0123457002,0.0115304229,0.0139925354,0.0818070184,0.0711974828,0.00355449082,0.0192307762,0.0217391657,0.0356322793,0.128103083,0.0084905566,0.0351629672,0.0145322494,0.157551991,0.0236110946,0.267231556,0.0360577331,0.0802165651,0.0185930111,0.0798883085,0.0182413268,0.0338461271,0.136904733,0.0786588918,0.0137844685,0.0521662718,0.031686831,0.0180288356,0.0240254096,0.0379813203,0.0794392343,0.235511838,0.158857243,0.0804768518,0.0172413706,0.0953581243,0.0465517486,0.00916031025,0.0969904426,0.0160581622,0.0361507477,0.0124610336,0.0679467633,0.0364475828,0.0639534521,0.0281690244,0.0199999884,0.037223373,0.0104575107,0.131337455,0.0242239721,0.0699208515,0.162807426,0.0158730157,0.0600393038,0.0458515602,0.62578988,0.0656836952,0.037054382,0.0420434345,0.0117021302,0.0219298244,0.0769230015,0.0864692015,0.203653294,0.0158370797,0.0573121825,0.0160550675,0.0271739672,0.0778251193
0.079280353,0.0370182815,0.0709134362,0.238230849,0.187268419,0.0153217561,0.125700353,0.0119047604,0.0203001045,0.0578947027,0.0625898937,0.141427719,0.06263267,0.10184201,0.00850661728,0.0205158131,0.275020021,0.00813832504,0.433091682,0.108467772,0.0230479887,0.139105596,0.172043297,0.0109321281,0.00853889628,0.0163934544,0.0519713213,0.0407701284,0.0661474063,0.0058593671,0.0113636558,0.0114583733,0.0111835936,0.0832357266,0.0817884336,0.00486619981,0.0214843675,0.0225916486,0.0294771921,0.139265098,0.0116959142,0.0368284031,0.0154545492,0.159240871,0.0265990175,0.266351266,0.0359813187,0.0808823806,0.0184815276,0.0836177649,0.0170036946,0.0170278737,0.130749064,0.0829353625,0.0137655352,0.0540053805,0.0326887659,0.0244317773,0.0255411184,0.0368686482,0.0786982274,0.213716132,0.16741064,0.0872180435,0.0203685653,0.0921449855,0.0396825533,0.00697134543,0.0969488545,0.0156462791,0.037650589,0.0177824588,0.0697013093,0.0373831966,0.0558086371,0.0251428705,0.0158730482,0.040843199,0.01181104,0.130652515,0.0222126606,0.074697177,0.173929463,0.0140562476,0.0589744067,0.0486862819,0.63636345,0.0596725662,0.0368324262,0.0431560957,0.0120603552,0.018665149,0.06625,0.079493641,0.216197249,0.0178771196,0.0566879511,0.0201660744,0.0201913061,0.0813221693
0.0834358687,0.036,0.0754491179,0.253107712,0.196451337,0.0143002881,0.134154731,0.0113728809,0.0208144776,0.0547945103,0.06515374,0.135107641,0.0724789759,0.0977778435,0.00914341565,0.0184085665,0.281609148,0.00679611637,0.434574968,0.102976648,0.0251141485,0.146085895,0.17545005,0.0138387515,0.0134744876,0.0119956325,0.0549604658,0.0379041623,0.0655555789,0.00573066109,0.0125,0.0132653208,0.0111628022,0.0860092142,0.0917030726,0.00492611946,0.0181550431,0.018329069,0.0258427779,0.147894305,0.0118694376,0.036918831,0.0149532768,0.159036916,0.0323905028,0.27716766,0.0363051652,0.08643217,0.0217391113,0.0816448486,0.0197664082,0.0152206971,0.132067815,0.0860979296,0.0141552474,0.0524156629,0.0317316005,0.0263441119,0.0252738177,0.036282332,0.0823317458,0.203207813,0.177049375,0.101217734,0.0183044205,0.0939873662,0.0410122,0.00535168034,0.100300882,0.0172295951,0.0348614987,0.0171890602,0.0704225585,0.0380800557,0.0575581491,0.0243902351,0.0176855001,0.0372008808,0.0132802027,0.146799119,0.0180298884,0.0778688444,0.178910733,0.0118459989,0.0586742573,0.0563380742,0.638514978,0.0551402606,0.0352177942,0.0429057255,0.0151209259,0.0184757278,0.0598448274,0.0789699766,0.232413716,0.0167224282,0.0606826961,0.0185873605,0.0169671699,0.0867021512
0.0816790539,0.0411585844,0.0791666962,0.270528601,0.19179896,0.0134715095,0.139059224,0.0150793654,0.0275734957,0.052040868,0.064925349,0.135937915,0.0658307465,0.0945329792,0.0113748775,0.0168674695,0.297812649,0.0047483394,0.453555579,0.0933603791,0.0219141331,0.156196126,0.175316752,0.0149068554,0.0186274331,0.0144124226,0.0514484921,0.0361318,0.0613443277,0.00845069874,0.0139771536,0.0142404699,0.00650558224,0.09061137,0.112347039,0.00757578288,0.0217171565,0.018739372,0.0287026991,0.147841694,0.012526078,0.0305100068,0.015281766,0.15618565,0.0327715726,0.278940356,0.035283195,0.107361932,0.0241850523,0.0773005453,0.0209281092,0.0152904983,0.123346177,0.0835633552,0.0135387397,0.0647447581,0.0296943573,0.0290390477,0.0265462927,0.0428432863,0.0864899563,0.19125,0.17438126,0.0989811745,0.0178748867,0.0883494626,0.0401709272,0.00537221903,0.104895022,0.0162894576,0.0263157625,0.0213197642,0.0699588786,0.0397086164,0.0553482267,0.0224654006,0.0203252098,0.0387139419,0.0134589733,0.153232522,0.0147058804,0.0826388749,0.19207394,0.00973709961,0.0623468258,0.053822083,0.651720054,0.0478011907,0.0314208209,0.0440436173,0.0163304489,0.018648,0.0536489179,0.0794260546,0.245810343,0.0147392475,0.0630516693,0.0202531743,0.0152284455,0.0914547965
0.0881131026,0.0441489743,0.0794662455,0.275483307,0.189701921,0.0139484795,0.147689162,0.0132502008,0.0311641099,0.0481444709,0.0587349489,0.144274478,0.0630965177,0.0925058374,0.0160787979,0.0215568472,0.299824659,0.00372093433,0.445748306,0.0894930731,0.0233302908,0.163609653,0.166060608,0.0167095223,0.0172414086,0.0133333263,0.0480822915,0.0381443644,0.0618383966,0.00693161227,0.0132275007,0.013727603,0.00564440852,0.0928961779,0.120574729,0.00906736601,0.0223260491,0.020270283,0.0276816234,0.152763443,0.0126716195,0.0285585034,0.0158197671,0.145228176,0.0375114769,0.275281228,0.0308123455,0.113071579,0.0200633918,0.0702835747,0.0177148002,0.0168195439,0.117053287,0.0782805546,0.0171400569,0.0689655604,0.0341695619,0.0301534655,0.0250474291,0.0601117835,0.0879518013,0.170308841,0.175063844,0.0967978123,0.0171737024,0.0910390752,0.0383360204,0.00536810102,0.103362944,0.0172119703,0.0293005756,0.0238095152,0.0682432702,0.0404040351,0.0590142995,0.0192089952,0.0195312404,0.0330764543,0.0159846378,0.158974403,0.0207048053,0.075402703,0.193121743,0.0126336216,0.0706570421,0.0556451367,0.665493121,0.0426278821,0.032360995,0.0496688316,0.0149863729,0.0162601655,0.0528977043,0.077065218,0.275886726,0.015538322,0.0725093887,0.0259259806,0.0128336345,0.0955135214
0.083333335,0.0491360161,0.0719381229,0.289655676,0.190647567,0.0141611896,0.146384381,0.0125984175,0.0368126187,0.04890215,0.0496987566,0.137873546,0.0599369113,0.0838217976,0.0192909059,0.0195121659,0.29569197,0.0036866377,0.456361289,0.0875858409,0.023452154,0.173675525,0.153402506,0.019946822,0.0208333205,0.0133185532,0.0411231208,0.0415445051,0.0688061029,0.0096330317,0.0141935286,0.013348184,0.00662251907,0.0959595018,0.136615389,0.0104166534,0.0194941988,0.0204255515,0.0250854987,0.159232777,0.0117899132,0.0243445902,0.0147637813,0.134895885,0.0458185328,0.271767301,0.0267527869,0.132898752,0.0251640763,0.0678704779,0.0178839975,0.0192592419,0.128289785,0.0818815122,0.0169578668,0.0749250034,0.0333919385,0.0406673198,0.0226720777,0.068903033,0.080452919,0.153543063,0.181469222,0.0940526515,0.0193482718,0.100094475,0.0399686832,0.00548159319,0.106967685,0.0180972336,0.0280588604,0.0281342264,0.0632652979,0.0440140855,0.0595549672,0.01990632,0.0148514916,0.0345330199,0.0163834749,0.162777226,0.0196428353,0.0761689373,0.201070556,0.0149672624,0.0604055954,0.0558333405,0.678372426,0.0352696349,0.0349586472,0.0553311761,0.0160403265,0.0148401772,0.0464814879,0.0740284861,0.280740661,0.0180180368,0.0861634557,0.0297398127,0.0099403541,0.100420588
0.08747929,0.048966262,0.0701043407,0.294330081,0.186764796,0.0152671645,0.14914034,0.0116369347,0.0413602743,0.0513196133,0.0507692117,0.146951065,0.0611588422,0.0707491786,0.0228426561,0.0194647598,0.304478994,0.00447226967,0.445985329,0.0999392284,0.0226377803,0.180825535,0.141666573,0.0202702659,0.0223577061,0.0135440297,0.0354262359,0.0391704874,0.0711987203,0.0105215026,0.0131926018,0.0153340638,0.00675023959,0.0976562346,0.140007912,0.00897435467,0.0180851195,0.0212673601,0.0274123018,0.163684533,0.0143329979,0.0197182967,0.014056258,0.127254537,0.0482728364,0.25534739,0.0229147433,0.13827658,0.0253748291,0.0617907278,0.0181226943,0.0142045086,0.132176002,0.0778064422,0.0198072772,0.082484693,0.0318866021,0.0356394479,0.0194963225,0.0842013279,0.0776362,0.147757106,0.194972171,0.0944148751,0.0202492076,0.0999998416,0.03323033,0.00573770274,0.110435707,0.0175801946,0.0315068507,0.0295295145,0.0541838416,0.0403128977,0.0646214048,0.0191387258,0.0150214574,0.0330096686,0.0160332698,0.161507555,0.0211081354,0.0772171363,0.196214787,0.0128087847,0.0622836924,0.05862073,0.661038131,0.0362238841,0.0345768892,0.0527156222,0.0168795704,0.0126874394,0.04512775,0.0704595747,0.304840781,0.0158550398,0.0866751637,0.03,0.0109343866,0.109649161
0.0925010442,0.0505050272,0.0662513499,0.289204828,0.180451164,0.0162337558,0.153681123,0.0121378235,0.0436761001,0.0496323556,0.0428790089,0.143220102,0.0572353831,0.0617359547,0.0215863594,0.0182038655,0.288874409,0.00447627144,0.44933907,0.109576381,0.0223953226,0.188043501,0.142387707,0.02203856,0.0211864247,0.0131578607,0.0320995134,0.0350089377,0.0710075236,0.0121951124,0.0139417167,0.0153508571,0.00778210595,0.0928571924,0.138251804,0.00884956239,0.0181043643,0.0269799796,0.0287609955,0.164699323,0.0144444239,0.0219885205,0.0153531175,0.123494021,0.0516831054,0.242567032,0.0219928418,0.137499945,0.0306713575,0.0551905228,0.0197066809,0.0109739154,0.130642862,0.0858454903,0.0245901725,0.0823754196,0.0311677216,0.0336734736,0.0194174487,0.0908446873,0.07855507,0.146027884,0.195524231,0.095084033,0.0164102446,0.10904759,0.0258620747,0.00425169962,0.109099901,0.0209643959,0.0283784264,0.0307112443,0.0434482726,0.0430038759,0.0588235889,0.016607359,0.0156904029,0.0341245857,0.0140291429,0.159326493,0.0169724766,0.0865384186,0.182819867,0.0171634864,0.0630705086,0.0609965333,0.665053417,0.0354191406,0.0349462524,0.0559131386,0.0145951097,0.013437843,0.0491979102,0.0755119423,0.302130742,0.020477839,0.091877422,0.0304348506,0.00889327359,0.111170093
0.0965812809,0.0467502734,0.0618221783,0.28349921,0.160605943,0.015367692,0.160103052,0.0151987654,0.0486436416,0.052193034,0.0354937957,0.140652074,0.0560345102,0.0557620955,0.0226358366,0.0158151322,0.275193709,0.00443262739,0.460682826,0.106003775,0.020060199,0.202853179,0.133620946,0.0274170097,0.0164473469,0.0156794431,0.0314937194,0.0327434165,0.0721850448,0.0125216006,0.0106888442,0.0170261066,0.00789733891,0.085141047,0.136512904,0.0108784907,0.0221052422,0.0305144159,0.0248868505,0.169613042,0.0167785198,0.0251450874,0.016444,0.116834929,0.0621212474,0.2351751,0.0285969859,0.148815167,0.0278421916,0.0459459224,0.020164977,0.00657029816,0.130434387,0.0771632799,0.0276272828,0.0745098362,0.0285584742,0.029063541,0.0241680278,0.0992493851,0.0706085262,0.1548731,0.192400565,0.102922452,0.0125000081,0.109550634,0.0265487024,0.00340715679,0.114613178,0.0212313977,0.0244786935,0.0280836472,0.0355619724,0.0371900386,0.0732527568,0.0179639962,0.0182207993,0.033098112,0.0138735033,0.161145971,0.0156398041,0.0981849089,0.167033665,0.018238448,0.0591887573,0.0540309258,0.661372549,0.0401730788,0.0383275047,0.0545905871,0.0154967811,0.0132596368,0.0442842953,0.0735660695,0.30431558,0.0195627429,0.0976454273,0.0286396029,0.00775944994,0.113545083
0.0848765306,0.0606228694,0.0569755634,0.283262365,0.17408585,0.0132304661,0.15489914,0.0157109136,0.0541187261,0.0533731888,0.0213740332,0.145615581,0.0589857382,0.0486026456,0.020533842,0.0157194835,0.274153073,0.00616196893,0.458092713,0.110581493,0.0172764141,0.211856881,0.129135526,0.0254491382,0.0184563808,0.0199999928,0.0256254825,0.0342465436,0.0768408686,0.0118043871,0.0088397646,0.0153664189,0.00888450191,0.0776134944,0.137642742,0.00980390214,0.0210970289,0.0299559443,0.0240825752,0.177803421,0.0139634768,0.0347357993,0.0209424159,0.114173202,0.067898385,0.214577866,0.0252707276,0.155699815,0.0274212186,0.0439944259,0.0167753847,0.00766284023,0.135135153,0.0764303859,0.0276272598,0.0763963562,0.0254083571,0.0245989601,0.0229233769,0.10078147,0.0620239867,0.152260786,0.179594357,0.0963635783,0.010309297,0.104990583,0.0228898846,0.00436680908,0.113270185,0.0217160655,0.0244464764,0.0234553802,0.0264993093,0.0316804279,0.0692410538,0.0148514486,0.0178372034,0.0352136901,0.0181119211,0.170947792,0.0160349818,0.119755223,0.161050748,0.0223292406,0.0648449863,0.0373913051,0.652240618,0.0422626682,0.038396691,0.0526086763,0.0164684502,0.0104166759,0.0429841458,0.0713050938,0.287790601,0.0196987415,0.104588355,0.0238095452,0.00872938274,0.118355118
0.0846012296,0.0773542369,0.0643305426,0.27422891,0.166666733,0.0116537244,0.15957997,0.0154220666,0.0572815679,0.0483460663,0.0165413583,0.152488398,0.0741163185,0.0529412338,0.0177485026,0.011890597,0.266025167,0.00774525869,0.458095062,0.113488442,0.0158887748,0.217080653,0.115541881,0.0239521189,0.0198412924,0.028225773,0.0210135827,0.0312243334,0.0827465307,0.0144747749,0.00979325706,0.0142517944,0.00902708576,0.07172992,0.138919445,0.011139113,0.0206825497,0.0246195448,0.0193842573,0.160706969,0.0117396193,0.0410409846,0.0233545523,0.116417922,0.0786162885,0.209318276,0.0291174011,0.168501519,0.0279605072,0.0396039676,0.0159474672,0.00898588865,0.138297781,0.0736754484,0.0272727494,0.0685617985,0.0190294929,0.0265392793,0.0271966735,0.103866693,0.0577341636,0.148927186,0.187576113,0.101051397,0.0105041962,0.105599234,0.0189701511,0.00355239698,0.104891775,0.0194383818,0.0278301957,0.0226769789,0.0272727131,0.0280236384,0.0741444959,0.01125,0.0173572172,0.0390597389,0.0148678312,0.187020524,0.0160818761,0.135791673,0.147204546,0.0280867119,0.0741491288,0.0420167399,0.644994469,0.0433071309,0.0353024057,0.0468476078,0.0166512374,0.00929152446,0.0429389586,0.0744226083,0.289726031,0.0167630155,0.11730003,0.0203160467,0.00765550898,0.109921436
0.0783216405,0.0833333295,0.0587349554,0.27466549,0.174015727,0.0129796906,0.162682383,0.0163265362,0.0648330561,0.0434605863,0.0194714835,0.159959042,0.0814771088,0.0483503773,0.0147657864,0.012019214,0.242268125,0.00949913717,0.473870168,0.115239888,0.014946969,0.226052028,0.119550588,0.025796659,0.0195852169,0.0293772365,0.019770439,0.0320255834,0.0777178749,0.013200004,0.00823895181,0.0139594225,0.0123762399,0.0686275119,0.135337367,0.014237846,0.0164609347,0.0220941343,0.0176136221,0.157384772,0.0133744885,0.0393319649,0.0248917533,0.138265293,0.0945340758,0.202567305,0.0335221595,0.172475375,0.028586856,0.0369565718,0.0165745752,0.0061728521,0.131965228,0.0747741024,0.024012835,0.0646651197,0.0191929172,0.0306972029,0.0320513129,0.0936037958,0.0520043677,0.159153318,0.161710042,0.111419065,0.0138592932,0.109172563,0.014360313,0.00367310031,0.0984920654,0.0257111003,0.0233111319,0.0215175409,0.0295814967,0.0233644532,0.065113433,0.0133983185,0.0183867488,0.0406672941,0.013590036,0.191768616,0.0136718793,0.141144137,0.1449585,0.0323955158,0.0815769245,0.0338284303,0.653176497,0.0515924246,0.0345562751,0.0506848954,0.0140186805,0.00913241954,0.0405770795,0.0779386897,0.263812196,0.0216374239,0.119913445,0.0201567775,0.0067763769,0.118794454
0.065770942,0.0865604015,0.0625615976,0.266005458,0.171924278,0.0109409101,0.168748504,0.0168674746,0.0756810548,0.0395917729,0.0171277657,0.170668995,0.0954987485,0.066704676,0.0127942461,0.0108958677,0.225680647,0.00862068287,0.487403331,0.110810967,0.0170293194,0.233151662,0.11736386,0.0281250141,0.0218642361,0.0319270481,0.0172077653,0.0292739806,0.0766056308,0.0119047678,0.012,0.0135135042,0.0140280445,0.0627615251,0.137737763,0.0136475979,0.0154003646,0.0164835258,0.0150811966,0.158660251,0.0151975412,0.0437430948,0.0270880426,0.150745366,0.109418221,0.201780784,0.0368068648,0.177571491,0.0278372319,0.0376661068,0.0156250167,0.0109090911,0.133027461,0.0791457006,0.0275510461,0.0649943553,0.0159362469,0.0315845559,0.0347751917,0.0933907626,0.0484042598,0.166236875,0.146957951,0.123678539,0.0162337581,0.0986056061,0.0178082146,0.00232991349,0.105312944,0.03135313,0.0231984255,0.0131722884,0.0320056845,0.0196232422,0.064825503,0.0113350352,0.0194479363,0.0476190834,0.0137772979,0.204808702,0.0088148893,0.150635069,0.142932551,0.0303678377,0.0864661252,0.029886923,0.658420877,0.0506409577,0.0330508211,0.0449490568,0.0171265521,0.010356735,0.0337719505,0.0789173928,0.251743152,0.0190751515,0.129156005,0.0172413752,0.00576922683,0.125498357
0.0590716876,0.0897740549,0.072834623,0.246887406,0.168181796,0.0107411229,0.163883913,0.0189975528,0.0758340595,0.0350876806,0.0113492794,0.169425204,0.109693868,0.073142888,0.0149793617,0.0075661898,0.207393199,0.00784656188,0.488904618,0.100458573,0.0180890493,0.237324846,0.115458955,0.0300158239,0.0174418519,0.030681851,0.0170045912,0.0258215734,0.0712365683,0.013127415,0.0124045933,0.0146199006,0.0141987943,0.0559511045,0.131489986,0.0151133718,0.0151822245,0.018022686,0.0134529557,0.169811358,0.0129611276,0.0454047946,0.0261282976,0.15987094,0.124393916,0.192029046,0.0360316325,0.1750887,0.0331949923,0.043318687,0.0131810273,0.0110294078,0.138759307,0.0697250655,0.0329280613,0.0616198085,0.0185556757,0.031686347,0.038759719,0.0920754629,0.0510638113,0.167522122,0.14817145,0.12966639,0.0206522187,0.0907873618,0.016326514,0.00234082644,0.0929825656,0.0339912483,0.0237153966,0.0109769086,0.0364807662,0.0174128913,0.0601032996,0.012345699,0.0203562315,0.0467479453,0.012542745,0.208671689,0.00604836885,0.162233738,0.139728544,0.0324750136,0.0862324902,0.0386329912,0.666666248,0.0576679256,0.0341695682,0.0445205809,0.0172414,0.00860092249,0.0302897649,0.0760646538,0.254781336,0.0194285867,0.134177265,0.0204645765,0.00585936487,0.132020689
0.0536723473,0.0982143016,0.0820235974,0.230299809,0.174851247,0.0144778017,0.158141232,0.0199680386,0.0668632673,0.0305862353,0.010638279,0.176772173,0.116908869,0.0697004349,0.013803649,0.0112079605,0.192065379,0.00876423493,0.503281955,0.0873087438,0.0218978028,0.228255256,0.107974479,0.0292721718,0.0199530604,0.0338512708,0.0142372943,0.0266666529,0.0650780069,0.0152788244,0.0143540735,0.0168970909,0.0178748787,0.0558942438,0.121627106,0.0158730032,0.0142276383,0.0149948468,0.0136208541,0.173854363,0.00780487906,0.0482603941,0.025672322,0.159137576,0.135843683,0.181286635,0.0393374817,0.184280655,0.0356393822,0.0537010266,0.0114335849,0.010817301,0.130708544,0.0762230319,0.0363724787,0.0537824162,0.0189054696,0.0287610252,0.0427947388,0.0886551081,0.0460804602,0.178294767,0.151460029,0.130154196,0.0198675128,0.0885415819,0.0134048186,0.00327715371,0.0860575903,0.034065883,0.0237864074,0.00965663884,0.0458392043,0.0149123058,0.0617878635,0.0135635312,0.02415146,0.0561122459,0.012429355,0.213636335,0.00720166899,0.155362242,0.143849909,0.027993084,0.0875178702,0.0402635251,0.68245957,0.0547771029,0.0370209452,0.0522907908,0.0177452749,0.00634369765,0.0258397353,0.0733037899,0.2447695,0.021816077,0.141603963,0.021195666,0.00475284805,0.140151874
0.0464789139,0.100367207,0.0826848295,0.23754207,0.178517397,0.0158730222,0.141959475,0.0175918719,0.0722952192,0.0363937091,0.0132596412,0.174645294,0.125979223,0.0720720657,0.0114226235,0.0147601218,0.164946168,0.00970017839,0.517070519,0.0728155369,0.0244122543,0.229321334,0.103513842,0.0400314184,0.0220838079,0.034330071,0.0147361258,0.027453999,0.0573613468,0.0164794165,0.0142045491,0.0162866242,0.0218718087,0.0481557551,0.118501601,0.0155239247,0.00985475424,0.00910061998,0.0121816219,0.17548703,0.00873786624,0.0494821355,0.0240811619,0.171864569,0.144471156,0.180328077,0.0371171085,0.183394034,0.0296523204,0.0641025219,0.00974314146,0.0121506629,0.136220618,0.0716621528,0.0357852996,0.0514792535,0.0173646448,0.0311457241,0.0431337682,0.0895245675,0.0411458634,0.168935566,0.164805628,0.125783225,0.0258621084,0.0822981363,0.0125164706,0.00499999873,0.0742574928,0.0411700728,0.0251479017,0.0105932068,0.0567081964,0.015232962,0.0596601346,0.012674277,0.0267973989,0.0566860792,0.010204102,0.228349934,0.00834200349,0.150582526,0.141982065,0.0269564905,0.0863180593,0.0448179355,0.673479563,0.0504413861,0.0359361023,0.0516032688,0.0162161922,0.00962695798,0.0240663991,0.0667259707,0.237026719,0.0203106245,0.155637159,0.025008946,0.00465982929,0.144736828
0.0412587041,0.100719451,0.0869565101,0.245495598,0.169871735,0.0138203291,0.12985528,0.0177760954,0.0725203226,0.0428571393,0.0143964652,0.172159612,0.130859395,0.0716685472,0.0125786343,0.0173267176,0.1536797,0.00722673771,0.510888822,0.064822857,0.0288197564,0.218171859,0.101982967,0.0464,0.0277463005,0.0386289973,0.0142163616,0.0306451294,0.0514706585,0.0147492727,0.0149393076,0.0217028463,0.0230296662,0.0408266081,0.116319424,0.0141752475,0.00802996944,0.010857786,0.00768383931,0.170139307,0.00993050075,0.0437430562,0.0228426851,0.177450957,0.154362339,0.172156078,0.0367231392,0.193192114,0.0283401048,0.0665266133,0.0114436497,0.0122249293,0.143712949,0.0735118958,0.0412525266,0.0489130504,0.0191919254,0.025900912,0.0509928176,0.0913780255,0.0295950048,0.161212526,0.169022421,0.119638527,0.0312151575,0.0827412113,0.0112732054,0.005914462,0.0661061293,0.0470899325,0.0246479192,0.0116033552,0.0572207,0.00983900101,0.0604825579,0.0148882955,0.0269382032,0.0527343788,0.00768384161,0.231778195,0.00877192228,0.156457255,0.138741598,0.0287800879,0.0938406245,0.0391737768,0.663204761,0.0573565542,0.0415912948,0.0591775072,0.01393728,0.0110700951,0.0212591859,0.0653742678,0.225669612,0.0211516066,0.174556183,0.0296173568,0.00545454499,0.149833945
0.0419075388,0.10701329,0.097560929,0.234681974,0.164070024,0.0148661944,0.11857815,0.0207407605,0.0708573429,0.0430602512,0.0123838944,0.166107506,0.115135674,0.0678732557,0.0120482141,0.0153452454,0.144658184,0.00751879323,0.517976414,0.0614500707,0.0280846905,0.212850257,0.0979065598,0.0554675466,0.0287161975,0.0364807317,0.0153133882,0.0356582936,0.0488647471,0.0143369151,0.011754072,0.0222602831,0.0248478855,0.0391221508,0.11698539,0.0158311205,0.0111346845,0.0129729586,0.0108695866,0.178316881,0.0108161298,0.0430839615,0.025161317,0.1711846,0.165680425,0.158682313,0.036101064,0.202577934,0.02690357,0.0703012445,0.0115658409,0.010935611,0.151325059,0.0780833771,0.0466601074,0.0587514724,0.0236181194,0.0273892481,0.0563636189,0.0870217904,0.025,0.167450057,0.16495433,0.119650431,0.031927016,0.0797705236,0.0136239762,0.00881833831,0.064558554,0.0495642857,0.0244267295,0.00842104337,0.0559392794,0.0116071356,0.0571912494,0.0160692145,0.0265543638,0.0511681849,0.00869565765,0.22415956,0.00653592837,0.159442863,0.143443674,0.0303556539,0.0940740617,0.0425823672,0.675899134,0.0709914008,0.0470367163,0.0620548432,0.012376233,0.017791385,0.0198886066,0.0629017231,0.225600857,0.0195852137,0.202078456,0.037365891,0.0043252599,0.146763397
0.0425685053,0.110241048,0.101689435,0.239057792,0.159142665,0.013605429,0.113261301,0.024962707,0.0671992337,0.0448997645,0.00792863667,0.171990069,0.112217764,0.0767108607,0.012658232,0.0156453572,0.130275569,0.0105363933,0.51976258,0.0550925297,0.0289648672,0.205999686,0.0941042358,0.0540751838,0.0352743659,0.0405263407,0.0202398718,0.0379644258,0.0466531816,0.0171809094,0.0116063283,0.0246478758,0.0239551595,0.0415860042,0.1156004,0.0150684945,0.010905125,0.0146561812,0.0122994753,0.180257272,0.00887574474,0.0455056501,0.0359317452,0.183976413,0.180989518,0.1490166,0.032648118,0.203966234,0.0264471037,0.0679191332,0.0147058906,0.00845410324,0.167355511,0.0750232517,0.0427184847,0.065920371,0.0271903391,0.0330243676,0.0601679336,0.0855018697,0.0239307547,0.15904094,0.165048643,0.117273368,0.0287897007,0.0829875159,0.013717409,0.0104711958,0.0559585285,0.0455508601,0.0237854133,0.00630251647,0.0624123606,0.0134003247,0.0545888636,0.0161691423,0.0290933716,0.0450098264,0.00756755781,0.213258395,0.00985761429,0.168478074,0.152417264,0.0281089892,0.0945548521,0.042895484,0.669426,0.0676156643,0.0540806049,0.0587002582,0.0131579057,0.0213936077,0.0172009347,0.0633802417,0.212675773,0.01581918,0.215537338,0.03985507,0.00502933959,0.153038354
0.0455820054,0.0996441141,0.108893208,0.234988058,0.140316129,0.0122989615,0.102214241,0.0327749229,0.0586896783,0.0467785099,0.00959693314,0.175633334,0.108344543,0.0719101356,0.0113636361,0.0184940443,0.114046411,0.00965251043,0.533288915,0.0501859155,0.0319881997,0.1997355,0.0900031332,0.0629921302,0.0345212437,0.0528243274,0.0261194272,0.040573701,0.040774708,0.0187239905,0.0120370357,0.0238970683,0.0167682986,0.0437029909,0.110532493,0.0194174598,0.0127777674,0.0148063609,0.00913978726,0.17346956,0.00658513924,0.0447927825,0.045454525,0.188177486,0.188081004,0.13053104,0.0305997542,0.19603915,0.0286006113,0.0648687712,0.0191470753,0.0123456809,0.175951164,0.0779467606,0.0438855591,0.0660848253,0.0274177125,0.0329479953,0.0689163241,0.0846894096,0.0204290023,0.167869177,0.159607487,0.115406459,0.0222095404,0.0873770032,0.0137551578,0.0104253517,0.0503751224,0.0471398339,0.0288649234,0.0084477649,0.0672268598,0.0184899569,0.0621735249,0.0221675029,0.0294511714,0.0436548731,0.00727650029,0.205177366,0.0110375245,0.170312509,0.154387506,0.0251063834,0.105877963,0.0420983895,0.670673217,0.0653234667,0.0623069687,0.0579469859,0.00835655276,0.0276460956,0.0172549018,0.0563446841,0.200960497,0.0174013733,0.224761965,0.045637126,0.00709220265,0.15265509
0.0435374269,0.0995343588,0.119070682,0.235294405,0.137976325,0.013500483,0.0927788135,0.0421442338,0.0509090933,0.0496048633,0.0102803723,0.183659026,0.0942737347,0.0798457859,0.00825687596,0.0208877075,0.108734439,0.0110331059,0.515354282,0.0485507588,0.0323705382,0.190323425,0.0931419201,0.0629742264,0.0349727019,0.0604674712,0.0237915317,0.0422715499,0.0349435277,0.0197879853,0.0108388232,0.0276752945,0.0153769722,0.0359476891,0.110582621,0.024691328,0.015168557,0.0145414049,0.011278162,0.153571538,0.00950570024,0.0429061239,0.0520833276,0.194500721,0.198627756,0.132034653,0.0358466715,0.186224729,0.0203873795,0.063400581,0.0195208338,0.00987655773,0.16666682,0.076034638,0.0413385214,0.0805411646,0.0309734906,0.0265895952,0.0729554393,0.0826012543,0.0143589593,0.1731027,0.137216284,0.109223968,0.0264084631,0.0889604498,0.0126760411,0.0073409452,0.0547722608,0.0452069823,0.0268389565,0.0105373994,0.066755716,0.0175438616,0.0623711825,0.0297691096,0.0335120161,0.0372488041,0.00417536184,0.185021254,0.0111982093,0.164851885,0.159985359,0.0264297448,0.11412046,0.0407358367,0.664034322,0.0629410931,0.0646872475,0.0607885554,0.0099857192,0.0313531203,0.0153491985,0.057046972,0.193316228,0.0178358957,0.245131909,0.0560455753,0.00607440276,0.144114297
0.0450204887,0.101382447,0.125976407,0.242406327,0.12663179,0.0124045733,0.0959640353,0.0513474677,0.0469504496,0.0495495089,0.0118504851,0.194817936,0.0841750428,0.0887903013,0.0116175184,0.019633498,0.107095959,0.0122449047,0.509043921,0.0440557355,0.0347155374,0.186113188,0.0980392591,0.060085811,0.0289079081,0.0700701373,0.0267584263,0.044473273,0.0392967593,0.0205237505,0.0107421824,0.0328820274,0.0168483627,0.0261708213,0.115914818,0.0246575294,0.0217627937,0.016129011,0.012365599,0.150956898,0.00874634752,0.0393835608,0.0604333124,0.19851147,0.195506412,0.133239742,0.0333333057,0.181295332,0.0163598854,0.0618704691,0.0209471603,0.011097453,0.167103508,0.0839882408,0.0363908411,0.0968790794,0.0341023198,0.0239725985,0.0771120762,0.0911594914,0.0131579233,0.168646938,0.135327638,0.100673969,0.0259216335,0.0858861117,0.0147471801,0.00774593667,0.053145367,0.0484042292,0.0324483443,0.00942408565,0.055840854,0.0169971607,0.0650363724,0.0399761324,0.0342105105,0.0344704879,0.00710661362,0.17293378,0.0133630432,0.139694646,0.157923409,0.0305309614,0.109792645,0.0434781983,0.653043731,0.0609466681,0.0723542213,0.0622776275,0.0171919453,0.0357290057,0.0147515444,0.0628654778,0.177914238,0.0182260176,0.242049978,0.0631424231,0.00626843762,0.139748893
0.0461329477,0.108360855,0.12722735,0.243238131,0.132431285,0.00954197935,0.0892695655,0.0574199097,0.0435943166,0.0524228895,0.0124777151,0.210850168,0.0868056091,0.104401821,0.0172860863,0.0173564554,0.0927197829,0.0139935608,0.508541552,0.0461460769,0.0316205352,0.18744836,0.117424198,0.0655509164,0.0341151532,0.080339266,0.0259087315,0.0462328607,0.0392982047,0.0209537451,0.0114722747,0.0296934893,0.0158887833,0.0201974825,0.120978508,0.0246575184,0.0305775575,0.0165876633,0.0135722297,0.13165881,0.0109126997,0.0370370296,0.0649779863,0.198622876,0.202312136,0.111420588,0.0406451212,0.185448651,0.0150451425,0.0549048105,0.0256988345,0.0134638814,0.167763136,0.0886014823,0.031155839,0.109187788,0.0350535561,0.0245433646,0.0677519512,0.0928128986,0.0151668042,0.157969592,0.119718293,0.0979730086,0.0249999813,0.0826771248,0.0175069975,0.00740192029,0.0507170358,0.0524402373,0.0264169038,0.00919305,0.0505114885,0.0187919338,0.069415371,0.045061809,0.0352479915,0.0261086823,0.00814663772,0.159051563,0.0134831738,0.136833853,0.171717446,0.0367383758,0.111877692,0.0467675972,0.634511535,0.0573285726,0.0737326058,0.061510346,0.0269503968,0.0377357985,0.0143504566,0.0649157561,0.163507168,0.0126582162,0.253079767,0.06835722,0.00617732015,0.132812469
0.0426997504,0.117500911,0.135584349,0.243714145,0.121046271,0.00978473554,0.0849644706,0.072112909,0.0479574334,0.0537299937,0.0151122729,0.217612155,0.0839773947,0.0953724934,0.016317992,0.0143042914,0.0886525484,0.0152339579,0.496723227,0.0424671344,0.0297029954,0.178601799,0.135673367,0.0611183373,0.0346481887,0.0797979859,0.0276497804,0.0434965809,0.0485592635,0.0183284044,0.0131702685,0.0271084138,0.0148809438,0.0203639344,0.133243544,0.0274348184,0.0395033472,0.0228640277,0.0126512805,0.106201656,0.014477778,0.0375427438,0.0702036795,0.197035756,0.206153285,0.123219473,0.0402812968,0.169481869,0.01290963,0.0568684629,0.027138919,0.0122100061,0.168187479,0.0934173491,0.024028556,0.117408885,0.0319767401,0.0269187095,0.0684660275,0.0909207185,0.0130391336,0.147755551,0.115718324,0.0930521309,0.0289443335,0.0792134533,0.0185185083,0.00651701772,0.0448186083,0.0622529606,0.0263915607,0.0124045915,0.0418160088,0.019404904,0.0786458476,0.0433961992,0.0344388203,0.0254452775,0.00732219539,0.146633093,0.0146561685,0.125544085,0.187209694,0.0350553159,0.113738923,0.0457649589,0.629781651,0.0487951512,0.0766466261,0.0658064359,0.0316368949,0.0475578353,0.0149425327,0.05009924,0.162237353,0.0117035039,0.246344269,0.0659686053,0.00609319101,0.139259168
0.0401606476,0.127886951,0.14357439,0.269511806,0.116363703,0.00797606709,0.0789245609,0.0812945924,0.0432043286,0.0563811527,0.0184225765,0.230747278,0.0805128384,0.109142892,0.020214502,0.0130208012,0.0837989377,0.0196850518,0.482513014,0.0346232386,0.0279441196,0.170035132,0.150568391,0.0575447194,0.0362776018,0.0910930917,0.0241245274,0.0496182642,0.0554359454,0.0211988468,0.0168697104,0.0251003827,0.0120724717,0.0169124306,0.144718612,0.0261348164,0.04542039,0.03448274,0.0121546754,0.0945873631,0.0179894114,0.0331050297,0.0699566671,0.200562226,0.202611175,0.116643052,0.0427295948,0.147025706,0.0154888565,0.0552407627,0.0316335896,0.0156438131,0.168987422,0.0997110313,0.0173823889,0.130319066,0.0336633518,0.0221590669,0.0714285969,0.0934363212,0.0172924957,0.14629268,0.100655467,0.0945803748,0.0295759304,0.0727377878,0.0185950331,0.00646087338,0.0453837723,0.0734435781,0.0228354003,0.0134758511,0.0349098735,0.0180878544,0.0762538278,0.0445420591,0.0325520584,0.0253583453,0.007423138,0.1427844,0.0150166965,0.120672624,0.208283129,0.0335892841,0.119968904,0.0522695963,0.630102036,0.0478787575,0.0811807851,0.0658436409,0.0311653194,0.0416125296,0.0149196483,0.0535373198,0.160640863,0.0154043966,0.252364474,0.0563947461,0.00615050388,0.135775169
0.0477748833,0.142659304,0.153071854,0.291147324,0.108450207,0.00903616973,0.0745047023,0.0861175982,0.0508707524,0.0616135321,0.0187203362,0.227272745,0.0786966964,0.109534652,0.0194647216,0.0141752597,0.0742024934,0.0226744153,0.486439285,0.0281915042,0.0263691897,0.165626855,0.165046915,0.0628816252,0.0364526626,0.0926117985,0.0230468546,0.0531197088,0.0629032341,0.0252259389,0.018761718,0.0244161112,0.0100502868,0.0150602393,0.161673758,0.0236111143,0.0555555833,0.0468955797,0.00873360991,0.0752600277,0.0263157234,0.0332951417,0.0725359619,0.203894593,0.198272986,0.115440087,0.0440612778,0.125096271,0.0171755699,0.0508701251,0.0344044445,0.0129870412,0.15909061,0.116106752,0.0132113855,0.134247177,0.0376506062,0.0222101566,0.0709187987,0.102491992,0.0212560543,0.131729815,0.0916270946,0.0871775536,0.0265895691,0.0636904669,0.0236167664,0.00785153239,0.0406857384,0.0900382955,0.0228789262,0.0134168079,0.0321864613,0.0182291533,0.0875262842,0.045,0.0340760122,0.0244444193,0.00959489626,0.138228261,0.0147702168,0.104734582,0.204056931,0.032868534,0.12365551,0.0547849933,0.622743075,0.0514075381,0.0761670297,0.0651882704,0.0374479735,0.0396506161,0.0128604909,0.0434027761,0.149950382,0.0187166038,0.249806897,0.0489738458,0.00759218772,0.131913358
0.0535032252,0.161621012,0.158691235,0.292652485,0.108622589,0.00926881499,0.0639033467,0.0898528469,0.056066211,0.065812687,0.017100967,0.226350411,0.075083713,0.116935488,0.0209339408,0.0140664768,0.0644937248,0.023752982,0.496541881,0.0229884647,0.0248509259,0.155615311,0.175981137,0.0564042152,0.038888903,0.0962765513,0.0202265233,0.0492424046,0.0652849189,0.0237548438,0.0187969869,0.0216450326,0.011,0.0128095717,0.173661112,0.0187919432,0.0640723906,0.053206047,0.00752689038,0.0659309236,0.0354872496,0.0304740427,0.0680540016,0.203160164,0.194820954,0.111189809,0.0494791686,0.120877093,0.0135992604,0.0490716206,0.0339901765,0.0130331472,0.148386659,0.120259541,0.0141843972,0.139133828,0.0394737151,0.0198710711,0.0693307853,0.109166647,0.0246376835,0.126113814,0.0780998151,0.0875000133,0.0277442494,0.0597074967,0.0203251723,0.00787402252,0.035039781,0.0983895635,0.0238322251,0.0134907199,0.0278372436,0.0173564657,0.0935517269,0.0482075802,0.0332004791,0.0245989472,0.0107642785,0.132855255,0.0146579973,0.0856940577,0.211302156,0.0317297389,0.119664914,0.0640114202,0.613204485,0.0556234895,0.0745613658,0.0578511789,0.0389429984,0.0325644045,0.0107913671,0.040941378,0.140209242,0.0220083068,0.243290684,0.048579326,0.00873998607,0.13709377
0.0604922152,0.16639789,0.153110101,0.298497769,0.104074848,0.00840335916,0.0721195541,0.096533271,0.0607621955,0.0645685406,0.0176268283,0.231858507,0.0754082734,0.11436785,0.020799347,0.0185185407,0.0605652918,0.0297398063,0.484269084,0.018153502,0.0249999837,0.141386645,0.188105252,0.050279306,0.0474329895,0.0907572382,0.0282555135,0.0520833458,0.0695296867,0.0239013191,0.0159774517,0.0204081386,0.010752684,0.0141313233,0.18075787,0.017808208,0.0654334738,0.0675288006,0.00626304175,0.0756688661,0.0497296914,0.0310421435,0.0640877587,0.203662593,0.190750572,0.109649101,0.0525624868,0.111502415,0.0130661953,0.0422163265,0.0310932868,0.0129259908,0.147215101,0.115501435,0.0124095193,0.145495727,0.0383022792,0.0214646272,0.0662373737,0.11129994,0.0270394273,0.124013244,0.0750331726,0.0867073587,0.0292249494,0.0577442827,0.0165062192,0.00778485358,0.0305927161,0.0912396852,0.0206286728,0.0133891306,0.0285110438,0.018893417,0.104564747,0.0470139885,0.0296442856,0.0220126057,0.0107066179,0.123196029,0.0166666826,0.0761316416,0.206563987,0.0319148573,0.124133043,0.0717360029,0.61926283,0.0504866824,0.0746752354,0.0535713684,0.0389972574,0.0267737588,0.00951987203,0.0342663715,0.138241585,0.0223776,0.235317699,0.0448548381,0.00902933598,0.137108249
0.0742564997,0.16443146,0.154909448,0.304867748,0.10175055,0.00844774591,0.0672905484,0.0985860454,0.0747721839,0.0616297197,0.0182512713,0.242945398,0.0769231209,0.122448658,0.0205314402,0.0223160147,0.0507442403,0.0349288069,0.502628406,0.0225321626,0.0268873381,0.134703278,0.188959624,0.0452068933,0.0576995473,0.0851305394,0.0276872987,0.052092086,0.0666667297,0.0232283226,0.0157699484,0.0224718933,0.00685602129,0.0115226412,0.192532637,0.0178082189,0.0615198672,0.0770392639,0.00601200814,0.0776699175,0.0609258887,0.0285868194,0.0725714193,0.207505227,0.201880263,0.0919452636,0.0592447834,0.10912231,0.0126262533,0.0422163408,0.0275423593,0.012514948,0.150666888,0.10457848,0.012578616,0.155367479,0.0454545262,0.0240700084,0.0630884253,0.109819178,0.0302897061,0.121060365,0.0780108067,0.0861466273,0.0233462707,0.0493394946,0.0186418358,0.00851064051,0.0294117393,0.0890453955,0.017751489,0.0131147391,0.0242267986,0.0192308138,0.115138533,0.049935187,0.0311308491,0.0222929742,0.00928791409,0.116918126,0.0151991889,0.0794077619,0.212570787,0.0283422561,0.121525044,0.0588234759,0.610676116,0.048938681,0.069148972,0.0443989422,0.0367848294,0.0239361995,0.0125000059,0.0369457552,0.136154551,0.0163043811,0.215111629,0.0434027667,0.0105900149,0.127843896
0.102195924,0.173239137,0.149204603,0.315248669,0.102564068,0.0099999913,0.0696720975,0.110196075,0.081038392,0.0619307062,0.0203287136,0.248194821,0.0793538921,0.132792968,0.0257143199,0.0195843024,0.0580940505,0.0323645569,0.52688166,0.0238836876,0.0238095076,0.137642125,0.192556473,0.0395987701,0.0728576601,0.0848161159,0.0311501788,0.0573229798,0.0563173649,0.01881721,0.0169172877,0.0322580681,0.00593471739,0.011990407,0.199999798,0.0161507664,0.065625,0.082170634,0.0078048786,0.0823170934,0.0723830453,0.0322581103,0.0827465272,0.19960779,0.198908264,0.0804953352,0.0652455063,0.0972381458,0.0126903721,0.0410397349,0.0261437569,0.0130641497,0.138579292,0.10699375,0.0139186126,0.156011023,0.0469072181,0.0247578338,0.067316689,0.117502909,0.0297462849,0.117816402,0.0915971903,0.0843254055,0.0263157934,0.0538594364,0.0184453048,0.00937950783,0.025462971,0.086031484,0.017140048,0.0153721642,0.0309690196,0.0167364084,0.122968545,0.0416666392,0.0293017179,0.023835305,0.0111902004,0.103283969,0.0144854976,0.0831062401,0.221884311,0.0293466385,0.123837805,0.0641940125,0.61041459,0.0450866865,0.0750000802,0.0409153445,0.0371960489,0.0228426841,0.0099309203,0.0330739697,0.130688761,0.018666635,0.20660536,0.0351257289,0.0114591193,0.127482745
0.10889129,0.185621834,0.158155176,0.342771224,0.105431372,0.0110864799,0.0668217411,0.110633308,0.0851097515,0.0591200887,0.0191326487,0.240506284,0.0766621207,0.13024678,0.0235888819,0.0200320228,0.0562742459,0.0326975903,0.533886558,0.0258166346,0.0227765859,0.131665083,0.202851029,0.0343589941,0.0826696867,0.0782353048,0.0436507537,0.0520114952,0.0469348491,0.0172413935,0.0178069138,0.0357143161,0.00707069993,0.0155875188,0.197485327,0.0131579037,0.0619412862,0.0753205123,0.00749765197,0.0818452385,0.0902148682,0.0342826897,0.0915151656,0.206764223,0.190735212,0.068,0.0683230432,0.095930151,0.0129422072,0.0428571724,0.0251365806,0.0154028169,0.127629962,0.101831918,0.0123318505,0.150544386,0.0591623424,0.0301075333,0.0794481726,0.123015877,0.0285220401,0.115029627,0.0970081932,0.0834569432,0.0215924676,0.0643583923,0.0217391509,0.00949598047,0.0254314187,0.0868347116,0.018119464,0.0121852234,0.0321324087,0.0184659011,0.126992644,0.035989715,0.0261480133,0.0198675713,0.011167531,0.101123604,0.0201149486,0.0846883542,0.213008122,0.026063852,0.129544745,0.0648818085,0.598771331,0.0450643195,0.0757979565,0.0409276943,0.0364188182,0.0134473996,0.0108892904,0.0299902116,0.13139872,0.022911081,0.200150456,0.0348128455,0.0133689799,0.133439948
0.125348425,0.179234842,0.168645206,0.352731194,0.108926667,0.010822501,0.0654649474,0.103511481,0.0865759328,0.058070867,0.0201400856,0.243981597,0.0704041375,0.128386806,0.0237104883,0.0210568532,0.0537771647,0.0331034334,0.544534376,0.0223166933,0.022556345,0.135131173,0.194934006,0.0259189446,0.0830408788,0.0806074319,0.0454912016,0.0510866023,0.0408541894,0.0164877286,0.020793959,0.0469483825,0.00797607387,0.0245374289,0.215545889,0.00966495425,0.0677083715,0.065476139,0.00635208113,0.0789474268,0.0997652709,0.0313463859,0.09757574,0.204771408,0.194656556,0.0602504437,0.0701754284,0.0914917079,0.0120378389,0.0417910413,0.0169109834,0.0161289956,0.119117557,0.10698928,0.0137931448,0.151134758,0.0566845136,0.0224119904,0.0862744699,0.134156917,0.0266551901,0.125830006,0.116086945,0.0793179944,0.0215633768,0.0747682208,0.0229110588,0.0088105754,0.0263636525,0.0887245474,0.020039139,0.0129032331,0.0360660955,0.018465878,0.139097749,0.0447666515,0.0272243978,0.0168919128,0.00999000989,0.0985576675,0.0251451119,0.0875350125,0.205932002,0.0251539897,0.137827676,0.0591630296,0.576507887,0.0450212062,0.0779220179,0.0363756489,0.0314842984,0.0121951372,0.0115052835,0.0296781327,0.133773891,0.0201613128,0.194908867,0.0398799693,0.0152788345,0.130635406
0.134730155,0.185164513,0.171621802,0.346470236,0.118454338,0.00950371933,0.0629046477,0.0964143395,0.0893720482,0.0590041384,0.0213248558,0.252633349,0.0679405514,0.132314113,0.0288461679,0.0273603167,0.0566280321,0.0287356259,0.551817322,0.0237843198,0.021533615,0.135177256,0.199670368,0.0222929615,0.0890173173,0.0708333824,0.0440659406,0.0517241593,0.0377798925,0.0137362597,0.0175763153,0.0507246549,0.00783544872,0.0269531154,0.211756154,0.00869564826,0.0649263643,0.0647248642,0.00715563268,0.0842105619,0.115147773,0.0303029748,0.104290743,0.2045311,0.204041308,0.0453821477,0.07125,0.0864955651,0.0127768411,0.0376766492,0.0116279042,0.0145985885,0.123873967,0.100142383,0.0158343798,0.165850746,0.0550073392,0.0240174418,0.0835003132,0.132880786,0.0239867701,0.121690699,0.120315435,0.075507107,0.0274064099,0.0859897997,0.0186915845,0.0069018365,0.0259326919,0.0908667702,0.0206445444,0.0123051736,0.0413557237,0.0171674095,0.150543446,0.0554846822,0.0312500503,0.0148741024,0.00891089777,0.0992601883,0.0307691639,0.0897079141,0.201492742,0.0258799521,0.149047608,0.0583090863,0.566371536,0.043172731,0.0743420455,0.037999963,0.0236220725,0.0107180992,0.0136852292,0.0285423389,0.14234229,0.0190677987,0.184471504,0.0421792883,0.0155775009,0.140585926
0.139708507,0.18345965,0.168357794,0.337744184,0.114662339,0.00807264258,0.0651973903,0.0898861553,0.0788689765,0.0558804018,0.0219377805,0.275460511,0.0614886183,0.14756226,0.0356850671,0.0313472775,0.0528607106,0.019374063,0.569060984,0.0220819924,0.0177610591,0.139244191,0.200247786,0.0202520019,0.0996523956,0.0721096801,0.0448769121,0.0581988593,0.0346442354,0.0102848076,0.0154125141,0.0545906215,0.0109018774,0.0250192455,0.212205548,0.00988874604,0.0553278101,0.0578232016,0.00819671815,0.083455375,0.119700655,0.0276329508,0.114772869,0.188898931,0.219220467,0.0386435134,0.0629583963,0.0805920678,0.0144804233,0.031096545,0.0116958965,0.0163360482,0.118483311,0.100210938,0.0202349689,0.171723212,0.063440856,0.0286975553,0.0862303692,0.130542651,0.0233606394,0.130358666,0.118597559,0.0711523436,0.0363756098,0.0767857031,0.0215924514,0.00863422686,0.0265810748,0.0875467526,0.0233644391,0.0123660137,0.0439492365,0.0157142642,0.148376297,0.0514429094,0.0360419787,0.0158910157,0.0116504907,0.0907944527,0.031935218,0.0977808112,0.200943146,0.0209184021,0.147563952,0.061755941,0.57335055,0.0416258849,0.0876152011,0.028628512,0.0182370798,0.00710660638,0.0132518129,0.0293809209,0.14884219,0.0187050364,0.174805713,0.0408525493,0.0172018319,0.133776745
0.151557841,0.178660949,0.166193185,0.328603706,0.115534356,0.00997009223,0.0608044087,0.0783926876,0.07692302,0.0505098526,0.0226244,0.278264753,0.0541414411,0.155149735,0.0374094954,0.0352193271,0.0464546751,0.019345255,0.580547667,0.0221518791,0.0185972565,0.141366557,0.209704719,0.0135135112,0.102621691,0.074245818,0.0504315188,0.0584795996,0.0324374324,0.0081300905,0.0109090913,0.0543209874,0.0128712938,0.0312500695,0.228991647,0.0128805631,0.0456403864,0.0527272463,0.00709847989,0.068017382,0.122462038,0.0287587749,0.108793613,0.1874064,0.221872358,0.0315533757,0.0656324179,0.0725806752,0.0157676369,0.0261438079,0.0107526748,0.0149425419,0.094024128,0.107361953,0.020151144,0.178882194,0.0638562906,0.0278086967,0.0902776657,0.131084499,0.0190592165,0.119895674,0.125504832,0.0664852197,0.0380507557,0.0822785656,0.020611696,0.00864780578,0.0284780417,0.0837275394,0.0212216051,0.0107883852,0.0479051152,0.0157368055,0.150756688,0.0581841849,0.0343666221,0.017502913,0.0117878153,0.0897933827,0.0392541898,0.0909091182,0.201323248,0.0235602075,0.149108535,0.0713223836,0.55788425,0.0436046272,0.100000001,0.0262467903,0.0130168258,0.00666032583,0.0128068496,0.027513189,0.150391811,0.02034885,0.176738918,0.0376146689,0.0242566774,0.145558002
0.154883519,0.174337454,0.152444985,0.303729013,0.119758277,0.0117994058,0.0678899409,0.0742054263,0.0718685782,0.0506489255,0.0303867743,0.287645145,0.0459905652,0.150432519,0.0338436287,0.0348148497,0.0393795251,0.0228658061,0.586471603,0.0238870597,0.0179934324,0.137580069,0.201807387,0.0140227807,0.10727542,0.0803139579,0.0527529885,0.0609028853,0.0292751234,0.0067624715,0.0123239558,0.055,0.0138067124,0.0344961261,0.229530133,0.012910805,0.034599691,0.0484495758,0.0091074655,0.0594059039,0.117100321,0.0272007644,0.117971433,0.190272731,0.219946617,0.0358305482,0.0568319425,0.069206001,0.0165975223,0.0234505741,0.0105633788,0.0207851906,0.0872375075,0.102524738,0.0217113757,0.191056507,0.0705945148,0.0258064661,0.0947512212,0.143694243,0.0142392162,0.127118836,0.122392,0.0689089676,0.0415549929,0.078488317,0.0214843771,0.00974819664,0.0303176373,0.0785920836,0.0283422774,0.0102040745,0.0484991825,0.0173913424,0.153508838,0.0538261745,0.0362517504,0.0151691861,0.0146169032,0.0857712808,0.0382323206,0.0766574801,0.192090381,0.0216244382,0.141524426,0.0699001189,0.554517424,0.0411214893,0.115032622,0.0323415412,0.00978914538,0.00717488426,0.0142387765,0.0318471621,0.162875656,0.0214285534,0.162601647,0.0359540074,0.0235926841,0.147216283
0.160148972,0.169303353,0.147677069,0.289453182,0.119503593,0.0127450818,0.0667276185,0.0760116691,0.0608383717,0.0531152782,0.03389832,0.297283879,0.0392857498,0.153256766,0.0345381678,0.0417130273,0.0347222072,0.0238853426,0.603489065,0.0317887626,0.0153340678,0.137203264,0.194164856,0.0140721062,0.11287869,0.0893489589,0.0603925141,0.0719964243,0.0311909159,0.00764006541,0.0112847149,0.0532688112,0.0174587702,0.0422311135,0.228274785,0.0149942267,0.0291327854,0.038539575,0.00858779451,0.0603328516,0.113598713,0.0268389645,0.125674245,0.20344998,0.217880416,0.0411073563,0.0577830379,0.0675241173,0.0166666611,0.0181818205,0.0109195655,0.0241254939,0.0842787569,0.108620043,0.0159235576,0.195748013,0.0715078157,0.024245721,0.0934791333,0.152647704,0.014026417,0.131267012,0.124232366,0.0713682408,0.0364449608,0.0770128731,0.0192069454,0.0112721582,0.0300751883,0.0738523115,0.0289388906,0.00974314906,0.0474624095,0.00988701069,0.160847859,0.0606860436,0.0336538292,0.014217997,0.0158163373,0.079051317,0.0415778576,0.0752393713,0.173076656,0.0222584538,0.139580122,0.0694051339,0.559085645,0.0425338734,0.131578986,0.0348100851,0.00649349669,0.00569675861,0.01431716,0.0326203331,0.171819512,0.0224403722,0.152352783,0.0396670094,0.0265410514,0.15042361
0.17127077,0.160289617,0.144011107,0.27426157,0.115785659,0.0117878363,0.0644423894,0.0651085464,0.0541845123,0.0502262109,0.0388059591,0.310772281,0.0402366776,0.144254625,0.0377668106,0.0497835142,0.0309633615,0.025806431,0.598885534,0.0372806886,0.0155038874,0.147121151,0.188987742,0.014375573,0.118698266,0.0809193676,0.0667503034,0.0731261259,0.0319656456,0.0096406666,0.0112554024,0.0504808148,0.0192678181,0.042158519,0.20843761,0.0182038577,0.0310881312,0.0408602559,0.0118812008,0.0637860024,0.116086257,0.0273904666,0.122329117,0.22768765,0.212765915,0.0378657347,0.0542914387,0.0729729721,0.0147783288,0.0176565289,0.0118243546,0.02512564,0.0759288779,0.10576923,0.0144110242,0.213496843,0.0734238814,0.0200216379,0.0877742674,0.163522233,0.0107349303,0.133152494,0.123311688,0.0723270318,0.0313283185,0.0770100808,0.0169902798,0.0139344404,0.0315442586,0.0737374058,0.0290758047,0.0111214061,0.0568181739,0.0108843284,0.160093296,0.0707732508,0.0380951529,0.0130486395,0.0168884144,0.0692204581,0.0391937271,0.0808625193,0.169398905,0.0230337576,0.142181419,0.075107353,0.562028369,0.0426497439,0.133829025,0.0318127139,0.00493653629,0.00463353195,0.0161986825,0.0417571075,0.179894427,0.0226950495,0.149101638,0.0355029311,0.0269564882,0.148188427
0.182648456,0.147294897,0.143672931,0.260777177,0.110066333,0.0115718381,0.0605920573,0.0599155858,0.05268821,0.0465517564,0.0448588802,0.323858547,0.0383212411,0.156176838,0.0380523699,0.0502673515,0.0328874083,0.02415464,0.599728802,0.0428265354,0.0185387139,0.154022002,0.176237671,0.0142984854,0.131753114,0.0810730954,0.0652601635,0.0765937844,0.0373061793,0.0132042192,0.00762713143,0.0603248797,0.0208940505,0.0549159272,0.199257747,0.0184501558,0.0300511187,0.0525164458,0.0146750688,0.0735502322,0.115880679,0.0297914625,0.123572067,0.225063107,0.220142447,0.0370370533,0.0530393954,0.0694150338,0.0143090619,0.0161551016,0.010439555,0.0240811277,0.0672333665,0.10166668,0.0119197125,0.222356084,0.0725995247,0.0188284996,0.0875401345,0.169208365,0.0102181704,0.127613857,0.126992031,0.0827434068,0.0320988136,0.0776153396,0.0157575575,0.015334952,0.0310410453,0.0638075532,0.0259481355,0.0113851944,0.0581285269,0.00943397472,0.153912739,0.0722811629,0.0361528623,0.0131108642,0.0162513143,0.0646067191,0.0369284963,0.0755348227,0.160000265,0.0187845086,0.131090693,0.0735294488,0.550952743,0.0438441069,0.149503644,0.0395513329,0.00474897464,0.00505901788,0.0175824018,0.0395207108,0.182782173,0.0257104293,0.139549363,0.0344311651,0.0337477993,0.133821185
0.178927904,0.14516135,0.134491605,0.266818507,0.109716191,0.0113743942,0.0632730622,0.0573630173,0.0535319904,0.0435313183,0.0479797856,0.335795635,0.0388181353,0.149262298,0.0347682426,0.052206671,0.0313211343,0.0238095286,0.621566025,0.0508865802,0.0163755392,0.151003999,0.175200509,0.0148114928,0.140943182,0.0830450049,0.0720797843,0.0648148168,0.0433943774,0.0150976978,0.00679116623,0.0599999386,0.0197685564,0.0625569658,0.208633132,0.0177665416,0.03109448,0.0717488093,0.020856185,0.0734011387,0.117623715,0.0311284178,0.123583874,0.242729024,0.214484592,0.0362318756,0.0522565922,0.0731273832,0.0121852099,0.00988470366,0.00972971445,0.0273436685,0.0685840894,0.102829146,0.0145808142,0.225786509,0.0724217888,0.0190329487,0.0879828279,0.171118055,0.00921409731,0.13197697,0.128539331,0.0927431872,0.0284159271,0.0774971794,0.0210772855,0.0173697243,0.0300387639,0.0527174258,0.0316901283,0.0136585403,0.0598659393,0.0126498204,0.15973143,0.0743420926,0.0317567421,0.0174013987,0.0170648637,0.0630194031,0.0288944956,0.0786735718,0.178445056,0.0150289027,0.12614525,0.0797799401,0.554882848,0.0433070705,0.157894985,0.036729844,0.00526315995,0.0050590196,0.0182119211,0.0497621394,0.2082295,0.021917803,0.107006418,0.0300902771,0.0366071381,0.133022061
0.193592005,0.135633169,0.133060234,0.263098073,0.114663777,0.0112994367,0.0635148091,0.0536627441,0.0641618953,0.0460824003,0.0585161483,0.346084483,0.0370153007,0.148663736,0.0333896512,0.0427807136,0.0310766377,0.026501766,0.615641636,0.060368784,0.0177580647,0.155934402,0.165843242,0.0182361786,0.139572067,0.081585,0.0696257202,0.0644670858,0.0550724846,0.0177619932,0.00576131474,0.0668790127,0.0209347462,0.067171284,0.212174031,0.0152866708,0.0392767535,0.0894494966,0.0209750487,0.0801470613,0.0994330253,0.0369504291,0.127300518,0.263318585,0.215823993,0.0388170172,0.0555555056,0.077094077,0.0119712713,0.014084547,0.00941426019,0.0340278385,0.066079295,0.0888520478,0.0134803942,0.237058896,0.0820045654,0.011592723,0.0923325089,0.173869438,0.00974026256,0.129611795,0.12655983,0.10942605,0.0254437587,0.0775369622,0.0211019732,0.0165425988,0.0270531695,0.0490970695,0.0297219398,0.0131579389,0.0584394448,0.0155239085,0.168282916,0.0843060944,0.0309556342,0.0152046604,0.0136986145,0.0630695595,0.0291776759,0.0689432814,0.171220055,0.0115340253,0.132356904,0.0810249503,0.553301815,0.0495935429,0.163682927,0.0361010456,0.00923482009,0.00585774264,0.020833326,0.0482985587,0.212757284,0.0221066212,0.093155927,0.023761345,0.0374883017,0.134891992
0.200245396,0.142328659,0.13660836,0.274273452,0.116591939,0.0111731824,0.0669254119,0.0480519356,0.06658875,0.0503512548,0.0640885163,0.354485211,0.0367646455,0.150973952,0.0298701116,0.0397905161,0.0313902147,0.0314685159,0.613489137,0.0583420361,0.0177383557,0.160635207,0.168938921,0.0159368486,0.140574942,0.0806264829,0.0707844863,0.0654698751,0.0541706425,0.0227272753,0.00890688391,0.0772356645,0.0245191913,0.0736738368,0.224832169,0.0153061168,0.0484693841,0.0988507192,0.0213777107,0.0839432989,0.0918366437,0.0388128489,0.134408675,0.264383281,0.19061579,0.0459118994,0.0554156694,0.0729701766,0.0116913567,0.014586739,0.0161290529,0.0402046951,0.0630311587,0.0805037854,0.0123152878,0.236832149,0.0878301201,0.0106060484,0.0988392923,0.173271906,0.0106295887,0.132728218,0.132899623,0.119568493,0.02411765,0.0737217572,0.020833326,0.0149750233,0.0272206163,0.0398809612,0.0301435417,0.0120240071,0.055876703,0.0157480417,0.16595746,0.0864661368,0.0270636162,0.0144927575,0.0165876465,0.0679100481,0.0300429561,0.0707071735,0.161625989,0.0125857962,0.13854354,0.0795610114,0.5604622,0.0505011677,0.156365788,0.0467065414,0.0136054272,0.00924369174,0.0320584957,0.0509977897,0.214962209,0.0184949013,0.0869017457,0.0237859314,0.0461095529,0.140277663
0.218440712,0.138298055,0.139743437,0.266065618,0.123582765,0.010999078,0.0644792192,0.0440916596,0.0679953552,0.0453172445,0.0672866187,0.365245354,0.0373051846,0.154254981,0.0321738697,0.0350389263,0.037227945,0.031802087,0.610904345,0.0664213099,0.0216684592,0.157687305,0.175048582,0.0161387518,0.145723553,0.0852341234,0.0705467348,0.0671140474,0.0513078891,0.0251865874,0.00781860422,0.0691699272,0.0260059323,0.0818652714,0.227518588,0.0159151249,0.0494296226,0.125890791,0.0249066134,0.0997131039,0.0883054303,0.039402224,0.149493765,0.265354578,0.185375913,0.0463491689,0.0460357571,0.0795228725,0.0157109183,0.0168067024,0.0136165135,0.0419117666,0.0536723443,0.0636562161,0.0139594162,0.234416237,0.0829519099,0.0128968257,0.09544624,0.184981997,0.0098199717,0.133784578,0.130434666,0.129663424,0.0215909335,0.0820450976,0.0231022973,0.0133333369,0.0263410024,0.0370145887,0.0290807028,0.0108481225,0.057879422,0.0199999958,0.170731683,0.0802540646,0.0252324008,0.0182440007,0.0149769339,0.0652492678,0.0306886641,0.0730197239,0.163385509,0.00700932923,0.146926158,0.0842246909,0.545990109,0.0472973404,0.154289471,0.0457626468,0.0153417031,0.0100755699,0.0378959407,0.0471174947,0.219326998,0.0249999567,0.07216496,0.0283687845,0.043120101,0.126993948
0.226802451,0.141307639,0.137330739,0.251279213,0.108265434,0.0119375526,0.0684580451,0.0451699304,0.0735115046,0.0487444251,0.0844298487,0.349586161,0.0391499053,0.163005702,0.0278760656,0.034857098,0.0362068822,0.0300884719,0.609344274,0.0746764771,0.0209452138,0.169539958,0.184104676,0.016912666,0.155675628,0.0894988107,0.0715517075,0.0661765496,0.0528747452,0.030331731,0.010894941,0.0778846214,0.0267509504,0.084158357,0.230255591,0.0128369918,0.0604026497,0.133971166,0.0220125653,0.109720155,0.0710515871,0.0358407421,0.151578985,0.276916358,0.184456032,0.0486752863,0.043250324,0.0799999882,0.0172281671,0.023850111,0.0135135419,0.0366218917,0.0625000519,0.0569280811,0.0151706767,0.238359336,0.0839910077,0.0114942486,0.10014626,0.174657894,0.00913621345,0.144348188,0.126718979,0.128667782,0.0213347513,0.0830409483,0.0283018618,0.00931413609,0.024976012,0.0345268765,0.0404135566,0.00899101052,0.0502438949,0.0213836443,0.170945965,0.0850456321,0.0258152523,0.0171624173,0.0182439964,0.0657514632,0.0317220176,0.0755177038,0.171968088,0.00697674077,0.147645954,0.0775979441,0.537222775,0.0456521938,0.149999984,0.0612360476,0.0156028294,0.00921272301,0.0480000673,0.0518358173,0.217426503,0.0271464567,0.0665813619,0.0287473808,0.0423228302,0.119440985
0.234348327,0.144275966,0.138207222,0.255480836,0.118992255,0.0167286191,0.0700413935,0.044923632,0.0814094828,0.0446027397,0.0972222056,0.332717306,0.03463688,0.155859524,0.0294384359,0.0318509593,0.0364396173,0.0253164552,0.604406559,0.0780922748,0.025160579,0.177465799,0.191357998,0.0190565518,0.161290486,0.0879051578,0.0772152737,0.0690046497,0.0513512846,0.0323212767,0.0102766888,0.0798548523,0.0281280357,0.07991122,0.230987221,0.0074074203,0.0610425223,0.146039533,0.022613052,0.118668643,0.0552291588,0.030493275,0.166834463,0.275976362,0.192584598,0.069911455,0.0393486516,0.0789473654,0.0137614589,0.0262237697,0.0126292066,0.0408618294,0.0551576248,0.0523255778,0.0187032244,0.22440922,0.0796856885,0.0131702726,0.0920598404,0.174385233,0.00754400951,0.143541378,0.114948415,0.132010035,0.0268987495,0.0728518082,0.0272222243,0.00995850261,0.0203094744,0.0336787361,0.0397470514,0.00816327923,0.0476878802,0.026451542,0.171854059,0.0810963608,0.0207755867,0.0192090042,0.0207612431,0.0636491635,0.0310559431,0.0663924699,0.172378916,0.00490195995,0.150252852,0.0649867083,0.537263308,0.0453333726,0.143729043,0.0676117323,0.0185980426,0.00918197293,0.0640138209,0.0540107135,0.211465547,0.0324189839,0.0704787445,0.02713986,0.0454091731,0.126336898
0.245342054,0.137245076,0.129938371,0.260112686,0.127030143,0.0181983591,0.0641025845,0.0367647297,0.0901234557,0.0392912241,0.0999999802,0.310296601,0.0287929137,0.153754521,0.027518664,0.0269938241,0.0287140708,0.0283687472,0.609229374,0.0805069989,0.0243770202,0.17832545,0.200120293,0.0184659045,0.16276897,0.100378757,0.0792630786,0.0729165808,0.0477778476,0.0321806032,0.0107569712,0.0774908076,0.0245282352,0.0825581558,0.232022614,0.00600961042,0.0592971889,0.139423091,0.0222513078,0.110161409,0.0517038512,0.0255147695,0.18461764,0.267089842,0.203108299,0.0812603571,0.0398900484,0.0762394744,0.0171740845,0.0285204846,0.0133657589,0.0455882492,0.0437955726,0.0520169369,0.0216561032,0.222911732,0.0868834326,0.0132123567,0.0959538344,0.168400746,0.00909090473,0.162184443,0.117615446,0.12271536,0.0241090099,0.0727040854,0.0302690821,0.00868809948,0.0236258762,0.0272851986,0.0344514895,0.00981353955,0.0446634263,0.0300127519,0.175802447,0.0734494011,0.0224403712,0.0181611638,0.0206186064,0.0684736093,0.0303514215,0.0613718407,0.168040981,0.00483676184,0.149630201,0.0592105501,0.522485529,0.0431317944,0.146420834,0.0706067008,0.0220588418,0.00913621375,0.0772889708,0.0492585212,0.206845355,0.0385542053,0.0788770161,0.0301075436,0.0565944496,0.1327494
0.250266588,0.139960174,0.132178782,0.24742234,0.132462727,0.019247592,0.0669724216,0.0344036735,0.0910209883,0.0366043781,0.09989318,0.284474982,0.0236220643,0.154467371,0.0314286052,0.027486911,0.027027008,0.0273972481,0.621681469,0.079999958,0.0293797774,0.184237001,0.203407396,0.0198451053,0.162334792,0.0987532796,0.0793992102,0.0783201011,0.0483690274,0.0376343852,0.0113268488,0.0711679662,0.028011187,0.0713464279,0.242239165,0.00465657033,0.0552995221,0.149509747,0.0184940485,0.10951076,0.0477032185,0.0242230335,0.190335305,0.260723345,0.212305938,0.108414294,0.031550023,0.0753816906,0.0160447777,0.0258302743,0.0134803941,0.0541726913,0.0369230056,0.059436933,0.0208877025,0.213964182,0.0789779216,0.0157202275,0.0725419127,0.161840068,0.0108243098,0.165079524,0.0998907241,0.119422443,0.0268317811,0.067144739,0.0313212006,0.00804289309,0.0188588093,0.0193370285,0.0307970578,0.0106383014,0.0427184471,0.0322368284,0.183604595,0.0675392778,0.0198019835,0.0203160402,0.0213483581,0.0816045096,0.0290791765,0.0686031574,0.169811294,0.00726390298,0.164268282,0.0521906939,0.513076939,0.040461038,0.139966411,0.0667000927,0.0208643633,0.00925925462,0.083136855,0.0454545138,0.199393415,0.0357576032,0.077272683,0.0336487357,0.0596191438,0.151821901
0.250548386,0.147991334,0.12737992,0.245675119,0.15012253,0.0200173957,0.0659691425,0.0384263015,0.102216781,0.0373134764,0.0929862186,0.273660718,0.0270880478,0.151074039,0.035892335,0.0208894977,0.0224570741,0.0286677228,0.61907242,0.0762800437,0.0343511173,0.196261478,0.2072313,0.0227920032,0.158220556,0.0942839486,0.0826973522,0.0946667935,0.0474536695,0.0415415204,0.0119331741,0.069872931,0.0296803594,0.0742280738,0.239059294,0.00897866207,0.0566038217,0.139798446,0.0222531155,0.101419308,0.0388180803,0.0232974592,0.208652261,0.259293915,0.235571354,0.131661505,0.0258019768,0.0680529086,0.0150293257,0.0242085569,0.0147419985,0.0505781023,0.0403624723,0.0599369162,0.0160857829,0.203896686,0.0685483518,0.0239935745,0.069375,0.147981018,0.0110732584,0.165763673,0.0862655925,0.109205736,0.0233029644,0.0656888239,0.0458823653,0.0104166718,0.020225773,0.0194174706,0.0289593057,0.0107108136,0.0387560323,0.0299202297,0.191041123,0.0692307952,0.0183098527,0.0220507535,0.0213243322,0.0879765594,0.0296540447,0.0631768456,0.190573457,0.00749063715,0.163531837,0.0508259144,0.485090569,0.0403711786,0.130382844,0.0606965049,0.0199999778,0.00949914912,0.0881316062,0.0358627772,0.191927625,0.0405244401,0.0727512774,0.0296296221,0.0588812304,0.154371671
0.236723349,0.143677916,0.109375064,0.253765598,0.156591224,0.0184049156,0.0567765761,0.0431009061,0.111448211,0.0324259823,0.105431266,0.260005903,0.0236486653,0.147159462,0.0414979691,0.0257801669,0.0183673315,0.0338164147,0.629259233,0.0784419204,0.031556055,0.200221504,0.200344106,0.0267605783,0.16926482,0.0987108894,0.0798319124,0.0927358971,0.055555615,0.0481985965,0.0123015959,0.0762249479,0.0283528448,0.0732292507,0.233333452,0.00447927884,0.0477706791,0.148550822,0.0185430422,0.106244457,0.0375426757,0.0207956638,0.208870259,0.242277851,0.252392439,0.132218864,0.0191518485,0.0639097192,0.0108616954,0.0213592545,0.0109489299,0.0553064567,0.0339720884,0.0650577444,0.0161507661,0.171377771,0.0587892847,0.0298772742,0.0609910443,0.130103558,0.0104803273,0.159840816,0.0792193214,0.100283816,0.0221551033,0.0652725131,0.0463386569,0.0115942127,0.0219011977,0.0154155432,0.0278270925,0.00988141136,0.0361386033,0.0318427906,0.199213369,0.068930081,0.0185449211,0.0230263067,0.0225080141,0.0904558163,0.0280528492,0.0681818082,0.206383298,0.010012501,0.150549493,0.0453964037,0.486777995,0.0409635085,0.120503619,0.0480495053,0.0174672197,0.0095155708,0.0945454236,0.037706581,0.180820234,0.0472895353,0.0716798371,0.0234291596,0.0586206447,0.164600413
0.229697978,0.143169573,0.122251493,0.257521526,0.166666597,0.0180878365,0.0588785935,0.0543734811,0.125741405,0.0312760826,0.103521924,0.247793046,0.0208105235,0.139905455,0.0484209832,0.0283285997,0.0145631019,0.0322580697,0.653428647,0.0693855514,0.0284153046,0.199546799,0.199045392,0.0289448694,0.161764426,0.101941878,0.0880134217,0.114886658,0.0719257972,0.0464072242,0.0145669234,0.0858143638,0.0253623745,0.0736385953,0.227196665,0.00676439115,0.0473933334,0.154109552,0.0198939125,0.107816703,0.0331857953,0.0245597375,0.203687237,0.228571177,0.262705025,0.137226365,0.0159787089,0.0604914613,0.00965666524,0.0175097551,0.0119474182,0.0640625256,0.0339893149,0.0688216276,0.0176870386,0.153216363,0.0563866565,0.0315807254,0.0541935795,0.113475162,0.0114638445,0.155920165,0.0779851813,0.0905171689,0.0205046836,0.0723738642,0.0517621145,0.0131047914,0.0189394057,0.014267193,0.0252252174,0.0152380928,0.0335305937,0.0265667764,0.211694093,0.0752302636,0.0129310199,0.0220750515,0.0230769236,0.0960697748,0.026578084,0.0785890918,0.2160087,0.00857842545,0.148796403,0.0388668931,0.482416812,0.045553958,0.106888371,0.0381679854,0.0187861572,0.00874125901,0.0890735991,0.0361570994,0.17368833,0.0427553866,0.0678001954,0.0258810346,0.0647279336,0.178240869
0.219517408,0.155116938,0.120434848,0.265097635,0.1751725,0.0182608692,0.0565134225,0.0504779072,0.129500759,0.0321489273,0.0942408626,0.240012464,0.0215053855,0.132258826,0.0475162115,0.0298720158,0.0130814144,0.033386359,0.669064762,0.0644302155,0.0312151213,0.186251499,0.1849541,0.0271738521,0.157864631,0.114509292,0.0841043128,0.113744995,0.0796104763,0.0519288283,0.014084527,0.086206859,0.0259499877,0.0798004341,0.245557921,0.00674158926,0.035830536,0.160227175,0.0244216187,0.106591867,0.0370171485,0.0260988951,0.204422348,0.226108466,0.269685979,0.157750784,0.0164141705,0.0604448331,0.0095307984,0.00603620849,0.0122699218,0.0741639185,0.0322003703,0.067338319,0.0191518646,0.140266047,0.0514076092,0.0342535321,0.0524568148,0.109973253,0.0148471469,0.154135576,0.0783427025,0.0846534793,0.0192307962,0.0751957361,0.0543237247,0.01331967,0.016879568,0.011920499,0.025846718,0.0200190679,0.031124564,0.0303234785,0.200426863,0.07902899,0.0130246278,0.0223463788,0.0177580723,0.100583239,0.0298013486,0.0812903445,0.235498732,0.0101394152,0.142461117,0.0364238345,0.485660407,0.051826915,0.100939012,0.0306220142,0.0216138167,0.00885740301,0.0797361801,0.036392342,0.163378034,0.0420069727,0.0713976557,0.0284414323,0.0671015684,0.201682498
0.190446537,0.183178824,0.119695688,0.264671784,0.190240467,0.0150575914,0.0570131571,0.0521930189,0.154461759,0.0341880057,0.0835913233,0.233365359,0.0190476038,0.137487418,0.0476451145,0.0291666946,0.0196969441,0.0335570506,0.680439112,0.0611170163,0.0322391864,0.169481372,0.164999754,0.0257219963,0.170336061,0.119403048,0.0805508838,0.124061609,0.0805714044,0.0574770692,0.0148786205,0.0994718012,0.0268868098,0.0966543103,0.271081992,0.0056179882,0.0329489628,0.175381794,0.0211920336,0.110791282,0.0372636437,0.0270927992,0.200184358,0.206521667,0.270475135,0.171158883,0.0166865578,0.0663565054,0.00668150823,0.0136986545,0.0156062519,0.0815126124,0.0342592542,0.0711160028,0.0139276007,0.137302515,0.0422793634,0.0484391382,0.046405231,0.107623401,0.0180018023,0.160588768,0.0846680984,0.0847892339,0.020218579,0.0839300357,0.0541436557,0.0149732873,0.0189035977,0.0131233842,0.0255506438,0.0249764024,0.028717904,0.0219415103,0.212666062,0.0843684767,0.0114777637,0.0232018558,0.0196850421,0.106414004,0.0300501255,0.0855978672,0.245260961,0.0110837493,0.125570794,0.0347129234,0.492949355,0.0483705751,0.0974575861,0.0242164951,0.0173410775,0.0101196084,0.0762607077,0.0348958642,0.16639548,0.0433762861,0.0718829135,0.0315315823,0.0645009839,0.200752164
0.172312423,0.195562748,0.121951189,0.267712283,0.193164754,0.0129348839,0.0632244691,0.0608465767,0.159010541,0.0372153814,0.0746492639,0.234370067,0.0186528673,0.126252124,0.054505018,0.0346820899,0.0199693022,0.0295139151,0.704926516,0.0627705215,0.0261323748,0.162673139,0.151077011,0.0287511237,0.166866373,0.131007905,0.0804402885,0.119286502,0.0836157741,0.0591506017,0.0160658189,0.116607879,0.0279114753,0.105134484,0.27728755,0.00603135737,0.0328407566,0.184713251,0.0230664663,0.117952617,0.0316863136,0.0325364982,0.199376919,0.209078315,0.280555485,0.176522928,0.017401384,0.0569067448,0.0036873161,0.0180722731,0.01705239,0.0913883972,0.0320150646,0.0687710717,0.0167831966,0.131840735,0.0352286151,0.0503246425,0.0442307926,0.114937381,0.019699814,0.163970268,0.0850939319,0.0809627922,0.023809575,0.0895759284,0.0508658083,0.0157658013,0.0245338459,0.00934576776,0.0246800568,0.0249999418,0.0306015687,0.026933716,0.21694137,0.0806283706,0.0115440058,0.0248484702,0.0197368284,0.109629615,0.0256,0.100427363,0.260152349,0.00895138893,0.107683289,0.0329815192,0.492840399,0.0541367474,0.100241492,0.0205741444,0.0205580249,0.0127952687,0.070231939,0.0355969107,0.172906153,0.0451219195,0.0697822663,0.0343601656,0.0633397992,0.21746047
0.171723928,0.209241869,0.130213045,0.261422425,0.19435732,0.011839713,0.0696902848,0.0541402143,0.177710712,0.0417044092,0.0666332387,0.228745088,0.0200633962,0.133754815,0.0582959564,0.0381679143,0.0216718602,0.031858409,0.721928012,0.0697808211,0.028905238,0.157333191,0.135705712,0.0277778166,0.168380281,0.128058787,0.0867659648,0.125000081,0.0761477866,0.0563673863,0.0188150416,0.126943003,0.0263959832,0.116788365,0.287078485,0.00891722202,0.0246710804,0.19537853,0.0279329924,0.121417808,0.031085315,0.0379965729,0.196695315,0.19832451,0.275011191,0.185311144,0.0176470544,0.0617283656,0.00456273769,0.0163599126,0.0151706718,0.0940859508,0.0336448724,0.066704728,0.0172166352,0.125158762,0.0308483165,0.0545049804,0.0382684981,0.113302762,0.0201519608,0.172666033,0.0820751022,0.0897154859,0.029976006,0.0860408928,0.0497811605,0.0155502184,0.0244140611,0.00947226038,0.0276243091,0.0260570031,0.031115871,0.0335663899,0.215710471,0.0849741315,0.0143265923,0.0184714122,0.0214843798,0.0960960808,0.0230642633,0.11807584,0.256983457,0.00896287108,0.0961305917,0.03042326,0.512193156,0.0586623176,0.0978520332,0.0165691446,0.0209205021,0.0153217492,0.0637859789,0.0340522429,0.165551767,0.0522388633,0.0721331924,0.0317258987,0.0638095156,0.213651108
0.172992409,0.214651219,0.123251974,0.255471598,0.176784802,0.0117481265,0.0835350918,0.0579044306,0.177987508,0.0400381496,0.0618090989,0.216441059,0.0183584995,0.140201007,0.0518192057,0.0480000178,0.0211800552,0.0323159632,0.740000253,0.0707316951,0.0277418769,0.150139717,0.123316047,0.0260601065,0.166207143,0.125216056,0.0894924946,0.148998845,0.0901917376,0.0660377714,0.0203252108,0.13967973,0.0240699946,0.125154711,0.282972449,0.00672950244,0.0283333691,0.205074369,0.0278184428,0.121785167,0.0242457225,0.0362087233,0.200696539,0.191023903,0.268993215,0.175706969,0.0190930886,0.0647787118,0.00399042568,0.0187891251,0.0129533691,0.10412744,0.0336633807,0.0675368182,0.0225563892,0.10929319,0.0318877141,0.0543236898,0.0330423774,0.117937249,0.023858875,0.173877176,0.0832349959,0.0922550764,0.0328282884,0.0839505748,0.0430648489,0.0143042883,0.024900379,0.00976290098,0.0296609881,0.0260204283,0.0338427832,0.0278533272,0.204161505,0.0828091894,0.0146842996,0.0171729888,0.0280504533,0.101208398,0.0152801284,0.129879825,0.241071442,0.00947225697,0.101226952,0.0209150308,0.529641772,0.062306667,0.10311749,0.0154958951,0.0214592752,0.0159914929,0.0646976248,0.0290973956,0.16521364,0.0549019725,0.0589354253,0.0314135937,0.06280666,0.224087422
0.18188596,0.221878638,0.128667605,0.258322578,0.175044776,0.0132093943,0.100126045,0.0634541617,0.191763083,0.0447154152,0.0442708798,0.209030006,0.0166482063,0.14241125,0.0438293309,0.0502512004,0.0186915594,0.0366795492,0.737265752,0.0690087526,0.0318182064,0.143478306,0.1259863,0.0261969013,0.164145229,0.117857054,0.0942962887,0.158466698,0.094185994,0.0619735414,0.016764456,0.158558708,0.0250284605,0.134993324,0.291817241,0.0110344782,0.024221429,0.221748352,0.0269841135,0.120443796,0.0216666403,0.0385964427,0.208537042,0.192822058,0.266718121,0.173479445,0.0221401917,0.0751633828,0.00412200984,0.0258064846,0.0138312796,0.0923077472,0.032586558,0.0691428414,0.0228658557,0.107586234,0.0337301365,0.0550847453,0.0315657026,0.122345308,0.0211817383,0.19667842,0.0735646413,0.0919610351,0.0416107488,0.0740497837,0.03410405,0.012711875,0.0299999585,0.0146843078,0.0329198831,0.0260084627,0.0387684662,0.0315568144,0.204973372,0.0788609134,0.0159744048,0.0186781661,0.0342771917,0.105015743,0.0108303148,0.13446686,0.236065246,0.00851064374,0.0880893711,0.0208877321,0.533382012,0.0666370009,0.100845423,0.0120041704,0.0209895026,0.0132450155,0.0654411956,0.0340909362,0.172381835,0.0590659352,0.063449509,0.0318119155,0.0639175442,0.228658357
0.208206536,0.229392468,0.1201963,0.250692318,0.160611744,0.012725383,0.107907435,0.060544866,0.19371724,0.0475935733,0.0398706779,0.191967902,0.0177304794,0.147775166,0.0350877095,0.0544042377,0.0215231801,0.0355029739,0.742724299,0.0724044043,0.0273698542,0.143288003,0.120510641,0.0246741063,0.175548996,0.1209273,0.0930674102,0.146432981,0.103942567,0.0598237094,0.0153643625,0.172084316,0.029894486,0.136950829,0.291878335,0.0182215877,0.0182815187,0.227765347,0.0292553097,0.124398036,0.0204419633,0.0447205066,0.213038619,0.188763054,0.267378265,0.173202375,0.0284974471,0.0801033512,0.00507185268,0.0305676911,0.0133333169,0.0923694039,0.0348584087,0.0765982785,0.0223641984,0.109686589,0.0356125504,0.0509677983,0.0241830226,0.114039114,0.0153483263,0.183918956,0.0717006359,0.0967320371,0.0495186453,0.0666188753,0.0348837362,0.0163204793,0.0368763898,0.0120300858,0.0303624318,0.0271800584,0.0306004427,0.0320232126,0.196861472,0.0689655063,0.0155978922,0.0171339259,0.0418006288,0.106260311,0.0112781977,0.136646298,0.222996857,0.00911855754,0.0928030387,0.0206611523,0.549363277,0.0684581375,0.117429278,0.0132184063,0.0261941374,0.0143198303,0.0745192386,0.0452702583,0.173314372,0.0608391331,0.0629369868,0.037037007,0.0677431043,0.26851883
0.239095718,0.236394863,0.133752762,0.244135153,0.167351153,0.0115074972,0.106227196,0.0591517677,0.206940949,0.0534910232,0.036666643,0.184644705,0.0225847298,0.157284629,0.0389294501,0.0535714268,0.0169491912,0.027450962,0.740985427,0.0791001307,0.0286493894,0.142642604,0.106321921,0.0303468569,0.177065889,0.11583011,0.0892621763,0.140259749,0.111313906,0.0551948276,0.019319232,0.182,0.0280199067,0.143044204,0.310811,0.0224719338,0.0225563955,0.221962844,0.0274509481,0.129629604,0.0182320093,0.0501981019,0.227158094,0.186855886,0.266186629,0.166404657,0.0343007697,0.0810811059,0.0052677758,0.0284463885,0.00934577935,0.0865979309,0.0395348497,0.0743494823,0.0259740412,0.112391835,0.0424739308,0.053181995,0.0262097137,0.120279125,0.0135483681,0.193820253,0.066581318,0.0967302903,0.0503003045,0.0719815065,0.0305868012,0.0176848931,0.0384907142,0.00934577542,0.0418794383,0.021765425,0.0358823214,0.0329041785,0.205329122,0.0684769808,0.0207939575,0.022988568,0.0482759082,0.102040813,0.0155945505,0.151294861,0.212062285,0.0114006375,0.0841446458,0.0205882486,0.56011546,0.0741279069,0.135403335,0.0111385998,0.0271565216,0.0175879233,0.0816831441,0.0520547816,0.171573664,0.0723982652,0.0554733684,0.0396341005,0.06666673,0.272875738
0.259729794,0.229191566,0.144562173,0.247278729,0.157,0.0112781728,0.0974433871,0.0561594411,0.207317225,0.0555555278,0.0341435355,0.167542832,0.0235911161,0.169976717,0.0295630423,0.0490195849,0.0221811489,0.0285132349,0.745646624,0.0885580087,0.0278939861,0.141509328,0.114098614,0.0279685964,0.168488341,0.122529611,0.0939912688,0.133969008,0.128481042,0.0557047234,0.0189573283,0.201461493,0.0278514886,0.14118441,0.31848879,0.0331179248,0.0246679238,0.210526824,0.0352696941,0.136997827,0.0155172749,0.0451851073,0.233409394,0.20788769,0.26325419,0.148241246,0.0300429112,0.0940928104,0.00909091253,0.033185807,0.00936035083,0.0759493549,0.0476190238,0.0721518947,0.0245183785,0.120272349,0.04992325,0.0515366569,0.02430558,0.132249009,0.0126939423,0.200378328,0.0567423228,0.0897240305,0.0552883917,0.0613748086,0.03104355,0.0182481943,0.0396059443,0.0113268434,0.0602605867,0.0215189683,0.0392638018,0.0370370593,0.192616448,0.0611464492,0.0281689532,0.0192982815,0.0523255877,0.111510762,0.0154184692,0.147650695,0.170454534,0.0103092723,0.0905044363,0.0195195196,0.58455612,0.0783251751,0.132315605,0.0123796643,0.0218120548,0.0190597401,0.0911503937,0.0511921087,0.176377208,0.0768049662,0.0572755754,0.0399999876,0.0650306585,0.293623265
0.274336113,0.222430718,0.178473832,0.253154453,0.173189743,0.0146276637,0.0944019549,0.0541044384,0.21657366,0.0610831822,0.0314353449,0.165986425,0.0237430429,0.179455774,0.0298408042,0.0418367871,0.0209923794,0.0322580887,0.746347662,0.0870647313,0.0206185269,0.162601624,0.111295143,0.029798,0.16825996,0.109649113,0.0907660736,0.144203037,0.138255218,0.0487977234,0.0161452845,0.21788966,0.0246913367,0.136966196,0.327210508,0.0431654588,0.0292968279,0.203007528,0.0425055977,0.113761437,0.0133657545,0.0413416587,0.225625,0.206944728,0.261036715,0.147610951,0.0303029894,0.110738164,0.0102707732,0.0258620425,0.0116666761,0.0725622885,0.0531645718,0.0769720223,0.0258780078,0.124012652,0.0583066044,0.057981903,0.0244956598,0.151450134,0.0118168165,0.197897048,0.0509065322,0.0856905311,0.0629084792,0.0449827218,0.0349650031,0.0191938785,0.0335745651,0.0136752082,0.0783333404,0.0207756135,0.0460772083,0.034865327,0.188888955,0.0572005438,0.0350876782,0.0186566937,0.0516129862,0.119502893,0.014319775,0.149186503,0.175126859,0.0090415962,0.089879136,0.0192,0.595985653,0.0837668508,0.129629436,0.0118167965,0.0272232001,0.019582218,0.0772811375,0.0473856229,0.175514643,0.0678514124,0.0587275182,0.0440916875,0.0700758447,0.295992774
0.285974801,0.215231509,0.188016234,0.256822012,0.161971863,0.0172910386,0.0989502101,0.0645372103,0.220965214,0.0725190832,0.031326816,0.157537432,0.0316091641,0.182353301,0.0249662507,0.041,0.021868756,0.0339366329,0.761740275,0.0847315381,0.0192307515,0.179831734,0.119444463,0.0291622988,0.175675533,0.112612579,0.0928873415,0.13731347,0.144005868,0.0553996794,0.0170278488,0.204954839,0.0252808767,0.139235832,0.33749992,0.0461690157,0.0301810624,0.204606947,0.0531400713,0.110687089,0.0138713482,0.0369182096,0.229080691,0.205758749,0.257142763,0.130755093,0.0361842204,0.12978732,0.0149850106,0.0264900792,0.0170648322,0.065217437,0.0546448066,0.0828805915,0.0219561047,0.129719573,0.0645424539,0.0701078953,0.0204082014,0.162460179,0.0136436758,0.19521929,0.0522727467,0.0834813165,0.0652542346,0.0473485124,0.0361272307,0.016032077,0.0305164369,0.0202702774,0.0922652109,0.019969308,0.0439189052,0.0358931354,0.172222276,0.0604316834,0.0371229907,0.02494801,0.0570776494,0.142714683,0.0260416685,0.154296799,0.164102446,0.0127737433,0.0930600272,0.0157895013,0.582313034,0.101946801,0.127107709,0.0177419054,0.0271317286,0.0203251887,0.0858282954,0.0490338728,0.168213686,0.0693493307,0.065656564,0.0396975335,0.0805369264,0.317836505
0.293560543,0.21056328,0.209488912,0.252931255,0.176492161,0.0130435039,0.0998402931,0.0703918224,0.230232425,0.0806862108,0.0346153324,0.140029389,0.032689435,0.202414621,0.02380955,0.0299401929,0.0211864196,0.0341685546,0.772189737,0.0928773694,0.0211382342,0.172470978,0.114024383,0.0292842,0.180952851,0.118556744,0.0869087004,0.141937395,0.1363636,0.0530410346,0.0184582355,0.214976149,0.0299999761,0.142551303,0.349999819,0.0474683166,0.0271966342,0.202095848,0.0621890379,0.118181817,0.0150891472,0.0336700257,0.24696946,0.214605388,0.268389502,0.124271838,0.0352349124,0.13161867,0.0157608726,0.0280777555,0.0222634567,0.0705290078,0.0729482491,0.0949274582,0.0227743189,0.133278226,0.0783783263,0.0752065814,0.0220264292,0.157883672,0.016920477,0.184317736,0.058914733,0.0803060345,0.0592105204,0.0468432106,0.0384024835,0.0169132942,0.0230496759,0.0254237425,0.104324322,0.0243112493,0.0444443962,0.0447079554,0.155493547,0.0546154396,0.0388235208,0.0296127077,0.0554217427,0.155246185,0.0266666899,0.142857106,0.195121967,0.0147874394,0.100985268,0.0189753064,0.584808262,0.11235348,0.128342311,0.0189983026,0.026,0.020949749,0.0744234717,0.0591069964,0.153061132,0.0544280517,0.0654545069,0.0365111931,0.0979970769,0.301180998
0.301,0.207950828,0.226934239,0.244791839,0.174731174,0.016566251,0.106837549,0.0721468914,0.249599065,0.0916459548,0.0435967722,0.136432904,0.0294586001,0.208649182,0.0207439233,0.0271966959,0.023655935,0.0290557688,0.773865633,0.099705009,0.0207254212,0.188943883,0.111184181,0.0329099113,0.183270835,0.106516247,0.0812356997,0.131687186,0.133561723,0.0515988701,0.0236486861,0.208630388,0.0278184433,0.150822656,0.351647894,0.0575620898,0.0254237005,0.199999966,0.0822455215,0.106904209,0.0161290713,0.0328719445,0.245875043,0.22500012,0.259875086,0.12423629,0.0358456351,0.145032088,0.0168604583,0.0283224458,0.0334645611,0.076115556,0.0807453295,0.106132135,0.0173912783,0.140759875,0.0831792467,0.0807018526,0.0327034686,0.171351973,0.0176991036,0.197095557,0.0676327878,0.0762548616,0.0545454287,0.0392156804,0.0412213759,0.0167037805,0.0208333754,0.0248226888,0.105399834,0.0250447513,0.0440527956,0.0435606757,0.159735412,0.0575364606,0.0436892552,0.0321100978,0.0567567555,0.168151158,0.0251397136,0.14412419,0.231481288,0.0130353918,0.107758631,0.0246406283,0.588419467,0.115860513,0.119209849,0.0168855444,0.0190274747,0.0216508709,0.0655914416,0.054200537,0.170314629,0.0610465389,0.0584795099,0.0329669997,0.0962990737,0.313688036
0.298742068,0.213703346,0.240469153,0.218867523,0.150872755,0.0210608236,0.104166693,0.0654761805,0.260655865,0.102027959,0.0509065745,0.133928617,0.0292683019,0.21725259,0.0196506229,0.0238611786,0.0275423453,0.03076922,0.789256069,0.102130346,0.0186219931,0.184534048,0.117852141,0.035382822,0.173992248,0.0971866365,0.0733787818,0.139339463,0.132224147,0.0469449058,0.0247350075,0.211904454,0.0296803908,0.148935828,0.351219414,0.0629453948,0.0190677743,0.217081706,0.0797297671,0.093541131,0.0196078763,0.030685896,0.254479916,0.219063417,0.252873748,0.131523854,0.0263671785,0.160621837,0.0235148381,0.0224718953,0.0335430287,0.0906593664,0.0873494108,0.114497602,0.0159817711,0.144784227,0.104085547,0.0916665771,0.0400843464,0.1664282,0.0170454655,0.186440196,0.0693493785,0.0816532824,0.0511111297,0.0406852161,0.042048907,0.020565505,0.0188284396,0.0301886582,0.107966482,0.0302457836,0.0488958776,0.0514285231,0.147727327,0.0500000035,0.0467980201,0.0425,0.0495867704,0.178408935,0.0240000281,0.131764704,0.243670806,0.0166051837,0.10695178,0.0261282701,0.58998274,0.109785289,0.113960117,0.0215686056,0.0209789998,0.0220385503,0.0504587697,0.0618466903,0.166667067,0.0504950763,0.0669370773,0.0260663393,0.113697207,0.297115267
0.29777781,0.220538702,0.238931166,0.224551141,0.160994668,0.0226904641,0.101739101,0.0669467839,0.264006581,0.0985640325,0.0634328928,0.13651592,0.0271647398,0.228499409,0.0177469143,0.0155901805,0.0274599465,0.0379403939,0.814091829,0.117760547,0.025000023,0.166666692,0.130804887,0.0349242634,0.169014125,0.0920398325,0.057444371,0.132581988,0.137898737,0.0437115747,0.0248447503,0.209442783,0.0330578242,0.144970312,0.346222737,0.0699745351,0.0191897829,0.211538421,0.077903654,0.0868597396,0.0227670491,0.0317164119,0.246189359,0.22361348,0.259672996,0.157954668,0.0310492473,0.163147846,0.0256410074,0.0245097936,0.0402046961,0.0934065793,0.0955223296,0.116040897,0.0186046316,0.143280659,0.0988142623,0.0946462746,0.0430029295,0.163235158,0.0219560954,0.191704037,0.0675422355,0.0879732526,0.0459770454,0.037861948,0.0511111799,0.0245901767,0.0186567281,0.0374015279,0.105789438,0.0318091345,0.0528,0.0701754668,0.148467473,0.0336363631,0.0524934232,0.0443864476,0.0442477859,0.189887954,0.026109689,0.125307086,0.274193272,0.0165745817,0.112149616,0.0283505502,0.594373555,0.109471208,0.111187807,0.0275049313,0.0220048937,0.0203251883,0.0324189741,0.0650182843,0.171303031,0.0442387342,0.0673076573,0.0226700125,0.120543382,0.281853202
0.315165855,0.231949711,0.25353228,0.218685342,0.140000114,0.0233723035,0.0994264716,0.0606837391,0.255454493,0.108090235,0.0659340823,0.148722541,0.0297723214,0.232580254,0.0169902765,0.0207852296,0.0267857057,0.0344827824,0.836314697,0.134808786,0.0320641449,0.150369029,0.137693626,0.0401416643,0.157216363,0.105978286,0.0603135435,0.120543413,0.139999926,0.0472,0.0309278493,0.233082868,0.0341880086,0.149473902,0.336832285,0.0759312448,0.0207423652,0.237735627,0.0775316904,0.0782312304,0.022,0.0286807426,0.230072377,0.225396639,0.264794086,0.172018436,0.0356347507,0.174603143,0.0268817442,0.0219512018,0.0457831478,0.100558726,0.0878787581,0.122082518,0.0294839994,0.141434304,0.118473822,0.0917160648,0.0422741331,0.154984721,0.0301810391,0.162131428,0.0717171065,0.106334857,0.0475059924,0.0381861489,0.0567684985,0.0283581968,0.0180995738,0.048523165,0.0997921389,0.03640261,0.0527728429,0.0796371397,0.142184463,0.0340073903,0.0664893273,0.0580110808,0.0382165554,0.20090269,0.0242131058,0.107692236,0.298742402,0.0218579172,0.12601627,0.0287356471,0.590466972,0.0987983232,0.109285732,0.0246913416,0.0269542094,0.0173796921,0.0272952815,0.067085962,0.167950189,0.0559071323,0.0867117656,0.0216216007,0.123412012,0.276391402
0.318640059,0.252398972,0.262767845,0.204016937,0.154069765,0.0218120591,0.110894917,0.0706422006,0.246240497,0.122950787,0.0785952886,0.158051549,0.0342341854,0.251961101,0.0169492012,0.0217391413,0.0241545942,0.0275229328,0.838317683,0.135828086,0.0466532003,0.166336592,0.146455391,0.0464975828,0.149549144,0.0922077528,0.0509708936,0.111888075,0.138493319,0.0458936875,0.0308976221,0.244623721,0.0297397996,0.137061738,0.34189724,0.0786350499,0.0209790075,0.233333094,0.0745762616,0.0759036462,0.0218818179,0.0321931555,0.219983846,0.239541474,0.248847597,0.199757514,0.0362318609,0.169752995,0.0290275864,0.024937673,0.0528967181,0.0991958748,0.101823608,0.120722416,0.0255102117,0.140786733,0.111895276,0.103991669,0.0480769328,0.168530133,0.0371900874,0.163069936,0.0906183383,0.132183751,0.0471203812,0.0384615246,0.0654412164,0.0456025604,0.0161030786,0.063596476,0.0992529428,0.034037572,0.0491159517,0.0909091027,0.141025581,0.0292504139,0.0668604206,0.0639534655,0.0385851842,0.216335635,0.0270935592,0.105263052,0.307432654,0.0259259201,0.131634845,0.0183486153,0.610337823,0.0954357703,0.109212438,0.0273684059,0.0306407021,0.0183356832,0.025575419,0.074829959,0.16,0.0545656727,0.0874383978,0.017045459,0.13218428,0.270408166
0.304177889,0.248496988,0.271157661,0.209129464,0.161442127,0.0270270473,0.116831771,0.0884085973,0.237736032,0.139266262,0.0939087482,0.19308954,0.0389610842,0.288618252,0.0199306464,0.0222772333,0.0248756035,0.0262390715,0.835466421,0.149572623,0.0487552212,0.172233764,0.153768332,0.0507425307,0.156756994,0.0737913577,0.0496855709,0.10550451,0.149336209,0.0475792905,0.0372807044,0.246684628,0.0359407826,0.154845875,0.311860921,0.0786517415,0.0205128071,0.220930406,0.0701753675,0.0800524984,0.0216867507,0.0322580852,0.242263788,0.265375524,0.273722863,0.225467426,0.04342104,0.158590326,0.0266876216,0.0294117791,0.0403645147,0.102702621,0.104166622,0.137351706,0.0320855787,0.149784418,0.117408843,0.0949656961,0.0409090541,0.184380098,0.0350109616,0.13762628,0.0993450228,0.157247984,0.0387811198,0.0326087218,0.0657143182,0.066666656,0.0156249975,0.0759637242,0.0928338344,0.0383597781,0.0423387491,0.101931367,0.139630469,0.0330739793,0.0652173922,0.0690789124,0.0446735958,0.208425631,0.027210872,0.0932945399,0.307691992,0.0334645164,0.13755407,0.0365853724,0.621085798,0.0861811697,0.126582252,0.0193548635,0.0434782565,0.0148148018,0.0261097065,0.0813648198,0.164348252,0.0594405214,0.088390518,0.0176990897,0.132631153,0.274841678
0.302857313,0.244008915,0.280071925,0.242316859,0.168195585,0.0288288094,0.110187142,0.08008212,0.221373838,0.147816201,0.0958188802,0.204210449,0.0443623124,0.304,0.016267133,0.0230178619,0.0208877448,0.0351905648,0.828846223,0.154347879,0.0476189943,0.17241383,0.168919206,0.054404119,0.177083492,0.0620154851,0.056329127,0.0928309375,0.160997384,0.0422662149,0.034755132,0.216901565,0.0370370685,0.153658341,0.327133655,0.114084421,0.0246575506,0.240808883,0.0390624883,0.0816618424,0.0230769049,0.0277136367,0.24696965,0.279951248,0.283582412,0.225113072,0.0483425158,0.150588203,0.0234505579,0.0280112039,0.0428571454,0.103064119,0.100313525,0.114432975,0.0389972386,0.160959025,0.112068949,0.0990453746,0.0404530874,0.187604236,0.0413943305,0.142473157,0.119419538,0.157360073,0.039893578,0.0323450416,0.0720339042,0.0779660187,0.0149812869,0.0887289478,0.0858011203,0.0382436249,0.0434782422,0.0995807488,0.146205705,0.0392927735,0.0544218181,0.075000071,0.0577617404,0.191465777,0.0263736147,0.0951704195,0.27611962,0.036960963,0.141203203,0.0316455951,0.606094837,0.0724085172,0.128161809,0.0262581834,0.0467289515,0.015479881,0.027548189,0.108882422,0.167856979,0.0692123787,0.0811965474,0.01597445,0.128788009,0.26048591
0.313558983,0.254525107,0.301331056,0.260241072,0.170588203,0.0318949343,0.107740682,0.0866667007,0.229044658,0.166903073,0.0909909364,0.227272789,0.0451867118,0.309160522,0.0221027128,0.0282051035,0.0240000201,0.0366972442,0.818093374,0.17381483,0.047930288,0.156043998,0.176540616,0.048275826,0.173295792,0.0446650224,0.0582461116,0.0833334025,0.154522681,0.0464895214,0.0309364625,0.230136848,0.0364584211,0.164141849,0.330188602,0.114613211,0.0217391313,0.201465399,0.0403587209,0.0722222657,0.0263852097,0.0347394617,0.288136091,0.290556914,0.258105037,0.214285706,0.0510203908,0.11979181,0.0225303041,0.037900856,0.0583554415,0.107954509,0.118012387,0.11934154,0.0414201341,0.159673755,0.103070197,0.107792224,0.0258621072,0.187288163,0.0522727201,0.136490244,0.123543,0.168847884,0.040760831,0.0326975717,0.0722627421,0.0967742403,0.016032071,0.0939759603,0.0833332667,0.0375375473,0.0374219996,0.112660894,0.143198057,0.0396825667,0.0671378421,0.0830040704,0.0774908033,0.170138979,0.0218340841,0.0949136744,0.287313431,0.0410367825,0.167073168,0.0283911471,0.596813848,0.06702614,0.143478159,0.0250569233,0.0564263497,0.0227656354,0.0379008596,0.130573289,0.162313478,0.0658536629,0.0750707797,0.0215384508,0.118055492,0.22696631
0.335463067,0.217232701,0.286916005,0.274117967,0.184615318,0.0383877577,0.102908332,0.099999988,0.247572953,0.178128068,0.0846994791,0.258101856,0.0426439069,0.318440883,0.0260132902,0.0282051173,0.0189702095,0.041139227,0.803339309,0.190531278,0.0445434071,0.144591674,0.20050131,0.045994029,0.174489562,0.0354430688,0.0559999845,0.0735888049,0.159279693,0.0478615658,0.0333333233,0.233516162,0.0383480447,0.185506856,0.330969083,0.124242365,0.0292207579,0.170212424,0.0358974944,0.0568862278,0.0268096768,0.0388600754,0.299999904,0.316666705,0.230263493,0.208520083,0.056451558,0.120448146,0.0222634776,0.0492753525,0.0722891478,0.120689623,0.106109292,0.116452991,0.0489296427,0.145309021,0.09907839,0.117732585,0.0274442486,0.204860928,0.0774487431,0.142170981,0.114355173,0.177248875,0.0347593744,0.0294117562,0.0689405428,0.103942652,0.0193965308,0.115183246,0.085534604,0.0339805873,0.033543031,0.117324622,0.131979586,0.0363985013,0.081712149,0.076,0.0795454302,0.151914135,0.0276595581,0.115691474,0.311023356,0.0459640454,0.184090711,0.0270270068,0.603174321,0.0557325845,0.135304531,0.0277777639,0.0679612204,0.0268518105,0.0421348505,0.14498126,0.172083794,0.0637254634,0.0746950825,0.0180723011,0.106976756,0.214454891
0.33450708,0.211491336,0.296442477,0.279859319,0.212349438,0.0406976579,0.0854213803,0.116945158,0.267577945,0.190019635,0.0767045862,0.291104988,0.0463576732,0.315979171,0.0225564,0.0344827531,0.0285714203,0.0406779816,0.77767506,0.183698314,0.0385487058,0.146367489,0.200528248,0.0438871738,0.166666245,0.0213903833,0.0481770482,0.0603070017,0.172256039,0.041304374,0.0345454814,0.231741694,0.0331325318,0.198776755,0.358851845,0.105960294,0.0304054058,0.14897232,0.0552485989,0.0548780395,0.0256410187,0.0381471853,0.309963368,0.34308546,0.221751627,0.228929434,0.0625000481,0.128048767,0.0264227695,0.0543131517,0.0900620741,0.122324116,0.102990067,0.131395342,0.0463767814,0.140271589,0.102438948,0.121019103,0.0305206443,0.206994556,0.0930232916,0.168711946,0.115702576,0.165775619,0.0350404481,0.0385757254,0.068597547,0.0882352856,0.0192307856,0.125984233,0.0800438424,0.0287162274,0.0244444156,0.118357443,0.135638226,0.0380117251,0.0905350925,0.075000092,0.0839695185,0.153164493,0.0316455008,0.136482953,0.317460498,0.058086512,0.205673978,0.0340909292,0.604166896,0.0551054558,0.142066451,0.0281030467,0.0666666147,0.0345528745,0.0412088439,0.155737379,0.167004033,0.0744416182,0.0721153722,0.0218068252,0.113289728,0.238152052
0.335820669,0.225515462,0.279569543,0.294047832,0.232307687,0.0438094974,0.0842695974,0.122619017,0.293136778,0.213160902,0.0789472805,0.279883505,0.047511331,0.315452382,0.02268431,0.0361757287,0.049853396,0.0522648212,0.786641893,0.195152894,0.0421545558,0.150107918,0.199164514,0.041867903,0.163067305,0.0190735926,0.0514208215,0.0447247839,0.184745462,0.0372806968,0.043977037,0.204678442,0.0398671088,0.20645124,0.39047634,0.0983050317,0.0325733101,0.137540466,0.0723684181,0.044247796,0.0264705999,0.0430555989,0.296511896,0.343324335,0.218749767,0.221577904,0.0758755152,0.134185343,0.0231481397,0.0531561536,0.112341791,0.106606665,0.116438393,0.133651547,0.0363128597,0.124705868,0.0839895012,0.118811903,0.0294118329,0.219135538,0.0839160092,0.184563997,0.101982958,0.170666733,0.0358126514,0.0389221619,0.0649350466,0.0985915999,0.0236220387,0.127345996,0.0718232759,0.038596472,0.033185851,0.109498636,0.13142859,0.0395538023,0.102222118,0.0458715593,0.0796812443,0.144772135,0.0337079165,0.159898609,0.336206496,0.06064071,0.233645288,0.0445104116,0.594370723,0.0576298481,0.146840271,0.032663307,0.0588234918,0.0424312225,0.0425824766,0.14601799,0.18441809,0.0757575367,0.0890412241,0.0209580782,0.113895161,0.230768943
0.353932186,0.202549405,0.252631163,0.322966218,0.271903503,0.0416666746,0.0722476523,0.117224875,0.323062004,0.220364505,0.0622406081,0.300653628,0.0528735656,0.313268496,0.0205223747,0.0350404581,0.0481927889,0.0486891985,0.795246916,0.225852333,0.0338164292,0.133554112,0.198275525,0.037735863,0.160383807,0.0200573046,0.0438597015,0.058352443,0.199300344,0.0388128133,0.0547668005,0.228985123,0.0392857343,0.234375,0.403633804,0.100694388,0.041533598,0.128246668,0.0869565687,0.0462427461,0.03571425,0.0449275331,0.304436161,0.363387705,0.227133921,0.217647252,0.0553278666,0.13207535,0.0174563763,0.0494699924,0.120521174,0.119265966,0.10774415,0.137019314,0.0324483748,0.131578891,0.0727762884,0.121359276,0.0308988301,0.229846989,0.0831408234,0.198275744,0.0909091545,0.159218124,0.0385756715,0.0447284324,0.0718038787,0.0869564965,0.0265486621,0.13440858,0.065400845,0.038461515,0.0271492981,0.144021753,0.129573102,0.0396341448,0.119512134,0.0506912,0.0948617014,0.148414927,0.0260663568,0.19041776,0.333333307,0.0558086277,0.277372389,0.0473372933,0.59962416,0.043300726,0.145101642,0.0389610092,0.052816939,0.0454544914,0.0463215997,0.146919131,0.183752421,0.0843989739,0.0881295647,0.0200668836,0.114678827,0.243590188
0.341603105,0.195335015,0.228016062,0.30882328,0.293413273,0.0367347185,0.0664251253,0.118733437,0.356846784,0.229102313,0.0507399276,0.306859279,0.0581114266,0.300066362,0.0269230811,0.0357142682,0.0568862515,0.0428015786,0.782051516,0.253894137,0.0330788784,0.131944531,0.17867421,0.0344202369,0.17245379,0.0237388743,0.0371845967,0.0603645001,0.220136333,0.034988748,0.0670732161,0.23478235,0.0323740671,0.209415861,0.424092688,0.093385314,0.0513595526,0.135922465,0.0979020634,0.0484330476,0.0420712347,0.0465465509,0.292683025,0.362565218,0.223154408,0.236519769,0.0538793155,0.127329231,0.0282776203,0.0494296079,0.134948084,0.127451022,0.110726626,0.148514924,0.0353982393,0.135265768,0.0668524219,0.120629421,0.040968409,0.245119136,0.0841462792,0.221088519,0.0705330014,0.136246789,0.03582086,0.0401929148,0.078610591,0.0884354371,0.0255591258,0.138297906,0.0599711334,0.049999961,0.0251141905,0.149275077,0.121753253,0.0418367688,0.125641051,0.0533980935,0.0979592155,0.152597321,0.0285035749,0.20676698,0.304761289,0.0728699576,0.309949322,0.0426829345,0.608163252,0.0426228434,0.140334685,0.0455696505,0.0471380095,0.04696127,0.0609417638,0.151741292,0.173189978,0.08616199,0.0848375698,0.0214285742,0.11358575,0.239528668
0.376865822,0.168789744,0.207547673,0.317402145,0.283950532,0.031712431,0.0681233523,0.137203089,0.378981428,0.236111323,0.0463157403,0.310276908,0.0564102434,0.275986047,0.0249480098,0.0317919188,0.0652174654,0.0429184582,0.782983166,0.294736736,0.0355329732,0.118203397,0.16358034,0.0355030271,0.183894228,0.0359476903,0.0377621883,0.060747645,0.241553817,0.03724606,0.0726495638,0.233038753,0.0381679389,0.23248384,0.446428748,0.0720338914,0.0461095697,0.12888207,0.112582721,0.0356164636,0.0454545405,0.0541796016,0.326530793,0.37267902,0.217105271,0.212345284,0.0592104934,0.135646703,0.0351351419,0.0536398628,0.129963928,0.140939469,0.111864418,0.15608468,0.0333333347,0.125621875,0.0722543716,0.107773883,0.0459769748,0.262863208,0.0822784934,0.221402045,0.0654951676,0.11273213,0.0362537927,0.0481727629,0.0802708212,0.0786713988,0.0343642673,0.138121451,0.0566038372,0.0560344573,0.0386473762,0.162162096,0.104395651,0.0505155306,0.1162162,0.0502512754,0.111111167,0.167808357,0.0280612774,0.226912956,0.266055272,0.0699999395,0.366412197,0.036163486,0.589285462,0.0393560068,0.130478028,0.0461537989,0.0420712217,0.0489296139,0.0679886777,0.170984509,0.159362621,0.0772357638,0.0873605136,0.0282685575,0.12412171,0.231638269
0.388257494,0.175347256,0.182875314,0.286259455,0.29375,0.0334029154,0.060160435,0.126050423,0.385246094,0.230046923,0.0443458517,0.32158598,0.049868773,0.252783888,0.0238095098,0.0299400887,0.0731292288,0.0414746471,0.777227278,0.341463514,0.0380710298,0.124087579,0.16918451,0.0455464922,0.195706967,0.04844288,0.0389805568,0.0456730359,0.238170181,0.0421411746,0.0887640209,0.224137815,0.0517928538,0.251592317,0.474934089,0.0762331185,0.0517241743,0.124620216,0.125827743,0.0314136,0.0526315326,0.052287581,0.323886175,0.381679423,0.207191468,0.212000006,0.0656565464,0.144694532,0.034946228,0.0553359357,0.152014523,0.161512105,0.10631229,0.151098912,0.0417910183,0.115584456,0.085798836,0.122775957,0.0494296511,0.278169196,0.0798429,0.230314751,0.064550231,0.111559146,0.0387096688,0.0622775674,0.0928571711,0.0786713426,0.0412371115,0.142857139,0.0589551742,0.0575221561,0.0421836148,0.180684923,0.104743164,0.0531453324,0.109042562,0.0547263388,0.103896104,0.192727484,0.0401069455,0.27000011,0.256637527,0.0617848721,0.413265288,0.0351681563,0.541872575,0.0474910166,0.136,0.0439276095,0.0598006501,0.0560747628,0.0654762329,0.18,0.139344234,0.0872092943,0.102083289,0.0273437404,0.132287075,0.245561733
0.375000022,0.189003419,0.161087745,0.244764298,0.320754781,0.0320512696,0.0407608724,0.123595613,0.410064153,0.245283022,0.042889404,0.291261711,0.0355191172,0.24061043,0.0272727395,0.0250783832,0.0737409492,0.0334928166,0.786919731,0.395454353,0.0398935748,0.123737339,0.153594631,0.04756871,0.1997318,0.0524475179,0.04180068,0.0540539946,0.258012874,0.0503281953,0.0983412377,0.227272619,0.0725806182,0.279742485,0.488341944,0.063063059,0.0451977636,0.137048252,0.136986324,0.0327868656,0.0469314028,0.0663430468,0.338174052,0.40816334,0.211603877,0.199712782,0.0568181736,0.160377323,0.03005464,0.0766129661,0.160377295,0.157190604,0.112745056,0.157434447,0.0418005979,0.115803889,0.0950920176,0.134831431,0.0524344632,0.275949017,0.0716215807,0.231092099,0.0740740115,0.0899182753,0.0360656015,0.0582706942,0.0865384318,0.0823970404,0.0481481135,0.137499863,0.0644122369,0.0566037494,0.0386598301,0.189910857,0.104803496,0.0520361439,0.0916666872,0.0492611305,0.135746677,0.170634882,0.0281690056,0.295030773,0.247787361,0.0504807494,0.457364618,0.0378289209,0.530386513,0.0417407042,0.146414327,0.0408970817,0.0535117078,0.048387094,0.0672515049,0.165853625,0.134808741,0.0874232146,0.106194701,0.0352941205,0.147505522,0.25625
0.35583927,0.189781096,0.143157863,0.249350672,0.309148092,0.0280777714,0.0437317574,0.136231809,0.42721531,0.243781254,0.0431818412,0.26086952,0.0331491829,0.231850059,0.0232558056,0.0228758075,0.0936329288,0.0315314962,0.762986945,0.40186892,0.0354223779,0.12,0.155914371,0.0691609559,0.209039329,0.0479704204,0.0337268072,0.0636793115,0.25999998,0.0535332418,0.0948052262,0.240802911,0.0961538638,0.26442283,0.485714198,0.0733945842,0.0538243595,0.129283498,0.150000039,0.0341880083,0.0570341554,0.0719061984,0.357142673,0.446517443,0.222972998,0.191455807,0.0639534596,0.151651591,0.0263929592,0.09885922,0.178846108,0.164874502,0.122950822,0.161764634,0.0383275077,0.107038105,0.0916666527,0.136015345,0.0624999419,0.24517949,0.0536232052,0.250000165,0.0844017771,0.0798898504,0.036912726,0.0761317623,0.0910087764,0.0794978841,0.0555554639,0.149350679,0.0728155363,0.0585106029,0.0358055957,0.223988079,0.102325506,0.0528090552,0.0791138466,0.0590908287,0.125560536,0.186234744,0.0267062368,0.294702234,0.256880642,0.0449871674,0.495978321,0.0460750891,0.515337397,0.0392522886,0.149484651,0.0336927501,0.0602409199,0.0526315816,0.0833333117,0.1525,0.123882471,0.0974440866,0.132075809,0.0466101714,0.150588215,0.262975736
0.377076195,0.19230757,0.136568868,0.222222264,0.321534278,0.0273348121,0.030864204,0.140226659,0.447368653,0.237564401,0.040404056,0.26,0.0341880286,0.1957038,0.0242718056,0.0294117218,0.0839415754,0.0321101296,0.75113135,0.403061293,0.0356164475,0.109536027,0.168,0.0807600776,0.238937901,0.0603772897,0.0296684059,0.0683371739,0.285714309,0.0500000035,0.0920000448,0.249999767,0.134517803,0.277258292,0.50547936,0.0727272611,0.058309029,0.151612919,0.167883207,0.0400000412,0.0614753951,0.0719063303,0.355647993,0.443038024,0.201365248,0.167848716,0.0754716494,0.151234436,0.0294117718,0.0925925072,0.217842293,0.159649053,0.134020698,0.17440473,0.0648464052,0.109467385,0.104575133,0.14173217,0.0671936553,0.230539165,0.0374251158,0.252336691,0.0961748375,0.088541713,0.0445205658,0.0826613597,0.101598134,0.0833333633,0.064,0.156249921,0.0681817968,0.0935672734,0.0430107599,0.257925144,0.0962567121,0.0559701797,0.0723270745,0.060747683,0.122171934,0.167400949,0.0392749681,0.262798502,0.262626236,0.0456988765,0.506887401,0.0454545364,0.524822705,0.0451977591,0.171247316,0.0346260361,0.0511696427,0.0564784211,0.117449595,0.145728769,0.108614277,0.110921472,0.131068174,0.0422535373,0.176092674,0.268382342
0.349529691,0.228699217,0.135513977,0.205202394,0.32005879,0.0268456597,0.0361842128,0.154061817,0.489059013,0.239564162,0.0327868813,0.258427224,0.0254237425,0.167092077,0.0243902693,0.0305810119,0.103942681,0.0368663329,0.715639805,0.403061189,0.0273972711,0.113333377,0.164609111,0.0891089275,0.279104817,0.0703125992,0.0317460346,0.0656108489,0.275244202,0.0560344398,0.0881542653,0.247983512,0.14594596,0.277777969,0.519005621,0.064220192,0.073313811,0.161764535,0.181102458,0.0492753411,0.055336006,0.075250772,0.337448265,0.460297619,0.211469566,0.151785688,0.0927151852,0.138796191,0.0316455882,0.105454534,0.227822799,0.163700962,0.150735134,0.156603786,0.0931899851,0.105421732,0.11578941,0.158102693,0.0770832677,0.20307682,0.0321100874,0.218749949,0.105263153,0.0935162763,0.0516605121,0.0797665319,0.102352894,0.0882353321,0.0806451919,0.19278968,0.0705574953,0.123287621,0.0415512196,0.290087586,0.0906593563,0.051724139,0.0806450737,0.0571427371,0.120192366,0.161702102,0.0448718046,0.289377018,0.279570244,0.0432276731,0.508823901,0.0329457314,0.511627963,0.0371057548,0.196842005,0.0312499909,0.0552406958,0.0510204112,0.118279622,0.139037509,0.106589163,0.130281738,0.126984039,0.0529100678,0.192528621,0.276679859
0.345394807,0.227723005,0.143529501,0.193498427,0.325373732,0.0298165297,0.0340135641,0.157894756,0.4999998,0.227099189,0.0333333437,0.275261148,0.0256410095,0.155826262,0.0229885017,0.0378548614,0.12195124,0.0328639211,0.691747935,0.429293086,0.0250696557,0.115489167,0.167984227,0.083116815,0.298742468,0.0897435246,0.033395197,0.061627937,0.265305765,0.0528634806,0.0934843886,0.275109163,0.148351667,0.276315595,0.541925547,0.0799999848,0.0752090027,0.164948737,0.203703742,0.0453172364,0.0655737679,0.0740740626,0.369835065,0.493961358,0.170454422,0.159533116,0.085106383,0.141891955,0.0331126093,0.103321104,0.265486736,0.170250933,0.159090561,0.147302989,0.130909165,0.09554139,0.129151205,0.149377574,0.0897154808,0.197278727,0.0326797108,0.238342181,0.103773497,0.096009939,0.0419847176,0.0763358047,0.104819331,0.0967740823,0.104,0.20461522,0.0605504179,0.154838692,0.0442477662,0.263848584,0.101156096,0.0534681761,0.0729926695,0.0526315779,0.120370329,0.17901191,0.0620689988,0.28163254,0.260869787,0.0339506085,0.516768077,0.0426828987,0.486841976,0.0370018844,0.213978121,0.0309859031,0.0546218837,0.0496453851,0.149305547,0.133333335,0.0937500716,0.130357246,0.116022101,0.0597825979,0.246932434,0.292968316
0.331699663,0.22167487,0.14035094,0.184127086,0.363764022,0.0144927649,0.0312500328,0.173669017,0.536764388,0.232535179,0.0397351005,0.279359357,0.0299401007,0.140420263,0.0316455464,0.0366972309,0.124999893,0.0355555033,0.65617458,0.406416985,0.0245231692,0.119596565,0.165289205,0.077747983,0.34735211,0.08181812,0.0258302615,0.0642857331,0.228956078,0.0465631972,0.0997067151,0.300947688,0.163934489,0.276922925,0.529411619,0.068965499,0.0805084966,0.14946619,0.204081678,0.0429447372,0.0652174048,0.0739436311,0.385375247,0.504889771,0.157407387,0.16736395,0.0942030246,0.145762363,0.0418118917,0.104477624,0.274647958,0.162499924,0.167938925,0.145749017,0.154135462,0.0849672823,0.149999884,0.155844017,0.102173935,0.169741404,0.0313531372,0.220429864,0.094276113,0.100985207,0.045112818,0.0803212344,0.10319409,0.109302359,0.128755462,0.230882655,0.0593385127,0.175182383,0.0412843955,0.265027105,0.113923933,0.0510204222,0.0725806923,0.0564102476,0.130434786,0.19066185,0.0746268796,0.288135524,0.2857146,0.0419354708,0.492163188,0.0450819384,0.463963997,0.0396039931,0.221627163,0.024000026,0.0470085362,0.0551470814,0.16206897,0.112426022,0.0998002601,0.126334608,0.13772418,0.0755813326,0.256493453,0.275793527
0.3316836,0.233160562,0.155440386,0.173333392,0.374293845,0.0180412357,0.0393012747,0.177374332,0.537974501,0.239039764,0.0446096387,0.274475427,0.036144569,0.112021916,0.0465116893,0.0259740248,0.133333035,0.0364372431,0.612293134,0.383977909,0.0330578393,0.130747242,0.140350909,0.0703812676,0.376119258,0.089108939,0.0224299035,0.0663507448,0.193910549,0.0429864115,0.110591865,0.293650988,0.142045331,0.317135497,0.556737839,0.060416677,0.0742297073,0.148148216,0.208791158,0.0540540251,0.0737327511,0.0719177898,0.398809839,0.556847471,0.144194857,0.188940038,0.0935251258,0.156462504,0.0540539989,0.123505927,0.280193252,0.154513883,0.18699158,0.132780027,0.164835075,0.08843536,0.14173223,0.160337441,0.106904252,0.176692,0.03044874,0.237569403,0.0854092788,0.0977721804,0.0498084331,0.0755555615,0.111650457,0.106481476,0.124444482,0.242120287,0.0601659695,0.207692181,0.0400640228,0.255181483,0.140939538,0.0505952304,0.0762712768,0.0549450293,0.116402099,0.188,0.0884615473,0.29955952,0.346666581,0.0437956356,0.479559494,0.0393012845,0.437499999,0.03564358,0.231759879,0.0258397928,0.0533536391,0.0540540184,0.157705659,0.121019283,0.106995946,0.137867646,0.134146198,0.0696201949,0.301393362,0.271535952
0.317343251,0.239130032,0.178273113,0.169675092,0.388562775,0.0184696335,0.0409090647,0.187499608,0.553984767,0.256124909,0.0403225972,0.293436347,0.0361111296,0.113314481,0.0511945533,0.0296052335,0.163430421,0.041198541,0.588089461,0.310651103,0.03125,0.133241697,0.140425424,0.0698412188,0.398203092,0.101123667,0.0194174875,0.0583941718,0.191082559,0.0424528517,0.133333613,0.305714491,0.138121564,0.332051293,0.567829443,0.0645161439,0.0781710481,0.170454716,0.186274368,0.0624999662,0.0895522496,0.0756014612,0.41897262,0.5532784,0.132958803,0.234449923,0.0797101642,0.166107674,0.0593220075,0.106557432,0.307292176,0.167247327,0.189075882,0.119999991,0.175724344,0.0763888907,0.17602991,0.165217427,0.118203386,0.16538457,0.0319865241,0.210256718,0.0919117686,0.101674627,0.0570341863,0.0721153539,0.118421071,0.112068855,0.137168111,0.273292248,0.0572033117,0.23664136,0.0463576028,0.232323526,0.171428659,0.055882399,0.0841121064,0.0609755332,0.106741598,0.218750303,0.0811965971,0.294117586,0.381579286,0.047619039,0.452768691,0.0396475818,0.413043635,0.0425963653,0.230434539,0.0230178603,0.0566343275,0.062240705,0.150362285,0.116438293,0.100222664,0.147272786,0.145569638,0.0791367186,0.334470992,0.288679466
0.33914742,0.244047915,0.167629982,0.153703571,0.40116296,0.0224719081,0.0476190138,0.198795026,0.549597798,0.288508578,0.0355555435,0.31201563,0.04857144,0.120234532,0.0711743771,0.0349650062,0.17961192,0.0415094025,0.555844237,0.263636456,0.0289388751,0.13414636,0.142259428,0.0616438175,0.407232502,0.10625,0.0134099657,0.0612745074,0.169520647,0.0352112856,0.149152231,0.295977191,0.131147494,0.325757527,0.571713153,0.064,0.0666666367,0.171314586,0.17,0.0609756293,0.0937500469,0.076642373,0.467479773,0.568116042,0.125912477,0.273631779,0.0740740541,0.188172317,0.0654206181,0.11297079,0.32323196,0.151943419,0.174672296,0.120689692,0.188963312,0.0669144546,0.171428513,0.153508718,0.132458202,0.163934371,0.0270700319,0.217616841,0.0961538625,0.12499989,0.0478261415,0.070707046,0.127877168,0.110169561,0.158139459,0.292208004,0.0544662191,0.257462902,0.0496454199,0.230478554,0.190839799,0.05120482,0.0660376368,0.0920245863,0.0807452342,0.19607839,0.0871560149,0.284210428,0.434210492,0.0472102654,0.46808504,0.0311110716,0.361446255,0.044088171,0.250571777,0.02,0.0475352571,0.0622406664,0.148550779,0.100719352,0.120145527,0.158582061,0.124182994,0.0882353412,0.357142509,0.258893564
0.321721238,0.23125,0.188046478,0.146,0.39520951,0.0191693373,0.066666634,0.196839033,0.544595144,0.296344402,0.0379146941,0.294715716,0.0532544256,0.119741094,0.100746229,0.0297397585,0.19550181,0.0395683192,0.556318722,0.213888966,0.0394736687,0.162760496,0.115079372,0.0701107046,0.446773747,0.107382577,0.0173076788,0.05882352,0.16433559,0.0405727691,0.179577082,0.2878784,0.122340376,0.352357574,0.592592651,0.0592885789,0.0653408215,0.154471301,0.181818264,0.0641892084,0.114583357,0.0967741461,0.531120148,0.557142576,0.118217106,0.356435634,0.0944882216,0.22916708,0.0796018901,0.122881383,0.31904736,0.193950682,0.160633597,0.107296168,0.19318192,0.0583333846,0.157692226,0.165137647,0.126213523,0.157258123,0.0175718956,0.244791628,0.0975609561,0.139841609,0.0733945464,0.0604395551,0.123036551,0.123893715,0.163636249,0.303690873,0.0539905881,0.257936457,0.0451389299,0.227386663,0.217054104,0.0685975877,0.0818182088,0.135483831,0.102040913,0.222007519,0.07,0.288769953,0.45945927,0.0571428266,0.456204835,0.0382978662,0.341463107,0.0442656279,0.246341351,0.0145985491,0.0562015455,0.0506328982,0.156934331,0.132231426,0.145454558,0.15370359,0.123287633,0.0895522809,0.373088601,0.228174789
0.326754434,0.238410236,0.182997157,0.149159547,0.40332297,0.0236486548,0.0687830761,0.200906506,0.563739304,0.297520885,0.0430622294,0.325726452,0.0636364201,0.131672568,0.112840472,0.0263157466,0.200691974,0.0401337544,0.54154276,0.180412362,0.0437710078,0.167088682,0.117408854,0.0546875582,0.472392639,0.0909090545,0.0244361171,0.0640000492,0.159851332,0.0223880467,0.198501976,0.317610066,0.1151832,0.354721613,0.619047616,0.0617283888,0.0549296055,0.122881478,0.168421085,0.0642857564,0.13756609,0.096551819,0.548522991,0.552786018,0.108108167,0.395348475,0.0955882866,0.249011668,0.0887574644,0.13228695,0.331657445,0.220848143,0.151110969,0.103734399,0.175000064,0.0627615188,0.156133782,0.159204028,0.120418824,0.164658926,0.0127795655,0.261538741,0.0753137774,0.170270191,0.0714285357,0.073825484,0.120879021,0.114035079,0.163636184,0.304744722,0.0522387452,0.241525385,0.0520445817,0.223170635,0.243697428,0.0772595147,0.0666666667,0.156028431,0.128571405,0.237547811,0.0815218473,0.31791912,0.5,0.0432692022,0.459258895,0.0343348013,0.3333333,0.0395604171,0.212121445,0.0126582446,0.0608696777,0.0666666553,0.185185231,0.104,0.171554257,0.189583077,0.0808823784,0.0827068331,0.372058947,0.183908015
0.299516666,0.2556394,0.179300309,0.165217236,0.414414489,0.0330882422,0.0847456675,0.196696974,0.555232338,0.326589312,0.0456852914,0.35943763,0.0603448429,0.140893411,0.141472766,0.0330188524,0.187050773,0.0440250937,0.56952661,0.148148108,0.048951043,0.167519189,0.129032332,0.0646551345,0.495223004,0.0845069789,0.0242537111,0.0797871963,0.140151494,0.0201004808,0.197265852,0.294117512,0.112299595,0.36,0.619511902,0.0612244506,0.0449438376,0.122270843,0.156250169,0.0894941776,0.155440489,0.0905923346,0.53879312,0.527272789,0.0951417229,0.419598136,0.0895522475,0.265560018,0.0952380676,0.127705507,0.338383962,0.215328672,0.154589408,0.0794978921,0.183705967,0.070796454,0.154411762,0.162162092,0.105479487,0.163346794,0.0197368281,0.255208285,0.0601852059,0.184971175,0.0854271813,0.0579710788,0.119777198,0.120833373,0.156950567,0.291821,0.0490955994,0.230769112,0.0557768411,0.200777301,0.266666963,0.0746950755,0.0796460113,0.18493155,0.145161119,0.228215475,0.0883977112,0.346820857,0.5375,0.0471698245,0.505814279,0.0420168017,0.245901498,0.0382021836,0.19875,0.0153846135,0.0707545931,0.0887850464,0.215384348,0.10569106,0.176174749,0.184425947,0.0857142789,0.09722225,0.403614152,0.161016978
0.3,0.28,0.179758224,0.130044692,0.415873536,0.0342205371,0.102339136,0.207951308,0.565078868,0.340390614,0.049999988,0.366396537,0.0604230036,0.142322171,0.155102017,0.0370370733,0.183520887,0.0397553283,0.567448617,0.126262541,0.0520445788,0.172413925,0.139763863,0.0566037894,0.553968193,0.0866142302,0.0353728281,0.0988699871,0.151750977,0.0235602,0.201245004,0.285714557,0.100558652,0.3599475,0.681159537,0.0624999944,0.0380435138,0.109589024,0.1505378,0.0794979159,0.159340769,0.0925266719,0.584474668,0.53250742,0.0965664891,0.46733642,0.0746269133,0.285713969,0.0781249609,0.106976667,0.323076765,0.217948638,0.148514868,0.068,0.204838558,0.0779816861,0.168421012,0.165775443,0.103773602,0.171945604,0.0199335672,0.246305525,0.0754717019,0.191044752,0.0824176264,0.0403225785,0.123529493,0.141630908,0.178403827,0.308139314,0.0444444298,0.261261097,0.0705882182,0.192737079,0.303921535,0.0686274968,0.0841121058,0.218309697,0.166666595,0.214574891,0.106145188,0.337016724,0.571428514,0.0414746018,0.541824922,0.0530611972,0.250000375,0.0554217199,0.190288758,0.0152671751,0.0710660098,0.0931372745,0.195219083,0.106557274,0.206319841,0.209016586,0.0909091327,0.0794701066,0.416666854,0.159624442
0.333333027,0.258928218,0.166666753,0.113744062,0.432907293,0.0310077696,0.119496773,0.245161249,0.575757465,0.35641861,0.0514286597,0.364197619,0.0658308115,0.153191514,0.187258915,0.054216862,0.180608181,0.0359281272,0.560650789,0.110552944,0.0661479566,0.182926748,0.127906952,0.0689655055,0.602272674,0.0725806139,0.0515564519,0.105882371,0.129343669,0.0276243011,0.222222341,0.308271,0.104166662,0.359116114,0.6986304,0.0860655662,0.0440771185,0.107981235,0.141176471,0.0748899612,0.191357965,0.0972222508,0.566964358,0.516035142,0.092760134,0.5000001,0.0735294024,0.289029816,0.0683760518,0.101449322,0.287179309,0.22813712,0.147668343,0.0684410356,0.21290352,0.0707546458,0.159793704,0.160427864,0.101449275,0.161764721,0.0317725819,0.233333674,0.0824742153,0.214511437,0.0674157422,0.049586764,0.120370346,0.142241277,0.194174657,0.304166692,0.045714265,0.307692423,0.0530612017,0.189560274,0.34,0.0598039373,0.0707069788,0.234042506,0.159292013,0.196721311,0.09999997,0.342391299,0.589743541,0.0404040747,0.562753037,0.0462184289,0.230769262,0.0712530179,0.177718824,0.0227848439,0.0944444581,0.0928962864,0.198347132,0.101695058,0.224,0.192307577,0.0952380162,0.0872482346,0.409222044,0.176470508
0.2975,0.26595732,0.210784323,0.113861535,0.449152665,0.0368852518,0.129870093,0.262068878,0.55555567,0.362500228,0.0851063926,0.360619518,0.0645161726,0.167431218,0.192157127,0.0496894678,0.201550856,0.0411764772,0.537604695,0.106280202,0.0748030828,0.210666964,0.138339969,0.0922330549,0.671568979,0.0975610244,0.070075793,0.112759777,0.12499996,0.0372492748,0.241803458,0.284671731,0.129533721,0.349557364,0.716216179,0.0897435653,0.0416666258,0.0825243736,0.1410255,0.0784313925,0.242690012,0.096026469,0.594786731,0.494047784,0.100000009,0.509615876,0.083333335,0.257321803,0.0714285579,0.119047544,0.32125625,0.22097383,0.157608661,0.0669144459,0.21710534,0.0776698976,0.173076771,0.142011786,0.103125,0.201030757,0.0277778122,0.233010011,0.0638297809,0.203642238,0.0807453081,0.0762712463,0.112903164,0.114754095,0.202020131,0.306034602,0.0470219726,0.289719601,0.0657895192,0.199421695,0.395348737,0.0646687755,0.0786519764,0.221428589,0.168224274,0.174796625,0.097560938,0.347150135,0.55072467,0.035,0.605371708,0.0504587348,0.19999986,0.0726817933,0.197479039,0.0311688029,0.0899470237,0.1186439,0.206967502,0.0782608617,0.242008895,0.193132893,0.118055542,0.0977444586,0.399713672,0.225641282
0.280612243,0.258823481,0.220394667,0.0964468463,0.469111987,0.0292887029,0.152777579,0.262172112,0.522599048,0.342960111,0.0810055908,0.387096365,0.0474576186,0.155502304,0.187251073,0.0509555271,0.190871311,0.0396600297,0.525222187,0.111650472,0.0755555012,0.226902621,0.109756051,0.0974359019,0.712218575,0.11111106,0.0984094941,0.12130173,0.118577083,0.0439882868,0.24892721,0.273437555,0.170103075,0.327531307,0.742991145,0.0987655106,0.0301370118,0.0666666133,0.152777946,0.0854272255,0.251380951,0.0811688062,0.606634833,0.468481332,0.11918597,0.509478388,0.0991735238,0.242615873,0.1043478,0.122548893,0.321917476,0.20652193,0.162921288,0.0498084401,0.208609194,0.0798121984,0.193950272,0.142857163,0.108552626,0.224138049,0.0244755195,0.194323228,0.0673575337,0.20833341,0.0833333583,0.107142747,0.113333286,0.128630673,0.214285746,0.317180489,0.0434782226,0.364486425,0.065,0.18652014,0.421875036,0.0682593296,0.060241,0.203947379,0.20588225,0.158301061,0.102739709,0.36649198,0.549295725,0.0398009516,0.604166802,0.0426540208,0.193548442,0.0921052358,0.185393227,0.0321716335,0.0918918134,0.149350752,0.20305649,0.0761905128,0.281080953,0.182572591,0.12949632,0.0975610576,0.425770356,0.210256453
0.298469349,0.247058647,0.222222522,0.0845770751,0.515563792,0.0161943266,0.16783213,0.303797642,0.521885209,0.317857192,0.109826655,0.393665141,0.0483271424,0.161764684,0.214285902,0.0545454756,0.178111212,0.0393258454,0.522590584,0.101382447,0.076576556,0.258666817,0.11249996,0.101123731,0.723856108,0.116788188,0.117525795,0.126543242,0.122529757,0.0448916852,0.273109596,0.291338318,0.176165635,0.309689072,0.754545178,0.0833333267,0.0290697861,0.0692640672,0.153846,0.0833334017,0.265363444,0.0779221025,0.600000084,0.462962991,0.126436942,0.51382477,0.1100917,0.223451121,0.0956521213,0.128205126,0.31100501,0.183711914,0.187499904,0.0579710601,0.199312774,0.109090841,0.217472037,0.129629703,0.0985915501,0.246753275,0.0252707788,0.153061681,0.0698924362,0.215827811,0.0928571196,0.12,0.0924092683,0.14170038,0.25903617,0.313333125,0.0372168567,0.403508753,0.057591623,0.174193789,0.5,0.0734767735,0.083333475,0.193939392,0.21,0.17460303,0.120000086,0.346733779,0.487179746,0.0443349958,0.617021124,0.0459183954,0.172413728,0.125683188,0.163580303,0.0357142782,0.112359533,0.145833324,0.176339438,0.112245021,0.269461233,0.157205259,0.137404746,0.0849056285,0.426647013,0.235897595
0.327586373,0.1875,0.258012786,0.0952380233,0.508032415,0.0255474711,0.207142964,0.321951009,0.511589353,0.328358028,0.104046347,0.441037628,0.0530302861,0.175,0.201851521,0.0783133548,0.188636283,0.0341880223,0.498437502,0.107758586,0.0961537852,0.266666743,0.12328761,0.0920245254,0.732203356,0.135135012,0.130064027,0.135483776,0.11153836,0.0441176346,0.293616995,0.251908412,0.192090317,0.288461574,0.768240734,0.0909090273,0.0306748072,0.072961427,0.181818091,0.0659340844,0.26488069,0.0774410269,0.592416659,0.427170816,0.149700505,0.51345253,0.117646901,0.213982672,0.112903088,0.114754207,0.298611072,0.173913322,0.178571492,0.070110673,0.200000044,0.158798239,0.205660452,0.10857148,0.0932835857,0.262411295,0.0462634056,0.13692969,0.0773480526,0.220279739,0.09375,0.136841968,0.0811807963,0.142857143,0.275640599,0.358696205,0.0406779798,0.483333645,0.0632185563,0.161289973,0.567961357,0.0700757824,0.10112376,0.190340882,0.274725073,0.179282953,0.125785997,0.352331768,0.488094958,0.0585106295,0.627752852,0.0505618697,0.142856957,0.124293842,0.14791001,0.033519588,0.13450299,0.132231357,0.168859598,0.125000287,0.232704409,0.129032293,0.181102229,0.104166717,0.462903183,0.276041943
0.354166721,0.185185344,0.290816044,0.0787037672,0.531914529,0.0280701679,0.20422529,0.385026748,0.48852471,0.338402882,0.107361837,0.493055744,0.0501930225,0.213197902,0.204626324,0.0866665687,0.179723673,0.0349854101,0.458466713,0.092274718,0.103286389,0.283625512,0.149038488,0.0740740904,0.736842305,0.12727268,0.149543465,0.119496753,0.141732367,0.054276335,0.31504078,0.258064597,0.194594546,0.276470996,0.791111018,0.0725806771,0.0336391154,0.0701754712,0.144927813,0.0412371216,0.276470614,0.0807018034,0.56,0.406077146,0.138554231,0.48564597,0.147368303,0.206383316,0.106666665,0.111764734,0.2920791,0.173610983,0.214689474,0.0739436655,0.191176479,0.163793064,0.202,0.114285767,0.106617714,0.30769256,0.0607143346,0.167984228,0.0756756836,0.206666402,0.0909091355,0.17391333,0.0858208426,0.136200637,0.288079536,0.39639609,0.0555555678,0.464566576,0.0606061091,0.150000066,0.629213322,0.0708155164,0.109755988,0.182795769,0.292134949,0.203462988,0.146496821,0.355191301,0.543478202,0.0628572194,0.61872176,0.05,0.147058926,0.13354046,0.145161306,0.0350877612,0.164705859,0.140186958,0.142523373,0.1,0.236841982,0.131068021,0.203124858,0.123595837,0.467796798,0.278645651
0.354166562,0.220779,0.304744528,0.0700934795,0.587155829,0.0359711971,0.189393867,0.408537058,0.468438643,0.314583701,0.131901783,0.542253846,0.046692565,0.218749883,0.221014308,0.104895089,0.20098074,0.0349206252,0.437293666,0.0840517107,0.0962440969,0.301886395,0.134517776,0.0882352912,0.751020256,0.120481904,0.159770278,0.115384624,0.156626505,0.0413668714,0.313953755,0.242187879,0.181286427,0.277777898,0.817778041,0.0948617023,0.0335570067,0.0593607458,0.162162081,0.0378378462,0.312849479,0.0839694768,0.534759229,0.370924194,0.131428584,0.476086763,0.168420935,0.238094984,0.0969696284,0.113923984,0.277777711,0.162069297,0.193370045,0.0819111953,0.187022626,0.164444471,0.19213964,0.133333265,0.111111009,0.33870939,0.0719696627,0.179536969,0.0781249928,0.196969625,0.0721650423,0.204545345,0.0805860084,0.117216205,0.291139379,0.425837527,0.068965549,0.484615362,0.0679012644,0.150943367,0.621951324,0.0762331009,0.159090864,0.160427783,0.321839043,0.209459,0.124138031,0.367875782,0.549450595,0.0625,0.65116304,0.0457516592,0.121212073,0.129746801,0.152103524,0.0280373469,0.178344001,0.129032339,0.155660308,0.0989009901,0.26114666,0.113861555,0.2,0.0869566652,0.464944577,0.279487003
0.365079033,0.216216,0.297490831,0.0666666653,0.631579322,0.0408163371,0.171875,0.406666804,0.460000158,0.319196659,0.128472089,0.558139527,0.0409835787,0.262626217,0.205533955,0.0992907702,0.223958618,0.0347221951,0.440199234,0.0772726908,0.109693856,0.317880567,0.134920697,0.0698923678,0.755707776,0.11363638,0.153846049,0.124590178,0.179591898,0.0469925141,0.327205756,0.217742175,0.163742702,0.251091993,0.829694201,0.0901638967,0.0272108756,0.078703736,0.166666683,0.0441988924,0.303191217,0.0920501724,0.53260886,0.350806309,0.164835014,0.443181746,0.175257895,0.266375523,0.107142869,0.110344783,0.258706437,0.174061553,0.220238153,0.0863309245,0.172690647,0.172727163,0.171361536,0.130434683,0.113725445,0.327272721,0.0883392479,0.186046547,0.0761421048,0.171280338,0.0898878472,0.214285771,0.1015038,0.128158778,0.294797732,0.443925097,0.0890411208,0.464285596,0.0774192909,0.132530051,0.57471277,0.0985221901,0.191358243,0.150838018,0.3,0.245192139,0.131386772,0.375,0.663042936,0.0884353012,0.645630729,0.0465116447,0.138888958,0.135313524,0.157094542,0.0196721406,0.168831237,0.129411713,0.129807753,0.105263063,0.258064414,0.121212096,0.234782612,0.105882321,0.480916159,0.276881737
0.406915202,0.188235181,0.273256107,0.070652237,0.668478281,0.050473146,0.210083931,0.423077156,0.44536397,0.316455837,0.115384575,0.60227304,0.0378151192,0.28640775,0.209401695,0.125925848,0.202311801,0.0586080417,0.468749812,0.0761421874,0.1175,0.34310358,0.125000008,0.049751204,0.775555468,0.117647152,0.18020256,0.146666798,0.173160347,0.0365853622,0.339928438,0.176923146,0.18518522,0.224138329,0.850877189,0.0987655138,0.0243055366,0.100917434,0.172839696,0.0393258734,0.326315739,0.113122194,0.511363384,0.371900859,0.172222071,0.423581026,0.227272455,0.314515981,0.0895061714,0.120567448,0.2825,0.210884354,0.226190266,0.0955881908,0.179372203,0.18446606,0.161691469,0.144654016,0.113445419,0.362745469,0.0992907603,0.19465675,0.076502657,0.152098007,0.103896,0.233333337,0.114942576,0.125,0.284023613,0.462616932,0.0653594317,0.477443505,0.0604026681,0.109053526,0.563218387,0.0989304645,0.201219321,0.163043556,0.317646722,0.232323644,0.138686162,0.402061865,0.679611688,0.115107984,0.661458413,0.0522388326,0.142857186,0.117056765,0.176895628,0.0198675683,0.172413884,0.1481483,0.106481475,0.0808079919,0.246575349,0.107526904,0.227272711,0.134831752,0.518367617,0.272486883
0.475543871,0.172839579,0.259109331,0.0647058209,0.696428811,0.0519480425,0.19999989,0.390624805,0.432203116,0.30530964,0.137096745,0.627359076,0.0346319993,0.298507593,0.234567885,0.12295085,0.234939889,0.0585937705,0.438511183,0.0643564639,0.105128319,0.311111277,0.125000058,0.0426540374,0.812500145,0.103448266,0.208439908,0.1360655,0.17511512,0.0323886458,0.319865062,0.137254941,0.179487178,0.20085511,0.886363559,0.0983606944,0.0318021402,0.113636398,0.174418605,0.0400000112,0.317307356,0.117347065,0.519736878,0.388587146,0.132596674,0.390557839,0.202531441,0.282868383,0.096153835,0.145038136,0.280927896,0.231884174,0.234285829,0.0945454604,0.185,0.192708382,0.165730477,0.140000089,0.125560554,0.3440862,0.105072519,0.176923118,0.0928961842,0.145161417,0.08571426,0.237288263,0.111538416,0.143109502,0.268571703,0.490384727,0.0572390371,0.392307597,0.0544217461,0.120253137,0.528735483,0.0982142778,0.226744145,0.161111136,0.320987764,0.271739334,0.148760328,0.421621816,0.704761856,0.124031011,0.675392465,0.0504201892,0.157894674,0.100358474,0.189780782,0.0264026403,0.209677284,0.16666665,0.119999951,0.108108037,0.256578962,0.0937499722,0.252426992,0.126437249,0.525104942,0.28688532
0.477653605,0.1875,0.265217843,0.0705128377,0.6860465,0.050632919,0.199999858,0.384615418,0.381295115,0.327907134,0.14912285,0.6642863,0.0436681009,0.345177368,0.261802222,0.121739065,0.243055879,0.0632411118,0.416393118,0.0603016619,0.110824662,0.30041987,0.149999924,0.033175383,0.8325,0.105,0.23017946,0.132404191,0.19362729,0.0285714043,0.329824319,0.109677338,0.186335238,0.206522133,0.890995233,0.0886075089,0.0442804345,0.117073082,0.172413914,0.0493827348,0.308755976,0.109289711,0.507246336,0.432011134,0.127659488,0.379591575,0.219177844,0.279245112,0.119496836,0.200000166,0.327027051,0.24909775,0.256410162,0.0884615148,0.169312226,0.215053683,0.138036753,0.137404559,0.125603938,0.333333833,0.101449208,0.184905521,0.0950919667,0.155038726,0.063492,0.206896638,0.12195125,0.139655099,0.268571667,0.481865628,0.0563380675,0.396694454,0.0684931367,0.08823527,0.5000001,0.117088608,0.236263695,0.159509187,0.319444581,0.274285571,0.188524516,0.375,0.763636448,0.157894776,0.70454561,0.0877193221,0.11627907,0.0902256,0.245387768,0.0225806665,0.211538557,0.141176456,0.134529069,0.104838824,0.234482712,0.0933735173,0.274509855,0.153846138,0.534836092,0.286516892
0.475155167,0.2098767,0.292929898,0.07999991,0.71212092,0.0539682683,0.2,0.322727295,0.34220549,0.33,0.168224264,0.663551029,0.039647604,0.341708814,0.298700998,0.118181808,0.259259627,0.0565217687,0.412828876,0.0646765838,0.105263213,0.329694069,0.15116282,0.039999982,0.875647738,0.0855614917,0.250000118,0.140411015,0.198895388,0.0454545441,0.306569148,0.129032136,0.170067827,0.192641004,0.915,0.084507048,0.0454545818,0.152631581,0.164948534,0.060240988,0.316455651,0.115853619,0.456140522,0.46029413,0.1256544,0.354779487,0.219177878,0.260456525,0.136904828,0.188524528,0.339181394,0.250000255,0.263513545,0.09465023,0.1861702,0.221556324,0.109271523,0.140350872,0.133004881,0.365853793,0.115671661,0.174089122,0.117088538,0.154811685,0.0892855357,0.21428565,0.152,0.164930669,0.259668373,0.513513621,0.0631578689,0.388889507,0.09999995,0.101265906,0.483516484,0.117241406,0.255102098,0.151315788,0.376812023,0.276073855,0.203389887,0.376237689,0.779660946,0.147058798,0.724719219,0.110091673,0.175438835,0.0995851339,0.261538522,0.0267062507,0.19999988,0.123595763,0.12980771,0.128,0.211267632,0.0731706127,0.340425834,0.160919726,0.566666688,0.254545396
0.50625,0.20238122,0.296875132,0.103703617,0.712962538,0.0503144381,0.224489878,0.303030303,0.340080828,0.325581588,0.15,0.651375492,0.0350877125,0.369792007,0.370370786,0.0964911491,0.26209693,0.0576922719,0.423202242,0.0729166167,0.0876288435,0.330952533,0.151685356,0.0429184827,0.899038487,0.0765027325,0.244131782,0.173357584,0.174846739,0.045,0.284671373,0.119496792,0.167883088,0.175742417,0.913043489,0.1,0.0517928208,0.180232442,0.187499831,0.0611111527,0.275510467,0.111888087,0.44230771,0.493399167,0.109289565,0.380228441,0.20289888,0.251968336,0.137724442,0.219298279,0.385542184,0.261603191,0.276119502,0.103603506,0.178378299,0.241830076,0.120805396,0.142857257,0.133689765,0.358024727,0.104838751,0.174999964,0.137931002,0.136752004,0.109090767,0.26,0.13973798,0.170138687,0.221590767,0.481081637,0.0600706998,0.36363678,0.11450395,0.0927419598,0.445651989,0.111940378,0.20408182,0.131386731,0.353846377,0.28168982,0.198113175,0.38,0.787401517,0.1562502,0.746113738,0.16666656,0.174603257,0.114718469,0.288,0.0269461049,0.191011371,0.141176471,0.140703655,0.121951281,0.191489323,0.107142891,0.336633668,0.177777653,0.578947381,0.279999655
0.503472432,0.265060306,0.327127053,0.099999949,0.689102478,0.0453074569,0.208791288,0.26666652,0.308017019,0.361905054,0.163265418,0.672986333,0.0377358528,0.345550069,0.405882282,0.0991734504,0.26771634,0.0670102998,0.423948598,0.0628271497,0.0564102726,0.340476302,0.130303,0.0393012935,0.906542028,0.0722223048,0.220417291,0.193727029,0.182691836,0.0454545636,0.245210286,0.13333328,0.154411739,0.150793897,0.911214881,0.0824175797,0.0443548511,0.185185202,0.175824176,0.0476190824,0.296218712,0.102189702,0.382022165,0.516949227,0.0989583144,0.35294111,0.21875,0.218875239,0.1375,0.214285893,0.437126086,0.281531162,0.291666507,0.15609743,0.169312143,0.291970874,0.124999942,0.14,0.138554217,0.322916303,0.106666613,0.195219435,0.140845121,0.148936125,0.113207377,0.266666587,0.162162195,0.199312952,0.188235384,0.456989461,0.0592592677,0.330826866,0.133333327,0.0970149435,0.376470813,0.096,0.206185779,0.123966815,0.39999988,0.311688499,0.260417078,0.358208497,0.798611197,0.192771084,0.787128685,0.2,0.149253785,0.139737954,0.30165317,0.0352563978,0.19999986,0.1125,0.144329952,0.130434774,0.182481759,0.142857143,0.393617185,0.225,0.580952577,0.307189246
0.493288887,0.364705854,0.355491404,0.110236331,0.673469105,0.045454525,0.206896659,0.244681276,0.314814776,0.376190381,0.204545361,0.686695082,0.0461538811,0.367977565,0.460159329,0.0888889118,0.253968418,0.0558659401,0.409090809,0.0670103865,0.0529100612,0.379678842,0.125806392,0.0327103168,0.895397469,0.0747127225,0.232905998,0.269516894,0.20070387,0.06,0.21,0.124138037,0.115384733,0.1637426,0.912844019,0.0517242272,0.0474137809,0.213333562,0.146341273,0.0505051182,0.280737619,0.103174589,0.379310503,0.527675416,0.0809523319,0.357692231,0.212121106,0.230290506,0.116278965,0.252874075,0.424836371,0.296296193,0.272727312,0.182795715,0.147541013,0.286764516,0.126865692,0.126315613,0.150684974,0.333333453,0.0985221755,0.194214746,0.149999945,0.178240834,0.148148119,0.261904579,0.161504548,0.215094372,0.172619351,0.449720663,0.0669291053,0.404761997,0.150442355,0.101475983,0.333333767,0.126050438,0.22115388,0.129310438,0.366666863,0.32333345,0.226804323,0.352040705,0.797297252,0.189873457,0.784037468,0.1999998,0.147058941,0.191747436,0.296943076,0.034267884,0.227848082,0.1375,0.161931949,0.11965806,0.145985229,0.167597843,0.395604416,0.26666658,0.564767054,0.318840933
0.457746864,0.441860379,0.375,0.107692253,0.67605595,0.0283911309,0.175824305,0.212121,0.282296677,0.39,0.243589697,0.71111138,0.0561798396,0.3875,0.506122549,0.0928570689,0.243902287,0.0429447483,0.406689749,0.075,0.0578947293,0.353932577,0.12341773,0.0558139896,0.887295181,0.057324866,0.229411618,0.309701397,0.210317235,0.0625000725,0.195564549,0.133333244,0.116279105,0.16556312,0.905172456,0.0564972355,0.0542986824,0.260870001,0.142857143,0.0490196049,0.277542592,0.103448295,0.357142857,0.540740884,0.0576922656,0.378661127,0.183333482,0.219565562,0.109195527,0.269230742,0.429447851,0.293193741,0.292929293,0.198894928,0.149732605,0.315384821,0.112676016,0.135416732,0.155555496,0.314049759,0.117073197,0.202429023,0.161764805,0.189814773,0.124999863,0.243902346,0.15948279,0.223247107,0.189349508,0.408284322,0.0849420266,0.354545203,0.16,0.0859107357,0.373333587,0.141593,0.218750181,0.132743233,0.363636391,0.333333213,0.250000275,0.322164654,0.798657682,0.208955421,0.793103519,0.235955117,0.126760563,0.275401312,0.29108015,0.0275229227,0.279999728,0.1111113,0.190184035,0.114035156,0.115942203,0.164835621,0.3666668,0.294117712,0.554944989,0.326087247
0.445255324,0.555555633,0.358490499,0.103174511,0.671641999,0.0337422906,0.180723036,0.206185535,0.26,0.419354497,0.188405987,0.685840783,0.0607734382,0.393332978,0.503921642,0.109589045,0.2421875,0.0481927952,0.407534388,0.0965347415,0.0505618337,0.331288483,0.121875,0.0591132805,0.868525829,0.0447761203,0.212036701,0.387900244,0.185841019,0.0621468549,0.181034456,0.109375,0.10084033,0.170370747,0.892703848,0.0662982975,0.0575221,0.289854584,0.171875,0.0459183772,0.274336628,0.116666726,0.375,0.592592414,0.0526315805,0.372196945,0.184615237,0.217289737,0.145161283,0.206349186,0.44375,0.290502452,0.306818131,0.242424234,0.15909074,0.352941176,0.115646115,0.149425466,0.156249922,0.363636484,0.14179106,0.183760633,0.1824817,0.188775662,0.155555462,0.289473626,0.169491625,0.221373927,0.184048825,0.413580398,0.0852713411,0.387755529,0.168421101,0.0816327478,0.308823853,0.1666666,0.216494792,0.132075318,0.351851706,0.337931116,0.231132077,0.313775489,0.780821847,0.189655262,0.799999886,0.250000075,0.168831169,0.295082281,0.276595853,0.0348101543,0.318840441,0.0933332373,0.208333264,0.108910942,0.108843622,0.190751488,0.360465028,0.3125,0.538461322,0.351351463
0.434425812,0.638297764,0.356688245,0.1090909,0.648,0.0402477028,0.1625,0.181818082,0.26842071,0.42553198,0.21875,0.653846258,0.0722891711,0.40740722,0.50743502,0.0979021171,0.204379434,0.0519480506,0.414772881,0.103686615,0.0397727432,0.304347912,0.0900621364,0.0619047237,0.876865775,0.0265486694,0.206927002,0.420792384,0.159292049,0.0635838723,0.151515113,0.0877194163,0.121951278,0.186046621,0.898678435,0.0511363164,0.0636362858,0.3710935,0.157894889,0.0502513594,0.311688417,0.104347774,0.4,0.568584264,0.0499999825,0.391088853,0.2272725,0.203124766,0.185792597,0.239130109,0.471337502,0.284023309,0.253012,0.295031249,0.15757574,0.388889274,0.10738257,0.139534842,0.155555534,0.38636406,0.156398035,0.167420782,0.211267592,0.191747347,0.195121778,0.2857141,0.176954677,0.232142706,0.194805124,0.401315689,0.0892193377,0.428571243,0.204545441,0.0816326776,0.225352,0.184466052,0.188679227,0.128712813,0.3888888,0.329999967,0.234234428,0.3401163,0.777777591,0.176470353,0.805555598,0.30136989,0.180555664,0.337349899,0.24999991,0.0424836527,0.390625,0.0972223097,0.226277359,0.0937500437,0.104895072,0.228916108,0.387097168,0.344827938,0.56329136,0.349315352
0.39999985,0.697916572,0.354166714,0.126315613,0.688679753,0.0384615312,0.179487074,0.158415865,0.262886346,0.430851542,0.20000012,0.655737694,0.103225698,0.447154777,0.517441987,0.111111219,0.204545574,0.0493827062,0.403475014,0.111904719,0.0434782565,0.308218937,0.0779220599,0.065,0.848920937,0.0373831656,0.193492917,0.469551678,0.162601581,0.0705128101,0.158119672,0.117117055,0.133858329,0.218487759,0.896694189,0.0489131059,0.0739131092,0.419491606,0.090909,0.0515463984,0.300448265,0.116071264,0.411110941,0.596330443,0.040178618,0.407216309,0.262294857,0.2356321,0.226256781,0.25000025,0.44303787,0.264151039,0.23943688,0.295857882,0.184713486,0.415094661,0.140844958,0.121951098,0.1278196,0.369230496,0.187793391,0.183035623,0.248175103,0.216895112,0.184210526,0.323529441,0.180672488,0.221519375,0.229166182,0.403100795,0.0671936745,0.410256559,0.206896617,0.0827814192,0.184210618,0.220183121,0.179245273,0.1224491,0.333333367,0.346875,0.205128228,0.304347547,0.738562013,0.217391178,0.811244678,0.3088238,0.166666867,0.384145802,0.205714266,0.0442176956,0.415384283,0.0694444514,0.234848533,0.0705881929,0.107142948,0.21142855,0.395348777,0.320754528,0.560283712,0.335443222
0.418367307,0.72072068,0.391472752,0.142857,0.742267926,0.0447284393,0.109756088,0.130841153,0.282926507,0.471053107,0.220339278,0.68240337,0.113333272,0.42727261,0.513108687,0.133858166,0.185185139,0.0569619809,0.394530937,0.11333328,0.0738254951,0.315151511,0.0694444511,0.0867347756,0.844569351,0.0545454155,0.178218176,0.528391351,0.140350888,0.0723684536,0.165289343,0.103448315,0.112903308,0.303571223,0.911392421,0.053191458,0.08119653,0.47619094,0.0943395755,0.04639178,0.35454509,0.133333209,0.436170362,0.52132686,0.030701712,0.385474984,0.227272705,0.268456284,0.240331889,0.3,0.427711344,0.254966774,0.298701299,0.33128857,0.145695266,0.450979846,0.147058837,0.13253012,0.161764731,0.379845417,0.176190407,0.162895872,0.269230743,0.249999725,0.243902395,0.354838865,0.195454428,0.257075491,0.257352944,0.380530658,0.0669455933,0.390625,0.243589651,0.0900000355,0.173913265,0.283185802,0.196261675,0.121212121,0.357142921,0.350931695,0.231481072,0.31875,0.751824633,0.26,0.824,0.246377078,0.177419253,0.398809572,0.225806575,0.0507246468,0.409090959,0.0810810243,0.241379317,0.116883,0.114285766,0.188889158,0.34090897,0.312500263,0.542636026,0.301136641
0.374999875,0.724138382,0.36206898,0.173333256,0.787878842,0.0461538346,0.121951049,0.114285651,0.27135701,0.521276715,0.25000005,0.671487177,0.141843943,0.432692048,0.523437524,0.163793121,0.15625,0.043209886,0.367187042,0.120613949,0.0758620159,0.316770744,0.074074083,0.0918367439,0.825490216,0.0476190048,0.189627057,0.559270503,0.171171241,0.08955233,0.16867459,0.0869564696,0.148760337,0.321738995,0.900793712,0.0337079038,0.0896861323,0.527558837,0.16,0.0468750091,0.381356481,0.154545472,0.49999975,0.548543393,0.0360359989,0.364864689,0.208955342,0.290076471,0.284574435,0.388889122,0.436363565,0.2500005,0.302631139,0.342948608,0.135714315,0.47474738,0.1428572,0.192307677,0.169117457,0.410071852,0.190582965,0.161434907,0.283581992,0.255980505,0.31707309,0.321428475,0.175257509,0.261421338,0.291971034,0.381443224,0.0658435751,0.4561401,0.246753,0.0873786354,0.142857,0.27559023,0.230088454,0.106382957,0.327868862,0.34394953,0.245614177,0.305732831,0.732824154,0.204081759,0.829365073,0.318841136,0.192307819,0.434782835,0.234375,0.0534350649,0.393939421,0.113923777,0.201923031,0.112676,0.1343284,0.19680838,0.3,0.268292895,0.523809477,0.251256458
0.425,0.769230627,0.35185183,0.263888994,0.801980024,0.0421511925,0.124999538,0.0754716204,0.255101923,0.544199316,0.25000005,0.684100679,0.140845064,0.414141531,0.53876001,0.178217707,0.144067877,0.0429447939,0.371212053,0.129955899,0.0860926159,0.319276868,0.0569105818,0.0913705526,0.840336138,0.0543478728,0.192436727,0.604615353,0.142857057,0.105691036,0.211538183,0.084745862,0.162393202,0.380165267,0.90212761,0.0379746525,0.10096155,0.570175383,0.18,0.053191516,0.41363651,0.16666671,0.515151564,0.57591597,0.0325581311,0.347107314,0.1756755,0.297520583,0.326424753,0.422221869,0.397727499,0.234375,0.297297441,0.31987571,0.108527217,0.510869749,0.13385836,0.217391304,0.181817949,0.44,0.188636435,0.184100382,0.305784641,0.269801924,0.2553192,0.4375,0.170391378,0.259161852,0.33333316,0.363636164,0.0663900334,0.433962077,0.306666769,0.101973649,0.209302263,0.30075194,0.210084,0.107142868,0.385965168,0.3875,0.247787438,0.312882952,0.721311082,0.187499956,0.831372552,0.369230526,0.192307565,0.506328908,0.225806521,0.0553359883,0.365079329,0.0941176941,0.180952382,0.107692265,0.134751827,0.177083427,0.394366303,0.40000018,0.536,0.224880358
0.4202897,0.771653537,0.364486196,0.253968049,0.807339446,0.0386819403,0.156250259,0.0833336083,0.304347884,0.583815183,0.226414968,0.705479201,0.127819574,0.430107271,0.521645,0.212766021,0.13636365,0.0322580597,0.347328467,0.121212105,0.0869567252,0.286144871,0.0550458406,0.0923076818,0.829875466,0.0919540448,0.194349593,0.600619,0.178571409,0.103174616,0.235520998,0.0841121224,0.181818251,0.381356212,0.897872306,0.0482758355,0.107142932,0.587155799,0.222222089,0.0497237419,0.439024594,0.1875,0.595959577,0.544973536,0.0418604349,0.401785576,0.175,0.330188492,0.320224768,0.5000002,0.41818211,0.233871099,0.303030121,0.33439453,0.112903214,0.568181586,0.136363615,0.210526305,0.19424461,0.495651852,0.186635862,0.17903918,0.304347763,0.292626449,0.27083339,0.464285807,0.188622362,0.252906974,0.318181699,0.325581167,0.0606060176,0.439024251,0.346153846,0.108910867,0.2150539,0.322147939,0.235772383,0.0657894934,0.354838377,0.371951454,0.249999877,0.290322805,0.735848703,0.258620948,0.851648319,0.318181955,0.192307858,0.527272502,0.223140524,0.0521739281,0.392857057,0.107526989,0.19,0.138461414,0.175182369,0.17241374,0.421875,0.444444789,0.554621489,0.211538741
0.440000376,0.771428666,0.34545418,0.306451661,0.805555554,0.0343406345,0.189473381,0.111111067,0.306010572,0.635802735,0.25000005,0.714953501,0.136363596,0.463414602,0.511062049,0.255555577,0.156250144,0.0314465437,0.329587847,0.122171968,0.0839695409,0.274691196,0.0555555467,0.11,0.796380546,0.144578342,0.195298377,0.636363398,0.140495873,0.130081271,0.277991993,0.121495325,0.183333331,0.32,0.911764797,0.0592592521,0.145,0.615740429,0.285714286,0.0572916495,0.487684792,0.204379277,0.642201547,0.518518492,0.054455465,0.435643561,0.164948718,0.372548785,0.307262673,0.541666817,0.416107449,0.214875965,0.318181968,0.351973391,0.111111062,0.512194615,0.122807064,0.2,0.235294008,0.483333716,0.193617382,0.200892764,0.333333187,0.29637986,0.346153762,0.464285807,0.207746727,0.250000142,0.307692615,0.320987496,0.0775861903,0.410256446,0.365853629,0.125401866,0.187500206,0.311377227,0.217391361,0.116883117,0.369230895,0.407407605,0.247706126,0.306122577,0.757575682,0.306451623,0.860805901,0.361111011,0.24,0.539393899,0.207547202,0.0663507446,0.339285402,0.119047876,0.244681055,0.149253655,0.200000056,0.161676743,0.385965053,0.434782274,0.568965601,0.172589048
0.421686547,0.744680953,0.320388519,0.371428471,0.820512897,0.036096273,0.193548406,0.117647024,0.305263488,0.646258885,0.236363476,0.737968259,0.118518522,0.4400005,0.519911587,0.268817266,0.0919543448,0.0314465462,0.318359564,0.0921659284,0.132743464,0.278106611,0.0679611891,0.139037438,0.76368156,0.1466665,0.200750701,0.631901691,0.169354767,0.125925955,0.303571432,0.116071269,0.176470494,0.312977261,0.90476185,0.0756302624,0.15346541,0.632352865,0.302325521,0.0604395616,0.52261315,0.20000038,0.700934935,0.489010922,0.075,0.447916179,0.148148106,0.356435962,0.289940987,0.521739096,0.428571206,0.206611613,0.406780015,0.3412164,0.0916030963,0.556962223,0.115384593,0.172839665,0.288889094,0.470588062,0.186440746,0.200935022,0.30097094,0.319914882,0.4038462,0.518518663,0.196153954,0.249999687,0.302083377,0.39743596,0.077625549,0.4999999,0.404761598,0.144518228,0.215686253,0.335165006,0.213333359,0.1486485,0.375,0.4370861,0.275229662,0.342105396,0.785714193,0.319444664,0.835016921,0.349206444,0.239130396,0.550898475,0.231481528,0.0606060709,0.311475162,0.113636214,0.304348126,0.177419389,0.22962943,0.154362412,0.384615023,0.395348837,0.550458298,0.158974368
0.3797466,0.715384545,0.393939394,0.3625,0.811475547,0.0323833851,0.204545264,0.1097559,0.330645446,0.675862465,0.2499999,0.745664712,0.120300728,0.430555214,0.513274096,0.258823829,0.0759492228,0.0569619956,0.295454491,0.091787431,0.166666487,0.231213723,0.08,0.152174035,0.736841957,0.175675495,0.1957364,0.661094071,0.184615237,0.13103445,0.314960442,0.157407459,0.165289343,0.273381242,0.900826425,0.0990990661,0.183245927,0.610577048,0.333333433,0.0569947715,0.542857333,0.214814587,0.709677108,0.441011507,0.0845770576,0.552631324,0.130841049,0.33018852,0.297752654,0.50000015,0.428570931,0.182608641,0.423076765,0.296052359,0.0676692135,0.569444601,0.142857371,0.263888842,0.302919371,0.472868162,0.164,0.232672987,0.30693091,0.320084312,0.450980325,0.541666583,0.211864476,0.292683254,0.320388577,0.439024188,0.084905583,0.567567397,0.431818105,0.160065896,0.196428582,0.337016526,0.233974503,0.152777808,0.412698371,0.428571734,0.302752632,0.315068617,0.824175824,0.360000016,0.817567836,0.344262207,0.288888498,0.610169727,0.19,0.0515463748,0.306122669,0.133333333,0.279569656,0.181817891,0.276922993,0.13076934,0.340909095,0.446808711,0.563636329,0.130208267
0.415584391,0.754098357,0.37777774,0.297618949,0.804687402,0.0210526349,0.218390985,0.0864199432,0.397297633,0.64074049,0.29999999,0.793333755,0.130769207,0.444444444,0.520270005,0.258823829,0.0875,0.056603796,0.254545256,0.119617275,0.176470429,0.21468948,0.0891089416,0.179775342,0.724323966,0.246153774,0.200643862,0.653614658,0.186991909,0.127516777,0.330543832,0.156250184,0.169354887,0.230769183,0.904958681,0.112149447,0.164215604,0.551546335,0.341463441,0.0677082509,0.598984984,0.208632794,0.736433742,0.442196261,0.0904255862,0.569444158,0.119658054,0.303571339,0.265432074,0.543478246,0.485075145,0.162162323,0.418182167,0.30147033,0.0633802785,0.58536589,0.121495384,0.289854868,0.364963016,0.488549934,0.163265499,0.225490157,0.252427103,0.314960304,0.531915268,0.48,0.308943065,0.284483058,0.336734597,0.421686789,0.0780487351,0.657894805,0.424657055,0.175958281,0.205607535,0.354285977,0.25000012,0.157142779,0.454545227,0.421768463,0.330188286,0.322834405,0.839080293,0.390243873,0.829469974,0.416666675,0.294117435,0.625000342,0.20430122,0.0837696,0.3396229,0.140845,0.266667013,0.184615318,0.327731221,0.118181893,0.4722224,0.47619069,0.621848738,0.106382872
0.385542031,0.724138044,0.393258425,0.244897878,0.786764613,0.0178571471,0.218391256,0.0705882071,0.424324532,0.654471831,0.295081759,0.84868417,0.161971832,0.440677736,0.483644992,0.255555202,0.107143057,0.0653594706,0.256140604,0.167442063,0.208333479,0.191860577,0.1224491,0.213114638,0.730337386,0.229508084,0.191415104,0.660767067,0.199999986,0.146496841,0.328571275,0.161290484,0.18103442,0.231404821,0.911111237,0.103174556,0.151869255,0.545454855,0.2857143,0.0785339686,0.649717655,0.221428504,0.757575607,0.445402225,0.106145254,0.611940178,0.137254814,0.31355905,0.243421239,0.558139623,0.480916421,0.147058724,0.49999995,0.326086827,0.0789473368,0.580246984,0.104,0.272727073,0.364963621,0.55038748,0.153846075,0.244564932,0.273584813,0.313492159,0.533333087,0.49999995,0.376068055,0.314285785,0.397727281,0.455555619,0.0904255452,0.75675663,0.5,0.180743179,0.1953125,0.368715159,0.251445125,0.174603157,0.440678415,0.432432829,0.369369394,0.330434816,0.878048963,0.358024742,0.839869385,0.441176235,0.29999996,0.64864857,0.215909073,0.0730337439,0.2978722,0.166666783,0.282352672,0.227272691,0.378378052,0.125000087,0.56666707,0.522726891,0.651162824,0.10227274
0.3888887,0.686868549,0.33,0.298076891,0.761538649,0.021978003,0.190476438,0.0864199086,0.451704834,0.646551843,0.3500002,0.850340297,0.161073631,0.471697855,0.493181728,0.2604172,0.129411765,0.0764331562,0.244525374,0.171428653,0.230769115,0.177914096,0.114583366,0.240331546,0.723756834,0.228070432,0.178147621,0.665191859,0.228070167,0.159763337,0.362637315,0.166666767,0.201680531,0.243902476,0.909302255,0.105263221,0.16497461,0.604395544,0.342105195,0.067708273,0.681564425,0.218309887,0.784172507,0.417241183,0.116959003,0.612903058,0.127272737,0.32,0.217391002,0.594594457,0.518248201,0.147058905,0.5,0.309352725,0.0584415624,0.569619728,0.113043534,0.305555517,0.373239229,0.530769373,0.146341558,0.220994206,0.29896901,0.325581549,0.558139512,0.50000005,0.432,0.351648446,0.420454484,0.489796255,0.111111096,0.731707446,0.50724659,0.174657448,0.192592619,0.352601174,0.24719117,0.242856997,0.403508877,0.418440098,0.440366802,0.329787001,0.8395059,0.350648965,0.837748029,0.460317962,0.354839071,0.651960821,0.191011443,0.0751444462,0.3404252,0.157894816,0.2916665,0.2686572,0.396396039,0.136363595,0.629629667,0.487805083,0.6616542,0.0853658244
0.395349081,0.726315973,0.322580535,0.263636597,0.763779363,0.034682087,0.195121698,0.0631578063,0.46264382,0.641509162,0.365079492,0.854304809,0.167808083,0.471697689,0.471491413,0.297872019,0.131868,0.0670731961,0.243445975,0.192893502,0.283018657,0.196318851,0.119265938,0.269021608,0.74534134,0.241379379,0.155940658,0.6351743,0.229357944,0.182352728,0.345678925,0.16666675,0.189655216,0.224637847,0.89018688,0.107913595,0.206896578,0.611111322,0.290322455,0.0785339843,0.694736635,0.212328695,0.804195799,0.397260136,0.141935397,0.63333322,0.128571401,0.322834367,0.19834702,0.571428314,0.614814425,0.108910816,0.481481644,0.295454682,0.057324884,0.571428614,0.115702509,0.317460068,0.375000306,0.552,0.1297071,0.23333359,0.336633611,0.33716484,0.49999995,0.451612919,0.55284516,0.369565352,0.494117752,0.528846031,0.118918898,0.756097751,0.579710578,0.182291686,0.169230748,0.367816036,0.207446891,0.2205885,0.448276141,0.43571423,0.432691822,0.29999988,0.849315164,0.378378403,0.843853651,0.5000003,0.4375,0.669811572,0.180723,0.0842696347,0.346939122,0.147058812,0.27,0.337838,0.383928742,0.135802659,0.518518415,0.5714285,0.644927625,0.0958082768
0.440475692,0.727272709,0.275281607,0.278261075,0.789062605,0.0432098669,0.211110879,0.0660377051,0.46273235,0.628865771,0.3770491,0.843971662,0.186274586,0.470588394,0.443277048,0.329411565,0.145833398,0.0683229414,0.244,0.225130625,0.24999995,0.20000006,0.1652176,0.31382989,0.751514817,0.21875,0.145728643,0.621165436,0.218487444,0.176470653,0.335526233,0.189873457,0.196581131,0.152,0.870646709,0.0909090773,0.220000284,0.701148959,0.208333358,0.0725387746,0.736263768,0.161971742,0.780821844,0.38524556,0.134146436,0.642857264,0.175,0.31557357,0.220338917,0.60000004,0.649635273,0.141304587,0.457627251,0.27611921,0.0516128454,0.60256404,0.136,0.298245732,0.358974445,0.569105464,0.141630968,0.225274586,0.322916771,0.316732932,0.448275752,0.419354974,0.638461555,0.419753284,0.511363858,0.531531655,0.127777743,0.7073173,0.553845811,0.185251753,0.1702128,0.36075937,0.195055188,0.191176528,0.461538862,0.414062586,0.435184496,0.317072849,0.816901317,0.394366,0.858766466,0.53448224,0.4516131,0.658767948,0.142857271,0.0677967041,0.347826365,0.155172531,0.228571401,0.337209235,0.376068016,0.127906874,0.555555433,0.526315611,0.636363809,0.075
0.465908953,0.741176496,0.3,0.275590326,0.796609943,0.0495049343,0.170454319,0.056074728,0.430463545,0.6250001,0.37735854,0.852458947,0.223270047,0.5106382,0.430735717,0.347826217,0.173076927,0.0758620772,0.236514812,0.279329439,0.318181995,0.207317067,0.185185192,0.298995198,0.763313151,0.20000018,0.142512023,0.618421342,0.205357096,0.182320386,0.295454979,0.164179233,0.182608627,0.131782962,0.846590989,0.09375,0.212328512,0.710843484,0.347826091,0.0806451826,0.757895225,0.125874061,0.789855002,0.407407501,0.103225721,0.679245536,0.216666617,0.333333017,0.234782718,0.6470586,0.726277236,0.136363523,0.44827591,0.311257876,0.0588234941,0.621951371,0.112782,0.321428493,0.365853144,0.601769504,0.151514972,0.233533134,0.356321944,0.343511286,0.46666682,0.388889044,0.648437176,0.475610038,0.488888451,0.556451918,0.109756097,0.75,0.611940294,0.202290114,0.212766,0.362416222,0.191256749,0.153846015,0.479166735,0.418032696,0.422413883,0.350649416,0.746268551,0.357143029,0.854515131,0.620689728,0.6,0.704081897,0.11494272,0.0537633817,0.40000004,0.213114543,0.238095266,0.311111056,0.405404999,0.127906951,0.521739191,0.54054047,0.633093424,0.0675675541
0.44047592,0.790697905,0.285714357,0.255474508,0.765765642,0.054347814,0.149425521,0.0775862508,0.42361121,0.588235671,0.321428793,0.83185839,0.226114676,0.529411471,0.441860007,0.419355248,0.208333376,0.0542635984,0.211864481,0.328402043,0.387096668,0.25477713,0.24999993,0.309644793,0.740331433,0.280702016,0.13567832,0.599662348,0.207207331,0.183574914,0.25000008,0.203390058,0.184210552,0.118518568,0.801242312,0.105590283,0.246153446,0.7,0.363636245,0.080000148,0.754010618,0.118110244,0.763779748,0.394230542,0.086419859,0.686274637,0.247252551,0.37,0.279279343,0.56666667,0.755555371,0.160919855,0.410714629,0.282894435,0.0490797289,0.6666665,0.0827586666,0.3,0.347134154,0.622806858,0.140350882,0.216374311,0.379746762,0.32103299,0.538461538,0.382353185,0.666666827,0.506329101,0.523255252,0.596638538,0.083870965,0.70731709,0.5625,0.188,0.194444514,0.359712597,0.208333325,0.174418517,0.461539223,0.410713896,0.42519709,0.347222526,0.707692383,0.353658235,0.862126642,0.712121314,0.633333507,0.694300731,0.0975608878,0.0555556033,0.439024063,0.2222223,0.219047426,0.279569976,0.424528453,0.123595775,0.478260961,0.53125,0.592465838,0.0828025489
0.4999999,0.795454857,0.32835803,0.281481374,0.773195732,0.0603773463,0.185185481,0.135593335,0.453237528,0.576923223,0.326923265,0.836538469,0.209677844,0.530612335,0.436681131,0.402061821,0.222222547,0.0683760846,0.215278061,0.33333348,0.515151703,0.2441862,0.30081309,0.328204881,0.739473947,0.249999775,0.134474352,0.578571531,0.169811305,0.183574871,0.241666642,0.218181765,0.156521769,0.125984213,0.802631689,0.0981593618,0.272,0.694444331,0.5000001,0.0736195234,0.774359171,0.0887096524,0.75000005,0.412371564,0.0769230523,0.708333183,0.284810057,0.410526187,0.261261303,0.575757403,0.77099249,0.147727074,0.39999974,0.282894441,0.0472973038,0.626373626,0.0769231031,0.254901855,0.347681811,0.623853077,0.172093295,0.189943674,0.443038089,0.335689037,0.565217461,0.405405503,0.658914781,0.506666851,0.573170587,0.615384577,0.0909090573,0.65853659,0.647887676,0.173913082,0.213235186,0.363636333,0.181818038,0.154639438,0.431034171,0.396226155,0.452991494,0.3802815,0.694914944,0.324675325,0.871186569,0.771739074,0.8000001,0.70157066,0.077922,0.0386740385,0.531914881,0.156249844,0.216981034,0.258064697,0.477678461,0.123457,0.375000112,0.5,0.533783791,0.075
0.555555467,0.790697758,0.375,0.30370397,0.804878141,0.0555555094,0.181818127,0.13333338,0.374074124,0.534482847,0.333333233,0.852941218,0.197368482,0.530612141,0.456066991,0.416667017,0.25203231,0.0727272916,0.200471892,0.335164852,0.588235147,0.292683095,0.319327589,0.343283827,0.736979293,0.290909104,0.148514905,0.556179631,0.175925834,0.188679272,0.223880592,0.254901904,0.190082617,0.10569107,0.793893036,0.0909090809,0.288,0.63291119,0.565217517,0.0864198358,0.80402006,0.0592592345,0.721739486,0.364705727,0.0625,0.716981217,0.331168798,0.448276117,0.297029672,0.527777453,0.776119315,0.157303758,0.3541665,0.286623948,0.0425532,0.695237974,0.0797545583,0.250000125,0.357595044,0.649122913,0.197115405,0.17714265,0.506172891,0.34767011,0.64,0.42424247,0.7288732,0.52173893,0.59259247,0.618644085,0.0974025508,0.666666867,0.586666952,0.181434507,0.249999968,0.34188042,0.16770187,0.148148144,0.454545427,0.411764553,0.433333184,0.29850719,0.6545455,0.324324,0.858620941,0.79,0.805555517,0.700534822,0.0666664933,0.0223463793,0.625000425,0.134328306,0.235849114,0.265957447,0.531817989,0.113923866,0.366666557,0.583333417,0.492424395,0.095541249
0.537313085,0.777777756,0.322580765,0.294775932,0.824175824,0.0447761224,0.166666483,0.129032287,0.377862599,0.543859682,0.222222,0.839622783,0.179310011,0.538461415,0.439654943,0.4719104,0.236641177,0.0857143171,0.196428908,0.3876406,0.655172624,0.302856981,0.369369104,0.372145863,0.736702266,0.326923265,0.148148071,0.543824229,0.169811301,0.229468484,0.224806255,0.255319098,0.250000038,0.0840335813,0.798319465,0.0778441389,0.297709876,0.622221811,0.633333473,0.087209348,0.813186508,0.0719423784,0.710280204,0.415584416,0.0496894409,0.755101973,0.411764812,0.49999985,0.342857277,0.552631311,0.806201605,0.177777689,0.346153758,0.267516216,0.0390624805,0.723214728,0.0625000763,0.282051369,0.389240414,0.675213982,0.237837634,0.159340792,0.506944352,0.351648422,0.678571429,0.4375,0.756849291,0.544117719,0.573033685,0.663865493,0.104895045,0.714285571,0.541666371,0.165957474,0.24770645,0.327272573,0.158940488,0.113821096,0.44,0.489130362,0.389830006,0.3333336,0.613636493,0.34848463,0.858107848,0.839622677,0.823529265,0.725274603,0.0547944274,0.0211640181,0.642857321,0.146666397,0.238636286,0.228261,0.616071269,0.106666489,0.321428507,0.565217387,0.535432607,0.0733333579
0.593220403,0.772727409,0.303571404,0.279660954,0.837209237,0.039215718,0.134328479,0.137404792,0.334585999,0.561403095,0.205479259,0.839622816,0.192592489,0.511627502,0.384615234,0.49999945,0.208,0.105769218,0.180179996,0.393063554,0.666666667,0.345744515,0.424528038,0.36796507,0.725641239,0.370370274,0.169398877,0.566389529,0.173913287,0.229268307,0.214285756,0.280702044,0.252525402,0.0803571321,0.814159268,0.0578034913,0.263566013,0.5529415,0.6666664,0.0823529088,0.826347731,0.067114098,0.679245701,0.467532468,0.0466665965,0.734693627,0.458333417,0.492958,0.329545132,0.564102495,0.779527741,0.147368215,0.32,0.305194746,0.0487805044,0.745762492,0.0581395529,0.325,0.358064517,0.66666657,0.292553423,0.174157382,0.550633275,0.38973366,0.696969648,0.413793259,0.7922534,0.588235124,0.6444443,0.666666777,0.0965516614,0.690909238,0.513513305,0.147981988,0.226414948,0.376237603,0.159420357,0.0944880735,0.461538662,0.411764771,0.401574556,0.318840762,0.594594538,0.368421374,0.859322422,0.837398421,0.825,0.729281662,0.079365,0.0216216183,0.653061108,0.1489362,0.237179519,0.195652459,0.677419483,0.113923777,0.230769231,0.48,0.541353892,0.0714285157
0.557376977,0.782051313,0.3333332,0.247787433,0.813953581,0.0485829729,0.1538462,0.14335661,0.30952412,0.616666585,0.164556951,0.839622807,0.190839876,0.564102595,0.381068193,0.513889094,0.22137402,0.117117044,0.190583461,0.412790433,0.645161423,0.362693932,0.433962148,0.369954761,0.690217273,0.44827579,0.174515373,0.553333544,0.152174139,0.205882406,0.188524538,0.283582099,0.306930664,0.0892857034,0.801980294,0.069182389,0.278688802,0.518518633,0.72222225,0.0621468974,0.859872626,0.0625,0.694443876,0.506329205,0.0482758524,0.686274775,0.506666753,0.550724484,0.341463176,0.575757561,0.74380172,0.197802278,0.26,0.316901467,0.0483870655,0.789916081,0.0674156987,0.342856829,0.395105009,0.666666297,0.301587074,0.190476168,0.621794811,0.447876752,0.583333183,0.482758703,0.79931968,0.573529285,0.651376113,0.6390978,0.1111111,0.672131467,0.469879706,0.131707309,0.258426942,0.380435396,0.169230961,0.100000012,0.470588459,0.477272291,0.378787731,0.263157721,0.594594597,0.415094249,0.828767338,0.832061002,0.825,0.732557904,0.114753969,0.034285779,0.688889089,0.142857286,0.207142779,0.195652283,0.700854995,0.111111256,0.258064419,0.461538062,0.534883798,0.0786517829
0.65625,0.824324388,0.308823553,0.223300917,0.809523519,0.0600858524,0.16666665,0.125000045,0.25827829,0.606557121,0.177777689,0.830188811,0.228346209,0.6842104,0.331707383,0.594203241,0.19403026,0.12499992,0.202381014,0.418181918,0.486486543,0.389473658,0.413462048,0.366525322,0.673652469,0.456140591,0.172857078,0.576754473,0.147368171,0.216080591,0.205357367,0.333333567,0.326923219,0.0952380938,0.795698943,0.0537974265,0.272,0.513513154,0.769230692,0.069767457,0.864197477,0.0625,0.695238013,0.557142479,0.064,0.690908922,0.5625,0.563636538,0.348314591,0.566666913,0.717948509,0.178947325,0.295454564,0.361702055,0.0413222674,0.848,0.0652173313,0.351351376,0.349264612,0.669291635,0.305084885,0.195122184,0.684931732,0.450199096,0.648648789,0.484848445,0.83333337,0.573529485,0.707546919,0.592592536,0.108823576,0.650000185,0.390244139,0.0871794373,0.269230546,0.397726918,0.163120437,0.0933333013,0.489795751,0.469879318,0.347826188,0.27142859,0.529411694,0.477272977,0.832752153,0.845588285,0.789473558,0.722560747,0.0847458831,0.0650886847,0.636363273,0.180952526,0.163934248,0.21,0.716981617,0.126582087,0.275862034,0.4375,0.511194526,0.0806451055
0.684931237,0.823529325,0.265625,0.20212774,0.826530465,0.0557940205,0.133333253,0.0943396872,0.288079554,0.62295061,0.147058844,0.830188725,0.22058839,0.727272582,0.312834047,0.616666515,0.20070404,0.137931055,0.236040513,0.403508908,0.4,0.392670279,0.422680215,0.362704638,0.703488165,0.491803646,0.183238777,0.591323985,0.137931317,0.16062185,0.265486945,0.338028169,0.355140614,0.101851844,0.841463568,0.069078979,0.293103727,0.469697188,0.783783827,0.0578034327,0.872093106,0.0532544157,0.712962788,0.597222081,0.0720720521,0.711864102,0.621211848,0.666666733,0.289474142,0.612903187,0.637931139,0.18260864,0.307692246,0.368794779,0.0416667563,0.873239451,0.0909091191,0.405405422,0.3846154,0.7,0.32022457,0.235293653,0.772151918,0.467181236,0.6,0.529411876,0.859872403,0.5797104,0.722222033,0.599999962,0.110169482,0.677965922,0.359550364,0.0962566366,0.315068658,0.444444233,0.156462537,0.0933332659,0.414633998,0.4523807,0.368,0.246575273,0.4999999,0.526315389,0.849650416,0.881118945,0.743589795,0.767973565,0.145161187,0.073619679,0.563636544,0.174311622,0.13793109,0.22,0.708333275,0.139240356,0.387096939,0.454545473,0.495762798,0.0742575022
0.736110974,0.783333406,0.241935345,0.195121898,0.844036778,0.059360727,0.181818173,0.0969697495,0.273255396,0.59999984,0.16,0.801980325,0.222222247,0.714285929,0.278688411,0.645161565,0.258389176,0.144230763,0.251351011,0.415204872,0.35,0.391960336,0.489583198,0.394736691,0.719511948,0.528571011,0.211999736,0.623831574,0.1547621,0.153005572,0.324074028,0.376623339,0.358974385,0.111111071,0.831168748,0.0704697508,0.33333382,0.435483623,0.80000026,0.0416666563,0.90607738,0.0617977817,0.801886781,0.635294336,0.08,0.677965729,0.577464711,0.679245475,0.23999952,0.63333359,0.587156299,0.147541016,0.1875,0.374149655,0.0737703275,0.875816969,0.0923076915,0.416666833,0.383929137,0.717557059,0.321212235,0.276729643,0.811764762,0.498105898,0.605262837,0.529411829,0.875776472,0.630769226,0.775000013,0.600000144,0.102209835,0.6666664,0.340425766,0.0941177,0.304347857,0.4,0.149659832,0.0909090664,0.470588165,0.525,0.329365297,0.2205884,0.56,0.540540724,0.837638354,0.867647113,0.702702751,0.784246805,0.189655167,0.0671140126,0.491525249,0.192660452,0.163265384,0.229166817,0.712643415,0.177215265,0.384615492,0.388888967,0.513513599,0.0717703215
0.740259766,0.773584968,0.203389836,0.194805081,0.844827426,0.06,0.236842247,0.0813953203,0.2710846,0.584905585,0.147727059,0.799999966,0.233576319,0.756097629,0.275862292,0.696428688,0.29141107,0.12962967,0.277472138,0.364161782,0.263158053,0.3877556,0.539325653,0.384454231,0.74301628,0.546666273,0.236111049,0.646929581,0.158536416,0.168421127,0.376190579,0.371794963,0.377952604,0.135922441,0.84415576,0.0868055426,0.355140009,0.355932651,0.829268498,0.0367231844,0.905263245,0.0670103786,0.7999999,0.641304123,0.0978262217,0.649122875,0.493506544,0.649122795,0.181818245,0.592592593,0.52727275,0.118852306,0.242424221,0.340425196,0.0614035937,0.834394968,0.108695554,0.439024439,0.407407206,0.72535225,0.286549565,0.301324624,0.797618901,0.49809883,0.564102682,0.571428643,0.849314976,0.584615426,0.759690022,0.580645543,0.0875705925,0.63333333,0.32,0.083832283,0.301587341,0.36781629,0.15384618,0.0897435603,0.49999995,0.573170888,0.278169161,0.21875,0.5806454,0.535714107,0.842696556,0.904109621,0.658536829,0.835663973,0.1896554,0.0652173257,0.53125,0.2347828,0.215686251,0.239130576,0.755319002,0.1410255,0.375,0.317073059,0.533333527,0.0891089731
0.690141,0.796610183,0.206896597,0.1973685,0.868643934,0.0684210715,0.258064597,0.0764706382,0.245160997,0.557692565,0.139534814,0.834782518,0.223880581,0.772726982,0.245810174,0.684210484,0.330128447,0.165048646,0.321243461,0.337277883,0.305555617,0.380952125,0.602272919,0.382845309,0.75977626,0.546666545,0.252563893,0.65859045,0.166666867,0.164772766,0.417391542,0.444444444,0.398601453,0.13,0.880000212,0.090579822,0.4347826,0.365079392,0.78048778,0.0363128396,0.892682959,0.071794873,0.789682694,0.703296733,0.124999887,0.684210626,0.482758721,0.5909094,0.150684851,0.642857214,0.46,0.124999853,0.259259207,0.315068199,0.0873015504,0.817647064,0.120879046,0.340425668,0.37499995,0.740506475,0.250000312,0.350000251,0.8372094,0.507663073,0.5263158,0.605263,0.84671544,0.597015321,0.772726854,0.56578977,0.07474234,0.61403487,0.374999783,0.0710059187,0.290322416,0.372092688,0.162162221,0.0896551231,0.441860609,0.5633805,0.293893175,0.2222222,0.542857246,0.6,0.855421759,0.874125882,0.642857429,0.827043616,0.145161131,0.0615384214,0.643835485,0.23809517,0.222222167,0.250000175,0.742267852,0.148648574,0.395348521,0.404762024,0.524390367,0.0974358931
0.696969961,0.793103466,0.203390058,0.238806057,0.883720863,0.0574713475,0.27586229,0.0891722378,0.26875,0.608695565,0.202381061,0.84,0.216417582,0.755555249,0.232954752,0.711864144,0.366071239,0.112244921,0.370056461,0.312848806,0.314285537,0.351351701,0.632184031,0.358299284,0.755952555,0.53424686,0.266756428,0.63260858,0.144736755,0.185628646,0.456693006,0.462962785,0.361842335,0.106194739,0.838709981,0.100746329,0.4382024,0.367646726,0.761904905,0.0527777631,0.884421921,0.0781250873,0.798561252,0.707865175,0.15116267,0.73469378,0.402299239,0.552631711,0.171875,0.592592533,0.423912585,0.146258406,0.3214288,0.30215823,0.0944881861,0.784431612,0.141242869,0.333333,0.373494125,0.804878312,0.22891604,0.376,0.8522728,0.502544255,0.5000001,0.647058841,0.865079365,0.6133334,0.763779623,0.597222182,0.0856352765,0.655172134,0.366071363,0.0718562455,0.370370374,0.337662338,0.201986716,0.078125,0.441860488,0.57575783,0.291666283,0.203389937,0.636363482,0.521738791,0.848979567,0.878378234,0.6666667,0.815286111,0.122807251,0.0846153879,0.632911453,0.264705971,0.218181765,0.236111224,0.760416744,0.166666583,0.414634439,0.512820351,0.506757151,0.114754052
0.712121529,0.741379074,0.196428396,0.261538378,0.906249953,0.0609756032,0.29999991,0.0965516469,0.253333515,0.605262879,0.192307596,0.859259231,0.210526284,0.755101849,0.244047789,0.733333387,0.3875,0.13592247,0.435185381,0.304597931,0.324324395,0.367116703,0.69879546,0.363821229,0.761627807,0.571428571,0.269333464,0.633928923,0.138461483,0.212121158,0.47328215,0.473684274,0.388889327,0.118644103,0.8070175,0.115107965,0.4578318,0.380952405,0.770833523,0.0686813086,0.873096522,0.0752688215,0.789473708,0.725274753,0.186666356,0.734693673,0.388888922,0.59375,0.160714,0.517241441,0.439560352,0.130573381,0.370370422,0.291970854,0.0930233363,0.785714101,0.148936187,0.333333027,0.333333233,0.829545221,0.185430285,0.424778524,0.8602149,0.49074061,0.534883647,0.617647129,0.850877283,0.636363636,0.764705726,0.547945191,0.0714286114,0.693877422,0.362902983,0.0738636851,0.346153927,0.333333133,0.254838773,0.0731707259,0.473684021,0.633332847,0.306818033,0.215686229,0.622221973,0.50000015,0.844827544,0.8562093,0.659090866,0.798742031,0.09375,0.0806450797,0.602409798,0.288660198,0.249999975,0.285714286,0.749999975,0.173913248,0.387755106,0.4999999,0.463767729,0.116959062
0.746032,0.785714364,0.173077117,0.2985077,0.886363604,0.0487804746,0.3333331,0.119402981,0.215686408,0.605263079,0.21917821,0.863309357,0.217391774,0.767857323,0.21590903,0.789473505,0.422360513,0.129629592,0.485119597,0.289156316,0.352941335,0.374449131,0.697674,0.372727357,0.774566655,0.542857526,0.27260274,0.621495409,0.131147308,0.196531762,0.458646567,0.464285525,0.382352444,0.0873015443,0.773585055,0.129032317,0.472973189,0.3529411,0.6938772,0.0885714842,0.870646783,0.0819673233,0.764705894,0.780219802,0.159420609,0.765957447,0.422680615,0.58064481,0.135593459,0.4482759,0.464285661,0.124242434,0.379310462,0.310606045,0.114035203,0.7625,0.189189092,0.301886793,0.328358501,0.824561426,0.14074083,0.485981332,0.858823558,0.482824219,0.489361796,0.685714274,0.796116502,0.6,0.750000338,0.560606542,0.0445025822,0.720930288,0.304347461,0.0888889547,0.347825757,0.309523569,0.304487703,0.0865383767,0.514285951,0.7169809,0.302325103,0.209302405,0.6,0.481481437,0.84862374,0.838509459,0.679245211,0.764330719,0.0847459576,0.0461538683,0.61363613,0.329787,0.285714371,0.321428721,0.722772012,0.164179051,0.355555449,0.560975624,0.475409928,0.11581916
0.742424371,0.762711737,0.16,0.365079063,0.876923073,0.0392156804,0.354838965,0.120967702,0.19047627,0.538461485,0.236111229,0.871621608,0.184615724,0.724137676,0.197860914,0.8,0.456375714,0.122807049,0.52424272,0.309210574,0.4705886,0.348214262,0.683544673,0.357465974,0.739884147,0.592105063,0.275910061,0.621358979,0.157894979,0.20625,0.438709765,0.543859491,0.37016633,0.0924369218,0.764705959,0.169491743,0.528571776,0.338461269,0.688889038,0.119760405,0.859459529,0.0893855513,0.754717454,0.82558126,0.184210545,0.735849321,0.4374999,0.484848591,0.132353021,0.419355058,0.485293994,0.112716777,0.354838658,0.299212383,0.117117051,0.750000145,0.20111726,0.25,0.342857174,0.818182042,0.153846173,0.475247574,0.8604652,0.498077171,0.531914706,0.675675605,0.755318749,0.564706013,0.757009595,0.558332831,0.0447760949,0.717948631,0.297710262,0.0994152169,0.452381236,0.243902198,0.350993409,0.103092938,0.5681813,0.703704,0.346456352,0.210526358,0.568965717,0.352941053,0.848341201,0.82608711,0.750000025,0.70886058,0.0526316579,0.0588235176,0.645833283,0.423076846,0.339622968,0.333333333,0.734512988,0.140625,0.255319149,0.5,0.482142845,0.159217917
0.764705671,0.763636382,0.2,0.392857018,0.858267791,0.0490797259,0.441176847,0.160377321,0.170212766,0.50000035,0.275362562,0.887417285,0.187499906,0.71875,0.194737209,0.740740896,0.480519239,0.11904763,0.522580749,0.232258309,0.484848588,0.326180472,0.6708858,0.355855367,0.731707214,0.666666667,0.335180417,0.571782497,0.137254755,0.192053005,0.447205291,0.53968254,0.3743587,0.105690968,0.771929609,0.188679128,0.507936557,0.356164463,0.62,0.166666627,0.841530074,0.115607012,0.769230589,0.820512838,0.179487,0.734693839,0.37,0.441176291,0.112676056,0.444444456,0.550724755,0.097701289,0.388888644,0.310924579,0.113207391,0.677852063,0.204968881,0.254901776,0.414285576,0.818681032,0.132075482,0.443299444,0.880434696,0.458175064,0.617021153,0.633333343,0.764705859,0.590361005,0.740384618,0.504673056,0.0410256735,0.722222111,0.325925659,0.0797545147,0.44897969,0.227848168,0.435065307,0.112359844,0.627451102,0.770833485,0.393162424,0.2499999,0.5999999,0.341463512,0.845360737,0.819276918,0.737705026,0.681528364,0.0983605082,0.0650406644,0.670329669,0.4999999,0.346153558,0.414634332,0.767857307,0.164383467,0.177777653,0.555555467,0.545454582,0.154255315
0.771428731,0.785714471,0.275,0.438596168,0.846774171,0.0588234912,0.476190286,0.18627441,0.143884783,0.4680852,0.303030191,0.8970588,0.189654986,0.712121458,0.182291735,0.684210263,0.49673175,0.134328455,0.541400631,0.240259488,0.470588118,0.356481156,0.657894571,0.347032162,0.683544357,0.697530914,0.361702586,0.553299335,0.16666655,0.19285721,0.424242276,0.535211268,0.393035033,0.114503871,0.779660744,0.215686098,0.5614034,0.3333333,0.576922815,0.1875,0.843243366,0.106918234,0.774193606,0.8125,0.214285521,0.729167,0.420560508,0.441176512,0.144736813,0.354838529,0.58730157,0.118343102,0.459459322,0.352380514,0.129032335,0.640523268,0.205128205,0.244444396,0.436619782,0.819209371,0.11,0.460674093,0.869565143,0.450757208,0.552631537,0.625,0.74999965,0.609756839,0.730768796,0.521739139,0.0333333027,0.8,0.289255817,0.0875,0.490195896,0.246987975,0.457142739,0.125000075,0.709677542,0.698113319,0.401709425,0.2,0.581818684,0.3421054,0.866666699,0.83720935,0.75000005,0.653060943,0.0983604885,0.06722686,0.723404311,0.524390224,0.372092902,0.444444367,0.794392603,0.1384614,0.230769362,0.636363755,0.535714593,0.163934429
0.770270431,0.811320887,0.270270235,0.403508519,0.837398428,0.0742858278,0.513513308,0.254901911,0.128378353,0.388888811,0.253967975,0.895161168,0.24166688,0.723077072,0.20207289,0.666666667,0.506849044,0.121212241,0.562914074,0.20261455,0.484848694,0.308056802,0.606060842,0.366666567,0.694267195,0.695122139,0.383386623,0.590908538,0.266666413,0.168,0.416666657,0.532467532,0.386934968,0.119658056,0.793650756,0.207920668,0.64999987,0.322580494,0.596153802,0.223776331,0.85784314,0.10625,0.78231303,0.86075957,0.193548416,0.714285571,0.415841603,0.49999995,0.114285634,0.39999974,0.62499985,0.102857291,0.513513359,0.41747603,0.105263053,0.63125,0.187969962,0.22,0.418919016,0.826815914,0.147368288,0.46590898,0.842105168,0.451492408,0.552631647,0.628571251,0.806451616,0.617977615,0.725490191,0.520833292,0.0424528192,0.789473768,0.275229049,0.0867051697,0.5000003,0.282177945,0.489051163,0.134328433,0.761193904,0.704545477,0.409523551,0.242424345,0.616666553,0.312499738,0.891089039,0.819208757,0.761194243,0.618055783,0.136363568,0.0487804771,0.7340425,0.532608407,0.358974387,0.606060642,0.79798,0.112676056,0.297872043,0.7142855,0.526315405,0.1450777
0.807692538,0.872727413,0.297297419,0.51612909,0.849206343,0.0705882,0.538461315,0.235849087,0.113333404,0.365079329,0.306451561,0.872,0.245614028,0.6911765,0.231579029,0.629032374,0.559440522,0.1428572,0.509677648,0.192567984,0.40000014,0.258883021,0.534482947,0.418650546,0.703225849,0.674698702,0.400661792,0.611764822,0.274509937,0.158730201,0.423645683,0.539473508,0.368778356,0.146551827,0.763888829,0.204301177,0.644067485,0.288135754,0.6,0.225806397,0.86124403,0.12258064,0.784722135,0.881578971,0.181818109,0.64,0.44943833,0.323529309,0.106666379,0.3225805,0.636363673,0.109375162,0.447368511,0.473684032,0.124999862,0.646258242,0.192,0.176470541,0.438355688,0.85427143,0.168316942,0.493826557,0.794117597,0.435605716,0.560975461,0.6333334,0.808510696,0.619047355,0.787878852,0.536841915,0.0422535534,0.78125,0.292929071,0.0853657876,0.508771753,0.252293626,0.504065181,0.157894968,0.769230738,0.695652157,0.465346564,0.3611113,0.655738131,0.311110987,0.906403904,0.809248716,0.777777778,0.585033917,0.15000027,0.0362318804,0.709302326,0.5581395,0.317073185,0.636363645,0.814432837,0.090909,0.270833608,0.685714249,0.509090951,0.142105203
0.818182036,0.864406563,0.342857203,0.508196695,0.829059941,0.0818713409,0.567567441,0.252427255,0.094594587,0.3333333,0.378787814,0.853448234,0.271929967,0.681818273,0.238341948,0.5555556,0.566901163,0.13492058,0.46202536,0.20070444,0.351351541,0.246411393,0.516128968,0.436254979,0.64900681,0.648648795,0.402356998,0.630058066,0.320754753,0.166666555,0.424657517,0.518072496,0.349557475,0.150793631,0.734939665,0.190476576,0.711538531,0.315789674,0.549019629,0.286956622,0.871559615,0.139999978,0.810606062,0.907894654,0.177419324,0.603773802,0.5000001,0.333333633,0.0897435,0.393939218,0.628205,0.103092846,0.51219491,0.477777834,0.151898561,0.656934328,0.221238902,0.3,0.4366195,0.853403259,0.204081757,0.5135135,0.737704864,0.41960841,0.511110949,0.59999988,0.873684212,0.633928383,0.765957677,0.523809221,0.0555555572,0.764705912,0.268041046,0.0869566,0.5625,0.234513249,0.504347927,0.145833217,0.757575879,0.673469361,0.442105012,0.421052516,0.677419632,0.333332967,0.913793194,0.813609336,0.830985915,0.592856883,0.177419124,0.0307692074,0.726190218,0.564706139,0.32558146,0.612903284,0.824742235,0.0810810324,0.407407385,0.675675673,0.4999999,0.13966484
0.825,0.867924594,0.375,0.492307594,0.836363718,0.0987654583,0.558139623,0.254901916,0.0872093131,0.365079329,0.421875,0.846938738,0.265486476,0.716417743,0.219101132,0.523809467,0.570946191,0.120300752,0.489510471,0.200680276,0.3,0.184210095,0.557692477,0.45652181,0.624113475,0.653333573,0.409235586,0.628571331,0.3333336,0.169642767,0.43555589,0.5,0.358078405,0.152542391,0.71,0.203883708,0.72,0.313725514,0.522727009,0.271028104,0.864253358,0.146666793,0.820512828,0.8433734,0.278688451,0.627451053,0.482352941,0.384615231,0.0958901521,0.352941194,0.662337696,0.126262545,0.555555856,0.506493504,0.1445784,0.651515129,0.21621602,0.245282823,0.402597462,0.851485101,0.272727,0.512195317,0.655737725,0.445312394,0.5,0.517241386,0.872340451,0.637930902,0.769230838,0.529411924,0.0648148297,0.75757573,0.28048758,0.0884352895,0.545454218,0.292682938,0.508771993,0.1190475,0.753424627,0.709091229,0.464646418,0.521739057,0.786885293,0.282608613,0.903381517,0.790230146,0.828125,0.607843168,0.188406187,0.0275862014,0.706521417,0.558139588,0.311110931,0.607142814,0.824175918,0.0985915,0.450000185,0.622222336,0.531914894,0.147058684
0.8292685,0.862745245,0.40000002,0.449275345,0.850877123,0.104575174,0.55,0.24,0.0659340129,0.3833332,0.47142853,0.842105258,0.278688436,0.696969848,0.229885243,0.4,0.553125,0.113821128,0.510066816,0.207031396,0.212765915,0.168268971,0.490196147,0.466899119,0.624161179,0.653333223,0.385714011,0.631015986,0.403509139,0.176991014,0.390350982,0.410256705,0.353909405,0.15652182,0.675213709,0.205357138,0.724137728,0.326530471,0.4375,0.212766021,0.864864983,0.154362441,0.814814827,0.855421629,0.253968,0.622222373,0.516854058,0.404761824,0.104477779,0.361111236,0.674698633,0.136363725,0.463414317,0.527026989,0.158536348,0.651514945,0.227723008,0.24999995,0.422535,0.855813946,0.319588144,0.5125,0.574074315,0.440944454,0.452829972,0.50000015,0.865979367,0.660870018,0.779069966,0.520408104,0.0733945644,0.71875,0.2941177,0.0763888571,0.506666401,0.325757219,0.518868218,0.159090905,0.714285643,0.696428657,0.459770072,0.5909089,0.825396878,0.297872281,0.910447776,0.811428467,0.830986,0.608108218,0.162161968,0.0410958627,0.697916572,0.5555555,0.326087159,0.457142709,0.736263926,0.0847459746,0.491525356,0.595744519,0.558139535,0.148148163
0.830986,0.8703705,0.392857064,0.442622867,0.849056653,0.102941181,0.454545418,0.254901932,0.0572916054,0.406779856,0.493670948,0.843373525,0.261904529,0.76712329,0.245282866,0.344262038,0.579754334,0.119047675,0.544117641,0.206106967,0.15909082,0.176991321,0.478261004,0.48404269,0.618055743,0.694444431,0.383581976,0.630682022,0.435484261,0.218487568,0.39743551,0.356164236,0.337349451,0.127272642,0.694915104,0.17857126,0.706896505,0.43478257,0.392857164,0.206521759,0.863247819,0.151079052,0.830357391,0.829268415,0.30158697,0.621621635,0.565217604,0.386363477,0.107692222,0.342857166,0.67073167,0.164893558,0.452380736,0.507042,0.17241401,0.660869504,0.207546918,0.249999975,0.442622887,0.834862427,0.404255417,0.486842208,0.553191689,0.444014996,0.462962693,0.50000005,0.89899,0.605041885,0.766233813,0.528089694,0.0792951532,0.729729638,0.363636127,0.0708660387,0.5696201,0.335820614,0.515464388,0.214285793,0.727272727,0.727272891,0.486842357,0.687500013,0.833333467,0.291666517,0.914438417,0.80748636,0.84415586,0.626666466,0.126582051,0.0451612637,0.663265235,0.552238813,0.3,0.418604735,0.764044594,0.122807165,0.557692142,0.571428243,0.590908941,0.150685146
0.791044667,0.807692254,0.4,0.426229043,0.834951446,0.0895522875,0.40625,0.252427175,0.0679611146,0.442622823,0.512195307,0.840000056,0.285714164,0.72000006,0.264706013,0.272727236,0.609127066,0.1278196,0.53383448,0.186440875,0.142857157,0.191810739,0.446809132,0.481966878,0.616882905,0.73770489,0.382622167,0.62275459,0.485713991,0.239316023,0.384792675,0.387096655,0.291828598,0.126086968,0.728571777,0.164062418,0.785714386,0.403846313,0.269230973,0.217948513,0.888429777,0.144067886,0.855855777,0.813186813,0.366666707,0.5526318,0.538888954,0.454545482,0.14,0.424242312,0.6875,0.184210546,0.475,0.535211,0.160919771,0.654545411,0.219298547,0.29787246,0.514705597,0.822966422,0.393258621,0.493333196,0.547618764,0.484791215,0.425925941,0.478260717,0.902912656,0.599999798,0.825,0.545454818,0.0821918136,0.75,0.363636064,0.0731707717,0.590909323,0.318840834,0.493670497,0.268292649,0.73015873,0.785714357,0.539473346,0.68,0.85074617,0.272727209,0.901639381,0.792929353,0.833333233,0.625,0.0958902288,0.0432098843,0.663265136,0.532258266,0.301886902,0.395833358,0.744186049,0.111110978,0.612245194,0.578946811,0.625000213,0.171874914
0.771929728,0.814814907,0.428571386,0.409835933,0.84,0.0866142633,0.413793152,0.266666475,0.0624999338,0.457626908,0.524390262,0.833333417,0.271186444,0.657143166,0.269503519,0.181818391,0.621676522,0.146341506,0.513889352,0.165137588,0.137254741,0.210084179,0.476191,0.486206685,0.619632135,0.745762425,0.36976056,0.58385031,0.483871394,0.233871265,0.383721145,0.388889,0.294820582,0.110091658,0.710344393,0.184,0.740740796,0.423729258,0.272726973,0.173333217,0.878661051,0.166666727,0.858490488,0.7894739,0.456140335,0.51282051,0.602150519,0.487805032,0.106382936,0.433333247,0.662337596,0.240641427,0.472222164,0.529411529,0.190476367,0.636363609,0.247787771,0.3043476,0.544117865,0.797029593,0.4125,0.526315784,0.575,0.507812779,0.389830493,0.458333133,0.913461508,0.577586473,0.773333591,0.593023034,0.0869565165,0.741935403,0.358209278,0.07826085,0.673469263,0.354014495,0.552238524,0.272727591,0.716666585,0.8,0.526316089,0.692307654,0.854838756,0.3,0.899441358,0.80748656,0.837837854,0.611110962,0.119999796,0.0584795205,0.619564852,0.530612176,0.33962284,0.391304457,0.752808549,0.14,0.5869568,0.581818358,0.687500081,0.175926159
0.745098273,0.82,0.458333425,0.333333233,0.87,0.0916667259,0.5,0.295238105,0.0630629994,0.418181851,0.475,0.862068883,0.28333341,0.671641733,0.246575212,0.138888986,0.63580272,0.153846122,0.49333337,0.15841588,0.108695554,0.220587874,0.5,0.510791611,0.586206952,0.733333107,0.355029141,0.562841356,0.507936406,0.279661292,0.371359068,0.396226275,0.269075988,0.112245055,0.705521451,0.204724245,0.750000025,0.4776121,0.238095167,0.1506848,0.886956434,0.158878536,0.8421055,0.802197802,0.456140646,0.583333275,0.561224088,0.565217026,0.1,0.354838965,0.639999628,0.269461213,0.534883628,0.563636318,0.239130365,0.636364127,0.218750391,0.2790696,0.602941381,0.794594714,0.4999997,0.560606,0.558823365,0.513566044,0.344262169,0.36,0.895238112,0.589743573,0.684931716,0.611111,0.0837209542,0.80000012,0.328947333,0.057142856,0.64485983,0.344444633,0.586207066,0.3,0.741379129,0.795454477,0.546667047,0.64,0.854838756,0.30434773,0.901840549,0.796791441,0.81428603,0.679012434,0.133333207,0.0786518274,0.636364036,0.619047748,0.404255077,0.425531745,0.758241924,0.179487162,0.531914787,0.596490823,0.703703859,0.21
0.729166573,0.824561305,0.454545373,0.382978753,0.84946229,0.132743363,0.428571229,0.348624022,0.0608696628,0.428571157,0.463414978,0.813559075,0.325396842,0.644067514,0.278571372,0.128205177,0.596153818,0.19999986,0.547297348,0.1770835,0.102040929,0.243478383,0.351351411,0.541353433,0.60305363,0.793651,0.362717013,0.582857548,0.509434149,0.309090877,0.406091496,0.386363532,0.271739646,0.147727118,0.718562686,0.185185197,0.773584909,0.414634149,0.375,0.131578961,0.897560985,0.160377252,0.826086822,0.808988415,0.509803702,0.542856909,0.532710367,0.560975337,0.159090809,0.451613065,0.6800001,0.29375,0.525,0.539682486,0.258427267,0.6,0.227941411,0.268292488,0.652777704,0.794444324,0.514285649,0.542372849,0.555555544,0.498099019,0.431034386,0.318181695,0.895238134,0.538461789,0.670886,0.622951025,0.0977777096,0.815789363,0.319999492,0.0824743423,0.607142951,0.330578865,0.566038223,0.394736721,0.8,0.80000006,0.4999998,0.708333438,0.789473584,0.347825965,0.908496713,0.770491506,0.830986169,0.707831517,0.220588312,0.0698924688,0.654761811,0.6444446,0.433333237,0.4,0.736842347,0.256410379,0.57777772,0.6060605,0.694914892,0.193181435
0.67441847,0.80000012,0.49999975,0.358974415,0.811881054,0.129629595,0.366666947,0.383494772,0.0482456685,0.40000008,0.428571829,0.775510147,0.282257674,0.642857329,0.302013511,0.128205164,0.575949511,0.222222122,0.525179972,0.1397851,0.127659549,0.274418889,0.3125,0.610038994,0.590163879,0.847222192,0.376068289,0.563218365,0.490909095,0.327103045,0.427807167,0.377358026,0.27253257,0.180722928,0.72674425,0.152380904,0.740740426,0.421686958,0.388889122,0.111111111,0.923857895,0.178217995,0.821428479,0.802325641,0.472727347,0.514285703,0.51960808,0.568182143,0.16279073,0.428571429,0.70149256,0.312102016,0.60000006,0.594203365,0.30107538,0.5789474,0.227941306,0.214285664,0.681159619,0.775280927,0.571428557,0.611111039,0.448275941,0.491525153,0.384615769,0.3,0.90265489,0.543478163,0.657894605,0.639344356,0.0784313698,0.783783649,0.347826335,0.0860216,0.564516205,0.336134455,0.62,0.371428114,0.828125,0.806451497,0.575342397,0.791666754,0.796609981,0.386363284,0.884353802,0.778409106,0.8732395,0.679487401,0.234375,0.0883977283,0.690141,0.651162721,0.424242558,0.411764571,0.770833192,0.28125,0.509803802,0.702702811,0.71875,0.280487537
0.73809519,0.838235313,0.517241583,0.425,0.819047634,0.137614671,0.428571586,0.455882369,0.0491071818,0.390625,0.439999968,0.765957353,0.280992083,0.618181856,0.330127965,0.142857071,0.55345922,0.243243249,0.506944486,0.139534814,0.15094333,0.27272749,0.294117671,0.651639732,0.645454436,0.847222176,0.38972807,0.5481926,0.543478074,0.308410884,0.453551749,0.392156739,0.290178628,0.168831,0.773255902,0.147368259,0.745454278,0.439560396,0.4,0.109756088,0.914893637,0.163636301,0.821428264,0.811764706,0.454545655,0.527777683,0.495238556,0.536585112,0.205128244,0.44,0.710144758,0.329999936,0.617646976,0.595238,0.292135196,0.655555269,0.2091504,0.210526274,0.737705,0.770949651,0.5666668,0.607143164,0.433333277,0.530435035,0.441860444,0.368421074,0.873873951,0.477272795,0.657534434,0.6833331,0.0869565835,0.825,0.31111078,0.104166748,0.52,0.344827619,0.641509308,0.405405441,0.847222237,0.724137728,0.55072457,0.722222428,0.773585032,0.380953,0.906250047,0.762712256,0.873015886,0.696666652,0.254901602,0.0867052283,0.72580649,0.630434811,0.430769515,0.4,0.805825221,0.266666687,0.45652192,0.689189151,0.768115825,0.329113666
0.707317154,0.864197441,0.483870848,0.444444356,0.815789345,0.13592246,0.411764394,0.475961587,0.0502513857,0.375,0.453333491,0.784313698,0.28828827,0.5576922,0.37337684,0.232558186,0.572464022,0.353846383,0.427536563,0.126582149,0.152173846,0.291004975,0.263157895,0.718615012,0.68867922,0.85074626,0.396969482,0.539876785,0.5000001,0.353535318,0.465608553,0.42,0.286729878,0.194805,0.747059137,0.142857014,0.740740556,0.463157856,0.523809567,0.095238181,0.927835076,0.145631126,0.8433734,0.829545649,0.438596705,0.545454682,0.452829739,0.489361898,0.24324327,0.517241097,0.74999995,0.294326118,0.628571463,0.646154123,0.325842837,0.635416755,0.2,0.184210637,0.789473742,0.765624948,0.568627625,0.629629537,0.366666757,0.535555633,0.392156575,0.347826091,0.838095303,0.530864488,0.648648649,0.716981202,0.101063793,0.738095321,0.322222468,0.126315713,0.437499781,0.366336654,0.6034484,0.485714249,0.857142543,0.7142858,0.5999998,0.711538358,0.795918263,0.405405403,0.893129788,0.744047662,0.838709735,0.74333302,0.311111087,0.0769230354,0.754717102,0.673469398,0.5,0.423077373,0.826530335,0.28125,0.404761681,0.680555496,0.773333328,0.373333312
0.657142431,0.921348163,0.457142909,0.516128803,0.81415945,0.142857271,0.486486486,0.471698206,0.0473684562,0.40000008,0.445946057,0.772727236,0.264462792,0.551020459,0.402026994,0.24,0.525547217,0.372549237,0.423358087,0.156626631,0.156862753,0.28301905,0.1999998,0.732456268,0.638297728,0.811593838,0.436065959,0.505952165,0.47619019,0.362637326,0.483333531,0.464285746,0.27,0.260869917,0.762194702,0.13333332,0.758620769,0.5104165,0.521739039,0.108108076,0.931216942,0.153846192,0.872340438,0.848837345,0.465517481,0.615384631,0.477064423,0.42553183,0.323529438,0.54838689,0.7,0.30434757,0.676470468,0.652173678,0.374999925,0.703703586,0.2,0.146341402,0.729166748,0.78865981,0.608695622,0.612244871,0.2580646,0.516746419,0.365384563,0.36,0.82075469,0.535714386,0.653333427,0.70212754,0.104477681,0.729166846,0.360824964,0.134831546,0.401639776,0.451612858,0.653061139,0.49999965,0.873562926,0.64,0.643835451,0.666666767,0.812499744,0.444444467,0.875912561,0.719744841,0.788461463,0.746621734,0.288888902,0.0738255003,0.794871677,0.680851255,0.576270881,0.529411735,0.833333527,0.275862079,0.375,0.7000002,0.776470611,0.45000009
0.636363518,0.933333337,0.475,0.555555578,0.805825142,0.164383366,0.479166575,0.528302095,0.0478722713,0.3943665,0.4999996,0.744186098,0.269840998,0.552631579,0.434782504,0.24999985,0.484615759,0.49999955,0.391304084,0.135135135,0.15000003,0.304964939,0.288461713,0.742738276,0.623762363,0.794117482,0.415807098,0.478125,0.485713951,0.439024363,0.502732148,0.475410238,0.257978868,0.268656793,0.763975227,0.185185185,0.78,0.515151612,0.518518559,0.108108032,0.939226482,0.149122864,0.91011219,0.858823544,0.4848485,0.585365759,0.445544524,0.306122739,0.378378451,0.485714249,0.746835273,0.29133843,0.705882476,0.71875,0.410256264,0.715517215,0.207316788,0.153846331,0.72,0.808290215,0.658536629,0.631578874,0.184210526,0.516074493,0.37777774,0.357142993,0.816513725,0.538461769,0.685714586,0.68,0.123076874,0.727272745,0.383838407,0.129032248,0.394736435,0.448275841,0.66037743,0.478261391,0.898876151,0.521739283,0.631578726,0.696969861,0.72,0.521739183,0.864,0.689873632,0.812500169,0.760416622,0.289473626,0.050000003,0.83783777,0.673469165,0.576271008,0.48275901,0.844827527,0.310345069,0.380952114,0.666666867,0.780487856,0.467105047
0.617646915,0.911504432,0.418604684,0.485714497,0.822429832,0.184615126,0.54,0.578947326,0.0641025721,0.416666842,0.50000055,0.765957447,0.274808955,0.526315789,0.463235285,0.279411772,0.469697254,0.49999945,0.374045712,0.153846223,0.176470665,0.276422685,0.280701863,0.753424957,0.634408656,0.828125,0.440944848,0.441935432,0.435897505,0.441558497,0.510988864,0.538461454,0.246154235,0.305555731,0.77027032,0.244898151,0.78,0.515789725,0.56,0.126581949,0.917647116,0.181818209,0.909091045,0.824324412,0.522388204,0.605263637,0.43298984,0.264150932,0.441176247,0.545454518,0.786666721,0.279069342,0.629629678,0.695651913,0.430555671,0.708661677,0.229299291,0.1147538,0.64,0.823232285,0.675,0.628571237,0.1951217,0.530457102,0.375,0.3225808,0.811965863,0.59770098,0.708333242,0.7272727,0.1420765,0.735294021,0.377358115,0.151515061,0.423423441,0.51219531,0.655172028,0.470588141,0.884210665,0.476190486,0.6375,0.675324708,0.666667,0.6,0.850000091,0.700000154,0.76595754,0.746753252,0.324324395,0.0578512316,0.7777777,0.685185306,0.676923003,0.457627571,0.873949554,0.321428571,0.3,0.609375,0.775,0.493902345
0.638888853,0.925925884,0.325,0.485714397,0.826446368,0.230769046,0.571428786,0.583333483,0.0824467882,0.454545455,0.518072407,0.743589669,0.310344532,0.486486497,0.457143123,0.319444604,0.4,0.537314031,0.389705497,0.206896834,0.1846153,0.309734941,0.290322735,0.749999958,0.637362637,0.796610024,0.4297518,0.401234711,0.418604542,0.485713846,0.539682584,0.619718,0.259887004,0.327868697,0.83225823,0.277777694,0.818181882,0.5567011,0.49999995,0.117647094,0.916666648,0.174311891,0.90384611,0.864864932,0.538461585,0.59375,0.432692021,0.211538573,0.457142654,0.606060464,0.807692323,0.270676692,0.615384515,0.720588168,0.465517307,0.727941082,0.245160907,0.140845,0.543478237,0.828124888,0.729729684,0.633333543,0.163265616,0.544444259,0.342105195,0.228571446,0.780487826,0.573170859,0.776119188,0.682927137,0.157575725,0.697368512,0.376146757,0.130841102,0.405660676,0.507042246,0.616666592,0.520833192,0.858695527,0.4285714,0.705128253,0.67088607,0.5,0.629629615,0.842105183,0.689655364,0.767441837,0.759036196,0.36666672,0.0504201479,0.761904876,0.727272691,0.696969848,0.4393945,0.860464989,0.428571329,0.378378289,0.490909153,0.814814581,0.487341695
0.63333337,0.934579467,0.295454711,0.459459468,0.844827601,0.280702,0.584905792,0.620878848,0.0935829047,0.506328999,0.505747297,0.705882394,0.304762281,0.515151455,0.439716864,0.304878391,0.449152798,0.584615683,0.402985575,0.282352987,0.228571369,0.298850921,0.34375,0.747706269,0.629213711,0.76,0.450450471,0.383721101,0.346938918,0.491525808,0.523684129,0.642045835,0.276470609,0.315789284,0.833333277,0.3333332,0.865671554,0.621052283,0.448275855,0.111111189,0.913173649,0.188118894,0.920354006,0.867647106,0.587301587,0.53125,0.40000026,0.19999982,0.428571257,0.59999984,0.808219123,0.259542205,0.64,0.705882418,0.438596744,0.736111009,0.239130058,0.136986251,0.533333547,0.821989671,0.790697758,0.666666633,0.148936289,0.546961511,0.378378427,0.268292588,0.79545443,0.552631689,0.741935471,0.738095395,0.154362469,0.733333313,0.399999952,0.179245177,0.409523842,0.542857083,0.637930836,0.5,0.8333331,0.380952305,0.706666807,0.654761604,0.428571429,0.6875,0.836206812,0.713333409,0.677419003,0.766304313,0.357142714,0.0442478053,0.697674388,0.690908938,0.64999971,0.43662,0.854166763,0.555555533,0.40625,0.431818427,0.80263152,0.518072548
0.65625,0.918367208,0.3095235,0.46341491,0.830188791,0.319148872,0.553571298,0.618812147,0.132124413,0.5063296,0.548780433,0.638888881,0.375,0.517241397,0.429629727,0.351063954,0.444444273,0.609375,0.377048792,0.415841778,0.291667112,0.317072854,0.3432842,0.772277483,0.6395347,0.714285414,0.455751797,0.361111478,0.358490951,0.535714761,0.552380719,0.619791252,0.266666811,0.326530735,0.859060434,0.321428268,0.828571431,0.593749922,0.3870966,0.103896094,0.907303333,0.217391648,0.923076898,0.836065554,0.614285661,0.5,0.411764794,0.16666685,0.41935489,0.56666664,0.794520438,0.2734375,0.65,0.625000263,0.477272661,0.769230971,0.253968484,0.12987013,0.53488344,0.827868938,0.853658727,0.620689666,0.187499856,0.548295099,0.324324295,0.238094976,0.80141844,0.538461731,0.771929637,0.756097951,0.152671755,0.77,0.431192632,0.146788843,0.441176585,0.530302818,0.654545669,0.462963007,0.825581448,0.363636291,0.717948972,0.666666533,0.342857306,0.696969609,0.84112145,0.687898083,0.541666283,0.810945247,0.49999985,0.0467289374,0.666667067,0.644067214,0.636364127,0.385714416,0.873333377,0.636363491,0.513513411,0.340909464,0.777777789,0.511904595
0.625,0.9032257,0.285714257,0.441860712,0.844827598,0.3333332,0.578947621,0.6117022,0.133165692,0.4698792,0.561798126,0.62857166,0.409638277,0.4375,0.449612249,0.369565148,0.49999998,0.583333158,0.431623974,0.456140522,0.355263171,0.291139316,0.366196817,0.792135141,0.634146661,0.750000275,0.456621179,0.35625,0.285714229,0.491525564,0.553990944,0.644330136,0.293232624,0.276595855,0.87577633,0.288135814,0.835616534,0.583333233,0.379310476,0.131579013,0.897727295,0.228915869,0.918032777,0.838709703,0.638889072,0.48,0.379746552,0.1343285,0.4137934,0.53125,0.769230923,0.316176542,0.705882353,0.605634,0.439024439,0.792453132,0.256881242,0.139240472,0.441860244,0.81843569,0.886363534,0.629629667,0.191489362,0.497109922,0.303030252,0.227272609,0.804877826,0.540983633,0.790322574,0.75,0.189189151,0.791666663,0.379629472,0.196581099,0.516128835,0.550724494,0.672413634,0.456140598,0.805555556,0.5,0.742424077,0.711339758,0.333333233,0.675,0.855669814,0.638157741,0.6,0.841346103,0.6,0.0392156682,0.666666533,0.696428857,0.595744523,0.313253,0.873239494,0.648648495,0.5526312,0.340909398,0.775,0.523809886
0.59999984,0.872340426,0.325581428,0.413043259,0.84297527,0.37209316,0.540983803,0.538835434,0.1425,0.4625,0.534090774,0.638888953,0.494382406,0.357142879,0.446281186,0.422680527,0.551020204,0.578947584,0.44495416,0.523437238,0.472973189,0.329268028,0.39999992,0.8,0.651163035,0.737705121,0.469767592,0.370253457,0.272727209,0.50000015,0.528169175,0.671568444,0.266666639,0.291666529,0.875000035,0.288135742,0.870588287,0.610526805,0.322580603,0.173333183,0.897435787,0.22093021,0.932773155,0.810344562,0.646154,0.5000001,0.410958382,0.101449549,0.366666647,0.53333322,0.79999986,0.325581518,0.705882353,0.590908836,0.4,0.807228735,0.254902089,0.151162594,0.421052716,0.83431955,0.870370469,0.53125,0.283018713,0.536722763,0.2999998,0.212766,0.812834019,0.58,0.796875,0.785714607,0.18811887,0.794117698,0.383177497,0.212962883,0.569767242,0.50000005,0.649999975,0.483870494,0.787878964,0.541666583,0.789473621,0.692307469,0.333333333,0.745098047,0.861111065,0.646258602,0.526315884,0.851162748,0.6315792,0.06,0.666666633,0.73214302,0.58,0.250000075,0.861111068,0.777777722,0.589743531,0.282608443,0.771084383,0.5662648
0.64285715,0.86585382,0.410256482,0.444444689,0.803571438,0.4,0.517857463,0.477064185,0.16237129,0.468354347,0.528090119,0.588235288,0.506023602,0.366666463,0.453703376,0.484536012,0.58,0.534482733,0.452830304,0.555555924,0.518987289,0.3287669,0.424242227,0.807947189,0.674418833,0.787878921,0.459523748,0.377300819,0.229508084,0.469387559,0.586854968,0.69,0.241071185,0.263158047,0.853293481,0.228070423,0.875000075,0.607476209,0.3333334,0.184615255,0.900000032,0.256756574,0.931297594,0.793103366,0.723076766,0.374999938,0.38028131,0.10144963,0.285714429,0.53125,0.781818147,0.372881512,0.578947568,0.569230571,0.40625,0.822085838,0.279569916,0.14942547,0.264705894,0.864516236,0.8620688,0.5,0.309091031,0.48554905,0.2999998,0.2037035,0.803191439,0.59999992,0.79999994,0.809524,0.163265484,0.801886943,0.42056105,0.218750091,0.641025641,0.529850682,0.678571632,0.532257887,0.770492054,0.521739035,0.870588235,0.755814002,0.344827524,0.750000025,0.85714285,0.636986397,0.526315695,0.852381002,0.6818185,0.0638297745,0.666666767,0.684210458,0.5714284,0.231579046,0.867549683,0.7608695,0.622222538,0.294117329,0.727272727,0.614583377
0.708333288,0.844444476,0.3999998,0.396226379,0.79999991,0.5000003,0.433333327,0.464285551,0.176630413,0.45945977,0.556818423,0.580644968,0.56521727,0.321428475,0.464646465,0.569892471,0.60784298,0.5,0.454545651,0.612903146,0.5569622,0.346153673,0.382352594,0.828357957,0.72093026,0.770270116,0.452054568,0.377483252,0.220339334,0.423076762,0.600939218,0.676470915,0.265957567,0.215384565,0.837278194,0.272727264,0.86046513,0.639639588,0.347826057,0.147058971,0.910798098,0.297297,0.92,0.745762529,0.790322853,0.322580835,0.388060378,0.119999848,0.192307542,0.5,0.769230769,0.395161381,0.64,0.564516482,0.4444443,0.834394875,0.2674421,0.148148252,0.25000005,0.849314836,0.8636365,0.511111249,0.380952343,0.479729818,0.285714314,0.176470318,0.809782731,0.607842882,0.833333333,0.804878141,0.195876441,0.809090989,0.424778627,0.233333247,0.635134818,0.5253167,0.641509308,0.54,0.740741056,0.636363727,0.864583241,0.789473963,0.428571429,0.739130487,0.855769275,0.636363613,0.454545236,0.86538462,0.592592615,0.0927836629,0.723404434,0.672413971,0.425531855,0.216980655,0.896774295,0.782608713,0.673913198,0.296296119,0.722891566,0.637362674
0.6875,0.792683017,0.4210528,0.431034498,0.765765826,0.516129042,0.384615385,0.410713931,0.171195561,0.463768265,0.558139756,0.542857163,0.613333084,0.3333333,0.47777773,0.630434559,0.606382782,0.541667008,0.490566391,0.604790461,0.6206895,0.363636364,0.414285949,0.860465173,0.718446483,0.770270116,0.492822977,0.368794431,0.178571325,0.413043289,0.650717365,0.70408197,0.235955635,0.171428434,0.792168517,0.269230812,0.813187019,0.622806804,0.36,0.180555664,0.911764699,0.28169,0.916666692,0.75409833,0.805969678,0.34375,0.38028169,0.1084338,0.153846208,0.588235229,0.698113508,0.458015678,0.65,0.532258506,0.3666665,0.864285801,0.272727245,0.133333113,0.305555517,0.841379471,0.884057693,0.521739109,0.426470744,0.533333359,0.24,0.173077087,0.836956963,0.555555278,0.846153762,0.75,0.240964055,0.830188655,0.415928953,0.240506252,0.63999972,0.518072504,0.709090858,0.568627512,0.793650794,0.666666667,0.868686895,0.805825262,0.4210524,0.780821834,0.877358545,0.640845018,0.388889278,0.893400945,0.60000004,0.0777777467,0.70212794,0.614034893,0.372092837,0.190476105,0.910958944,0.787234128,0.673913004,0.276595634,0.707864988,0.655172117
0.685714311,0.814814581,0.432432546,0.482758669,0.704918284,0.5,0.367647006,0.414414496,0.209677453,0.444444444,0.576470573,0.485714246,0.632911684,0.310344793,0.4810129,0.705882229,0.608246978,0.489362004,0.490740542,0.602484004,0.662920938,0.419753058,0.395061807,0.893805328,0.711538317,0.80000012,0.481131699,0.411347247,0.169491563,0.409091068,0.66375594,0.707547664,0.216216216,0.141025572,0.79705882,0.274509455,0.806451574,0.644067855,0.45,0.174603175,0.909803889,0.272727273,0.921874922,0.689655148,0.818181909,0.310344983,0.379746824,0.13,0.192307562,0.55,0.563636476,0.464285354,0.565217491,0.517241541,0.433333503,0.816176475,0.291666708,0.180555574,0.324324427,0.814814509,0.8630139,0.480769448,0.469135672,0.574802995,0.304347857,0.224138155,0.845238491,0.4814815,0.857142957,0.777777789,0.2317072,0.824074065,0.374999873,0.226666645,0.647058529,0.524390048,0.680850728,0.562500338,0.7931033,0.652173735,0.9,0.823529476,0.571428743,0.793103566,0.875000054,0.629370594,0.333333233,0.857894894,0.566666627,0.10465111,0.739130448,0.571428686,0.340908768,0.235294391,0.912162166,0.777777889,0.6888892,0.3,0.678571139,0.654321042
0.720930344,0.837837851,0.485714049,0.529411976,0.658333217,0.514285754,0.31645579,0.416666175,0.220339114,0.433962104,0.5277781,0.46666664,0.641975386,0.354838871,0.4929575,0.791208712,0.605504219,0.57446817,0.499999845,0.571428641,0.722222282,0.4691361,0.416666517,0.924528332,0.733333446,0.819444354,0.480582526,0.395161264,0.12903219,0.395348321,0.67889936,0.754901615,0.153846238,0.134146307,0.791925739,0.24390232,0.802325621,0.620689636,0.5,0.177419189,0.9116541,0.278688451,0.91240876,0.660377326,0.8125,0.333333433,0.402597362,0.127272631,0.296296367,0.589743436,0.516128997,0.488549637,0.49999995,0.491228058,0.483870755,0.804511239,0.292307629,0.231884222,0.317073054,0.829629531,0.846154,0.478261135,0.445783511,0.611111301,0.304347765,0.208955175,0.835616523,0.529411524,0.828947249,0.785714,0.272727173,0.8210528,0.401786062,0.260274078,0.6486485,0.493827502,0.7234042,0.5454548,0.775861733,0.684210537,0.9038461,0.831775749,0.565217348,0.838383916,0.884297615,0.573333627,0.210526442,0.828877006,0.56,0.135802532,0.7500002,0.509803847,0.34,0.216980917,0.919999995,0.811320774,0.6976746,0.40000002,0.639535056,0.691357716
0.6666668,0.819444336,0.472222506,0.571428443,0.621848882,0.567567641,0.266666653,0.388888848,0.243093935,0.489795653,0.507245848,0.407407404,0.686746931,0.5000002,0.470587871,0.785714264,0.533057909,0.544444344,0.517857083,0.548386596,0.74074079,0.465909119,0.4266668,0.941860488,0.6893205,0.752941251,0.455958124,0.382352737,0.106666575,0.509434506,0.685106848,0.766355138,0.130952535,0.12499985,0.743243446,0.351351411,0.80000012,0.646017498,0.571428657,0.212121085,0.918560624,0.320754917,0.88028175,0.647058994,0.877192825,0.264705874,0.380952624,0.137614602,0.314285883,0.631579095,0.474576125,0.511718744,0.5,0.462962722,0.411764676,0.788135548,0.277777683,0.219177822,0.285714286,0.820689536,0.823529465,0.452830279,0.458823721,0.649999874,0.28,0.194029845,0.841666693,0.563636825,0.782051235,0.765957494,0.264367509,0.827585969,0.401785594,0.2957745,0.6376812,0.493150347,0.714285643,0.565217187,0.789473447,0.631579126,0.9074074,0.83928577,0.565217348,0.857142923,0.878048809,0.544871729,0.32,0.826815565,0.607142896,0.158536527,0.782609009,0.5090904,0.38297897,0.19047657,0.91772162,0.833333233,0.736841947,0.461538285,0.629629204,0.733333173
0.717948659,0.791666579,0.5,0.5915495,0.595041196,0.611110956,0.269663269,0.342342433,0.218934749,0.456521646,0.447761231,0.370370385,0.645833113,0.517241352,0.475409818,0.858585928,0.576270725,0.554347866,0.537736045,0.496875,0.721649295,0.531645741,0.4400001,0.948052,0.651785689,0.736842247,0.472080885,0.346154056,0.0921053184,0.509434302,0.694323037,0.745454222,0.105882353,0.128712821,0.695035183,0.393939415,0.813333419,0.613208018,0.583333267,0.197183,0.922382643,0.272727209,0.876712392,0.666666833,0.872727336,0.2093022,0.436170195,0.136363717,0.3,0.694444231,0.354838448,0.532520536,0.44,0.473684158,0.535714279,0.794871884,0.38095219,0.2,0.277777833,0.844155796,0.809523576,0.363636509,0.488636451,0.658914454,0.35,0.175675518,0.841584117,0.59322041,0.764705965,0.686274455,0.289473442,0.84883727,0.412844085,0.28125,0.630768852,0.455882018,0.7333335,0.564102538,0.813559105,0.64,0.919642961,0.853448327,0.545454764,0.880733922,0.890625055,0.538961047,0.3333334,0.79999987,0.576923258,0.1875,0.727272764,0.468084719,0.431372686,0.171171105,0.903225814,0.819672356,0.75,0.55,0.616438615,0.719512416
0.675675738,0.776119357,0.5526314,0.558823565,0.573770713,0.65,0.229166708,0.333333287,0.223529295,0.545454327,0.519999952,0.310345069,0.656862714,0.607142975,0.46875,0.85576924,0.557522219,0.61224501,0.552083503,0.49657549,0.778761098,0.525,0.409638564,0.928571514,0.67889912,0.728260709,0.443396037,0.303278944,0.141176555,0.555555556,0.707048532,0.775862332,0.0823528918,0.12500006,0.65909125,0.5625,0.783132487,0.580952617,0.625000012,0.1830985,0.923728795,0.292682859,0.870967893,0.638298017,0.792452996,0.272727264,0.446601513,0.14754106,0.30232546,0.628571314,0.295081925,0.515504071,0.392857418,0.511110911,0.49999995,0.796296426,0.394736842,0.19696958,0.305555708,0.844311518,0.82954563,0.44262311,0.564706113,0.724409519,0.380952367,0.181817982,0.876404374,0.587301587,0.753623022,0.641509892,0.321839149,0.842696516,0.424528489,0.229507938,0.588235488,0.479452232,0.761904881,0.634146117,0.777777944,0.692307377,0.905982855,0.849557508,0.565217274,0.886956568,0.904761962,0.551948055,0.333333367,0.783068966,0.692307838,0.189873271,0.654545462,0.411764624,0.519230652,0.184465975,0.882716114,0.8125,0.709677258,0.55,0.614034707,0.716049185
0.742857377,0.762711856,0.484848539,0.513888694,0.562043703,0.648648589,0.217391757,0.326923362,0.204819205,0.5,0.470588147,0.483871006,0.669810841,0.645160994,0.483871339,0.855855872,0.5234375,0.614035093,0.522727275,0.461240303,0.780487799,0.519480516,0.475609248,0.854838798,0.690265548,0.697916209,0.403755579,0.263779436,0.139534758,0.615384585,0.737602896,0.766666506,0.0952383714,0.12,0.591666758,0.514285754,0.773809245,0.600000012,0.625000012,0.188406043,0.926910255,0.261904648,0.846666687,0.536585259,0.68888882,0.295454423,0.478261259,0.130434796,0.291666704,0.57575753,0.254237522,0.57086642,0.322580929,0.522727343,0.538461308,0.781249866,0.5526314,0.178082007,0.235294282,0.834355925,0.825581552,0.453125,0.645569506,0.719697163,0.272727055,0.183908216,0.872093113,0.606557125,0.7397261,0.629629704,0.295454848,0.836956382,0.41,0.214285593,0.597014781,0.464788768,0.761904786,0.666666833,0.745454649,0.689655355,0.917293217,0.851851864,0.551724248,0.901785785,0.915492962,0.565217406,0.36,0.768420782,0.6071426,0.223684367,0.641509228,0.425531745,0.596491121,0.201834989,0.865384588,0.871428649,0.678571521,0.538461554,0.631578968,0.702380549
0.696969688,0.771929851,0.538461169,0.526315642,0.522875778,0.735294126,0.20212766,0.296296294,0.19879502,0.447368242,0.478260983,0.53125,0.676723796,0.67567557,0.515151448,0.844660221,0.50000035,0.709090825,0.476190319,0.461239974,0.780487874,0.575342073,0.45679036,0.813559124,0.729729954,0.736842379,0.387850675,0.297619303,0.121951037,0.659574668,0.741735455,0.739837393,0.0860216172,0.121495342,0.570093686,0.588235165,0.820224516,0.615384686,0.615384285,0.184210655,0.923076886,0.2608699,0.844961156,0.486486443,0.684210337,0.226414868,0.535714297,0.114754035,0.288135669,0.527778147,0.214285614,0.616197151,0.303030252,0.589743436,0.535714286,0.80000002,0.65625,0.178081953,0.277777889,0.82692309,0.848837224,0.419354787,0.666666833,0.705426501,0.227272682,0.192771123,0.86301369,0.618181715,0.661972169,0.578947042,0.302325521,0.848101415,0.446602296,0.157894953,0.5373137,0.430555271,0.714285786,0.605263121,0.732142966,0.733333367,0.915384639,0.803921736,0.54838681,0.908333255,0.875000019,0.518797208,0.36,0.773480493,0.576923085,0.242424197,0.634614846,0.363636682,0.596491081,0.205882308,0.824324287,0.892856932,0.653845796,0.705882353,0.653061212,0.695652391
0.694444139,0.732142886,0.65,0.513157646,0.4999999,0.6904765,0.168316875,0.275229429,0.183431914,0.475,0.545454436,0.62068949,0.702381125,0.647058776,0.484375,0.863636352,0.528925446,0.702127779,0.56060628,0.426829155,0.752212449,0.641790815,0.432098486,0.788461385,0.731481358,0.74226798,0.356164236,0.297793934,0.1686748,0.680850791,0.763829773,0.731092783,0.076923,0.142857049,0.55,0.65,0.843749831,0.576087273,0.548386945,0.202702539,0.925806437,0.288461798,0.841269923,0.589743613,0.59375,0.20000028,0.611570554,0.112,0.275862007,0.558823668,0.183673663,0.621527392,0.3125,0.6,0.464285668,0.811111281,0.705882241,0.157894737,0.315789537,0.805755497,0.863636477,0.471428541,0.675675338,0.666666803,0.260869674,0.1785716,0.848484864,0.62,0.57971022,0.544117382,0.313953494,0.857142629,0.474747527,0.160714132,0.483870445,0.436619782,0.676470494,0.6875,0.737705,0.766666707,0.909090931,0.807339354,0.555555544,0.885245923,0.883871108,0.465116306,0.476190533,0.75581369,0.5652175,0.224138033,0.659574536,0.425,0.611110939,0.216981503,0.808823511,0.877777912,0.631579053,0.714285729,0.705882494,0.655172545
0.677419068,0.702127779,0.611111122,0.43478273,0.558281985,0.6818182,0.147058679,0.291262084,0.191082722,0.454545418,0.5714284,0.615384669,0.740601348,0.675675703,0.515151242,0.86,0.512,0.65,0.603174603,0.376984122,0.798076941,0.728571673,0.376811548,0.735849321,0.74,0.739583004,0.315789413,0.297793702,0.147727162,0.642856936,0.806034446,0.733333637,0.0843374506,0.141509374,0.545454636,0.658536659,0.855555629,0.537037215,0.482758714,0.168831218,0.929042835,0.315789405,0.848214274,0.65,0.482758355,0.184615311,0.666667293,0.108333333,0.253968254,0.56756757,0.235293818,0.64779874,0.243243446,0.657894532,0.448276066,0.822222329,0.75,0.161764816,0.382353162,0.794326077,0.851851615,0.470588224,0.739726044,0.644628016,0.269230946,0.179775432,0.875000325,0.571428771,0.5373137,0.586666717,0.333333167,0.872340362,0.478723244,0.148148074,0.455882118,0.420290248,0.677419426,0.578947,0.768115986,0.69999989,0.899159734,0.808695633,0.545454482,0.888059596,0.902597417,0.460937,0.409090945,0.809524021,0.46875,0.203703681,0.6666667,0.416666583,0.6666667,0.211538485,0.761194071,0.906976772,0.6666668,0.76,0.709091142,0.604395604
0.571428657,0.622222487,0.625,0.410714046,0.607362054,0.651162965,0.126315725,0.28,0.174825107,0.5357143,0.564516265,0.653846292,0.764492534,0.685714526,0.5441175,0.819148828,0.50000025,0.594594516,0.603448778,0.396,0.818181864,0.809523738,0.350000035,0.728813227,0.769231,0.7111112,0.308189765,0.339415836,0.144578386,0.685714231,0.803571547,0.736842124,0.0958902096,0.127659613,0.530612294,0.634146444,0.829787234,0.50434775,0.4,0.192307865,0.924437288,0.25000005,0.859649083,0.666666767,0.516128955,0.227272614,0.679738576,0.107142694,0.292307717,0.575,0.22,0.657575612,0.184210416,0.621621611,0.46875,0.840909216,0.814814833,0.1875,0.378378341,0.785714199,0.8235295,0.50000005,0.753424703,0.663793239,0.269231054,0.151162783,0.864406508,0.580645568,0.553846132,0.629629437,0.277777772,0.894736979,0.439024688,0.152542654,0.421875,0.4084505,0.65625,0.469387924,0.753424751,0.71875,0.904347855,0.801724084,0.586206983,0.90510953,0.91082797,0.427419033,0.478260717,0.791666358,0.3529413,0.215686094,0.575,0.388888811,0.679245404,0.282828072,0.710280416,0.90361439,0.608695657,0.785714243,0.7254905,0.4883724
0.4999999,0.611111078,0.545454673,0.474576088,0.625730631,0.59999992,0.141304486,0.263736311,0.162162143,0.444444556,0.589285771,0.558823521,0.810126646,0.65625,0.541666821,0.7727274,0.524999823,0.575757561,0.612903568,0.420454674,0.84545451,0.804347917,0.3125,0.696428718,0.789473642,0.73255804,0.303278832,0.389706132,0.155844125,0.741935455,0.820175547,0.73636359,0.12857139,0.14,0.546391354,0.594594597,0.8297872,0.529914548,0.29999983,0.226666755,0.931034388,0.258064426,0.903225954,0.674418702,0.444444611,0.215384486,0.67295612,0.120370341,0.3333335,0.595237738,0.2619045,0.642856819,0.19999996,0.621621673,0.433333217,0.84042558,0.814814852,0.1969695,0.405405324,0.77651522,0.865853787,0.51999966,0.749999925,0.649532429,0.259259256,0.109890054,0.897959,0.384615085,0.583333242,0.6666666,0.287670959,0.87,0.376470813,0.133333513,0.333333567,0.346666343,0.648648495,0.39999996,0.731707412,0.709677171,0.875,0.803921641,0.5483871,0.899328853,0.917197362,0.452991438,0.434782552,0.785714127,0.333333267,0.215686029,0.542857454,0.342856834,0.693877361,0.24,0.663636627,0.901234449,0.624999988,0.814814889,0.730769,0.49999975
0.404761924,0.5806452,0.466666687,0.5517242,0.630434934,0.5945945,0.142857,0.205128082,0.177852353,0.458333308,0.581818167,0.5,0.850574601,0.542857383,0.5000002,0.7499999,0.496,0.407407426,0.586206666,0.423387014,0.836363733,0.840909189,0.339285637,0.672413797,0.830769366,0.759036076,0.28627438,0.411765055,0.169014085,0.724138166,0.831896539,0.786324852,0.1230768,0.161290384,0.546511736,0.60000028,0.826530539,0.527272815,0.34375,0.2,0.943925288,0.225,0.925000032,0.704545123,0.366666693,0.189655381,0.670454434,0.132653273,0.355932508,0.627906902,0.2500001,0.660377223,0.205128285,0.678571493,0.321428443,0.878048951,0.807692342,0.151515,0.357142857,0.786821533,0.879518024,0.560000024,0.691358085,0.643518261,0.303030221,0.103092903,0.88,0.388889,0.56,0.663366452,0.3375,0.894230738,0.397260379,0.1,0.346153496,0.264706074,0.5789472,0.365079392,0.717948603,0.6666666,0.850746295,0.8,0.533333767,0.886792542,0.926380425,0.429906187,0.434782452,0.801104972,0.34,0.260869304,0.666666533,0.34375,0.673469231,0.254717385,0.574257434,0.870588248,0.545454436,0.827586017,0.745454622,0.480519481
0.35,0.580645284,0.5000002,0.568965172,0.644067998,0.580645042,0.1294117,0.202531519,0.179389079,0.5000002,0.54,0.379310086,0.842105282,0.594594519,0.4999999,0.7073174,0.465517107,0.448275521,0.584905785,0.426229211,0.842975223,0.837209367,0.346938861,0.7142857,0.830508219,0.806451558,0.296028921,0.460145029,0.183333473,0.625,0.846473072,0.807692247,0.161290281,0.172042962,0.533333313,0.5625,0.811881121,0.535433478,0.352941229,0.256410103,0.948170777,0.235955135,0.906976694,0.744186328,0.333333367,0.157894889,0.67213137,0.161290532,0.316666852,0.673912972,0.294117635,0.701298815,0.18918927,0.692307869,0.290322613,0.8846155,0.827585983,0.181818164,0.372093149,0.815573718,0.893333404,0.57534249,0.6875,0.629807442,0.3333333,0.0927836221,0.877550837,0.428571314,0.60000026,0.644230758,0.373333473,0.8854166,0.380952443,0.0952380381,0.3,0.222222189,0.621621473,0.282609104,0.755813978,0.62499995,0.838461515,0.758241682,0.513513608,0.898809562,0.950549412,0.419355216,0.458333217,0.803030385,0.3653848,0.311111056,0.689655207,0.285714229,0.666666733,0.252336496,0.527472475,0.841463605,0.541666737,0.870967574,0.714285414,0.469697288
0.25,0.576922858,0.466667227,0.607843282,0.679245596,0.55172399,0.131578974,0.194444697,0.180451036,0.380952467,0.612244971,0.275862283,0.851485154,0.558823488,0.442856866,0.613333591,0.504672705,0.363636318,0.589286,0.436975206,0.889763836,0.869047513,0.272727264,0.666666467,0.803278843,0.834951308,0.322916593,0.503703927,0.175438712,0.612903116,0.844262299,0.839160952,0.177419371,0.142857143,0.542056163,0.46875,0.79591812,0.530973105,0.333333233,0.250000025,0.954819248,0.235955258,0.899224686,0.755555578,0.384615431,0.134615487,0.680851443,0.190476224,0.301886372,0.729166637,0.321428464,0.703571411,0.195121778,0.653846296,0.285714043,0.885057246,0.766666737,0.207316966,0.386364061,0.804348008,0.8875,0.636363318,0.679012568,0.634259211,0.40625,0.0980390643,0.854166915,0.384615454,0.578947537,0.68,0.333333633,0.880434484,0.301886753,0.162162035,0.274509659,0.19999996,0.634146271,0.297468341,0.78260843,0.545454536,0.814393859,0.722222156,0.5,0.897727357,0.958549183,0.494117348,0.517241045,0.796296546,0.396552181,0.289473626,0.69999986,0.521739035,0.632653057,0.326923343,0.53409074,0.837209319,0.545454709,0.76,0.744186072,0.461538531
0.170731585,0.583333225,0.35,0.636363509,0.668874214,0.52,0.164556949,0.179104539,0.19343062,0.307692323,0.615384892,0.250000025,0.861111205,0.58333325,0.492307702,0.628205065,0.470588424,0.388888628,0.559321732,0.462264167,0.864661654,0.852272711,0.275,0.681818032,0.758064655,0.858490572,0.335714203,0.476190495,0.129629487,0.580645026,0.842307756,0.831081101,0.229507969,0.142857143,0.523364766,0.470588224,0.817204291,0.543859212,0.314285694,0.277777806,0.964809411,0.216981126,0.915493,0.8163264,0.35,0.211538415,0.698924978,0.192307596,0.340909225,0.755555676,0.314814783,0.738461606,0.1842106,0.625000062,0.25000015,0.914634274,0.739130304,0.259259263,0.441860288,0.790909081,0.9102565,0.661538329,0.628205165,0.649572667,0.441176568,0.0957447,0.822222222,0.428571371,0.545454618,0.677083229,0.34375,0.851063711,0.304347822,0.181818145,0.195652139,0.153846269,0.651162756,0.274390147,0.798912977,0.576922946,0.821138004,0.729508402,0.53125,0.894736902,0.965,0.55,0.529411635,0.785388012,0.390625,0.270270262,0.75,0.571428643,0.603773602,0.351648381,0.518072534,0.807228916,0.565217374,0.64,0.736842053,0.481481741
0.1666667,0.619047671,0.32,0.64912274,0.675675523,0.56,0.176470576,0.171428586,0.19202911,0.307692323,0.574468196,0.222222222,0.874458984,0.645161077,0.438596432,0.641975572,0.520833083,0.428571771,0.535714568,0.4999997,0.85314689,0.837209319,0.24324327,0.652777369,0.7384618,0.850000103,0.334482984,0.442622584,0.163265549,0.571428543,0.850574559,0.829932012,0.21875,0.178571475,0.518181853,0.49999995,0.78048788,0.543103416,0.275,0.279999596,0.96619719,0.201923023,0.911949661,0.792452938,0.386363323,0.234042647,0.70000007,0.234375,0.307692346,0.769230738,0.326530602,0.778626006,0.190476076,0.6666666,0.25000005,0.931507,0.695652113,0.265822813,0.4042552,0.782608817,0.9054055,0.69736877,0.5211265,0.669724645,0.50000005,0.112245,0.711111271,0.4375,0.419354858,0.676190238,0.342856866,0.848837209,0.277777828,0.184210526,0.204081757,0.137254727,0.625,0.263158026,0.826086822,0.5357143,0.793103338,0.771739286,0.513513303,0.894736849,0.975490211,0.588235347,0.486486495,0.784753362,0.408451,0.285714371,0.827586138,0.636363827,0.637930991,0.35714285,0.494118251,0.802468919,0.619047557,0.5384617,0.741935355,0.510203951
0.142856986,0.636363745,0.25,0.596153483,0.689285337,0.642857071,0.1999999,0.171052751,0.203571386,0.307692231,0.604166758,0.225,0.876032954,0.545454718,0.4313725,0.604651219,0.55,0.5,0.524590567,0.511628305,0.822695071,0.816091874,0.28125,0.6875,0.71875,0.881481544,0.388888881,0.487804701,0.18,0.513513457,0.83397677,0.852112641,0.278688467,0.214285607,0.517543982,0.473684,0.717647087,0.567567589,0.342105263,0.333333,0.975409849,0.168224169,0.920904012,0.758620345,0.351851876,0.319149,0.708571458,0.203125,0.24324337,0.7777776,0.326923533,0.81,0.238095238,0.678571457,0.230769331,0.932432466,0.708333333,0.28000008,0.395349,0.765306441,0.916666625,0.69736873,0.472972736,0.696969627,0.49999995,0.126213663,0.70454503,0.529411735,0.4,0.704761831,0.343283703,0.865853833,0.289473658,0.205128123,0.255813979,0.12,0.647058671,0.230769192,0.846153826,0.516129,0.779660584,0.76041676,0.5625,0.892857121,0.981481472,0.611940145,0.472222169,0.800925998,0.434782604,0.34375,0.793103341,0.65,0.607142964,0.3625,0.518987341,0.753086248,0.523809519,0.50000005,0.69999999,0.456521657
0.139534814,0.681818209,0.193548503,0.518518759,0.7014924,0.6666666,0.23214257,0.152777778,0.209219921,0.3571431,0.634615575,0.205128282,0.883064428,0.514285954,0.39999994,0.625000263,0.593750262,0.518518256,0.571428443,0.524390277,0.79999983,0.833333267,0.275862217,0.697916619,0.707692308,0.913043387,0.425926234,0.524999999,0.217391113,0.487179295,0.859437856,0.865248173,0.249999825,0.264705974,0.467213174,0.564102438,0.679999948,0.582523997,0.363636409,0.289854897,0.978494633,0.135135196,0.921348127,0.766666987,0.36,0.369565063,0.723926642,0.1875,0.270270316,0.741935432,0.346939008,0.849056648,0.212121058,0.529411953,0.2413796,0.893333425,0.7083332,0.283783415,0.42553177,0.758241782,0.904109729,0.73404298,0.478260426,0.749999795,0.53333336,0.138297955,0.590908718,0.5882355,0.3333336,0.723214271,0.333333133,0.8433734,0.270270216,0.228571246,0.250000125,0.142856986,0.67567557,0.2027025,0.874999838,0.5161291,0.736842023,0.7375,0.53125,0.90155436,0.9758454,0.630769148,0.441176624,0.787946519,0.5,0.323529468,0.727272609,0.684210463,0.637930864,0.411764959,0.55,0.7625,0.565217304,0.529411788,0.56,0.418604884
0.181818245,0.761904786,0.24242427,0.481481741,0.687500156,0.681817973,0.272727418,0.131579053,0.220279713,0.411764712,0.557691988,0.175,0.892116319,0.483870703,0.448979576,0.6292135,0.579439617,0.54901951,0.545454464,0.525640863,0.78260831,0.781609022,0.342857037,0.705356927,0.699999779,0.896774228,0.499999835,0.560975463,0.217391278,0.459459284,0.855967185,0.896103928,0.209677305,0.2676055,0.492063483,0.6285716,0.6478875,0.584269917,0.368421126,0.30000017,0.973684198,0.132743412,0.94475144,0.758620721,0.355555578,0.409091182,0.784810295,0.177419129,0.19999982,0.696969718,0.355555336,0.896226459,0.193548442,0.564102582,0.27118661,0.898734359,0.739130457,0.410447748,0.434782387,0.755319453,0.9014085,0.749999955,0.4999997,0.797872361,0.607142875,0.1477271,0.5816326,0.611111111,0.41666685,0.72,0.327868764,0.847058915,0.243902246,0.25000005,0.244898004,0.153846138,0.611110839,0.169014085,0.907216356,0.558823432,0.697248079,0.661764703,0.457142737,0.923076893,0.97,0.68333299,0.533333307,0.790393177,0.490909349,0.421052432,0.666666567,0.714285729,0.642857343,0.469697029,0.625000125,0.792207713,0.714285714,0.4736844,0.583333425,0.45945943
0.227272991,0.722222278,0.275862024,0.454545718,0.726277214,0.652174204,0.226415158,0.149425555,0.226950445,0.513513559,0.6,0.157894737,0.898374064,0.39999986,0.523809095,0.662650802,0.55,0.553571254,0.578946868,0.594594957,0.750000255,0.70000017,0.342856866,0.707964765,0.661016703,0.899328819,0.515384432,0.586776373,0.28260873,0.538461215,0.870535594,0.919463138,0.21875,0.301587411,0.488189055,0.685714274,0.582089875,0.614457893,0.333333667,0.351851676,0.973753313,0.127118696,0.947089878,0.772727195,0.333333533,0.523809633,0.841726501,0.166666567,0.235294229,0.580644926,0.418604542,0.907216291,0.205882459,0.536585683,0.232142586,0.890411078,0.736842095,0.451612735,0.384615492,0.797753161,0.925373145,0.760683751,0.465516953,0.7978723,0.68,0.195121717,0.49,0.631578726,0.48,0.687499888,0.245614202,0.850574479,0.268292534,0.375,0.204081939,0.186046381,0.5625,0.208333333,0.921348155,0.548386981,0.72448969,0.6025642,0.40000004,0.941747567,0.954545436,0.724137607,0.580644926,0.806603434,0.50000015,0.538461431,0.676470565,0.6842102,0.634615292,0.484375,0.666666433,0.848101233,0.761904786,0.512194863,0.592592515,0.416667075
0.234042553,0.7,0.206896659,0.363636518,0.70229017,0.684210479,0.250000175,0.17567557,0.258741025,0.571428514,0.472727242,0.131579053,0.897540995,0.4375,0.486486495,0.623655987,0.52525262,0.611111383,0.60000012,0.6666666,0.733333397,0.689655031,0.366666657,0.695652083,0.612903339,0.890322643,0.531342768,0.619047541,0.319149081,0.571428943,0.881057342,0.918918894,0.225806413,0.287878614,0.549618447,0.677419358,0.49999985,0.642857071,0.275,0.377358666,0.967418503,0.099999917,0.929729774,0.80000008,0.454545327,0.666666833,0.834586367,0.145833187,0.21875,0.566666683,0.5000005,0.900990045,0.230769285,0.581395474,0.269230838,0.875,0.65,0.490195796,0.37254891,0.795454773,0.892307735,0.776923275,0.481481433,0.779069866,0.692307869,0.247058774,0.462263677,0.619047557,0.44,0.706521605,0.310344814,0.837209416,0.285714143,0.41463428,0.175438742,0.194444522,0.666666467,0.194444483,0.940476048,0.4705883,0.659090959,0.666666767,0.5000001,0.955223889,0.950248758,0.769230508,0.5,0.7953487,0.555555311,0.5789474,0.676470532,0.7058825,0.586956735,0.508196808,0.720588324,0.833333267,0.727272891,0.595744519,0.517241497,0.424242439
0.266666347,0.619047657,0.214285736,0.351351381,0.703007319,0.666666367,0.309523779,0.183098592,0.306122424,0.52380971,0.407407585,0.108107978,0.909465014,0.357142693,0.488372149,0.600000294,0.473684453,0.690908584,0.650793651,0.706666712,0.669725095,0.655172741,0.464285946,0.731092572,0.606556964,0.90000008,0.56158411,0.616161555,0.301886772,0.641025421,0.882352928,0.895833318,0.233333283,0.309859,0.589927922,0.740740767,0.428571114,0.692307862,0.230769315,0.369565148,0.96596861,0.073394518,0.930232515,0.772727309,0.422222169,0.666666567,0.85611518,0.225,0.275862217,0.5000001,0.581395509,0.89215697,0.25,0.60000004,0.291666546,0.854838798,0.692307838,0.55,0.346938984,0.844444438,0.833333417,0.753731058,0.509090796,0.797297339,0.772727286,0.291139158,0.529411741,0.7,0.39130447,0.696628825,0.285714171,0.84931504,0.282051397,0.457143037,0.140625,0.161290355,0.666666467,0.161764803,0.910256464,0.375,0.678571386,0.638888881,0.484848388,0.96713612,0.951530572,0.74,0.428571343,0.81415926,0.604651081,0.588235535,0.65625,0.523809567,0.575,0.50000015,0.770491985,0.826666813,0.6842104,0.68,0.481481385,0.407407426
0.309523469,0.65,0.222222256,0.325,0.70000014,0.681818077,0.340909405,0.196969402,0.302816853,0.568181514,0.37500005,0.15,0.915254122,0.370370296,0.553191532,0.59999984,0.46739122,0.730769081,0.616666615,0.760000128,0.612244822,0.658227597,0.535714232,0.723577463,0.589285471,0.90173412,0.619658249,0.612245094,0.288461585,0.604651321,0.889830356,0.909090927,0.230769223,0.310810762,0.635714522,0.666666467,0.396825317,0.671052664,0.25000005,0.390244273,0.969151686,0.0540541016,0.919999942,0.822580694,0.446808911,0.60000016,0.867647071,0.25,0.23333334,0.466666733,0.547619,0.877550898,0.25,0.549019784,0.2916664,0.830188815,0.692307685,0.558823465,0.254901851,0.836538486,0.821428846,0.780822113,0.577778058,0.765625,0.772727432,0.333333167,0.454545318,0.65,0.423077262,0.721518761,0.311110893,0.848484939,0.275,0.46875,0.181818091,0.178571357,0.666666567,0.132353007,0.866666893,0.297297478,0.62962937,0.682927037,0.533333453,0.967741972,0.926470597,0.681817936,0.482758748,0.820276212,0.523809595,0.666666433,0.638888772,0.55,0.621621497,0.509433902,0.779660953,0.828947437,0.7500001,0.6739131,0.53333318,0.52
0.348837,0.7,0.269230688,0.3529414,0.73263874,0.666666633,0.365853812,0.196721159,0.308270462,0.589743436,0.339285736,0.145833156,0.932126696,0.50000025,0.567567497,0.629213574,0.416666933,0.755101822,0.660377332,0.810126681,0.580644971,0.625,0.5384612,0.756097527,0.586206993,0.873563056,0.64650525,0.656862798,0.306122792,0.55,0.897637706,0.888888947,0.28,0.333333567,0.647887542,0.676470559,0.353845971,0.729729892,0.230769162,0.342856763,0.965517251,0.0725806592,0.907975457,0.785714329,0.475,0.580644897,0.864661654,0.341463168,0.214285843,0.482758903,0.615384731,0.897727318,0.282051441,0.524589882,0.340909332,0.826087083,0.6666667,0.583333525,0.208333183,0.880734011,0.803278723,0.779999655,0.666666833,0.762711637,0.7499999,0.338983127,0.392156678,0.611111122,0.515151406,0.720588228,0.333333267,0.835616567,0.358974351,0.516128845,0.179104575,0.233333333,0.651163,0.135593378,0.842105121,0.358974551,0.506493605,0.702702789,0.49999995,0.974025993,0.895604362,0.688888982,0.516129048,0.833333397,0.435897331,0.684210389,0.583333042,0.409090868,0.6666666,0.472727095,0.746031746,0.8588236,0.629629641,0.638298017,0.59375,0.52
0.35,0.631578726,0.333333267,0.378378327,0.74632384,0.633802866,0.428571229,0.158730159,0.32031232,0.625,0.283018911,0.163265467,0.920791983,0.48,0.6,0.634146783,0.36046518,0.781818104,0.685185437,0.806818365,0.556962111,0.609756239,0.48,0.761904744,0.532258553,0.866666722,0.674666852,0.702970478,0.282608613,0.558139888,0.9151291,0.864864818,0.288888816,0.328766867,0.694444323,0.613636448,0.378787776,0.753246752,0.263158321,0.361111111,0.962779189,0.110169509,0.907407349,0.771929691,0.521739426,0.54716983,0.87121212,0.416666867,0.222222156,0.466666873,0.608695648,0.891304222,0.26190481,0.50000015,0.395348837,0.825,0.714285686,0.6216216,0.170731551,0.853211078,0.830769366,0.77622378,0.673913107,0.703703763,0.678571493,0.34,0.358490579,0.578947347,0.513513505,0.716980815,0.303030273,0.837838032,0.266666553,0.655172372,0.162162081,0.242424221,0.611111033,0.171875,0.847222237,0.395348679,0.525974142,0.731707366,0.551724134,0.975903618,0.892655319,0.731707466,0.5,0.838541696,0.5000001,0.728813236,0.53125,0.4,0.629629604,0.438596637,0.761904686,0.84883743,0.68,0.591836482,0.580644984,0.434782452
0.363636382,0.611111033,0.310345014,0.363636864,0.761538303,0.622950662,0.382978647,0.2033902,0.33064522,0.613636716,0.26,0.118644146,0.902325617,0.464285561,0.542857309,0.602564301,0.348314921,0.803921761,0.660377734,0.790697758,0.519480519,0.5802467,0.391304561,0.78378365,0.526315637,0.855346018,0.691905923,0.69892441,0.346153962,0.575,0.907849882,0.845637645,0.347826139,0.30136979,0.729166468,0.56,0.40000024,0.73972594,0.29824597,0.411764918,0.962311557,0.124999972,0.888235356,0.719298181,0.511111164,0.529411947,0.89285706,0.487179441,0.2,0.346153673,0.622222036,0.8736844,0.261904974,0.508197156,0.372092874,0.823529506,0.702702592,0.540540608,0.208333121,0.836363831,0.770270308,0.770992572,0.673913235,0.70212766,0.689655148,0.409091318,0.355932315,0.629629604,0.590909441,0.685185031,0.322580677,0.851351441,0.291666358,0.655172269,0.164383449,0.243243222,0.666666533,0.161290081,0.838235051,0.363636464,0.47945204,0.775509967,0.56666684,0.981132088,0.887573991,0.757575706,0.545454682,0.844085701,0.475,0.736841816,0.46875,0.391304426,0.615384554,0.440678027,0.775862012,0.773809764,0.689654986,0.534883647,0.636363591,0.4
0.3333333,0.666666733,0.4,0.3488372,0.76851818,0.696428566,0.355555236,0.230769415,0.32456177,0.571428829,0.26,0.1323531,0.87009792,0.48,0.578947253,0.632911357,0.337079097,0.789473558,0.714285571,0.763888729,0.521739222,0.525641153,0.374999875,0.811320933,0.508771795,0.86309519,0.706329453,0.724137831,0.34,0.581395767,0.919093825,0.847826007,0.326086998,0.315789474,0.779310049,0.509434104,0.402985479,0.728395054,0.322580529,0.46875,0.945454577,0.162162213,0.87777774,0.647058812,0.545454645,0.562499944,0.897810269,0.575,0.307692285,0.392857221,0.615384546,0.866666813,0.325581535,0.553846178,0.410256587,0.882352971,0.782608735,0.454545582,0.2115386,0.84,0.787878815,0.788617814,0.7083335,0.72549038,0.677419426,0.461538569,0.351851981,0.6,0.62,0.6,0.333333467,0.852941044,0.363636609,0.72,0.11999984,0.309523538,0.53125,0.196428279,0.818181818,0.394737,0.5125,0.844444476,0.545454527,0.982206407,0.899371029,0.6875,0.56666697,0.834356129,0.39534866,0.762711561,0.481481533,0.41666665,0.529411829,0.368421368,0.767857307,0.732143114,0.689655186,0.567567654,0.645161171,0.407407522
0.366666573,0.75,0.454545418,0.409090959,0.754717322,0.655171972,0.354166588,0.222221989,0.305555481,0.630435,0.232558216,0.186666337,0.862612738,0.6,0.615384631,0.630768978,0.345679235,0.842105163,0.672727335,0.739129983,0.53125,0.506666705,0.421052716,0.796116659,0.50000015,0.825,0.713032661,0.761904814,0.34,0.565217413,0.924050614,0.850746204,0.302325642,0.323529438,0.805755282,0.515625,0.450704275,0.71910034,0.3421054,0.361111075,0.940540586,0.199999916,0.86705201,0.659091036,0.5116278,0.525,0.894736821,0.581395358,0.304347878,0.444444511,0.62,0.857143,0.3409094,0.578125,0.382352818,0.8947368,0.781818125,0.351351411,0.28,0.857142714,0.79999996,0.789473549,0.679245036,0.698113409,0.666666567,0.46666704,0.318181868,0.6,0.604166763,0.568181757,0.4,0.835820913,0.38297837,0.714285729,0.159420377,0.275,0.514285949,0.2931036,0.8125,0.404761821,0.551401912,0.790697674,0.51612901,0.982078848,0.895424816,0.612902939,0.678571661,0.82911408,0.390243717,0.7999999,0.466666527,0.370370359,0.50000005,0.355932322,0.705882412,0.7,0.666666733,0.514285986,0.555555533,0.352941094
0.370370422,0.708333333,0.48,0.409090841,0.75,0.636363682,0.352941147,0.2093022,0.263635911,0.617021353,0.254901902,0.244185878,0.86383927,0.6,0.59999964,0.661016971,0.2857143,0.887096821,0.685185274,0.69999998,0.490196192,0.550724759,0.454545236,0.816326263,0.480769152,0.80120476,0.72454285,0.808219223,0.386363452,0.571428514,0.927215183,0.844961239,0.340908864,0.318181795,0.814516051,0.491525359,0.533333247,0.761467678,0.342857243,0.317072917,0.930882344,0.216666548,0.87215906,0.58,0.511111164,0.545454582,0.91129038,0.595238,0.44,0.53125,0.627450988,0.851351426,0.351351316,0.605634,0.363636455,0.805555556,0.779411622,0.289473568,0.272727218,0.838709694,0.791666537,0.803738441,0.7,0.73333334,0.631578947,0.482758314,0.292682876,0.678571525,0.634615265,0.50000015,0.34375,0.819444336,0.36,0.65,0.121621549,0.342856863,0.485714346,0.274509765,0.808219289,0.4222226,0.560344522,0.818181682,0.580645568,0.986206871,0.905797092,0.609756093,0.696969718,0.862745064,0.380952338,0.765625,0.357143029,0.4,0.571428443,0.306451245,0.72,0.6,0.633333317,0.547619271,0.538461715,0.388888944
0.307692254,0.6666666,0.423076873,0.372093149,0.752688049,0.672727467,0.326923038,0.217391178,0.254901814,0.692307708,0.2,0.26744164,0.86796534,0.545454545,0.638888961,0.655172472,0.266666593,0.865671594,0.730158657,0.698113779,0.533332707,0.492957754,0.45,0.81443273,0.450980206,0.780000058,0.745283567,0.861538586,0.409090968,0.595744923,0.924342171,0.855932132,0.418604735,0.323076894,0.834710827,0.444444311,0.580246942,0.785124007,0.383561653,0.326530641,0.91935474,0.283185832,0.88392853,0.565217157,0.536585383,0.625,0.910569123,0.595237798,0.36,0.555555422,0.631578911,0.9054055,0.305555417,0.59999984,0.351351376,0.7857145,0.80000006,0.236842011,0.230769438,0.860465172,0.828571431,0.829787098,0.688889044,0.707317154,0.642857257,0.52,0.325581395,0.741935274,0.70212754,0.448979765,0.451612519,0.842105279,0.309090707,0.6363635,0.101449539,0.289473626,0.46875,0.2884616,0.765431917,0.421052516,0.554687555,0.770833431,0.571428657,0.977198686,0.897637735,0.647058741,0.722222367,0.829113917,0.394736679,0.806451858,0.291666625,0.461538369,0.606060624,0.327272869,0.642857421,0.518518196,0.708333317,0.523809595,0.5434784,0.305555708
0.347826126,0.739130435,0.444444267,0.435897231,0.763441047,0.732142873,0.32,0.23404246,0.226414945,0.573770385,0.24999995,0.238636281,0.875510234,0.565217317,0.5555557,0.666666967,0.240740748,0.861538558,0.771428617,0.659090966,0.538461631,0.544303718,0.611110956,0.806818049,0.396226417,0.770833311,0.750684507,0.854545673,0.477272591,0.63461549,0.937499992,0.881355919,0.466666533,0.35593238,0.890909208,0.438596212,0.586206414,0.785185037,0.444444422,0.3,0.908450645,0.308510338,0.878787912,0.653061282,0.488889044,0.6129031,0.93103444,0.575,0.423076573,0.594594716,0.614034877,0.901234469,0.294117812,0.571428571,0.354838794,0.725,0.845237815,0.243902446,0.274509729,0.839505936,0.829268363,0.8000001,0.64,0.627907126,0.68888882,0.50000015,0.357142821,0.85,0.7272726,0.423076562,0.394737242,0.835443085,0.266666973,0.565217387,0.0895523821,0.216216308,0.407407426,0.26,0.743589797,0.410256464,0.576923087,0.795918384,0.575757503,0.9659864,0.86991871,0.63414649,0.651163035,0.83443705,0.410256487,0.818181818,0.176470729,0.461538454,0.555555467,0.288461898,0.629629541,0.445783277,0.708333346,0.5999998,0.511110702,0.230769192
0.304347939,0.740740693,0.48,0.487804788,0.690721693,0.68518518,0.25000015,0.260869617,0.215686249,0.564516031,0.245614104,0.311111024,0.878378334,0.565217404,0.583333258,0.666666767,0.24,0.855072101,0.727272655,0.757575682,0.545454636,0.474359,0.7,0.829545549,0.358490315,0.79861116,0.777311102,0.829787268,0.478260691,0.705882612,0.941176458,0.879310336,0.456521826,0.339285471,0.925233679,0.42553186,0.626506224,0.791666594,0.408450704,0.32,0.892307697,0.340909234,0.871345114,0.692307438,0.488889044,0.647058706,0.927927867,0.589743554,0.433333417,0.622222238,0.642856921,0.908045718,0.3,0.655172731,0.296296307,0.666666733,0.82558143,0.227272709,0.326086963,0.824324518,0.791209042,0.759493748,0.604166483,0.527777547,0.690476276,0.52,0.378378465,0.869565248,0.725,0.50000035,0.410256587,0.83333335,0.234375,0.5,0.0983605492,0.292682893,0.39999984,0.26,0.696202678,0.416666575,0.577181138,0.77083334,0.575757503,0.962585032,0.874074181,0.625,0.588235418,0.83116877,0.526315789,0.797101283,0.122449163,0.4285714,0.461538369,0.326530604,0.634615056,0.426966644,0.615384692,0.642857393,0.49999985,0.225
0.2,0.71875,0.407407367,0.571428729,0.676190175,0.71698116,0.26,0.275,0.168316887,0.561403163,0.24999995,0.373563251,0.872137339,0.592592656,0.527777925,0.68,0.232558,0.874999963,0.740740711,0.709677287,0.46875,0.493333399,0.761904786,0.843373431,0.346154065,0.804195613,0.79154935,0.78048768,0.348837079,0.75000015,0.953307359,0.904347786,0.442307712,0.4,0.928571425,0.454545755,0.675,0.758389261,0.432835754,0.260869296,0.880000027,0.392405182,0.886792459,0.685185117,0.49999995,0.638888808,0.926605443,0.571428414,0.551724124,0.638298055,0.581818093,0.896104,0.219511966,0.65517271,0.230769546,0.675,0.817073327,0.23913052,0.384615592,0.822784794,0.797979818,0.791044716,0.57777792,0.515151558,0.659090866,0.416666592,0.485714497,0.9807692,0.685714249,0.525423437,0.488372,0.821917871,0.225806368,0.5,0.111111089,0.282051313,0.5,0.264150591,0.662650737,0.428571457,0.560283752,0.74,0.647058371,0.962962994,0.854838766,0.604651042,0.620689552,0.823170798,0.621621535,0.782608287,0.140351088,0.444444311,0.444444333,0.318181841,0.654545535,0.373493961,0.56,0.68,0.431034398,0.268292568
0.242424294,0.757575755,0.370370359,0.588235265,0.637254778,0.6666668,0.269230892,0.315789211,0.138613953,0.518518519,0.210526421,0.376543023,0.883512554,0.5769233,0.482759059,0.659574472,0.184210563,0.884057646,0.730769427,0.71875,0.461538792,0.492957754,0.772727318,0.822784894,0.312499656,0.821192169,0.796657408,0.785714543,0.306122353,0.709677826,0.944444524,0.882352988,0.363636236,0.5000001,0.901098911,0.470588118,0.684931374,0.783216787,0.444444522,0.268292373,0.891089017,0.407407252,0.854545516,0.686274806,0.478261191,0.605263,0.902654812,0.53125,0.566666617,0.64,0.509090707,0.890244001,0.2,0.677966254,0.321428596,0.644444629,0.835443051,0.235293924,0.470588353,0.816091766,0.803571509,0.828571634,0.510638102,0.393939397,0.657894737,0.48,0.59375,0.981132104,0.657894874,0.466666987,0.461538015,0.831168934,0.1999998,0.583333325,0.190476171,0.382353047,0.628571274,0.254545825,0.632911343,0.382353085,0.610687264,0.708333242,0.685714437,0.963696376,0.857142971,0.581395033,0.580645197,0.839999876,0.564102482,0.797101122,0.152542563,0.461538454,0.472222058,0.342105195,0.604166681,0.305882284,0.555555489,0.655172107,0.423728922,0.292682805
0.243902198,0.7741935,0.304347748,0.5625,0.636364009,0.653846108,0.234375,0.230769192,0.1458336,0.475409723,0.193548184,0.395349121,0.88949269,0.548387252,0.5,0.642857257,0.228571277,0.885246062,0.729729865,0.709676955,0.478260861,0.5000003,0.652173904,0.805555497,0.291666275,0.79999993,0.798882722,0.68292691,0.262294974,0.770833038,0.928888952,0.909836028,0.388889156,0.59375,0.879120891,0.363636491,0.739725996,0.7443606,0.409836177,0.25,0.904255386,0.468354075,0.882716006,0.673913233,0.466666953,0.547618719,0.894309027,0.50000015,0.689655003,0.596153619,0.423076942,0.904761795,0.12,0.677966115,0.294117818,0.641509377,0.828947197,0.2,0.464285575,0.80219794,0.81451613,0.828947334,0.538461562,0.363636318,0.666666533,0.518518415,0.633333343,0.962963004,0.59999994,0.534483107,0.4615386,0.829268366,0.254901853,0.533333413,0.234375,0.382353047,0.5625,0.272727573,0.583332975,0.375,0.631578674,0.680851064,0.743589877,0.96308727,0.864406692,0.6666669,0.55223891,0.867403287,0.475,0.768115678,0.133333447,0.409090959,0.39999972,0.317072959,0.64,0.282051572,0.590908836,0.693548232,0.48214283,0.333333467
0.195652039,0.740740696,0.296296478,0.571428343,0.602040639,0.666666567,0.207546979,0.290322468,0.109890044,0.483333365,0.171875,0.36666671,0.875000032,0.5625,0.545454427,0.692307654,0.243243051,0.854545571,0.710526474,0.677418939,0.392857182,0.528571276,0.636363573,0.80000012,0.391304083,0.830985748,0.768116082,0.666666867,0.220588312,0.790540791,0.914414481,0.901639305,0.444444356,0.57575763,0.839079929,0.3333334,0.757575803,0.748147896,0.366666743,0.228571537,0.919075132,0.493670497,0.886666668,0.682927346,0.421052832,0.5,0.889830327,0.545454536,0.645161258,0.5490193,0.403846183,0.905882362,0.107142675,0.677966215,0.342105068,0.6363635,0.821917936,0.203389776,0.454545236,0.821052782,0.817460377,0.84415586,0.581818591,0.303030242,0.607142504,0.4999995,0.620689438,0.964912214,0.588235288,0.515625,0.50000005,0.857142771,0.309090731,0.542857163,0.304348396,0.325,0.5,0.3103452,0.631578647,0.4375,0.669173132,0.7333335,0.7727272,0.965397892,0.849557511,0.675,0.520548456,0.878453051,0.454545509,0.731343073,0.140625,0.3333333,0.342856937,0.289473684,0.612244816,0.225,0.666666733,0.7164178,0.490909145,0.288888773
0.207547025,0.74074067,0.266666647,0.6666666,0.591398063,0.578947626,0.188679,0.285714286,0.107527,0.464285754,0.181818164,0.382978968,0.8727273,0.53125,0.529411741,0.6666664,0.205128244,0.830188866,0.624999875,0.70000023,0.333333433,0.548387368,0.68,0.803571818,0.363636236,0.822695177,0.749235623,0.589743518,0.228571486,0.823529447,0.899082572,0.8842975,0.4285712,0.612903,0.827160165,0.3,0.73333336,0.727272607,0.388889194,0.25,0.919753032,0.513333365,0.893081904,0.692307785,0.405405384,0.454545064,0.888888847,0.645161258,0.65625,0.57446797,0.301886621,0.886076043,0.1267605,0.654545535,0.309523686,0.666666933,0.835616368,0.19999994,0.545454318,0.833333167,0.818181844,0.824324412,0.641509749,0.297297208,0.5833331,0.5000003,0.548387035,0.946428673,0.558823288,0.545453991,0.531915013,0.862068838,0.346938796,0.5,0.376812174,0.317072995,0.529412088,0.409836018,0.652777408,0.576922815,0.731342955,0.765957447,0.767441753,0.972027995,0.862385357,0.675,0.547945364,0.86666676,0.441860488,0.716417899,0.125,0.235294253,0.3055558,0.31428572,0.5581398,0.2125,0.535714507,0.761194043,0.456521737,0.302325521
0.2181816,0.72,0.307692331,0.6666667,0.569767114,0.589285866,0.155172476,0.25,0.10309299,0.444444456,0.227848054,0.41,0.874999916,0.4838708,0.538461469,0.647058676,0.216216251,0.77083334,0.595238002,0.714285743,0.222222267,0.50746264,0.538462092,0.767857477,0.439024227,0.797297168,0.753105645,0.588235306,0.236111076,0.852272941,0.876712378,0.853210968,0.480769271,0.586206707,0.825,0.208333262,0.648148294,0.73722606,0.294117576,0.269230708,0.936619756,0.548192581,0.905325473,0.684210126,0.419354332,0.476190348,0.886956539,0.612903145,0.731707466,0.5,0.203703663,0.819444264,0.0945945946,0.596491263,0.363636109,0.73333344,0.82051309,0.203389959,0.636363709,0.861386061,0.796747823,0.85,0.655738121,0.303030242,0.583333267,0.407407426,0.580645174,0.907407472,0.484848488,0.555555489,0.490195594,0.877777727,0.377358313,0.487179744,0.470587929,0.3023254,0.540540624,0.491525507,0.625,0.571428643,0.768656888,0.770833485,0.760869628,0.977941194,0.893617032,0.65116293,0.567567227,0.879999881,0.434782543,0.684615211,0.129032177,0.258064597,0.285714229,0.2894738,0.583333392,0.170731685,0.566666767,0.75,0.452381007,0.384615438
0.2181816,0.6,0.310344883,0.647058847,0.593023041,0.59375,0.166666717,0.304347957,0.0943396309,0.377777562,0.243589597,0.42718446,0.867208674,0.514285754,0.4473684,0.61290321,0.216215957,0.720930233,0.559139541,0.59375,0.263158,0.469697,0.50000015,0.723404311,0.466666613,0.82119212,0.713140945,0.6,0.207792266,0.868132,0.876106103,0.871287062,0.48,0.56,0.825,0.214285571,0.6724137,0.709923382,0.28,0.258064645,0.918518568,0.525641158,0.906666675,0.717948831,0.485714643,0.5000002,0.886792506,0.676470368,0.772727168,0.490196055,0.228070432,0.820895364,0.106666468,0.603174683,0.425,0.743589769,0.845070655,0.275862145,0.65,0.868687026,0.784482451,0.876543025,0.652777439,0.40000014,0.636363709,0.387096306,0.517241141,0.862745218,0.485714597,0.5,0.384615277,0.8888888,0.477272966,0.4545455,0.545454545,0.268292641,0.53125,0.475409528,0.596774035,0.6,0.781021898,0.84905677,0.745098098,0.978571413,0.891566243,0.625,0.586666783,0.8789808,0.4,0.639344684,0.140625,0.282051326,0.31428582,0.325,0.65,0.158536611,0.65625,0.771428823,0.3953488,0.45
0.222222,0.590909173,0.366666757,0.628571637,0.563218406,0.59375,0.123076812,0.291666758,0.103448283,0.386363723,0.246913777,0.412370994,0.89393947,0.515151458,0.432432259,0.50000005,0.230769031,0.692307615,0.561224707,0.636363491,0.288888613,0.507246443,0.4666666,0.634146324,0.565217343,0.798742063,0.689597661,0.558823521,0.19999978,0.867469827,0.850427389,0.86,0.50000015,0.571428657,0.792207792,0.1698111,0.6499998,0.699999841,0.232558,0.257142829,0.897637811,0.554216757,0.930069949,0.743589797,0.516128865,0.513513554,0.858585859,0.7105262,0.811320868,0.481481711,0.240740552,0.757575924,0.1447369,0.606557785,0.45,0.782608826,0.816666345,0.318181727,0.636363709,0.8958332,0.814159205,0.911111182,0.7125,0.342857071,0.541666583,0.419354448,0.5714285,0.756097802,0.428571314,0.520833448,0.355932251,0.873562913,0.604651321,0.351851881,0.595238219,0.227272823,0.425,0.538461323,0.609375,0.571428457,0.825174675,0.848484924,0.68627468,0.963636378,0.891304022,0.588235188,0.602941237,0.86842107,0.361702055,0.584906283,0.189655324,0.228571269,0.375,0.333333467,0.571428786,0.168539682,0.722222,0.760000028,0.375,0.414634173
0.214285464,0.571428557,0.41379281,0.61904731,0.569767143,0.634920608,0.145160985,0.318181936,0.0796460207,0.444444256,0.219511856,0.431578732,0.892156839,0.617647068,0.441176212,0.516128848,0.238095,0.645161213,0.580952279,0.57575743,0.2727274,0.493506444,0.483871152,0.522727209,0.57446777,0.813333317,0.676470591,0.482758507,0.216216165,0.858974414,0.833333317,0.831579183,0.465116321,0.608695713,0.776119379,0.172413862,0.625,0.728873073,0.261904631,0.3055558,0.874999946,0.557142676,0.907801345,0.736842095,0.515151512,0.48387091,0.824741982,0.809523862,0.803571584,0.450980345,0.214285464,0.75,0.142857143,0.622950511,0.5,0.833333417,0.822580776,0.344262569,0.681818277,0.821782047,0.831683231,0.909091009,0.639534936,0.361111428,0.64,0.40625,0.615385,0.690476121,0.46875,0.541666467,0.352940869,0.861702072,0.613636316,0.344827559,0.6666667,0.113636489,0.444444533,0.573771016,0.630769511,0.375000325,0.846715477,0.853658706,0.6923074,0.957407387,0.882352984,0.636363636,0.56338,0.867549594,0.418181649,0.4999999,0.245614204,0.216216195,0.354838829,0.363636382,0.638888636,0.163043784,0.675,0.769230923,0.428571643,0.425
0.269230712,0.52173923,0.39999996,0.565217083,0.623529,0.676923335,0.122807251,0.2608697,0.088,0.454545009,0.207316779,0.440860156,0.887559871,0.676470559,0.483870942,0.433333417,0.190476095,0.60000004,0.558558558,0.55172399,0.238095119,0.492753654,0.59375,0.512820605,0.5000001,0.80625,0.670124626,0.52,0.205882394,0.794520641,0.822033798,0.845237939,0.487179538,0.523809619,0.79999982,0.192982626,0.617647291,0.699999617,0.264705968,0.361111364,0.842105114,0.619468919,0.912408821,0.763157953,0.5625,0.605263158,0.846154,0.844444376,0.767857214,0.438596312,0.189655243,0.766666447,0.141176527,0.614034886,0.526315505,0.790697591,0.857142857,0.369863337,0.666666767,0.808510562,0.842696194,0.91,0.626506076,0.380952676,0.681818341,0.333333467,0.692307377,0.68888892,0.448276021,0.468084706,0.350000514,0.880208293,0.682926551,0.301587341,0.702702714,0.12,0.433333187,0.580645213,0.672131375,0.384615423,0.854014644,0.89772752,0.728813371,0.943181783,0.891891848,0.612902523,0.607594965,0.85443044,0.444444422,0.5340906,0.224490055,0.243902051,0.387096984,0.371428214,0.647058741,0.142857,0.65,0.779220701,0.45161279,0.425
0.355555407,0.541666729,0.46875,0.6,0.654761742,0.698412629,0.178571261,0.304347878,0.0869564478,0.5581396,0.238095329,0.436781525,0.903147727,0.696969718,0.4285714,0.428571386,0.133333307,0.485714346,0.572815419,0.535714379,0.25,0.5,0.53125,0.475,0.533333393,0.819355057,0.68565391,0.482758507,0.253520873,0.780822034,0.843373436,0.845237931,0.512195168,0.428571543,0.781818213,0.186440932,0.636363255,0.692982357,0.275862134,0.292682634,0.8220339,0.648437824,0.903703779,0.743589697,0.60000036,0.642857193,0.851351515,0.83720927,0.730769296,0.349207,0.19999992,0.7547172,0.15999978,0.625000288,0.625,0.775510157,0.873015886,0.34285684,0.517241245,0.802083379,0.868421079,0.914285763,0.670588734,0.405405424,0.652173839,0.25,0.6,0.688888789,0.466666613,0.428571271,0.318181808,0.881442994,0.707316937,0.222222056,0.722688748,0.16071398,0.482758469,0.583333033,0.709090945,0.37931021,0.856,0.893617037,0.703125,0.945833276,0.895161339,0.6,0.628205251,0.859060488,0.464285554,0.478260996,0.235293794,0.279069712,0.411764588,0.428571429,0.735293874,0.202381079,0.638888672,0.8243245,0.407407426,0.473684211
0.428571486,0.541666729,0.432432486,0.576270781,0.6666667,0.741935671,0.16,0.384615615,0.0932203697,0.552631511,0.240964048,0.373494101,0.898550781,0.717948687,0.416666792,0.433333417,0.155555509,0.470588376,0.642857071,0.60000002,0.263158105,0.491803493,0.518518567,0.365853902,0.558139391,0.85625,0.674008707,0.423076727,0.246376955,0.7397263,0.846303408,0.853333397,0.523809448,0.416666733,0.692307562,0.142857114,0.630137211,0.667721613,0.28125,0.261904474,0.826086924,0.656716079,0.900000022,0.676470726,0.6956522,0.739130396,0.85,0.775509967,0.734693965,0.354838787,0.192982626,0.7592595,0.168831169,0.59999976,0.666666667,0.811320811,0.854838973,0.346666808,0.484848294,0.826923021,0.885714366,0.921052523,0.681818482,0.416666233,0.521738935,0.25,0.592592656,0.674418667,0.448275876,0.4444444,0.279999808,0.873626441,0.675,0.1969695,0.726618853,0.155172507,0.49999995,0.578947363,0.727272655,0.375,0.881889815,0.894230773,0.71014489,0.930131052,0.88188974,0.6,0.698795251,0.860759541,0.4677417,0.5,0.245282774,0.204545436,0.5000001,0.428571343,0.727272736,0.253164528,0.636363618,0.802469059,0.416666683,0.529411924
0.487804698,0.434782639,0.454545582,0.618181662,0.70212766,0.761904686,0.176470235,0.565217348,0.117117068,0.594594757,0.197802198,0.3936168,0.906024125,0.790697716,0.4,0.448275755,0.191489362,0.470588182,0.707547286,0.606060524,0.314285657,0.481481452,0.576922985,0.408163237,0.621621524,0.886227579,0.694835499,0.250000125,0.241935321,0.710526142,0.85984856,0.840579448,0.525,0.3793103,0.60000006,0.1666668,0.615384938,0.653125,0.34375,0.25,0.790476298,0.655405489,0.901515201,0.606060503,0.692307738,0.8,0.833333583,0.764706153,0.723404311,0.366666943,0.196721041,0.750000225,0.186046474,0.5999996,0.652173722,0.792452872,0.79999962,0.402985318,0.49999985,0.859504203,0.90000006,0.917355426,0.719101069,0.371428937,0.56,0.30000002,0.5625,0.692307477,0.444444578,0.4285715,0.302631488,0.869318478,0.645161277,0.173913183,0.746575456,0.17543883,0.4285714,0.578947326,0.749999825,0.461539008,0.858267754,0.887850471,0.726027418,0.919431312,0.904411752,0.521739178,0.75,0.8238993,0.4626863,0.347826296,0.254545378,0.195121778,0.533333473,0.413793169,0.735293932,0.26666638,0.625,0.847058854,0.454545409,0.566666627
0.555555578,0.428571486,0.416666817,0.57407423,0.632653063,0.830508285,0.212765915,0.538461808,0.127272725,0.647058565,0.163265351,0.376237561,0.914519949,0.823529559,0.5,0.52,0.163265318,0.513513611,0.754902204,0.676470432,0.392857379,0.5,0.566666283,0.37735844,0.61111125,0.916666602,0.680364951,0.21739137,0.212120894,0.649350649,0.884328392,0.825396825,0.475,0.413793152,0.52,0.20754717,0.587301529,0.65,0.305555939,0.205128123,0.794643077,0.684210711,0.853658368,0.5862066,0.685185248,0.816666555,0.840909352,0.785714557,0.7173915,0.350000115,0.203125,0.8125001,0.173077095,0.568182189,0.68292731,0.818182036,0.754385625,0.391304691,0.4999998,0.887218045,0.891566265,0.912,0.703296889,0.315789663,0.6,0.250000025,0.5,0.684210489,0.461538577,0.448979755,0.333333133,0.861445728,0.625,0.176470665,0.784883653,0.218181709,0.571428643,0.507936505,0.7021276,0.45161289,0.801470564,0.885964888,0.731343227,0.889447204,0.903703629,0.476190381,0.7625,0.816567972,0.439394056,0.311110924,0.321428257,0.186046326,0.56,0.4375,0.80000006,0.246153748,0.625,0.831325335,0.52,0.566666783
0.689655293,0.482758607,0.305555425,0.537037037,0.595959677,0.803278782,0.243902171,0.56,0.126315739,0.617647259,0.120879109,0.3557694,0.925061463,0.830188647,0.521739191,0.5769233,0.124999888,0.55,0.77,0.685714249,0.32,0.48,0.551724103,0.346153835,0.636363618,0.929292947,0.67772499,0.24,0.253968254,0.675324675,0.894736939,0.825396825,0.57446837,0.39999994,0.478261191,0.2,0.616666607,0.66666615,0.424242439,0.19999986,0.778761129,0.707602268,0.865217384,0.538461654,0.648148183,0.779660886,0.882353075,0.773585042,0.704545359,0.328125,0.19696998,0.784313835,0.165217491,0.510638498,0.695652,0.785714593,0.763636429,0.315068432,0.538461423,0.90140851,0.914634249,0.908396853,0.719780456,0.305555631,0.612903077,0.388889,0.441176424,0.7,0.418604567,0.465116372,0.337837701,0.851190262,0.53333312,0.19999994,0.806629961,0.245282947,0.636363864,0.484848603,0.75,0.5,0.8013244,0.907563095,0.793650714,0.878306934,0.922535238,0.545454709,0.790697653,0.829268416,0.403225421,0.333333233,0.374999925,0.238095238,0.538461369,0.485714343,0.7500003,0.304687652,0.580644968,0.831460418,0.565217248,0.558823232
0.785714286,0.59999996,0.352941088,0.461538392,0.596153662,0.7499999,0.205882538,0.586206583,0.109755978,0.675675641,0.125000175,0.312499976,0.940051079,0.84999996,0.5,0.571428657,0.159091,0.590909077,0.841584028,0.717948631,0.347826061,0.4897958,0.483871303,0.388888717,0.6315788,0.95067271,0.699519595,0.181817964,0.276923049,0.566264877,0.918566723,0.846153938,0.591836786,0.444444522,0.454545464,0.229166492,0.573770672,0.60544191,0.488888853,0.222222333,0.775861929,0.714285857,0.858333229,0.583333367,0.692307592,0.76271168,0.903508563,0.76,0.702702581,0.317460386,0.259740282,0.784313892,0.166666692,0.46,0.705882641,0.758620597,0.721311521,0.358024572,0.565217487,0.928057574,0.9069768,0.896,0.78409107,0.214285629,0.545454618,0.380952405,0.4857141,0.8297872,0.441860533,0.452381062,0.333333433,0.787355998,0.4666666,0.181817982,0.825966799,0.2340426,0.590909318,0.430769129,0.736842158,0.516129055,0.771605218,0.902654891,0.78125,0.880368182,0.928571424,0.52,0.845237854,0.811428469,0.362069247,0.274509655,0.333333567,0.333333133,0.571428571,0.4999999,0.750000275,0.379310462,0.655172345,0.872340489,0.545454318,0.588235024
0.785714307,0.58064531,0.307692315,0.423077131,0.570093839,0.7586206,0.294117606,0.586206759,0.123287488,0.761904786,0.1249998,0.295454655,0.924317532,0.813559268,0.571428557,0.571428614,0.142857271,0.644444309,0.86607135,0.696969627,0.434782396,0.44,0.46666654,0.317460286,0.589743513,0.959107823,0.726851875,0.318181755,0.285714186,0.576470642,0.933993386,0.859648942,0.63265291,0.41379311,0.4999997,0.229166231,0.566666373,0.595237673,0.5,0.297297349,0.752577323,0.742331243,0.853658339,0.576923258,0.673469294,0.777777422,0.905511959,0.695652291,0.676470629,0.278688367,0.29729733,0.764706035,0.152671875,0.489795657,0.796875,0.750000275,0.622951011,0.3333333,0.630434874,0.944785332,0.911764683,0.876922989,0.795180723,0.263158105,0.533333527,0.3333332,0.432432473,0.830188713,0.4285713,0.4571431,0.3333335,0.777173626,0.515151403,0.171875,0.803977351,0.309523848,0.590909082,0.4375,0.694444353,0.49999965,0.754385739,0.88181822,0.762711661,0.866459601,0.921985816,0.517241286,0.839080164,0.781976789,0.43333361,0.244898227,0.307692569,0.306122869,0.45,0.433333273,0.765625,0.416666692,0.685714437,0.86597906,0.541666629,0.676470297
0.777777744,0.564102526,0.31707308,0.313725394,0.571428856,0.740740667,0.3333333,0.580645152,0.117647112,0.733333387,0.126437111,0.306034558,0.938106818,0.796610042,0.578947284,0.64,0.177777636,0.68292672,0.871794943,0.631579,0.5000003,0.386363555,0.53125,0.275,0.542857246,0.964912296,0.737209034,0.464285714,0.22,0.563218613,0.936305728,0.9056605,0.653846208,0.375,0.471697913,0.293103495,0.590163682,0.554545533,0.472727505,0.297297378,0.80208314,0.759493726,0.854700956,0.6,0.64,0.770270423,0.925925947,0.651163,0.676470791,0.305084934,0.352941124,0.782608735,0.146341528,0.541667017,0.819148954,0.695652178,0.657534592,0.342465895,0.695652291,0.935672534,0.905982916,0.876811485,0.802325542,0.3157894,0.517241245,0.3125,0.45945963,0.759259259,0.466667087,0.464285714,0.319444604,0.725274508,0.486486346,0.164179218,0.802777676,0.384615377,0.647058676,0.406779397,0.675,0.39999976,0.744444001,0.913461499,0.681818145,0.873376536,0.909090873,0.514285691,0.8625,0.791176422,0.393939679,0.260869378,0.298246149,0.309090969,0.41666675,0.370370322,0.753622897,0.449999665,0.707317295,0.887754866,0.49999995,0.705882206
0.7499999,0.583333283,0.214285607,0.245614226,0.534653336,0.666666567,0.43333336,0.49999995,0.133333447,0.76,0.1466664,0.345528476,0.922222218,0.81666651,0.545454636,0.636363745,0.133333173,0.675,0.860869523,0.6052632,0.50000055,0.340909002,0.5625,0.2682925,0.513513354,0.97979801,0.730158934,0.482758459,0.272727191,0.575,0.932024199,0.891304435,0.685185185,0.388888906,0.479166888,0.266666813,0.573770774,0.539215933,0.53448284,0.3,0.813725537,0.790540346,0.863636486,0.629629689,0.653061039,0.7875,0.944827567,0.674418637,0.645161029,0.314814883,0.379310248,0.829268515,0.161290205,0.647059088,0.829787217,0.681818141,0.657534297,0.310810469,0.704545459,0.946428535,0.892561911,0.851351483,0.8000001,0.39999992,0.50000015,0.325,0.441860167,0.685185343,0.465116386,0.538461669,0.328358267,0.719100872,0.447368311,0.183333453,0.779411782,0.322580432,0.611110756,0.466666353,0.611111094,0.333333267,0.741935645,0.911764758,0.690141155,0.857142854,0.9172932,0.444444644,0.894117721,0.793939515,0.461538469,0.260869378,0.258620771,0.387754829,0.458333425,0.3333332,0.764705771,0.46666636,0.688889076,0.9,0.49999985,0.694444261
0.8333332,0.594594538,0.162790665,0.213114464,0.505376547,0.612244794,0.55172419,0.49999995,0.191489247,0.763636411,0.171428314,0.437984827,0.935323364,0.815384708,0.611110878,0.555555489,0.153846069,0.6666665,0.888888922,0.692307654,0.523809467,0.302325521,0.54838691,0.256097351,0.571428386,0.977564072,0.747474748,0.64,0.256410277,0.575757288,0.939481297,0.933333333,0.749999825,0.371428586,0.50000015,0.262294705,0.492063394,0.476744129,0.542372792,0.292683051,0.808080938,0.79999982,0.834951393,0.607142857,0.6666667,0.808510619,0.955413986,0.720930316,0.6000002,0.333333467,0.45054946,0.756756754,0.175000006,0.7454542,0.827272743,0.65909083,0.6625,0.3125,0.743589772,0.938888867,0.882812523,0.821655853,0.83908028,0.235294118,0.478260809,0.3414632,0.395833042,0.593219922,0.447368332,0.461538485,0.31147548,0.732558414,0.463414717,0.185185093,0.762195142,0.28,0.5294115,0.41269843,0.575757688,0.3,0.740331791,0.901960693,0.717948703,0.859060358,0.896825388,0.432432432,0.879518036,0.819620352,0.509090807,0.304347774,0.262294821,0.441860088,0.476190433,0.444444378,0.730159,0.516666842,0.708333542,0.895833125,0.444444356,0.666666633
0.7083332,0.594594616,0.1578948,0.153846031,0.5555556,0.566037936,0.642856943,0.535714286,0.255813749,0.766666393,0.194444464,0.525735545,0.930348313,0.786885351,0.529411765,0.578947347,0.152173815,0.666666633,0.896,0.7234042,0.538461092,0.25000005,0.6153846,0.261905048,0.545454464,0.96763754,0.719806823,0.676470426,0.277778,0.538461669,0.939655181,0.926829356,0.721311744,0.387096755,0.581395284,0.280701975,0.491803451,0.452941026,0.568965345,0.333333233,0.830188605,0.816176602,0.846938546,0.484848594,0.704545341,0.825242696,0.949044537,0.65,0.611111094,0.328125,0.494505496,0.666666667,0.162162183,0.789473663,0.82031241,0.6666667,0.686666712,0.3333331,0.825,0.92777777,0.880952416,0.835526301,0.9021739,0.294117647,0.50000005,0.352941118,0.446808421,0.606060682,0.421052547,0.434782496,0.349999695,0.714285957,0.40000018,0.1777776,0.768292496,0.380952405,0.3,0.372881064,0.481481537,0.324324395,0.755555222,0.868421059,0.717948815,0.874999957,0.904411706,0.439024351,0.885057403,0.846590874,0.46,0.340909264,0.25,0.489361796,0.523809519,0.50000005,0.779660654,0.5555556,0.739130465,0.909091,0.482758559,0.676470559
0.62499995,0.567567554,0.228571269,0.136363486,0.529411841,0.520833373,0.695651983,0.517241338,0.227272832,0.774193539,0.236842105,0.544217834,0.937649856,0.7962965,0.555555556,0.5555556,0.195652041,0.676470659,0.895104948,0.769230785,0.50000015,0.21875,0.64285725,0.280000024,0.4827589,0.960784315,0.733031851,0.696969718,0.323529341,0.551723945,0.940340872,0.857142786,0.757575782,0.459459422,0.714285529,0.2765958,0.491525558,0.523809733,0.543859554,0.309523879,0.872727286,0.795454516,0.853932358,0.454545573,0.682926973,0.830357329,0.940789497,0.595238057,0.540540478,0.379310334,0.542168566,0.620689324,0.179245224,0.838709719,0.855072408,0.739130574,0.737805243,0.391891853,0.805555517,0.926470702,0.901515145,0.858108142,0.894230735,0.222222267,0.535714193,0.312499925,0.5,0.57575723,0.472221928,0.409090845,0.333333567,0.753086399,0.42424227,0.191489477,0.755952179,0.3333334,0.30434807,0.40000022,0.454545573,0.3,0.736263947,0.875000025,0.666666667,0.88,0.900763275,0.444444489,0.884210565,0.892655391,0.512195215,0.315789663,0.196428302,0.380952424,0.555555578,0.44,0.818181964,0.609375,0.772726986,0.918604651,0.558823232,0.709677374
0.590909073,0.514285406,0.210526316,0.119999824,0.493976253,0.52272743,0.75,0.5000001,0.26666672,0.809523729,0.276315817,0.583892813,0.935251846,0.814815019,0.473684411,0.555555689,0.1702128,0.612902939,0.902597387,0.730769146,0.392857086,0.233333533,0.6249999,0.230769054,0.454545573,0.960992916,0.748858562,0.636363718,0.428571314,0.52,0.946902703,0.785714307,0.725806373,0.4999997,0.769230662,0.27906974,0.484375,0.58064509,0.438596374,0.282051413,0.885964904,0.766917247,0.8390802,0.384615431,0.666666667,0.842105066,0.919540165,0.578947316,0.552631489,0.40625,0.5280894,0.586206766,0.160714266,0.866666653,0.852349047,0.76595754,0.765060153,0.3866668,0.7647058,0.926724159,0.895522332,0.853333378,0.891891977,0.294117647,0.588235288,0.340908961,0.56,0.5625,0.421052463,0.409090682,0.393939679,0.821428346,0.388889044,0.170731554,0.755681903,0.363636273,0.370370433,0.392857,0.357142857,0.266666553,0.765625295,0.889763869,0.670731738,0.904,0.887218068,0.431817841,0.868686782,0.904522444,0.609756327,0.365853602,0.196721177,0.365853366,0.476190529,0.4,0.818181745,0.573770744,0.750000175,0.942528534,0.551724159,0.793103403
0.5000002,0.441176644,0.216216295,0.125,0.44943809,0.488372098,0.727272891,0.533333367,0.255319149,0.80000028,0.315068532,0.597484723,0.943902481,0.764706206,0.444444733,0.5263158,0.243902249,0.666666767,0.916666702,0.745454549,0.407407426,0.333333433,0.68,0.219178275,0.352941294,0.962962976,0.761682356,0.625,0.461538685,0.46,0.947521874,0.785714021,0.738461643,0.538461323,0.794871882,0.297297308,0.491525854,0.666666533,0.428571429,0.266666653,0.89166663,0.744680851,0.786666657,0.4,0.666667033,0.869565089,0.914634262,0.594594676,0.485714494,0.409090959,0.5,0.545454482,0.179487215,0.862068952,0.842105266,0.7499999,0.782353061,0.4000002,0.6944443,0.935344877,0.897260314,0.872483278,0.913793071,0.318181755,0.65625,0.333333367,0.59649124,0.476923429,0.425,0.416666775,0.406779553,0.797468277,0.34375,0.205127959,0.755813913,0.4444444,0.407407485,0.433962177,0.444444467,0.282608754,0.787634303,0.897810259,0.697368239,0.902438985,0.874999875,0.435897392,0.85,0.915178498,0.7105262,0.428571529,0.207547332,0.444444444,0.588235294,0.5,0.837837719,0.634920671,0.697674449,0.915662583,0.571428529,0.821428464
0.521738943,0.46875,0.195121815,0.141025542,0.466666993,0.454545527,0.625000062,0.482758503,0.249999875,0.803278744,0.365853793,0.638036358,0.950372149,0.728813171,0.473684505,0.49999995,0.317073227,0.583333158,0.923566774,0.728813536,0.413793248,0.322580732,0.565217361,0.228571437,0.32258051,0.959854012,0.726457478,0.470588312,0.558823321,0.408163337,0.95426832,0.7,0.721311644,0.566037783,0.795454623,0.379310334,0.482142804,0.757894803,0.39999996,0.29999999,0.904,0.70078745,0.782608357,0.358974423,0.658536622,0.895238165,0.926136479,0.615384731,0.46875,0.37288169,0.481928104,0.4285715,0.137254858,0.890625,0.863013713,0.738095238,0.775641074,0.482352741,0.641025656,0.926229547,0.90131582,0.883871075,0.922480541,0.304347887,0.676470491,0.3,0.631579189,0.409091164,0.375,0.470588235,0.5,0.785713964,0.366666793,0.225,0.7484844,0.457142809,0.448275697,0.437499919,0.357142693,0.245614349,0.802439359,0.931506845,0.706666924,0.935185197,0.846774216,0.416666583,0.794392438,0.928571424,0.771428509,0.46875,0.264150938,0.4999995,0.55,0.4999998,0.793103238,0.677965897,0.628571489,0.901099,0.517241545,0.777777744
0.44,0.545454482,0.195121815,0.171428451,0.458333225,0.428571243,0.624999913,0.5384617,0.224489978,0.822580711,0.402438862,0.652173675,0.963414634,0.741935819,0.454545464,0.466666333,0.367346906,0.482758803,0.931818264,0.777777944,0.375,0.392857182,0.580645177,0.238806048,0.352941188,0.955719554,0.748878957,0.49999985,0.594594819,0.425531915,0.942491986,0.736842163,0.754385772,0.568965745,0.78,0.3333334,0.436363375,0.803571507,0.387096377,0.391304539,0.918699203,0.637930792,0.7777777,0.285714357,0.6976746,0.895238123,0.933701661,0.621621811,0.5625,0.36,0.4125,0.4,0.149532701,0.876923065,0.866241896,0.73333344,0.781690305,0.476744062,0.609755871,0.929752069,0.929032425,0.92073175,0.911764686,0.304347826,0.725,0.256410328,0.672727104,0.379310352,0.317073085,0.409090723,0.516129252,0.819277018,0.428571443,0.285714171,0.751572057,0.555555622,0.515151658,0.428571386,0.392856839,0.272727182,0.822966568,0.919463102,0.683544342,0.925233685,0.854838844,0.470588165,0.7247702,0.943262372,0.846153846,0.461538785,0.285714443,0.52,0.545454591,0.4736842,0.80000006,0.672727371,0.636363582,0.886597823,0.518518456,0.7500001
0.333333433,0.535714154,0.19999988,0.174603157,0.410713826,0.363636355,0.629629604,0.517241245,0.183673508,0.844827524,0.473333479,0.66875,0.965940018,0.777777778,0.391304326,0.55,0.431372343,0.514285846,0.915254266,0.72857141,0.423077458,0.423076631,0.59375,0.21875,0.333333367,0.972868195,0.768181685,0.461538377,0.552631689,0.5142859,0.932203399,0.7213113,0.80000014,0.596491344,0.816326492,0.44,0.418181535,0.81981977,0.338982895,0.41666655,0.904,0.619469256,0.746031671,0.255813953,0.717391543,0.91,0.926966276,0.59999994,0.7,0.434782243,0.388235155,0.346153604,0.191919254,0.838709719,0.862745212,0.764706035,0.70000002,0.518987011,0.590909,0.938053094,0.944099303,0.900552468,0.903703749,0.391304248,0.731707478,0.228571369,0.797101161,0.406780078,0.333333233,0.36,0.566666503,0.797297542,0.439024259,0.303030282,0.762069217,0.586956776,0.552631758,0.4000002,0.454545327,0.242857021,0.851351482,0.929936317,0.7,0.923076917,0.865546201,0.4375,0.725806272,0.947735156,0.804878024,0.478261004,0.217391191,0.57446817,0.416666692,0.444444244,0.851851881,0.654545665,0.571428471,0.868132,0.5,0.782608652
0.409090664,0.421052747,0.263158053,0.178571214,0.386792233,0.352941394,0.607142975,0.458333371,0.185185074,0.865384581,0.5000001,0.668874019,0.970833323,0.758064973,0.39999996,0.413043748,0.488889,0.435897431,0.932203439,0.7105264,0.354838635,0.428571386,0.575757545,0.19999982,0.425,0.963709637,0.769230781,0.3448278,0.571428586,0.5000002,0.925266839,0.754098626,0.807017493,0.580645581,0.816666628,0.535714379,0.415094315,0.848214318,0.333333433,0.36,0.914062457,0.587155847,0.753846251,0.28260897,0.738095343,0.872340387,0.916201107,0.60000012,0.717948703,0.466666727,0.337349134,0.291666725,0.185185286,0.783333143,0.854430465,0.725490208,0.693548469,0.51428576,0.641509442,0.94117651,0.95,0.896551639,0.915384584,0.478260765,0.785714457,0.2,0.861111014,0.428571229,0.305555547,0.370370396,0.574073715,0.767123314,0.35,0.325,0.759398504,0.596153381,0.555555622,0.375,0.454545373,0.214286007,0.858921219,0.934210474,0.675,0.912280633,0.855931927,0.482758614,0.711864191,0.947882708,0.840909164,0.478260809,0.195652041,0.612244894,0.423076969,0.368421074,0.862068869,0.6607145,0.615384608,0.861386048,0.454545491,0.739130483
0.541666721,0.4,0.282051397,0.192982626,0.417391063,0.272727291,0.521739235,0.416666692,0.138461428,0.846153654,0.559210376,0.683098326,0.979938275,0.769230908,0.419354848,0.352941229,0.575,0.388888961,0.910614505,0.724637548,0.379310234,0.423076915,0.580644884,0.203703602,0.431818386,0.955823298,0.802197826,0.444444556,0.571428371,0.41666665,0.920415253,0.770492031,0.792452938,0.525423864,0.814814833,0.540540562,0.372881039,0.876288462,0.339285773,0.448275679,0.915384678,0.554347901,0.771929568,0.266666467,0.702702651,0.881720395,0.94545454,0.581395291,0.80000002,0.571428786,0.282352711,0.291666638,0.198019761,0.72413811,0.878980925,0.754716725,0.686566937,0.4776116,0.678571286,0.938144213,0.94375,0.892857124,0.888059625,0.576922942,0.790697653,0.225,0.829268566,0.425925998,0.357143107,0.444444411,0.583333275,0.753622649,0.361111092,0.428571286,0.744,0.581818558,0.566666867,0.447368311,0.564102595,0.177083665,0.862069019,0.924242443,0.658823405,0.938931296,0.831932924,0.363636455,0.736,0.971428567,0.853658583,0.521738935,0.187499863,0.586206872,0.413793117,0.368420926,0.8333334,0.642857143,0.629629578,0.854166544,0.472222211,0.545454527
0.52,0.521739039,0.363636418,0.19999984,0.394231136,0.2857143,0.50000005,0.541666638,0.089552309,0.826087083,0.593406575,0.66279072,0.984567898,0.794117318,0.419354874,0.310344907,0.565217426,0.416666833,0.89999999,0.686567257,0.428571343,0.481481337,0.571428343,0.212766043,0.454545636,0.960526346,0.824858678,0.516129352,0.527777836,0.463414471,0.915708674,0.766666763,0.74509812,0.471698353,0.830188815,0.615384608,0.34375,0.893203822,0.412698413,0.413792959,0.916030565,0.609195134,0.792453,0.255813823,0.658536629,0.867469853,0.951219569,0.595238279,0.8000001,0.472222128,0.284090442,0.333333267,0.234694017,0.6428572,0.884393056,0.807692338,0.737705169,0.436363605,0.733333107,0.930481256,0.93373492,0.903614381,0.872340426,0.571428471,0.787233957,0.236842058,0.853932373,0.442307746,0.173913148,0.5000001,0.636363609,0.676470356,0.361110911,0.511627907,0.793103367,0.526315889,0.59999984,0.472222264,0.634146224,0.193877564,0.842436851,0.900826508,0.651162465,0.936170187,0.821428629,0.4375,0.772726993,0.972049708,0.833333267,0.55,0.20370358,0.583332967,0.444444478,0.4375,0.902439093,0.672131369,0.72,0.818181827,0.486486451,0.461538246
0.538461531,0.6249997,0.275862217,0.203703539,0.358407021,0.351351416,0.571428643,0.434782596,0.123287662,0.853658698,0.604166479,0.606557357,0.989510487,0.784615471,0.40000018,0.345454173,0.589743754,0.342105195,0.905325489,0.646153929,0.478261117,0.45,0.607142975,0.25000035,0.39999974,0.958333332,0.84615384,0.558823712,0.425,0.475,0.906250017,0.7333333,0.708333196,0.372548773,0.843137369,0.617021353,0.313432643,0.882352924,0.428571386,0.448276045,0.893129694,0.604651242,0.728813119,0.2777777,0.621621573,0.873239437,0.947368408,0.711538473,0.784313835,0.53125,0.285714071,0.277777944,0.217821749,0.634615192,0.877906989,0.78571445,0.709677555,0.446428655,0.730158657,0.937853086,0.926966172,0.91954025,0.880503156,0.538461308,0.769230792,0.270833227,0.852272882,0.433962364,0.25,0.515151409,0.65116286,0.623187788,0.358974379,0.547619129,0.798165047,0.555555433,0.555555567,0.46875,0.574468085,0.2258067,0.829059918,0.869565161,0.659091064,0.928104632,0.82407395,0.405405443,0.800000168,0.964391649,0.771428631,0.4285715,0.160714048,0.639344256,0.44,0.476190476,0.94827581,0.642857079,0.730769481,0.862068641,0.510638298,0.4482761
0.44,0.6249997,0.294117829,0.258621029,0.338982895,0.351351416,0.590909277,0.4285715,0.140845,0.7714288,0.606383157,0.574803208,0.986254293,0.806451584,0.41379301,0.3333331,0.595238338,0.394736763,0.907975582,0.580645432,0.523809467,0.49999985,0.642857186,0.307692446,0.355932137,0.950495029,0.841176391,0.6071429,0.421052463,0.486486395,0.911627876,0.750000075,0.615384308,0.365384181,0.836734682,0.6666669,0.298507281,0.887755067,0.4461534,0.433332887,0.900826458,0.629629633,0.706896171,0.224489778,0.647058706,0.818181818,0.944055892,0.74,0.764706082,0.5,0.319149028,0.333333467,0.230769208,0.627451016,0.865269574,0.769231,0.6944443,0.4423075,0.791666542,0.950920234,0.932203517,0.928143768,0.861635294,0.6249998,0.8,0.39999992,0.844444507,0.4347822,0.2,0.5,0.666666633,0.583333325,0.3999999,0.583333533,0.777777744,0.511628093,0.515151552,0.4285714,0.49999965,0.210525979,0.829060003,0.859813078,0.682353036,0.93125,0.834821564,0.421052716,0.836363653,0.952247223,0.709677358,0.481481537,0.262294731,0.6666666,0.357142821,0.4782611,0.913043352,0.703703741,0.818181964,0.852941118,0.517857166,0.4375
0.50000005,0.65217367,0.303030382,0.245901472,0.3628319,0.404762162,0.545454764,0.458333263,0.157142794,0.722222083,0.604395644,0.484126564,0.989323839,0.8358208,0.40000018,0.340425523,0.722222711,0.372092863,0.908536685,0.5789472,0.5,0.590909382,0.633333417,0.297297338,0.343283463,0.935,0.856707248,0.625000087,0.41666655,0.447368532,0.919431354,0.714285786,0.567567284,0.29545463,0.7826089,0.69565243,0.318840568,0.869564987,0.405797313,0.433333113,0.892562074,0.710526461,0.706896464,0.264150953,0.611110939,0.80000012,0.935251788,0.714285443,0.787234128,0.545454382,0.319587576,0.470588235,0.244681129,0.62,0.856287557,0.819444372,0.772727341,0.410714141,0.740740656,0.932515404,0.917646992,0.904761903,0.877419361,0.629629641,0.803571543,0.479166679,0.833333083,0.523809257,0.263158053,0.548387,0.694444444,0.513889003,0.333333467,0.613636316,0.794392404,0.472221706,0.588235282,0.387096961,0.487804839,0.220930233,0.822033577,0.873684312,0.724137521,0.91715978,0.825,0.394736921,0.816513474,0.949579819,0.702702592,0.484848442,0.237288415,0.6800003,0.357142821,0.523809419,0.9,0.714285729,0.777777744,0.868852695,0.489795551,0.4166667
0.56,0.758620497,0.277777928,0.209677552,0.343434,0.510638289,0.619047657,0.454545709,0.15942042,0.675675773,0.651685513,0.426470642,0.984962411,0.826086809,0.366666327,0.363636455,0.722222328,0.368420979,0.926380398,0.511111062,0.590909055,0.578947263,0.692307992,0.361111264,0.315789568,0.913043539,0.85380127,0.629629678,0.515151609,0.441176124,0.929648112,0.744186251,0.59999976,0.272726982,0.804348078,0.659574672,0.268656866,0.845238077,0.338028169,0.371428763,0.911764723,0.716216428,0.758064679,0.26530622,0.594594478,0.830508169,0.92481197,0.711538198,0.8,0.6315788,0.326086735,0.538461538,0.215517168,0.615384862,0.858895739,0.8875,0.787234021,0.438596681,0.777777678,0.919254637,0.912280659,0.915662583,0.8875,0.54838699,0.745762529,0.468084881,0.794871715,0.4999999,0.347825991,0.551724269,0.666666633,0.439024344,0.285714114,0.617021123,0.784313703,0.470587741,0.5277778,0.4285717,0.463414678,0.215053957,0.816513735,0.865853806,0.7346935,0.891428558,0.807291493,0.342857003,0.831325099,0.946629222,0.694444444,0.558823641,0.24999955,0.655171883,0.458333317,0.458333362,0.9047617,0.671641734,0.689655131,0.859375,0.482142852,0.371428514
0.565217261,0.766666807,0.238095619,0.222222178,0.336633954,0.622641949,0.541666621,0.526315505,0.169230651,0.681817759,0.689655193,0.381578895,0.976470588,0.805970158,0.36,0.372092937,0.6875,0.3333333,0.934131799,0.414634132,0.608695735,0.631579074,0.76,0.3918918,0.282352913,0.907407472,0.887640319,0.548386981,0.482758255,0.5454544,0.943502819,0.658536732,0.5000001,0.243902122,0.761904762,0.638298017,0.322033971,0.8705883,0.305555294,0.314285763,0.909909968,0.718310141,0.720588068,0.294117618,0.59999992,0.814814926,0.932835776,0.708333442,0.85106383,0.642857321,0.367816032,0.6,0.250000068,0.586956711,0.883435677,0.8674698,0.801886844,0.484375,0.725,0.9161291,0.901733981,0.910714275,0.894409746,0.558823597,0.688524744,0.588234971,0.770270308,0.485714149,0.3076925,0.608695657,0.675,0.374999863,0.32558133,0.65217393,0.764705953,0.53125,0.514285697,0.3870969,0.4130434,0.227272505,0.780612293,0.8030305,0.816326355,0.86627914,0.811224257,0.290322597,0.851351341,0.939560462,0.705882147,0.575,0.296296148,0.707070888,0.384615262,0.416666633,0.883116883,0.615384323,0.65625,0.8679247,0.491525656,0.40625
0.52,0.771428623,0.214285979,0.229507938,0.340206196,0.634615263,0.53333318,0.526315505,0.17910449,0.675,0.693181955,0.379747153,0.973782763,0.791044846,0.35,0.414633707,0.696969748,0.368421074,0.942307657,0.266666607,0.6,0.666666633,0.766666847,0.451219116,0.229885339,0.90303034,0.890710437,0.571428614,0.482758452,0.560975949,0.929032347,0.692307515,0.423077115,0.261904605,0.775,0.666666767,0.3333338,0.868421026,0.235294035,0.303030412,0.886597766,0.739130104,0.71212127,0.288135514,0.594594516,0.777777889,0.918699171,0.673469098,0.847826178,0.622222373,0.34444451,0.611111033,0.256410303,0.551020169,0.8875,0.886363877,0.829059699,0.457143083,0.70000017,0.903846182,0.901098836,0.931216965,0.894409738,0.527777547,0.714285514,0.59615316,0.705882141,0.527777731,0.379310424,0.55,0.714285886,0.324175865,0.35,0.658536595,0.736841947,0.566666883,0.54054057,0.448276124,0.390243951,0.240963976,0.767955422,0.786885515,0.816326418,0.838888908,0.811764668,0.354838787,0.838235281,0.935695488,0.638888744,0.673913365,0.294117376,0.716980654,0.461538438,0.5,0.864864932,0.65217407,0.59999986,0.919354944,0.452829917,0.361111228
0.458333317,0.731707459,0.312500075,0.262294752,0.340206398,0.625000125,0.6,0.526315505,0.2222222,0.630434811,0.717647328,0.391025534,0.969924785,0.79999998,0.35,0.355555271,0.727272764,0.3,0.938356226,0.239130272,0.65,0.72,0.787878815,0.548780755,0.200000072,0.898203794,0.907216482,0.48,0.571428657,0.575,0.936305614,0.6842104,0.428571486,0.318182136,0.763157847,0.680851191,0.303571043,0.838235216,0.151515152,0.3125,0.902912589,0.731343046,0.738461617,0.294117641,0.514285691,0.745454622,0.910714321,0.697674479,0.822222382,0.652173896,0.3749998,0.529411765,0.249999925,0.576923154,0.878205087,0.890110011,0.848739495,0.472972953,0.661016931,0.900662292,0.90052364,0.939393945,0.901734084,0.482758707,0.681159446,0.595744443,0.681818273,0.5357145,0.5000001,0.61904751,0.666666867,0.308823407,0.333333333,0.619047862,0.738461674,0.655172207,0.49999995,0.481481596,0.303030282,0.256410279,0.701149066,0.7692306,0.864583186,0.826087088,0.829545566,0.291666712,0.830769366,0.922480582,0.674418735,0.688888789,0.31372522,0.756521888,0.444444533,0.48,0.845070577,0.642857329,0.567567597,0.907407546,0.490908749,0.371428511
0.375000087,0.75,0.388889156,0.32075456,0.322222197,0.614034925,0.478260861,0.473684,0.183333437,0.632652994,0.744185923,0.361290369,0.964788692,0.80000006,0.32,0.365853283,0.678571329,0.315789526,0.931972747,0.243902173,0.590909073,0.7741934,0.743589723,0.642857214,0.222222156,0.883871104,0.929245323,0.458333317,0.571428357,0.560976024,0.931676893,0.702702692,0.379310086,0.32558143,0.7906978,0.698113328,0.27118672,0.84375,0.1267605,0.27586179,0.904761921,0.686566951,0.784615686,0.347222418,0.421052968,0.750000425,0.896226475,0.6904765,0.88,0.681818164,0.448718055,0.45,0.268292822,0.588235312,0.88125,0.888888967,0.867187434,0.470588206,0.631578584,0.910256418,0.895604401,0.944162411,0.909604484,0.46875,0.684931337,0.680851,0.65625,0.517241441,0.470588082,0.714285757,0.69767466,0.29411784,0.285714186,0.611110883,0.707692412,0.65625,0.555555567,0.4,0.384615369,0.232876623,0.659999901,0.717948856,0.85567,0.825136624,0.8815789,0.454545682,0.846154046,0.929972024,0.6666667,0.709090984,0.347825857,0.781954487,0.461538585,0.481481589,0.815384652,0.594936578,0.514286,0.896551621,0.457627225,0.466666587
0.478260961,0.794871856,0.461538338,0.288888787,0.314606817,0.603774004,0.4,0.526316,0.145454385,0.638297945,0.777778022,0.368613631,0.967971488,0.779660842,0.3,0.347826074,0.730769373,0.333333533,0.933823625,0.225,0.481481437,0.749999975,0.789473726,0.7321432,0.211382067,0.854961765,0.926940677,0.461538554,0.59999992,0.64,0.919254527,0.675,0.428571486,0.39999988,0.775,0.722222361,0.285714043,0.83333325,0.0746268149,0.354838387,0.900000121,0.625,0.738461748,0.361111211,0.333333367,0.719298012,0.893805389,0.690476345,0.9,0.761904905,0.518072089,0.434782683,0.295454631,0.58,0.886792526,0.888888967,0.874074135,0.432836157,0.672727195,0.914634201,0.89944132,0.937799019,0.934782561,0.514285946,0.691357985,0.673077063,0.627118624,0.481481585,0.545454682,0.736842,0.70731719,0.270833573,0.303030282,0.512820459,0.72,0.571428614,0.588235324,0.407407604,0.428571429,0.169230651,0.563909374,0.59375,0.858586014,0.811111104,0.9016394,0.5000001,0.887324,0.935310011,0.749999925,0.745098249,0.404761924,0.778625773,0.464285946,0.535714279,0.796296419,0.60465094,0.5,0.894736795,0.392856993,0.384615269
0.413793441,0.697674358,0.44,0.326087028,0.329545332,0.64,0.36,0.526315716,0.1355934,0.659574136,0.846153931,0.342657407,0.972222223,0.742424397,0.272727345,0.395348916,0.608695517,0.363636182,0.926229461,0.295454493,0.413793217,0.787879021,0.8,0.711864231,0.239669252,0.867187434,0.925581374,0.4,0.586206824,0.705882576,0.897959334,0.642857257,0.384615385,0.447368311,0.80000016,0.719298,0.24999995,0.807017339,0.050000115,0.3333333,0.904761952,0.592592737,0.7499999,0.394736845,0.285713943,0.684210453,0.894736853,0.707317254,0.882352918,0.74999995,0.544444409,0.375000125,0.343511358,0.49999995,0.896341519,0.848837315,0.908333301,0.465517428,0.66,0.911242639,0.897727147,0.942857183,0.931578994,0.516129048,0.705479818,0.648148259,0.64,0.433333573,0.548387065,0.727272873,0.7659574,0.249999975,0.34375,0.4,0.717948674,0.50000025,0.555555522,0.52,0.416666692,0.191780642,0.513761233,0.53125,0.857143014,0.82558145,0.866666693,0.470588235,0.8630137,0.942148807,0.765957306,0.764706,0.48780479,0.748148187,0.44,0.64,0.755555749,0.565656653,0.517241245,0.886792611,0.451612732,0.421052716
0.387097077,0.628571526,0.49999995,0.363636609,0.402439043,0.61702143,0.307692192,0.3888888,0.147540848,0.627906726,0.822916435,0.30656919,0.969283274,0.753846302,0.3333334,0.45,0.5000005,0.4375,0.927927966,0.276595855,0.318181795,0.758620497,0.804348,0.703125,0.214285751,0.870228947,0.934343439,0.32,0.642856929,0.677965822,0.897959291,0.675,0.352941353,0.410256241,0.80000018,0.711538431,0.2592592,0.687499769,0.115384685,0.379310286,0.898989899,0.534482414,0.793103321,0.413333365,0.24390232,0.69999989,0.90322581,0.705882071,0.811320668,0.760869724,0.5454547,0.391304443,0.412213433,0.509803902,0.897727266,0.843373369,0.914529845,0.5,0.622222298,0.917159732,0.890710359,0.946428559,0.932989712,0.615384877,0.732394,0.641509342,0.722222317,0.50000015,0.645161294,0.678571425,0.775509922,0.23936158,0.4117649,0.410256346,0.638888753,0.4375,0.56756767,0.6249998,0.48,0.169230617,0.455357265,0.411764918,0.857143014,0.828571286,0.822580829,0.571428643,0.833333517,0.943181758,0.754717226,0.69999989,0.461538292,0.748251774,0.458333371,0.68,0.658536624,0.602150157,0.464285954,0.884615258,0.46875,0.421052716
0.39999978,0.625,0.5000001,0.35714285,0.391892014,0.527778194,0.3333334,0.476190433,0.2205884,0.6190475,0.84,0.344538001,0.978395072,0.754098452,0.416666467,0.393939436,0.458333263,0.483871058,0.880434564,0.304347822,0.272727291,0.76,0.829787166,0.661290531,0.220183371,0.864,0.922279784,0.347826157,0.538461662,0.694029699,0.881118911,0.666666333,0.342857097,0.435897444,0.80487828,0.6666667,0.280701716,0.613636223,0.142857329,0.441176147,0.873684351,0.527272305,0.818182,0.44318241,0.230769115,0.622950911,0.914893634,0.696969648,0.759259348,0.761904905,0.5862069,0.478260861,0.460937039,0.576271185,0.890173434,0.85057452,0.91666669,0.479166348,0.651162651,0.929936276,0.892655463,0.948052011,0.939393904,0.576923115,0.666666833,0.624999987,0.76,0.484848639,0.629629704,0.677419268,0.814814833,0.219387856,0.424242297,0.463414549,0.513513508,0.40000002,0.540540616,0.678571525,0.636363682,0.184615355,0.495326725,0.4722222,0.8875,0.809523871,0.767857454,0.578947,0.802817197,0.959420284,0.793103283,0.631578884,0.4444445,0.749999805,0.481481437,0.59375,0.625,0.64,0.4,0.862745273,0.5,0.35
0.393939415,0.60000004,0.6000003,0.395833202,0.391304243,0.5000001,0.32,0.454545009,0.234375,0.609756027,0.803571471,0.411765195,0.977777785,0.696428809,0.454545782,0.470588312,0.49999995,0.592592656,0.848101294,0.425,0.190476252,0.74999985,0.86,0.741935619,0.190475993,0.87096779,0.92178766,0.333333333,0.64,0.725806563,0.861842135,0.714286,0.294117812,0.421052547,0.763157753,0.702127898,0.3333335,0.552631779,0.156862431,0.435897618,0.890109912,0.509434158,0.777777811,0.483870755,0.243902368,0.576271193,0.907894705,0.75,0.745454649,0.785714414,0.607142957,0.521739091,0.440944807,0.603174643,0.888235272,0.840909157,0.919642951,0.55,0.673912833,0.925,0.89940841,0.928571433,0.936585369,0.583333433,0.662337662,0.60000036,0.7555558,0.384615554,0.6,0.607142836,0.8490568,0.205263191,0.411764712,0.414633839,0.421052747,0.361111344,0.589743695,0.65625,0.65,0.171428586,0.50000015,0.484848488,0.883117,0.800000092,0.7499999,0.49999995,0.810811114,0.964601774,0.796875,0.589285712,0.468085,0.77443609,0.481481437,0.580645026,0.527777925,0.642857314,0.4,0.864406722,0.513513562,0.238095167
0.428571071,0.69999992,0.666666533,0.354166854,0.430769258,0.50000005,0.3181815,0.391304483,0.237288281,0.560975793,0.783018409,0.405940616,0.970684013,0.685185148,0.409091264,0.50000025,0.478260965,0.653846258,0.818181736,0.325,0.272727336,0.64,0.888888967,0.728571781,0.135416819,0.885496036,0.906593414,0.346153777,0.642856786,0.678571611,0.884146385,0.707317237,0.250000075,0.483871203,0.736842105,0.619047538,0.446428702,0.512820405,0.173077096,0.424242497,0.87096769,0.479166727,0.735849268,0.467391593,0.268292741,0.564516513,0.899371047,0.766666807,0.734693559,0.84782623,0.666666333,0.52,0.417391508,0.603174643,0.891566189,0.860576996,0.931034506,0.588235647,0.685185206,0.917647058,0.889221633,0.910931251,0.930051729,0.608695652,0.6625,0.543478537,0.813953749,0.391304443,0.5,0.49999995,0.862745331,0.211111042,0.428571429,0.432432403,0.361111264,0.297297308,0.625,0.735293879,0.666666667,0.157894758,0.494505495,0.4999997,0.838235265,0.801980298,0.7,0.6,0.792207834,0.964285733,0.815789511,0.576271208,0.395348798,0.741935686,0.515151458,0.53125,0.464285607,0.691489516,0.48,0.859375,0.521127,0.2142858
0.444444389,0.666666667,0.66233753,0.3269232,0.38983061,0.5,0.363636391,0.5,0.27118651,0.487179592,0.787037218,0.411764466,0.971428585,0.673469331,0.391304426,0.542857337,0.521739187,0.703703752,0.780821925,0.372340363,0.249999975,0.629629667,0.862745373,0.765625,0.14,0.874999973,0.897142839,0.344827328,0.642856786,0.6666665,0.920904069,0.657894668,0.322580803,0.454545464,0.675675673,0.581395265,0.509434004,0.435897362,0.222221978,0.444444356,0.858823558,0.488889191,0.744680851,0.488888738,0.333333333,0.537313239,0.902857012,0.758620548,0.688889324,0.836734563,0.723403955,0.517241397,0.442478055,0.596491425,0.86875,0.844339652,0.925000015,0.595238179,0.758620717,0.917647116,0.870000104,0.917355404,0.925,0.76190481,0.605633803,0.54054057,0.8139536,0.418604633,0.517241214,0.46666664,0.875000288,0.166666733,0.470588212,0.380952252,0.295454948,0.2368422,0.694444553,0.7058821,0.55,0.183673663,0.453488555,0.5428574,0.821428882,0.791666642,0.615384654,0.565217374,0.794871938,0.966049385,0.818182,0.612903361,0.454545491,0.711009257,0.527777731,0.4999998,0.413793276,0.739130309,0.548387135,0.847222176,0.5795457,0.266667013
0.394736921,0.642857,0.684210463,0.315789389,0.393442475,0.526315495,0.363636391,0.470588235,0.313725488,0.457142917,0.758620927,0.403846203,0.969696967,0.65116286,0.363636391,0.60000022,0.523809614,0.642857143,0.712328871,0.41,0.321428639,0.655172134,0.859648926,0.712121356,0.127659651,0.874074096,0.894594523,0.4444445,0.652174048,0.709090955,0.940217293,0.710526374,0.257142751,0.375,0.675,0.60975601,0.510203698,0.414634198,0.27450941,0.527777731,0.8125,0.4878049,0.717391657,0.54878042,0.428571614,0.546666656,0.896372969,0.69565203,0.636363473,0.812500206,0.709677729,0.566666627,0.468468526,0.638889128,0.872483331,0.86036035,0.904761884,0.636364136,0.826086791,0.907738029,0.855172241,0.908695608,0.893400981,0.636363827,0.544117718,0.4838711,0.7959181,0.416666325,0.548387345,0.416666667,0.875000188,0.179487154,0.6129032,0.444444733,0.297872579,0.243243295,0.694444583,0.75,0.458333471,0.244444396,0.505494505,0.612903145,0.82,0.756756803,0.54761899,0.545454718,0.782051347,0.958990556,0.847058824,0.616666768,0.4375,0.70642174,0.540540516,0.470588071,0.321428371,0.733333293,0.576922988,0.833333283,0.610526649,0.3125
0.352941188,0.6,0.6625,0.313725382,0.406779937,0.512195561,0.368421074,0.5000002,0.4,0.444444656,0.738317754,0.430107856,0.96309961,0.628571229,0.428571343,0.607142875,0.523809514,0.62068969,0.716216028,0.42391327,0.379310266,0.5625,0.8392861,0.794117624,0.117021347,0.910958945,0.894088632,0.4,0.678571236,0.698113319,0.944162401,0.714285771,0.3125,0.30000009,0.657894532,0.630434389,0.557692242,0.333333367,0.367346896,0.615384646,0.779220823,0.428571657,0.675675705,0.573332628,0.533333333,0.5000003,0.905660432,0.636363791,0.638297872,0.777777867,0.711340231,0.655172341,0.465346529,0.688311688,0.867647037,0.872641416,0.907692322,0.66,0.813333451,0.880645302,0.879194776,0.908713574,0.852040936,0.619047595,0.441176344,0.545454527,0.775509945,0.411764788,0.571428714,0.458333308,0.847457407,0.152777869,0.612903387,0.60975601,0.1999998,0.232557953,0.741935506,0.723404145,0.5000001,0.238095119,0.527472527,0.580645058,0.782608952,0.714285929,0.583333367,0.49999995,0.773333519,0.962145139,0.857142714,0.639344175,0.37931019,0.719008327,0.558823576,0.424242427,0.322580835,0.726027474,0.56,0.86301379,0.627450934,0.40000008
0.352941394,0.625000125,0.651685244,0.309090862,0.379310848,0.564102551,0.333333467,0.5,0.509804257,0.46666672,0.742267777,0.472527525,0.96,0.666666667,0.45,0.566666553,0.666666533,0.592592596,0.716216085,0.401960502,0.424242385,0.517241155,0.84999982,0.776315745,0.141176386,0.928571467,0.904205616,0.458333446,0.666666733,0.744186353,0.940594047,0.739130578,0.2500002,0.260869652,0.658536863,0.590909118,0.72,0.35,0.425531804,0.657894874,0.739130135,0.4285716,0.638888664,0.610389549,0.60000038,0.482352986,0.912843986,0.64,0.638297872,0.744186149,0.673912563,0.65625,0.471910564,0.70270293,0.834645634,0.871428537,0.886363674,0.615384869,0.859375,0.892156816,0.858064644,0.902542303,0.858638715,0.6,0.442857477,0.583333133,0.79545442,0.375000263,0.523809467,0.518518515,0.839285836,0.1643834,0.566666627,0.589743513,0.156862625,0.206896634,0.67741939,0.72,0.391304443,0.243902198,0.545454509,0.606060664,0.78,0.677965961,0.583333333,0.52,0.816901408,0.963746217,0.85227283,0.65000011,0.357143029,0.74358964,0.588235224,0.411764776,0.333333267,0.7605635,0.6,0.868421013,0.6666668,0.40000016
0.39999976,0.612903355,0.655555666,0.374999987,0.394366303,0.60869547,0.347826226,0.545454582,0.520833696,0.576922942,0.703297,0.488636202,0.939914144,0.657142994,0.473684389,0.514285606,0.611111,0.514285449,0.756756705,0.397726902,0.4375,0.444444356,0.85185197,0.772152123,0.159090684,0.935251821,0.898058242,0.52,0.6857142,0.750000175,0.936585425,0.709090896,0.28125,0.272727073,0.6,0.50000035,0.813559186,0.303030282,0.44897941,0.714285857,0.698412629,0.4705884,0.5789474,0.645161103,0.653846296,0.506172693,0.93488374,0.624999838,0.666666833,0.658536559,0.7291664,0.705882406,0.494116998,0.721518949,0.829059979,0.855140169,0.903703723,0.588235412,0.884057839,0.886207007,0.87417213,0.912280653,0.842696559,0.470588235,0.470588618,0.588235059,0.804877988,0.359375,0.521739335,0.555555544,0.818181927,0.176470765,0.548387461,0.608695565,0.14893623,0.193548255,0.689655093,0.714285614,0.416666733,0.3421054,0.535714439,0.694444322,0.792452784,0.696428457,0.628571674,0.545454536,0.819444336,0.968454288,0.869565039,0.646154035,0.379310324,0.777777864,0.611111072,0.411764876,0.379310097,0.76190461,0.652174043,0.837837919,0.676470781,0.5000001
0.4,0.590909305,0.68965511,0.392157,0.333333467,0.66,0.461538331,0.56,0.5000004,0.541666737,0.738636195,0.525640973,0.929906522,0.714285714,0.421052768,0.529411788,0.684210537,0.447368511,0.7875,0.441860265,0.419355016,0.4516127,0.847457337,0.810126605,0.2023811,0.924812045,0.866666764,0.565217274,0.619047533,0.723404255,0.939698428,0.745762654,0.250000075,0.310344652,0.564102469,0.434782843,0.8307694,0.272727218,0.509090698,0.76666663,0.631579032,0.363636355,0.612903155,0.606557718,0.72,0.476190252,0.942857177,0.545454809,0.6046514,0.6136363,0.771428569,0.743589646,0.493333047,0.736842132,0.829059954,0.868181883,0.888888898,0.638297745,0.8533334,0.879432624,0.85625,0.912162164,0.806060489,0.333333,0.46031746,0.586207166,0.840909143,0.353846111,0.56,0.517241203,0.80000012,0.1875,0.518518467,0.630434652,0.142856986,0.225352,0.703703722,0.723404255,0.49999995,0.428571329,0.578313684,0.707317137,0.833333255,0.784313986,0.631578874,0.583333392,0.809523848,0.964912268,0.861702141,0.646153905,0.476190529,0.75728137,0.65625,0.466666593,0.514285597,0.723404255,0.592592496,0.8513515,0.725490327,0.5000001
0.361111039,0.617021353,0.631579258,0.416666617,0.329411699,0.728813634,0.428571429,0.586206766,0.50000015,0.56,0.694117447,0.507042246,0.915841498,0.722222167,0.4444444,0.461538485,0.4999999,0.333333367,0.843373431,0.512820459,0.3333334,0.39999984,0.830769265,0.8641973,0.194805,0.935483925,0.859813089,0.58333315,0.627907163,0.7959182,0.942028934,0.709090825,0.216216143,0.354838906,0.53125,0.408163337,0.828125,0.225806768,0.5714286,0.75,0.641509262,0.393939497,0.633333137,0.639344284,0.6666666,0.50000015,0.933333397,0.590909277,0.571428557,0.560975429,0.766355456,0.775,0.475,0.712328956,0.843478231,0.8794643,0.862595294,0.64,0.825396825,0.881481484,0.847560919,0.935344873,0.782051548,0.227272782,0.436619782,0.529411688,0.8,0.359375,0.5555556,0.517241193,0.795454443,0.2000001,0.629629704,0.577777662,0.20454568,0.2125,0.555555533,0.716981287,0.49999995,0.5,0.630952058,0.666666767,0.895522268,0.76,0.59999982,0.56,0.783333295,0.964864879,0.867346713,0.620689762,0.464285907,0.740384582,0.576923258,0.461538415,0.558823453,0.711111142,0.52,0.8783785,0.765765668,0.529411765
0.333333067,0.60000004,0.627659137,0.43181847,0.333333467,0.746031746,0.461538423,0.625,0.5,0.653846365,0.732394366,0.523076995,0.894736901,0.6875,0.388889,0.441860212,0.4999999,0.294117753,0.831460519,0.5,0.3333334,0.3235294,0.82608667,0.8625,0.279220712,0.94354846,0.845794286,0.526315611,0.68749995,0.844827524,0.946078437,0.687500131,0.176470718,0.352941059,0.451612645,0.395348963,0.827160369,0.272727218,0.588235565,0.757575803,0.545454627,0.457142926,0.580645158,0.6730769,0.620689855,0.521738974,0.941704068,0.653846154,0.525,0.6097564,0.752475016,0.717948574,0.460526578,0.7285716,0.855855962,0.864130382,0.868421136,0.634615327,0.796875,0.885714285,0.836257492,0.924050719,0.783216966,0.166666717,0.476923086,0.48780539,0.714285314,0.314285369,0.6,0.545454582,0.7659574,0.262295057,0.555555644,0.604651023,0.243902395,0.253164677,0.4999998,0.7,0.481481589,0.49999995,0.65,0.714285643,0.895522268,0.729166819,0.575,0.5,0.735293974,0.971751411,0.8958331,0.519231196,0.451613181,0.722222158,0.538461854,0.347826161,0.636363691,0.621621549,0.454545373,0.869565,0.768518577,0.6666664
0.433333143,0.620689152,0.647727235,0.428571486,0.2999999,0.7428573,0.444444456,0.638888672,0.488888996,0.714285714,0.703125,0.584905951,0.8776597,0.757575755,0.470588235,0.404255157,0.5000003,0.289473626,0.836956284,0.5000002,0.2142858,0.21875,0.840579496,0.865853846,0.338235468,0.948275826,0.858536622,0.526315611,0.659574877,0.852459008,0.93,0.702127779,0.27586219,0.3999999,0.423076669,0.423077173,0.816091647,0.310344728,0.5753422,0.749999975,0.512195112,0.536585629,0.647058982,0.613636816,0.5625,0.588235165,0.94312797,0.666666933,0.55,0.604651558,0.75247502,0.744186174,0.438355788,0.754098503,0.888889,0.857894914,0.829268452,0.62,0.783333273,0.892086348,0.858757,0.918032734,0.751724563,0.192307658,0.435483879,0.510638294,0.627451163,0.338461698,0.5483869,0.566666623,0.7142857,0.327868731,0.566666457,0.543478254,0.225,0.311688418,0.409090823,0.660377496,0.470588071,0.5000003,0.630136515,0.694444331,0.864864914,0.795918222,0.5263156,0.421052484,0.711864388,0.975206623,0.909090932,0.5000003,0.5,0.719008052,0.4999999,0.35,0.6666669,0.575757488,0.36,0.870967723,0.789916079,0.636363927
0.448275755,0.677965693,0.690721847,0.461538677,0.274725073,0.749999925,0.3999999,0.65625,0.487804944,0.636363582,0.666666833,0.653060935,0.863636399,0.757575779,0.470588,0.390244029,0.517241238,0.3,0.846153846,0.5,0.19999988,0.3125,0.8636365,0.864865081,0.384615323,0.922413781,0.856410231,0.6,0.636363309,0.863636459,0.915422909,0.739130422,0.257142803,0.4054055,0.346153896,0.433962391,0.846154,0.388888828,0.59999962,0.575757673,0.470588018,0.644444629,0.6,0.57446834,0.571428643,0.688524751,0.942222212,0.74999985,0.560975561,0.666667,0.8,0.76,0.441176279,0.745098224,0.897959241,0.85106377,0.843373463,0.549019475,0.786885308,0.886524823,0.845714222,0.891213416,0.748091583,0.15625,0.372881402,0.5,0.627451039,0.316666578,0.4838708,0.533333287,0.756097607,0.333333367,0.575757488,0.511111102,0.277778,0.324324035,0.416666592,0.607843482,0.435897362,0.565216974,0.628205251,0.619047557,0.8875,0.807017516,0.513513503,0.307692523,0.692307585,0.968749973,0.924369781,0.50000015,0.538461585,0.7109375,0.48,0.375,0.6666666,0.448276076,0.344827828,0.841269916,0.797413675,0.624999963
0.470588024,0.765625,0.677083468,0.470588394,0.252873799,0.735294,0.354838758,0.653846123,0.472222117,0.666666733,0.610169146,0.72,0.874285621,0.742857149,0.4,0.363636382,0.5142854,0.3333336,0.8433734,0.625,0.243243295,0.39999994,0.806451765,0.873239437,0.44,0.901785777,0.842696621,0.65,0.652173752,0.885246131,0.918660247,0.680851191,0.261904474,0.384615377,0.346153765,0.408163296,0.852631741,0.324324495,0.60869573,0.529411582,0.461538508,0.765957494,0.590908968,0.489795749,0.58333345,0.736841705,0.933962329,0.717948531,0.595744838,0.65,0.843137405,0.750000275,0.396551641,0.74,0.884210677,0.852272882,0.837278166,0.64,0.770492077,0.894366213,0.84000008,0.863829781,0.754098253,0.161290435,0.307692554,0.520833344,0.547169709,0.271186656,0.484848445,0.538461992,0.730768977,0.31481482,0.606060542,0.466666893,0.26829248,0.358208822,0.3684212,0.58333325,0.348837226,0.636363609,0.666666933,0.609756332,0.827160431,0.786885293,0.46875,0.444444533,0.6666665,0.97,0.917355475,0.509091547,0.51282051,0.716535581,0.461538577,0.421052684,0.625,0.357142764,0.352941459,0.859649014,0.808593838,0.592592633
0.405405562,0.724137893,0.61224471,0.46875,0.21686747,0.64999973,0.37931051,0.6,0.4375,0.5714286,0.562500125,0.730769308,0.880681806,0.749999925,0.363636182,0.348837135,0.4375,0.390243895,0.858823515,0.692307569,0.225,0.419354874,0.80000004,0.901408451,0.476190586,0.89682543,0.830508411,0.48,0.644444451,0.879310272,0.927601764,0.707317283,0.270833108,0.363636245,0.347826291,0.422222169,0.860465228,0.3333335,0.59375,0.511627547,0.478260791,0.8,0.586956417,0.519230992,0.529411535,0.69999971,0.937799047,0.756097651,0.489795804,0.657142791,0.828282917,0.719298265,0.346153904,0.76,0.877777937,0.846153938,0.831325267,0.730768962,0.746032025,0.885135046,0.821428606,0.844155839,0.76033039,0.181818127,0.269230612,0.53333324,0.461538508,0.314814663,0.482758641,0.555555633,0.773584851,0.326923265,0.612903061,0.463414602,0.3,0.419354368,0.478261017,0.57446817,0.319148736,0.636363855,0.635135473,0.6,0.833333333,0.78571425,0.4375,0.444444711,0.64,0.971084329,0.92063493,0.5192306,0.538461531,0.716666672,0.464285714,0.380952267,0.633333353,0.315789474,0.419355342,0.826923087,0.819230707,0.612903326
0.307692492,0.725490435,0.591836627,0.483871097,0.205882379,0.63333302,0.3461537,0.615384915,0.424242485,0.5833332,0.568182014,0.72,0.889535033,0.717948659,0.296296367,0.357142807,0.529411547,0.393939576,0.882352894,0.727272618,0.232558186,0.411764776,0.79999988,0.915492958,0.50000025,0.903225898,0.838509389,0.413793293,0.627907126,0.90163959,0.940677894,0.729729592,0.235293871,0.384615331,0.363636464,0.425,0.862068638,0.3333335,0.616666662,0.479166644,0.428571071,0.830508134,0.571428643,0.549019865,0.486486592,0.74,0.937799011,0.720930456,0.5000003,0.628571326,0.844660197,0.7627117,0.34,0.75000005,0.857143029,0.849315125,0.852941187,0.732143132,0.77027027,0.890411001,0.836363654,0.84552861,0.768595157,0.205882335,0.270833154,0.588235071,0.450980496,0.333333267,0.454545555,0.590909114,0.83333335,0.28,0.612902961,0.431818014,0.311110862,0.491227849,0.5666669,0.543478237,0.3,0.666666667,0.661764735,0.6,0.797101441,0.810126862,0.421052632,0.391304443,0.613636364,0.971291908,0.910447704,0.52380981,0.638888889,0.703125148,0.448275621,0.333333367,0.586206824,0.257142749,0.342856903,0.770833046,0.812499932,0.612903016
0.2499998,0.708333438,0.63,0.419354942,0.180327672,0.624999987,0.29999986,0.629629641,0.4375,0.59375,0.595238298,0.654545562,0.895604443,0.744186353,0.333333233,0.341463339,0.511111253,0.416666633,0.870588326,0.666666933,0.25,0.416666758,0.803571623,0.892307811,0.535713993,0.896551692,0.858064539,0.366666547,0.62,0.918032984,0.95019152,0.684210589,0.263158121,0.411765029,0.4,0.515151558,0.892473022,0.377777816,0.604166821,0.538461469,0.5000002,0.854838784,0.581395284,0.46,0.447368132,0.790697633,0.926108372,0.720930233,0.489361796,0.578947284,0.8842106,0.735294147,0.29268268,0.74,0.831325217,0.835443068,0.870967785,0.716666787,0.782051391,0.888889004,0.855491192,0.809716525,0.736434224,0.272727418,0.19999988,0.652173496,0.42,0.28888896,0.53125,0.521739087,0.85964907,0.268292307,0.59375,0.395833196,0.3333334,0.589285459,0.583333392,0.509803755,0.254902029,0.678571332,0.729729792,0.526315695,0.761904686,0.8,0.439024407,0.423076727,0.571428771,0.965686275,0.900000032,0.533333213,0.633333753,0.689394048,0.423076938,0.347826057,0.541666737,0.272727309,0.361111183,0.727273155,0.829861258,0.611110839
0.232142716,0.795454461,0.580808084,0.464285561,0.157894953,0.58,0.32,0.586206741,0.416666492,0.594594516,0.558823876,0.653846142,0.887804883,0.804347998,0.333333367,0.328571267,0.581395291,0.4375,0.831325133,0.466666427,0.243902398,0.424242382,0.701754398,0.892307735,0.347826052,0.855855952,0.851351399,0.42424247,0.588235229,0.927536058,0.94736846,0.625,0.285714314,0.382352685,0.352941,0.647058741,0.873563014,0.369565248,0.609756144,0.596491061,0.536585398,0.885714354,0.560975961,0.446808689,0.428571543,0.804878124,0.928571427,0.7,0.469387818,0.53125,0.871287045,0.746478754,0.21951202,0.7499998,0.845237731,0.8333333,0.8900524,0.698412698,0.807692404,0.859259228,0.857142734,0.821011502,0.745901704,0.270270389,0.189189095,0.73170742,0.437500019,0.309523779,0.518518559,0.521739139,0.89655161,0.255813851,0.702702651,0.354166835,0.346153827,0.622641585,0.4482758,0.431034243,0.245614102,0.677419165,0.720588184,0.484848342,0.779411644,0.776315924,0.540540508,0.392857339,0.631578947,0.969555036,0.898550626,0.577777789,0.72413791,0.666666747,0.5,0.380952367,0.52,0.303030352,0.3684212,0.717948559,0.833333277,0.612902923
0.25000005,0.755555776,0.593749888,0.517241545,0.115384719,0.489361702,0.32,0.620689614,0.526316189,0.619047729,0.58333305,0.6382978,0.913242036,0.782608765,0.3157896,0.327586369,0.632652937,0.419354665,0.785713929,0.35,0.227272632,0.435897492,0.703703563,0.859375,0.454545509,0.838095281,0.852564128,0.414634298,0.518518752,0.942857223,0.96575339,0.605263,0.326530769,0.375,0.333333333,0.676470432,0.8333335,0.357142643,0.641025521,0.626865236,0.619047657,0.88505728,0.526315495,0.42553183,0.415094357,0.767441814,0.937172737,0.657142763,0.46,0.459459376,0.85714296,0.7375,0.243902395,0.74,0.805195039,0.774193658,0.903743301,0.709677668,0.835443052,0.868613181,0.859649235,0.834532403,0.74789921,0.275,0.243243149,0.775,0.409090932,0.368421126,0.458333362,0.56,0.95081981,0.25,0.619047886,0.392156753,0.403845998,0.702127719,0.545454664,0.465516914,0.176470471,0.696969658,0.765625,0.50000015,0.78125,0.826086535,0.564102513,0.344827521,0.647058776,0.969696991,0.896551781,0.583333383,0.689655269,0.594339571,0.49999995,0.363636173,0.541666629,0.250000075,0.4,0.704545411,0.82432432,0.647058776
0.243243122,0.749999875,0.584269542,0.454545418,0.11904756,0.487804985,0.37500015,0.594594576,0.55,0.622222611,0.5789474,0.590909,0.919282582,0.773584874,0.277777833,0.249999925,0.673076935,0.393939515,0.743589923,0.347826126,0.234042506,0.513513559,0.672413864,0.81967231,0.5625,0.801801878,0.87248339,0.422221969,0.479166692,0.957142891,0.964856214,0.6,0.36,0.4642854,0.352941176,0.657894805,0.780822,0.2727275,0.696969618,0.6833334,0.68,0.860214956,0.485714346,0.418604526,0.39999956,0.692307615,0.93604649,0.633333427,0.431818216,0.54761899,0.856,0.7625,0.189189251,0.729166819,0.794872021,0.761904766,0.929648171,0.733333153,0.866666747,0.897058839,0.853260846,0.864583393,0.745762584,0.307692554,0.2857143,0.743589646,0.468084813,0.375,0.523809514,0.541666675,0.936508,0.258064445,0.545454727,0.384615546,0.403846062,0.744186072,0.628571489,0.492063543,0.212765957,0.648648489,0.6875,0.45,0.857143,0.805194805,0.575,0.285714314,0.694444169,0.966426855,0.891304303,0.510204251,0.78125,0.58,0.516129094,0.391304348,0.461538692,0.361111328,0.446808511,0.638888953,0.807692205,0.742857249
0.222222267,0.758620545,0.5806451,0.441176379,0.131578947,0.380952276,0.434782626,0.6086958,0.464285814,0.6,0.638888817,0.526315695,0.92576413,0.775862057,0.277777833,0.258064674,0.660714161,0.379310152,0.73333372,0.259259178,0.1999999,0.472222464,0.681818032,0.836065569,0.526315695,0.794117766,0.877300634,0.365853383,0.510638396,0.929577465,0.971786809,0.536585615,0.326087033,0.517241593,0.375,0.658536324,0.808823376,0.242424245,0.717948631,0.694915161,0.712121356,0.851063785,0.636363609,0.488888993,0.326923137,0.641025649,0.930069938,0.629629604,0.439024063,0.555555811,0.873015858,0.763888776,0.1999999,0.690909107,0.7605635,0.689655243,0.930693062,0.796875,0.846153846,0.893939435,0.84444429,0.876623379,0.801653012,0.307692523,0.244898251,0.675675605,0.553191268,0.454545418,0.571428557,0.555555678,0.921875,0.307692192,0.558139535,0.3958331,0.355932293,0.79545448,0.628571626,0.610169556,0.222222111,0.685714049,0.650793521,0.421052516,0.841270016,0.84883724,0.567567441,0.346153704,0.705882376,0.971084307,0.889705754,0.490909049,0.806451458,0.531914706,0.566666627,0.482758614,0.409090886,0.405405441,0.428571414,0.657142963,0.808510447,0.722222117
0.25,0.803278743,0.568181927,0.441176524,0.193548403,0.404761662,0.482758459,0.610169468,0.48,0.549019894,0.542857254,0.525,0.922746759,0.807017435,0.354838794,0.321428539,0.6721313,0.354838752,0.693333761,0.26666666,0.170731585,0.466666993,0.704225352,0.803921582,0.470588235,0.7386364,0.871345101,0.380952381,0.428571614,0.936708875,0.98142412,0.49999985,0.355555229,0.565217074,0.3,0.658536968,0.786885308,0.225806442,0.642857179,0.740740722,0.666667067,0.861702141,0.685714026,0.428571686,0.303571273,0.620689662,0.922413775,0.695652083,0.395348837,0.644067364,0.881481585,0.726027473,0.2340426,0.648147989,0.7820515,0.650000198,0.924444446,0.825397,0.857142743,0.907563058,0.829670334,0.863492253,0.826086859,0.363636,0.249999875,0.589743672,0.5490193,0.5000001,0.545454527,0.541666629,0.887096921,0.380952405,0.586956676,0.326530604,0.322580429,0.780487705,0.558823476,0.649122805,0.2894738,0.620689614,0.5846155,0.425,0.806451584,0.852272911,0.617647182,0.363636245,0.60000028,0.969907443,0.859649109,0.482758959,0.742857171,0.557894791,0.518518363,0.518518463,0.368421126,0.42424247,0.411764565,0.59375,0.812949525,0.630435137
0.242424294,0.838235262,0.559139909,0.428571386,0.233333387,0.385965207,0.45161329,0.611940333,0.478260565,0.48,0.567567541,0.558139579,0.933920765,0.8,0.352941265,0.266666687,0.677965861,0.39999986,0.661972,0.411764735,0.186046456,0.428571329,0.684210695,0.770833331,0.45,0.710843502,0.844086003,0.357142679,0.463414756,0.912087912,0.972392674,0.527777925,0.391304217,0.590909114,0.26086967,0.7173915,0.754098428,0.242424248,0.634146454,0.759259256,0.702380808,0.836956349,0.75,0.459459584,0.34,0.68,0.917525633,0.666666733,0.410256387,0.739726196,0.874074063,0.712328942,0.307692246,0.592592515,0.797297419,0.607362478,0.930875567,0.833333417,0.851851789,0.893442688,0.872928283,0.83922833,0.876106078,0.3478264,0.226414913,0.552631779,0.617021153,0.49999975,0.5,0.592592574,0.895522263,0.458333317,0.555555778,0.3181819,0.305084831,0.767441977,0.53125,0.603174643,0.354838752,0.645161384,0.543859637,0.441176479,0.84127,0.866666813,0.59375,0.227272523,0.692307546,0.973170754,0.838095259,0.49999995,0.794117521,0.55056137,0.52,0.478260822,0.333333233,0.516129055,0.357142821,0.617647159,0.837837727,0.612244733
0.275362414,0.851851659,0.5617978,0.387096906,0.2083334,0.3709673,0.451612739,0.605263016,0.428571557,0.480769048,0.5,0.659090532,0.92924526,0.849056564,0.34375,0.30000001,0.72,0.441176791,0.622950998,0.425,0.260869457,0.448275745,0.70253153,0.733333473,0.5,0.68292691,0.834170748,0.361111328,0.40000024,0.888888933,0.963696365,0.486486343,0.523809571,0.541666675,0.333333233,0.705882612,0.7333332,0.314285637,0.605263158,0.793103341,0.724137803,0.821052728,0.75,0.4565215,0.304347735,0.6896553,0.939759024,0.65,0.484848536,0.820513197,0.869565048,0.698412629,0.375,0.568627484,0.792208021,0.5888887,0.927272762,0.828125,0.853932358,0.904,0.89999997,0.827361559,0.895238129,0.38297857,0.232142686,0.486486641,0.519230912,0.52173913,0.4,0.517241493,0.881355842,0.481481385,0.568181859,0.439024059,0.337837838,0.727272736,0.607142896,0.606060782,0.382352971,0.633333353,0.472727395,0.545454518,0.863013873,0.855669943,0.56,0.272727155,0.738095238,0.971014481,0.776595544,0.461538877,0.809523824,0.562500162,0.6,0.391304304,0.434782526,0.633333427,0.3207549,0.645161323,0.850649391,0.596153802
0.261538431,0.845238146,0.61904739,0.333333233,0.24,0.354838235,0.405405424,0.621621435,0.476190586,0.395833598,0.439024439,0.707317295,0.945273641,0.857142986,0.285714257,0.321428636,0.694915036,0.56818203,0.573770757,0.39999976,0.319148872,0.478261113,0.670732002,0.69565227,0.478260817,0.651315665,0.840206213,0.322580771,0.56,0.869565026,0.970802896,0.470588206,0.511627905,0.681818214,0.314285657,0.732142959,0.709677442,0.324324259,0.6,0.823529476,0.738636617,0.784946129,0.742857274,0.434782343,0.289473568,0.645161071,0.911764697,0.619047633,0.433333503,0.809523538,0.889655161,0.6721314,0.444444733,0.530612329,0.794872021,0.601010298,0.899543444,0.825397,0.836956547,0.923076872,0.887179459,0.840989277,0.891891952,0.34090937,0.212121064,0.4,0.490196096,0.521739183,0.4,0.533333527,0.8169015,0.444444356,0.488372298,0.456521537,0.3333331,0.717391372,0.60000006,0.59999996,0.40625,0.676470265,0.50000005,0.516129039,0.870967835,0.863158032,0.388888922,0.32,0.7391305,0.967418492,0.795180682,0.527027264,0.745454725,0.571428567,0.5555555,0.407407544,0.434782526,0.648648559,0.372548986,0.548387065,0.869230816,0.636363591
0.283333358,0.860759514,0.61038961,0.282051213,0.277778,0.328767367,0.51612879,0.624999825,0.409090741,0.39999984,0.431818173,0.729166846,0.944444437,0.849999845,0.333333333,0.4,0.716417913,0.613636032,0.561403375,0.433333143,0.333333,0.545454264,0.773809523,0.697674358,0.521739187,0.626983788,0.849462426,0.357142929,0.49999985,0.851063815,0.961538397,0.4545454,0.555555378,0.636363636,0.378378465,0.719298,0.736841926,0.333333233,0.638888772,0.8571428,0.741935429,0.739130204,0.666666667,0.476190195,0.315789537,0.666666767,0.873016013,0.631578926,0.375000025,0.831460283,0.891891858,0.672727596,0.4375,0.511111162,0.777777578,0.61165014,0.896226546,0.828125,0.807228839,0.9140625,0.877659632,0.809885924,0.851485027,0.3043478,0.233766264,0.279069712,0.377049051,0.541666721,0.4827586,0.516129197,0.802469058,0.458333279,0.5263156,0.45,0.343283725,0.744680953,0.592592674,0.596774579,0.451613235,0.6666668,0.472222411,0.518518511,0.83333325,0.833333517,0.45,0.285714143,0.784313641,0.977099233,0.790123547,0.578313169,0.703125,0.588235395,0.523809567,0.357142786,0.409090964,0.65625,0.456522054,0.56,0.884297568,0.672727433
0.322034232,0.835164868,0.613333216,0.25,0.333333333,0.319999944,0.484848539,0.679999732,0.36,0.296296148,0.416666558,0.756097383,0.932989677,0.875000138,0.391304383,0.346153738,0.65625,0.6382978,0.581817933,0.517241348,0.327272564,0.541666554,0.755813902,0.695652261,0.481481337,0.638889319,0.829670189,0.321428764,0.555555633,0.846938677,0.962655618,0.444444333,0.55,0.526315789,0.384615431,0.740740819,0.769230485,0.325,0.5882352,0.893617043,0.684211074,0.739583156,0.636363382,0.476190486,0.352941359,0.696969718,0.78,0.666666733,0.28,0.860214858,0.923076903,0.617647215,0.54054047,0.477272495,0.76000016,0.625615875,0.897058831,0.869565078,0.82716059,0.92125979,0.891089007,0.802419555,0.831460484,0.375000088,0.224719375,0.285714286,0.348484805,0.5000001,0.454545464,0.533333713,0.768292699,0.458333362,0.527777925,0.463414978,0.333333767,0.68,0.56,0.558823676,0.5428571,0.71875,0.484848436,0.5,0.811320806,0.816092031,0.380952267,0.260869674,0.814814907,0.976562484,0.736263663,0.505494505,0.703125,0.615384485,0.52,0.333333567,0.434782513,0.70000025,0.428571171,0.642857107,0.867187566,0.633333237
0.301886772,0.831460569,0.592105259,0.24324327,0.374999838,0.328947137,0.526315484,0.689189293,0.24999995,0.32,0.487179395,0.756097727,0.930481195,0.927272807,0.384615254,0.3214287,0.681818273,0.672727465,0.547169583,0.518518615,0.358490423,0.551724134,0.80000004,0.733333693,0.464285714,0.605263197,0.829268322,0.31034479,0.548387145,0.85106383,0.964444484,0.4999999,0.631579074,0.56,0.382353324,0.7735851,0.716981202,0.348837209,0.583333392,0.911111191,0.696969727,0.752576924,0.586956276,0.476190195,0.39999978,0.666666633,0.735849453,0.523809514,0.3333334,0.8333335,0.897590351,0.626865463,0.594594557,0.416666625,0.764705765,0.653658288,0.875000062,0.890625,0.857142871,0.903448223,0.905213259,0.77830186,0.819277072,0.4,0.226804355,0.222222044,0.257575703,0.458333371,0.30000035,0.527777811,0.74999995,0.45,0.4999999,0.414634356,0.324324324,0.627451102,0.4,0.515151755,0.487804649,0.727272927,0.515151691,0.5,0.81632652,0.83333335,0.260869643,0.307692231,0.8490568,0.984810095,0.6705887,0.47,0.694915166,0.59223328,0.523809519,0.307692008,0.541666775,0.694444275,0.485714303,0.642857214,0.846153925,0.681818214
0.2884616,0.822222176,0.528571853,0.21875,0.4137932,0.315476248,0.545454527,0.759999956,0.173913148,0.291666546,0.514285697,0.731707639,0.922652092,0.929824428,0.28,0.3125,0.694444514,0.660714095,0.508197152,0.5000003,0.363636464,0.516129106,0.790697842,0.72972973,0.52,0.592592337,0.840764274,0.375000162,0.5,0.801980117,0.955947097,0.458333417,0.642857,0.458333417,0.424242497,0.75,0.7,0.326087191,0.666666767,0.9534884,0.715686383,0.721649467,0.50000025,0.514285657,0.49999985,0.67567567,0.711538515,0.482758703,0.290322555,0.840909491,0.890909112,0.623188451,0.666666567,0.441176279,0.782608317,0.690140515,0.885416719,0.848485015,0.855263172,0.90140841,0.935185219,0.775510198,0.772151777,0.45098019,0.23809547,0.175,0.242424076,0.49999985,0.39999988,0.51219531,0.708860658,0.428571429,0.571428586,0.414634322,0.310811,0.67307686,0.411764706,0.473684253,0.4999996,0.722222222,0.461538269,0.476190438,0.777777978,0.852940953,0.272727082,0.241379452,0.888889011,0.985436916,0.682353495,0.442477977,0.758620648,0.611650924,0.523809419,0.3333333,0.565217243,0.702702781,0.483871048,0.633333343,0.842519748,0.693548508
0.294117329,0.827160452,0.5,0.166666583,0.382353085,0.373563513,0.53125,0.744444577,0.12,0.36,0.586206724,0.738095238,0.926701585,0.927272785,0.217391348,0.366666683,0.710526374,0.603773445,0.384615308,0.612902961,0.428571629,0.580644958,0.781609066,0.777777778,0.56,0.557377102,0.821917915,0.347826057,0.483871152,0.757576,0.954954963,0.50000015,0.727272809,0.576923215,0.5000001,0.6792451,0.666666733,0.260869604,0.617647268,0.976190479,0.724770897,0.747252925,0.4999998,0.419355132,0.56,0.690476221,0.686274575,0.4642857,0.310344914,0.839080197,0.85,0.605263037,0.657894737,0.517241497,0.794117462,0.726027542,0.913978577,0.850746175,0.85915493,0.901960825,0.937219786,0.781249941,0.736842132,0.386363693,0.273584732,0.146341359,0.285714357,0.541666658,0.484848588,0.531914774,0.683544232,0.478260874,0.578947284,0.410256405,0.308823676,0.687499925,0.4,0.44,0.490195645,0.725,0.49999975,0.44,0.731707466,0.824999782,0.291666871,0.28125,0.857142986,0.984682743,0.662920906,0.423423431,0.753846177,0.623762502,0.333333367,0.4,0.583333242,0.657142966,0.555555556,0.642857107,0.813953354,0.666666733
0.21276583,0.786666651,0.457627071,0.19999992,0.363636027,0.393333715,0.558823621,0.810126524,0.0833334083,0.358490987,0.666666933,0.638888889,0.908602187,0.92,0.227272568,0.321428507,0.695122126,0.692307131,0.337838066,0.605263195,0.384615446,0.571428286,0.825,0.76666666,0.53125,0.639344184,0.774834519,0.4,0.4838713,0.788461645,0.961702125,0.50000015,0.666666633,0.541666583,0.4516132,0.703703589,0.704917993,0.295454682,0.645161329,0.977777784,0.711538544,0.767441923,0.477272439,0.413793352,0.481481533,0.704545223,0.648147935,0.481481585,0.275862079,0.861111056,0.835227337,0.5697671,0.7,0.46875,0.767857561,0.748898157,0.903954815,0.873418025,0.848485015,0.89808917,0.940265481,0.790055153,0.760000104,0.363636418,0.336538215,0.214285693,0.303030291,0.615384285,0.5,0.491525058,0.679487596,0.50000015,0.628571303,0.384615377,0.254237246,0.673076667,0.45,0.4,0.5,0.782608922,0.462686615,0.44,0.729729638,0.87,0.304347735,0.222222189,0.839285788,0.98750002,0.623376561,0.390351071,0.762711742,0.641509825,0.321428732,0.434782409,0.619047595,0.647058565,0.5000003,0.692307785,0.816,0.671641733
0.255814005,0.791044925,0.392857093,0.235294135,0.3999996,0.44375,0.558823676,0.7794117,0.0384614923,0.319149272,0.681818209,0.567567384,0.918604651,0.94,0.3,0.233333287,0.712643387,0.729166919,0.277777606,0.609756161,0.415094208,0.571428429,0.853658698,0.805555419,0.5625,0.627118485,0.750000225,0.44,0.448275886,0.741666791,0.956331895,0.571428543,0.619047657,0.64,0.428571643,0.688889151,0.78125,0.3,0.645161235,0.975609793,0.658163297,0.773809345,0.488372293,0.423076854,0.5,0.720930316,0.606557785,0.517241341,0.285714186,0.867647053,0.839779011,0.537634316,0.777777744,0.39999998,0.777777911,0.771689645,0.876404438,0.882353024,0.848484939,0.850299398,0.950819681,0.779661049,0.774647887,0.380952305,0.415253815,0.249999825,0.380952381,0.56666677,0.428571643,0.426229385,0.6428572,0.517241441,0.578947368,0.441176379,0.245282874,0.736841905,0.4117645,0.377777276,0.48,0.7826089,0.514705797,0.538461623,0.7142858,0.8783784,0.347826261,0.296296178,0.847457537,0.992015958,0.579709726,0.36633696,0.821428646,0.634615537,0.2666666,0.473683811,0.65,0.59999998,0.461538238,0.703703693,0.804687402,0.693548447
0.263158,0.803030439,0.319148809,0.235294159,0.352940865,0.474683358,0.5483874,0.727272927,0.129032465,0.36,0.684210537,0.55,0.923497117,0.956521796,0.333333267,0.303030352,0.741176419,0.733333467,0.287671301,0.604650958,0.396551741,0.611111311,0.815217326,0.7499999,0.487179346,0.629032092,0.760563772,0.409090641,0.4333331,0.701612756,0.955823298,0.590908877,0.619047595,0.72,0.49999985,0.6590907,0.761194143,0.261904736,0.59999976,0.9736842,0.648352,0.792207713,0.571428286,0.363636291,0.454545227,0.702127898,0.62711841,0.46875,0.324324395,0.89552229,0.83977919,0.54945064,0.775,0.444444467,0.76,0.80543003,0.872222114,0.89,0.858974458,0.832369942,0.948818834,0.808988687,0.803278803,0.378378265,0.47706445,0.354166783,0.4366195,0.5862069,0.405405462,0.4084505,0.554054366,0.538461262,0.638889081,0.413792952,0.239130648,0.716981174,0.444444444,0.285713971,0.563636713,0.777777867,0.558823744,0.518518515,0.65625,0.859375,0.37500015,0.3333332,0.816326473,0.992467044,0.558823676,0.321839407,0.826087,0.656565766,0.290322413,0.578947347,0.636363645,0.55172389,0.36,0.75,0.816666542,0.73913033
0.21875,0.818181827,0.318182064,0.285714214,0.368421079,0.427631464,0.575757645,0.630137011,0.157894705,0.386363323,0.772727455,0.526315811,0.897435831,0.909090818,0.4117645,0.294117841,0.741572539,0.695652257,0.259740408,0.642857214,0.4,0.605262758,0.787879,0.7209304,0.410256505,0.61290289,0.732824142,0.4090907,0.392857064,0.737226353,0.944649467,0.52,0.590909114,0.653846196,0.516129103,0.590909359,0.771428486,0.256410254,0.60000016,0.969696976,0.637362936,0.777777689,0.55,0.428571443,0.352941176,0.709091175,0.623188088,0.486486643,0.297297378,0.907692428,0.834196834,0.576470412,0.770833354,0.407407385,0.75510202,0.840375689,0.855421658,0.898304974,0.869565152,0.815384478,0.950413235,0.794594662,0.811320981,0.352941553,0.559632934,0.444444444,0.441176924,0.6176468,0.48571414,0.415584474,0.481012541,0.49999995,0.604166681,0.5,0.255813902,0.714285814,0.444444444,0.307692354,0.526315437,0.775510112,0.629629785,0.4999999,0.548387371,0.839285684,0.37500015,0.370370222,0.818181764,0.992424238,0.484848194,0.313252937,0.840908948,0.689654941,0.324324292,0.555555489,0.727272864,0.571428571,0.296296307,0.741935481,0.805309924,0.756756878
0.2,0.838709574,0.244444347,0.27777775,0.345454296,0.38356163,0.516129348,0.59523774,0.216216173,0.368421053,0.76190471,0.454545418,0.904255379,0.830188934,0.352941,0.290322584,0.758241924,0.695652217,0.222222178,0.714285386,0.425531915,0.53125,0.801801978,0.688888882,0.435897505,0.64516101,0.710744065,0.391304343,0.333333333,0.701388723,0.946768098,0.576923146,0.473684295,0.681818341,0.542857446,0.56,0.830986,0.342857029,0.514285857,0.96875,0.630952674,0.782608387,0.534883679,0.333333467,0.3333333,0.764705912,0.61971869,0.50000015,0.324324327,0.929824414,0.837988799,0.555555611,0.7500002,0.3666666,0.702127779,0.862559154,0.85430464,0.916666677,0.901960798,0.834975414,0.944,0.787709459,0.86,0.40625,0.58,0.510638502,0.471428889,0.4999998,0.3823532,0.4,0.436781351,0.419354558,0.529411965,0.571428729,0.263157747,0.727272873,0.529411765,0.270270235,0.608107843,0.807692177,0.658823398,0.586206766,0.447368221,0.8043477,0.357142857,0.36,0.808510677,0.987364638,0.3999998,0.291139333,0.8269229,0.703703441,0.295454252,0.59999984,0.730769365,0.518518511,0.272727155,0.7666668,0.766355319,0.783132557
0.250000125,0.88,0.2499998,0.268292415,0.35185187,0.356164578,0.53125,0.530120735,0.263157895,0.342857406,0.689655362,0.518518567,0.902912576,0.811320736,0.46666624,0.423076973,0.779069734,0.707317312,0.2117646,0.613636655,0.395348916,0.5,0.816666532,0.673469067,0.425,0.584615268,0.696,0.521739135,0.296296278,0.728477311,0.935222707,0.565217304,0.380952329,0.666666533,0.611111172,0.64,0.831325267,0.378378414,0.483870913,0.933333353,0.618420986,0.75,0.547619093,0.40000016,0.260869617,0.745098047,0.582089825,0.54054057,0.309523724,0.913792966,0.83522734,0.607142993,0.750000275,0.296296378,0.735849189,0.875000044,0.830882298,0.909722265,0.910714337,0.818604616,0.932539717,0.797545956,0.782608857,0.470588524,0.644444456,0.541666771,0.444444578,0.53125,0.432432489,0.377777613,0.414893824,0.428571271,0.483332907,0.571428643,0.2105264,0.737705148,0.5789474,0.3,0.602941221,0.811320849,0.638553889,0.551724079,0.428571457,0.83333345,0.392857025,0.416667033,0.790697884,0.982269491,0.342465771,0.257575629,0.818181864,0.732394634,0.244898278,0.615384538,0.714285714,0.533333267,0.269230673,0.740740767,0.752475378,0.772727232
0.249999975,0.851063919,0.244444396,0.25,0.310344759,0.3661975,0.60000004,0.49999965,0.275,0.405405384,0.645160958,0.538461262,0.934210567,0.803921763,0.421052484,0.448275755,0.867469747,0.729729711,0.229885024,0.57446777,0.3333332,0.53125,0.831932906,0.666666667,0.395348581,0.576923254,0.709090563,0.481481541,0.304348,0.716049355,0.936170153,0.625000012,0.3157894,0.526315705,0.589743613,0.659574604,0.828947368,0.41666675,0.464285714,0.7916666,0.603174462,0.789473505,0.560976061,0.333333333,0.24999995,0.666666667,0.565789474,0.555555867,0.30232546,0.918367349,0.816568035,0.592105622,0.795918261,0.2857144,0.792453038,0.887005539,0.842465812,0.91503262,0.91525426,0.805084711,0.930894304,0.801324668,0.794872,0.466666613,0.658823766,0.60416656,0.519480519,0.548387306,0.368421,0.335164734,0.3229168,0.409090977,0.43283557,0.576922927,0.219512176,0.761904786,0.473684295,0.371428686,0.630769489,0.795454543,0.686746988,0.516129297,0.4090913,0.78333327,0.424242555,0.50000005,0.744680647,0.980072489,0.296296222,0.254237598,0.829787302,0.682539614,0.326530902,0.470588,0.76,0.533333313,0.241379376,0.730769419,0.76,0.75
0.241379479,0.823529306,0.219511932,0.256410103,0.339622908,0.368420737,0.612903094,0.468354322,0.3,0.454545518,0.625,0.6250002,0.904564387,0.7777778,0.421052684,0.42424247,0.839080116,0.676470432,0.170212732,0.575,0.301886732,0.551724117,0.801887019,0.716981485,0.509804212,0.56,0.694444608,0.482758403,0.318181627,0.737804831,0.927125537,0.653845935,0.4285715,0.4999998,0.6304347,0.666666767,0.820512828,0.413793034,0.433333317,0.73913043,0.5322583,0.762711803,0.555555633,0.444444422,0.307692446,0.672131169,0.512820256,0.4722222,0.297872621,0.918367316,0.836477981,0.564103218,0.703703859,0.31428592,0.829787234,0.896341401,0.859060445,0.920000059,0.941176476,0.809128619,0.930232547,0.808219274,0.76744186,0.481481485,0.7179485,0.632652773,0.4999999,0.571428529,0.3684212,0.394736976,0.355555329,0.416666733,0.414285483,0.4999996,0.236842247,0.71875,0.363636273,0.41666675,0.553846232,0.777777911,0.752941152,0.53125,0.422222422,0.6375,0.404761983,0.461538523,0.723404089,0.978260915,0.321428475,0.236363524,0.8,0.689655062,0.372093086,0.5,0.72,0.60000002,0.28,0.652173909,0.786516443,0.710279999
0.363636109,0.79999986,0.216216208,0.305555617,0.358490308,0.416666542,0.606060642,0.445783289,0.3,0.428571343,0.692307685,0.523809471,0.883534154,0.687500138,0.428571414,0.428571214,0.858823501,0.629629578,0.168420901,0.463414578,0.22580629,0.566666683,0.809090895,0.641509557,0.557377144,0.547170292,0.67821763,0.515151558,0.260869878,0.754285506,0.923694826,0.730769354,0.461538608,0.4999999,0.581395342,0.68,0.80487822,0.448275931,0.470588318,0.6,0.523076786,0.745454802,0.526315895,0.409090927,0.323529506,0.629629578,0.50000055,0.50000015,0.260869583,0.891304402,0.819875826,0.608695309,0.6666668,0.303030352,0.812500263,0.90625,0.872340426,0.942307705,0.938271581,0.809322019,0.933333375,0.766423643,0.73333344,0.689655093,0.708333258,0.7142857,0.469879371,0.535714379,0.361111183,0.445945846,0.3703705,0.541666737,0.453333228,0.46875,0.275,0.70000011,0.45,0.454545427,0.523809471,0.77083334,0.794872021,0.481481485,0.439024495,0.607142964,0.422222527,0.5000002,0.673469231,0.974910426,0.325842913,0.192307738,0.795918222,0.619047938,0.354166477,0.478261157,0.7,0.607142836,0.304347787,0.6666666,0.802325621,0.706896538
0.454545382,0.737704974,0.21875,0.3333334,0.326530741,0.430769443,0.566666853,0.438271612,0.2500003,0.470588124,0.666666767,0.470588235,0.861003828,0.681818,0.428571414,0.441176524,0.876712438,0.708333246,0.14,0.448979576,0.246153674,0.620689538,0.823529516,0.6458334,0.553846222,0.566037657,0.682796063,0.50000025,0.24,0.782857137,0.9176471,0.76,0.518518511,0.4444445,0.60000022,0.702127719,0.804878044,0.518518363,0.484848345,0.5,0.523809519,0.755101896,0.6,0.391304365,0.4285716,0.625000238,0.447761079,0.472222128,0.261904705,0.840908964,0.834482708,0.5915495,0.666666767,0.333333233,0.750000175,0.915584449,0.892086446,0.94904448,0.95027627,0.796460245,0.946236542,0.812030075,0.690476345,0.645161535,0.793103321,0.705882453,0.461538577,0.4,0.375,0.479797844,0.371428511,0.576923158,0.457142917,0.5,0.275,0.710144561,0.4,0.533333373,0.544117419,0.755101949,0.759999952,0.4999995,0.409090877,0.641509706,0.413043524,0.482758759,0.645833342,0.969964701,0.362637354,0.187499963,0.784313943,0.558823509,0.33962207,0.517241593,0.736842053,0.72,0.363636209,0.49999965,0.771428609,0.741071468
0.476190538,0.779411743,0.275862272,0.365853702,0.421875,0.379310697,0.545454673,0.451219645,0.228571154,0.533333467,0.697674449,0.326087267,0.846303458,0.7,0.5,0.424242482,0.880596888,0.521739035,0.116504935,0.4,0.272727109,0.676470497,0.865853913,0.666666867,0.516128755,0.634615627,0.6505378,0.514285803,0.161290468,0.803191551,0.923694761,0.777777822,0.49999975,0.448276076,0.5116276,0.67441867,0.84883724,0.428571386,0.483871058,0.458333271,0.456140554,0.754717151,0.606060524,0.50000005,0.454545464,0.607843325,0.442857477,0.472222128,0.3333334,0.804347902,0.84931506,0.632353337,0.6888891,0.310345131,0.704545341,0.893333334,0.921568588,0.951219578,0.942028933,0.771689506,0.952702703,0.826771471,0.710526258,0.657894805,0.813953488,0.638297545,0.481481467,0.482758359,0.470588665,0.526595842,0.338461537,0.68,0.393442693,0.435897362,0.342857303,0.78082219,0.409090723,0.48,0.557143156,0.716981472,0.69863013,0.535714154,0.45,0.641509385,0.479166848,0.482758762,0.588235747,0.966044156,0.422222089,0.222222111,0.761904733,0.529411729,0.303571304,0.516128861,0.6666664,0.692307831,0.409090945,0.5,0.803030421,0.714285649
0.55,0.769230615,0.269231081,0.421052884,0.485294454,0.415094183,0.481481585,0.441558397,0.1875,0.615384546,0.755101896,0.3749998,0.857142771,0.707317254,0.50000005,0.444444422,0.854838742,0.545454582,0.106382957,0.3877553,0.294117929,0.648648565,0.85,0.6382978,0.532257626,0.673077062,0.602409658,0.487805239,0.15625,0.795321711,0.918749984,0.6875,0.50000015,0.416666833,0.49999975,0.684210589,0.858823529,0.45,0.49999995,0.461538477,0.39583324,0.788461342,0.65625,0.571428571,0.538461577,0.58,0.447368589,0.444444011,0.411764971,0.731707151,0.83333335,0.627118724,0.7,0.344827966,0.648648624,0.886792548,0.949044473,0.94904448,0.938967077,0.788177604,0.966887419,0.795082074,0.74999985,0.684210589,0.815789437,0.648148111,0.443037756,0.461538392,0.457142754,0.572165271,0.354838377,0.791666583,0.392856996,0.428571286,0.322580703,0.77922079,0.2857142,0.535714286,0.522388543,0.7017542,0.647058529,0.53125,0.444444322,0.666666633,0.54,0.483871061,0.592592941,0.967532425,0.484848491,0.22,0.731342807,0.606060703,0.290322245,0.472222158,0.692307631,0.703703752,0.461538346,0.45,0.818181873,0.741379309
0.5,0.761364172,0.333333267,0.515151564,0.530303077,0.418181642,0.49999995,0.449275241,0.178571429,0.627907014,0.78,0.413792928,0.828467011,0.657142966,0.545454473,0.431817998,0.83333355,0.6,0.109755955,0.434782717,0.34375,0.625,0.86075963,0.5833335,0.5333334,0.721311589,0.561798025,0.488372205,0.147058956,0.79874225,0.912556085,0.675675641,0.545454564,0.357142921,0.458333129,0.619047595,0.8750003,0.45,0.481481489,0.454545418,0.35555562,0.758620666,0.697674479,0.5,0.625,0.509433662,0.418919168,0.4375,0.432432516,0.675,0.846715372,0.647059094,0.735849189,0.387096845,0.612903039,0.896774264,0.957317098,0.948387141,0.942731253,0.806282684,0.973856228,0.789473655,0.717948674,0.605263316,0.782608857,0.677965797,0.465753407,0.464285946,0.424242382,0.64220149,0.301887091,0.750000025,0.457627363,0.441860623,0.333332967,0.763157966,0.2758623,0.548387171,0.486111008,0.725806363,0.6666666,0.529411694,0.342857277,0.640625,0.557692233,0.459459476,0.549019765,0.969745182,0.523364732,0.208333246,0.694444514,0.575757645,0.272727082,0.515151461,0.692307631,0.615384362,0.541666629,0.363636236,0.803921841,0.796460135
0.476190433,0.77,0.4,0.472222086,0.589285618,0.482758303,0.481481433,0.472222294,0.185185267,0.630434889,0.781818313,0.394736921,0.848708409,0.6666668,0.590909236,0.425,0.796609981,0.615384577,0.142857,0.36585352,0.349999915,0.625,0.878378512,0.571428771,0.553571609,0.734375,0.4950495,0.543477791,0.205128185,0.828025473,0.910714304,0.625,0.53125,0.34883714,0.43478253,0.604166658,0.876404225,0.363636482,0.4,0.3333335,0.357142671,0.789473553,0.714285643,0.5,0.6666669,0.423076642,0.46031746,0.551724155,0.585365551,0.7,0.7969924,0.680851191,0.74999965,0.483870906,0.576923004,0.91503262,0.942708348,0.938775573,0.935897474,0.794285318,0.971153822,0.813084312,0.75,0.5833335,0.784313957,0.625000175,0.436619782,0.387096574,0.424242497,0.686956659,0.333333367,0.703703763,0.516129406,0.466666713,0.28125,0.746666925,0.178571482,0.548386981,0.478260665,0.742424371,0.650793621,0.538461669,0.342105332,0.671875,0.611110989,0.384615292,0.530612229,0.972491918,0.554455509,0.19565198,0.703703559,0.548387216,0.328571567,0.5625,0.5625,0.590909095,0.518518515,0.318181823,0.811320755,0.787610642
0.555555489,0.75675674,0.461538508,0.425,0.526315758,0.467741866,0.533333173,0.446153923,0.12,0.612244949,0.774193487,0.439024495,0.846666651,0.684210274,0.619047771,0.439024663,0.796609941,0.576923131,0.119403124,0.361111236,0.350000195,0.627907237,0.865671573,0.634146434,0.543478109,0.723076878,0.469387753,0.531915081,0.173912748,0.834437071,0.917874342,0.567567454,0.53125,0.31372532,0.348837135,0.630434463,0.867469813,0.434782609,0.4,0.36,0.268292741,0.762711471,0.764705982,0.571428514,0.738095,0.425925843,0.515625,0.586206817,0.622222424,0.714285786,0.785714379,0.674418472,0.827586152,0.371428489,0.434782343,0.921052588,0.959798925,0.930069949,0.939655194,0.769736731,0.97697369,0.822429965,0.714285857,0.529411441,0.739130496,0.607142907,0.476923277,0.43333336,0.466666587,0.719007824,0.301886742,0.689655048,0.553571443,0.4999999,0.193548297,0.753622726,0.272727245,0.514285709,0.507042,0.774648,0.63333332,0.56756767,0.297297319,0.661016439,0.576923312,0.368420926,0.477272757,0.972136181,0.580952404,0.2045456,0.716049157,0.46666644,0.351351641,0.580645065,0.619047595,0.571428643,0.548387126,0.318181632,0.82,0.817307698
0.625,0.711711695,0.521739283,0.4186048,0.581818151,0.403225919,0.514285649,0.448276221,0.103448297,0.688888727,0.761904924,0.434782774,0.847039559,0.729729611,0.50000005,0.388889011,0.725806618,0.63333349,0.114753869,0.388888906,0.339285366,0.565217713,0.849999955,0.615384508,0.571428371,0.764705888,0.531915206,0.520833052,0.152173746,0.81118895,0.917127092,0.560975737,0.483871252,0.270833135,0.292682717,0.5777776,0.848837255,0.454545364,0.304347887,0.333333333,0.25,0.740740896,0.803278882,0.629629678,0.69767454,0.326086767,0.555555556,0.5999999,0.5957444,0.6875,0.792,0.6578946,0.803571404,0.393939558,0.277777867,0.922580765,0.95408169,0.917910349,0.950226207,0.772727091,0.978056426,0.84761909,0.7,0.527777706,0.76,0.677965829,0.517857118,0.375,0.542856963,0.730434907,0.2790696,0.636363582,0.60416684,0.534883907,0.212120958,0.758620693,0.282051254,0.4642857,0.523076895,0.753086125,0.641509592,0.605263437,0.243902393,0.611111306,0.568627412,0.43181807,0.540540454,0.973270412,0.616070802,0.209302284,0.770833198,0.411764876,0.381578947,0.512194905,0.590909014,0.55,0.482758907,0.384615238,0.854545629,0.83
0.5882355,0.672896955,0.5000003,0.26666648,0.55102021,0.369230348,0.433333383,0.431372716,0.171428383,0.651162826,0.732394366,0.489361604,0.850162836,0.7,0.521739239,0.295454548,0.746268651,0.611111033,0.178571171,0.466666687,0.307692008,0.549019614,0.830508369,0.673913004,0.595238338,0.771428631,0.531249994,0.533333413,0.14,0.810606103,0.911764718,0.463414563,0.5999998,0.254545251,0.314285469,0.6,0.876543099,0.476190381,0.346153773,0.3214287,0.250000175,0.76,0.777778044,0.580645484,0.735848989,0.276595634,0.610169329,0.6,0.55101998,0.769230662,0.783783856,0.657894805,0.755101729,0.387096861,0.363636464,0.928143785,0.953125033,0.916666633,0.955156995,0.79113931,0.972136196,0.857142919,0.692307708,0.515151461,0.749999725,0.692307785,0.557377079,0.347826104,0.461538477,0.785714175,0.26666658,0.611111111,0.666666733,0.567567484,0.235294059,0.807017339,0.255319047,0.428571443,0.507936508,0.743589926,0.690909169,0.606060624,0.256410354,0.586207248,0.576923127,0.43181823,0.5384615,0.970219434,0.642276443,0.12499985,0.77,0.371428511,0.421687,0.50000005,0.636363673,0.529411765,0.483871061,0.384615138,0.812500237,0.858586
0.521739078,0.680412096,0.555555644,0.244444544,0.54,0.322033949,0.448276221,0.511111258,0.175,0.743589772,0.721428728,0.531915,0.86666679,0.666666367,0.461538292,0.272727636,0.75,0.567567627,0.185185081,0.53125,0.328125,0.608695643,0.779660864,0.634146734,0.605263358,0.771428631,0.537634285,0.488372,0.16,0.819672208,0.900621174,0.534883628,0.607143161,0.259259204,0.361111256,0.567567654,0.8630139,0.538461662,0.423076742,0.32,0.333333333,0.763636695,0.746031876,0.545454573,0.730158611,0.244444227,0.59999996,0.4999998,0.561403619,0.73333334,0.808510677,0.619047619,0.735848721,0.419354916,0.347826222,0.924050727,0.944723596,0.920289813,0.941463418,0.81818189,0.968152869,0.805825222,0.677419326,0.5,0.774647887,0.733333333,0.596153523,0.2857145,0.452381007,0.776785832,0.285714357,0.628571351,0.730769073,0.54838711,0.147058885,0.78,0.244444347,0.384615615,0.483333755,0.727272927,0.714285471,0.558823421,0.210526274,0.4999998,0.576923158,0.490196098,0.615384385,0.9712,0.666666427,0.0681819205,0.781818151,0.39999996,0.421686684,0.45,0.565217217,0.39999992,0.5,0.448275755,0.723404255,0.877777827
0.555555544,0.663157865,0.64285715,0.22,0.52,0.3636365,0.44,0.560975673,0.16666655,0.736842105,0.668831033,0.46341461,0.864197452,0.714285814,0.481481537,0.255319098,0.742424371,0.5,0.222222244,0.53125,0.287878542,0.632653363,0.764706229,0.630434604,0.615384523,0.8169015,0.52808953,0.523809548,0.18,0.809917356,0.922155846,0.604651163,0.703703793,0.203389958,0.424242412,0.588235524,0.855072243,0.633333353,0.363636318,0.36,0.384615238,0.795918282,0.726027408,0.5588238,0.792307555,0.3,0.576922815,0.413793217,0.508771991,0.772727123,0.817073354,0.674418767,0.754716626,0.363636455,0.357142786,0.932885929,0.947916643,0.909090891,0.954773817,0.854430453,0.967426682,0.776470499,0.60000002,0.52,0.8076925,0.830188781,0.648148089,0.269230746,0.409090918,0.772726997,0.25,0.648648524,0.8,0.575757545,0.146341332,0.80000018,0.255813979,0.444444467,0.491228305,0.723684245,0.739130526,0.647058606,0.210526274,0.49999945,0.55932232,0.480769112,0.695652248,0.971291837,0.720930018,0.0851064,0.82031268,0.294117782,0.50000015,0.434782417,0.607142936,0.411764706,0.424242412,0.444444456,0.735848983,0.902173739
0.466666633,0.653061204,0.6666667,0.22448962,0.465116347,0.349206314,0.428571129,0.612903577,0.162790551,0.647058818,0.5919541,0.487179495,0.880000012,0.6764704,0.461538215,0.211538637,0.737705074,0.477272409,0.240740724,0.6285715,0.365079492,0.6170212,0.727272309,0.652173674,0.638297728,0.833333433,0.5316455,0.444444378,0.16,0.822033965,0.921212135,0.609756032,0.793103283,0.222222089,0.393939415,0.588235382,0.859648942,0.592592533,0.523809367,0.483870752,0.416666608,0.770833569,0.636363573,0.53333336,0.805555517,0.317073144,0.624999975,0.371428711,0.465517414,0.782608965,0.819444354,0.6444448,0.720930456,0.375,0.39999992,0.926470634,0.958115175,0.897959171,0.939560406,0.861635327,0.96,0.808510715,0.6666666,0.517241041,0.829545632,0.8727274,0.641509164,0.240740572,0.425,0.79245311,0.270270362,0.648648524,0.695652361,0.606060624,0.153846223,0.770833485,0.333333167,0.391304326,0.510638294,0.666667033,0.830188883,0.6666667,0.189189151,0.528301883,0.517857062,0.462962907,0.7,0.972756439,0.769784312,0.0869563391,0.872180502,0.3125,0.575471425,0.46666682,0.655171897,0.470588235,0.419355158,0.3846152,0.703703563,0.881720312
0.39999996,0.557894346,0.727272791,0.283018498,0.413043613,0.307691946,0.541666483,0.684210274,0.170731707,0.629629604,0.54375,0.485714109,0.893939528,0.625,0.40625,0.232142632,0.749999975,0.488371898,0.230769254,0.611111111,0.3142855,0.592592778,0.704545364,0.617021523,0.659574536,0.857142929,0.518072386,0.424242424,0.166666433,0.8,0.9251702,0.622222298,0.766666737,0.230769446,0.363636455,0.578947516,0.8627453,0.695651961,0.56,0.5,0.454545527,0.7692306,0.643835593,0.512820556,0.844156,0.341463478,0.6136363,0.354838616,0.509090656,0.86,0.794117503,0.645833252,0.675675705,0.3333334,0.35135127,0.902777909,0.961326009,0.898088964,0.897849592,0.863354034,0.960655699,0.78217822,0.653846431,0.461538285,0.808080919,0.836734765,0.648148294,0.2500001,0.377777702,0.764705395,0.333333367,0.70000014,0.666666533,0.677419529,0.19999998,0.777777822,0.382978647,0.391304526,0.521738957,0.634146634,0.816326529,0.767441953,0.189189132,0.56,0.482758445,0.5,0.710526516,0.971039142,0.806896508,0.127659574,0.879432528,0.269230785,0.638655778,0.44,0.70000002,0.40000004,0.305555525,0.428571386,0.730769181,0.854166329
0.342857003,0.511628053,0.72,0.298245702,0.439024683,0.282608759,0.608695957,0.780487924,0.21621613,0.624999963,0.512987,0.39999966,0.919753091,0.59999994,0.428571557,0.163934264,0.781818422,0.428571214,0.254901953,0.710526316,0.428571386,0.574074272,0.675,0.591836796,0.687499894,0.8275861,0.513513514,0.3611108,0.254545224,0.822033733,0.919463095,0.634146507,0.689655117,0.28,0.3125,0.611110994,0.82,0.6,0.56,0.59375,0.518518563,0.788461527,0.68571418,0.538461515,0.821428379,0.441176491,0.60000002,0.363636309,0.442307633,0.854545527,0.824561223,0.681818291,0.666666733,0.357142893,0.375,0.865079363,0.962365625,0.90395476,0.878947358,0.865030718,0.958064506,0.762886613,0.629629667,0.521739083,0.8163263,0.84905673,0.62,0.222222178,0.3333332,0.711339911,0.321428507,0.733333387,0.704545477,0.684210337,0.216216208,0.805555458,0.428571057,0.545454818,0.585366,0.6,0.8627453,0.777777644,0.205882579,0.571428229,0.535714568,0.490195845,0.630434652,0.968197914,0.836363809,0.212765915,0.896774322,0.307691754,0.708028992,0.49999975,0.6666667,0.333333467,0.261904679,0.413793476,0.722222078,0.857143
0.303030312,0.523256162,0.708333317,0.370370148,0.465116147,0.243902273,0.592592574,0.784313978,0.21428565,0.565217435,0.546667019,0.384615485,0.932551347,0.606060603,0.518518463,0.178571171,0.745098322,0.375,0.249999825,0.769230908,0.457142566,0.64,0.613636561,0.5555556,0.653061678,0.807017577,0.521126761,0.414634305,0.315789626,0.862595293,0.920529768,0.625,0.65625,0.266666507,0.2999999,0.589743472,0.82,0.592592593,0.6,0.71875,0.533333273,0.807692162,0.710144745,0.514285757,0.809523538,0.483871061,0.60000018,0.416666708,0.3695651,0.81034479,0.8333334,0.658536559,0.702702681,0.413793093,0.439024195,0.820754877,0.954802264,0.887640469,0.869047487,0.855346047,0.956666653,0.761062246,0.607142896,0.5,0.814432811,0.893617021,0.659090895,0.208333221,0.290908916,0.687500169,0.357142821,0.742857197,0.711111271,0.658536293,0.243902444,0.75675673,0.540540662,0.4999999,0.694444261,0.559523612,0.836363833,0.794117582,0.322580645,0.588235324,0.574074002,0.434782343,0.6698111,0.966228912,0.8625,0.29787274,0.922618938,0.36,0.76642338,0.547618938,0.652174065,0.315789474,0.209302284,0.34375,0.7076924,0.831578982
