9662,17120,18159,12730,12458,11291,10311,9346,8400,7699,6992,6442,5954,5217,4914,4575,4224,3981,3717,3481,3194,3027,2883,2816,2736,2698,2720,2684,2627,2591,2560,2532,2460,2530,2546,2598,2535,2513,2578,2544,2580,2518,2579,2530,2532,2500,2511,2518,2490,2449,2510,2520,2582,2664,2693,2739,2825,2847,2841,2817,2814,2760,2808,2827,2849,2898,2949,2973,3039,2972,3014,2967,2994,3025,3046,3107,3035,3052,3088,3169,3295,3297,3323,3263,3233,3203,3152,3139,3231,3151,3136,3136,3125,3166,3250,3174,3138,3111,3166,3197,3167,3138,3070,3114,2969,2938,2871,2849,2837,2875,2833,2950,2893,2825,2862,2894,2924,2992,3061,3057,3089,3143,3167,3218,3230,3235,3164,3135,3090,3128,3233,3336,3365,3467,3441,3429,3489,3556,3565,3460,3395,3401,3452,3495,3446,3583,3494,3529,3494,3521,3568,3621,3692,3622,3530,3479,3460,3384,3336,3313,3236,3176,3251,3311,3310,3287,3301,3299,3290,798,380,174,96,79,91,108,114,133,143,160,178,180,187,190,194,211,232,260,276,286,317,330,355,349,390,412,432,437,449,454,444,456,515,548,552,519,534,557,551,630,627,672,659,656,671,706,740,784,846,902,913,927,922,957,977,1003,992,1046,1107,1100,1108,1139,1158,1197,1230,1225,1251,1278,1278,1336,1365,1379,1404,1441,1471,1490,1532,1552,1660,1691,1800,1833,1887,1923,1906,1886,1945,1886,1911,1889,1947,1931,1971,2058,2030,2088,2096,2150,2208,2184,2069,2067,2098,2085,2148,2157,2137,2111,2142,2224,2264,2254,2380,2398,2410,2408,2329,2239,2293,2338,2323,2420,2400,2341,2297,2263,2328,2333,2338,2311,2349,2354,2345,2412,2419,2439,2423,2424,2424,2394,2376,2354,2337,2368,2337,2365,2334,2364,2394,2445,2428,2473,2535,2496,2497,2498,2488,2471,2391,2293,2276,2261,2276,2283,2321,2341,2341,2365,2341,2374,2316,2283,2195,2142,2055,2053,2043,2137,2119,2090,2131,2133,2083,2079,2052,2086,2044,1975,1959,1933,1945,1964,2032,2062,2142,2122,2095,2103,2142,2112,1979,1965,1944,1896,1918,1936,1877,1791,1765,1775,1801,1808,1832,1909,1927,1921,1946,2036,2070,2119,2125,2255,2307,2321,2280,2305,2364,2265,2308,2320,2410,2359,2468,2501,2502,2523,2507,2431,2432
9875,17500,18549,12793,12301,11201,10254,9261,8384,7722,7023,6284,5849,5324,4930,4538,4248,3925,3700,3420,3316,3031,2942,2760,2617,2519,2420,2395,2386,2395,2397,2346,2247,2319,2314,2303,2286,2273,2367,2326,2360,2314,2319,2335,2395,2489,2518,2570,2666,2684,2697,2672,2715,2724,2833,2917,2951,3017,3027,3114,3112,3160,3141,3156,3113,3144,3211,3289,3304,3278,3319,3229,3180,3218,3200,3160,3157,3234,3295,3341,3251,3267,3268,3323,3266,3227,3277,3349,3338,3353,3359,3392,3306,3407,3389,3312,3278,3272,3334,3286,3308,3404,3439,3453,3400,3409,3385,3416,3377,3444,3478,3519,3537,3556,3558,3492,3418,3431,3478,3432,3437,3428,3410,3419,3396,3416,3465,3419,3360,3263,3208,3133,3162,3196,3138,2970,3024,3004,2910,2941,2984,3049,3046,3154,3242,3262,3185,3122,3030,2976,3058,3018,2966,2916,2845,2842,2859,2873,2804,2833,2776,2844,2825,2834,2888,2898,2918,2885,2910,743,329,149,83,65,59,70,79,98,115,131,134,126,146,143,156,164,152,157,170,180,181,179,180,163,160,155,144,136,138,132,128,122,143,157,162,149,140,138,148,160,159,167,169,173,179,187,195,192,200,201,230,246,243,213,210,212,224,233,245,255,269,265,279,269,252,250,258,238,227,237,245,276,296,299,296,269,282,294,306,315,306,314,316,310,352,380,415,429,409,416,446,490,500,503,509,483,486,504,490,500,484,523,552,553,561,541,554,575,585,618,643,661,642,652,650,697,756,797,886,900,916,922,943,929,930,931,933,963,988,952,931,967,983,985,1000,966,1003,985,954,985,1046,1059,1080,1087,1107,1077,1108,1157,1152,1149,1163,1202,1271,1267,1259,1353,1366,1413,1472,1468,1465,1542,1581,1588,1560,1548,1511,1529,1612,1607,1603,1600,1584,1606,1604,1611,1637,1576,1527,1514,1523,1535,1541,1569,1607,1576,1603,1587,1581,1607,1613,1611,1594,1642,1705,1724,1737,1740,1812,1899,1928,1964,1981,2004,1976,1933,1976,2065,2137,2178,2146,2152,2253,2170,2183,2178,2231,2282,2321,2316,2355,2333,2361,2313,2313,2362,2396,2365,2371,2339,2299,2326,2296,2336,2308,2379,2364,2340,2266
9825,17074,18086,12627,12333,11156,10251,9444,8639,8047,7249,6571,5970,5295,4958,4492,4190,3810,3562,3296,3086,2885,2787,2626,2398,2319,2205,2171,2147,2124,2138,2116,2123,2128,2105,2151,2229,2278,2255,2270,2261,2392,2387,2374,2352,2392,2516,2535,2594,2636,2717,2767,2899,3001,3023,2996,3005,3019,2955,3010,3023,3092,3166,3168,3190,3120,3164,3281,3287,3352,3385,3433,3433,3458,3386,3359,3304,3403,3349,3356,3313,3344,3278,3324,3337,3321,3348,3421,3473,3466,3361,3342,3246,3272,3312,3336,3363,3330,3389,3407,3419,3485,3507,3484,3585,3663,3653,3766,3735,3744,3728,3743,3741,3690,3642,3649,3730,3656,3651,3617,3658,3609,3613,3551,3551,3541,3476,3398,3329,3364,3313,3348,3351,3364,3336,3415,3393,3375,3294,3344,3355,3381,3321,3391,3297,3305,3163,3159,3178,3195,3245,3174,3245,3234,3218,3339,3380,3394,3363,3403,3262,3248,3185,3178,3107,3060,3007,3048,3142,825,353,156,87,78,89,107,109,107,105,115,139,139,146,147,182,169,175,182,182,179,164,156,136,155,160,189,179,187,192,192,185,202,196,211,210,213,199,188,196,183,178,190,190,204,238,257,286,314,323,311,304,312,351,337,372,405,404,427,453,471,482,496,510,552,608,674,695,670,733,750,772,817,836,876,910,957,1010,1009,1081,1137,1241,1226,1262,1308,1285,1334,1382,1387,1365,1364,1371,1391,1424,1432,1444,1463,1471,1506,1517,1537,1596,1625,1664,1704,1775,1708,1708,1677,1631,1660,1702,1732,1703,1732,1784,1808,1737,1725,1726,1763,1830,1908,1866,1844,1786,1800,1844,1979,2060,2104,2124,2202,2192,2166,2105,2115,2114,2043,2023,2004,1984,1911,1909,1925,2034,1984,1982,2059,2108,2130,2142,2118,2154,2174,2226,2211,2237,2206,2295,2338,2445,2552,2585,2675,2608,2692,2704,2749,2788,2689,2637,2637,2637,2776,2811,2844,2921,2921,3003,3089,3154,3213,3273,3310,3417,3448,3463,3547,3476,3358,3313,3273,3255,3241,3210,3228,3143,3177,3144,3102,3179,3221,3215,3161,3149,3122,3225,3191,3148,3120,3089,3122,3135,3189,3115,3114,3104,3161,3225,3245,3352,3335,3358,3388,3428,3507,3500,3565,3555,3463,3433,3562,3719,3833,3914,4013,4005,4071,4075
9644,17238,18297,12765,12259,11135,10304,9391,8540,7711,7105,6425,5910,5309,5001,4607,4342,4016,3749,3546,3310,3131,2991,2855,2770,2628,2542,2498,2418,2425,2369,2336,2333,2336,2341,2298,2316,2385,2350,2347,2349,2489,2524,2585,2635,2692,2786,2810,2811,2787,2818,2818,2824,2848,2771,2765,2747,2848,2883,2958,3008,3005,3057,2964,2887,2889,2877,2842,2868,2862,2846,2875,2942,2982,2969,2958,2892,2838,2752,2860,2886,2870,2914,2839,2829,2860,2824,2811,2807,2812,2849,2856,3010,3128,3170,3196,3273,3359,3386,3411,3332,3344,3314,3216,3155,3169,3111,3167,3137,3107,3068,3105,3130,3080,3096,3072,3121,3135,3087,3094,3133,3188,3178,3097,3095,3114,3141,3155,3146,3094,3109,3113,3085,3053,3148,3106,3032,3012,2910,2959,2944,2960,2985,2902,2914,2864,2897,2911,3007,2956,2989,3033,3025,3096,3106,3087,3072,3074,3164,3167,3174,3044,3053,2988,2937,2896,2917,2906,2923,730,319,138,68,36,47,64,77,85,89,117,132,138,154,161,163,183,177,179,189,187,191,184,206,209,215,195,184,198,192,199,207,197,187,196,198,206,205,210,236,234,246,252,242,238,247,269,252,256,264,273,266,262,277,312,334,375,407,418,436,419,415,420,423,463,485,508,528,563,587,594,570,575,551,579,599,565,554,534,542,555,607,632,673,660,681,669,730,770,831,853,856,854,864,889,894,903,888,833,878,903,914,953,940,951,909,932,949,972,983,919,901,923,936,944,945,955,922,930,927,955,991,1030,1090,1112,1071,1084,1153,1131,1161,1216,1201,1171,1160,1218,1219,1237,1254,1244,1254,1308,1350,1367,1363,1303,1297,1349,1344,1380,1447,1493,1517,1497,1475,1492,1464,1533,1544,1536,1490,1478,1448,1415,1363,1356,1425,1454,1472,1432,1451,1453,1416,1413,1405,1384,1378,1378,1356,1361,1351,1337,1329,1342,1339,1344,1363,1420,1374,1387,1391,1373,1341,1294,1295,1278,1284,1313,1311,1289,1331,1330,1379,1417,1477,1451,1473,1482,1478,1566,1589,1679,1665,1698,1616,1691,1715,1735,1679,1764,1782,1799,1771,1755,1750,1690,1759,1757,1716,1728,1682,1651,1697,1714,1727,1772,1809,1918,1993,2000,2010
9752,17302,18211,12751,12428,11245,10311,9423,8664,7833,7127,6469,5931,5446,4943,4494,4116,3722,3519,3277,3119,2984,2881,2758,2691,2617,2476,2385,2203,2125,2131,2087,2066,2059,2069,2068,2070,2116,2090,2111,2109,2094,2136,2122,2130,2102,2101,2118,2149,2152,2108,2078,2103,2151,2165,2238,2229,2278,2265,2277,2269,2320,2363,2324,2334,2361,2332,2474,2506,2617,2663,2717,2803,2837,2806,2801,2813,2742,2737,2734,2768,2756,2744,2776,2823,2854,2838,2814,2766,2774,2844,2932,3001,3007,3113,3051,3026,3031,2970,2981,2923,2907,2964,2991,3053,3098,3041,3003,2982,2908,2900,2908,2918,2950,2887,2836,2826,2837,2879,2856,3003,2961,3011,2982,2932,2855,2827,2859,2937,2961,2981,2989,2971,3002,2989,3047,3022,2979,3063,3136,3135,3092,3194,3229,3253,3257,3299,3278,3347,3413,3451,3461,3380,3409,3388,3314,3375,3330,3397,3369,3399,3322,3295,3212,3184,3173,3086,3082,3101,700,308,133,74,61,58,60,58,57,62,73,82,78,77,78,90,87,92,97,105,103,118,113,106,102,110,118,133,134,155,172,172,182,186,213,240,270,257,271,258,265,292,307,326,361,388,381,387,400,386,398,394,374,365,371,384,433,454,453,430,449,443,448,499,526,534,558,558,587,600,596,614,617,649,655,688,684,706,677,703,708,743,775,856,855,885,944,912,1001,1040,1088,1108,1089,1094,1081,1092,1136,1167,1182,1238,1278,1308,1397,1411,1397,1474,1510,1539,1580,1588,1619,1643,1650,1687,1747,1734,1730,1724,1714,1694,1692,1681,1675,1670,1737,1757,1825,1890,1845,1857,1829,1844,1921,1874,1867,1849,1858,1874,1934,1962,1944,1932,1937,1881,1770,1776,1771,1757,1767,1805,1858,1891,1977,2037,2042,2143,2148,2104,2094,2195,2196,2186,2193,2183,2134,2146,2098,2163,2261,2269,2303,2304,2390,2387,2390,2413,2351,2294,2375,2463,2530,2559,2567,2570,2546,2522,2584,2564,2681,2660,2568,2561,2547,2598,2654,2659,2622,2597,2631,2650,2693,2726,2744,2788,2816,2813,2798,2827,2809,2749,2703,2710,2626,2669,2714,2835,2803,2829,2806,2862,2886,2869,2843,2812,2801,2787,2773,2768,2761,2722,2698,2661,2736,2786,2811,2782,2865,2899,3012,3104
9583,17204,18312,12771,12401,11087,10208,9304,8507,7630,6771,6176,5546,4989,4658,4312,3951,3706,3406,3128,2924,2781,2724,2576,2468,2308,2202,2156,2121,2143,2136,2116,2047,1940,1885,1884,1850,1909,1890,1950,1956,1989,1944,1980,2009,1995,2057,2128,2268,2375,2429,2467,2577,2547,2628,2706,2701,2718,2668,2634,2603,2667,2734,2822,2897,2964,2938,2957,2955,2976,2962,2962,2987,2992,2958,3001,2990,3073,3141,3172,3262,3362,3398,3463,3502,3513,3472,3486,3481,3454,3447,3465,3493,3526,3555,3477,3519,3494,3507,3473,3339,3253,3220,3299,3219,3239,3247,3281,3311,3314,3320,3300,3289,3290,3237,3237,3231,3232,3191,3216,3216,3189,3202,3173,3113,3094,3100,3163,3082,3029,3030,3087,3115,3129,3126,3052,3063,3027,2985,2984,2995,3003,2961,2929,2923,2871,2878,2879,2858,2855,2888,2902,2942,3040,3097,3076,3030,3079,3041,3019,2965,2980,3038,3155,3182,3162,3110,3101,3090,829,352,153,76,59,71,73,94,103,113,120,112,120,133,111,103,109,116,139,151,196,196,211,221,222,260,268,324,350,369,367,376,365,367,369,329,341,355,383,424,419,445,451,470,486,499,506,538,596,598,591,558,538,520,534,518,551,590,623,601,611,610,626,645,657,704,779,764,787,808,793,783,798,799,815,844,899,899,963,996,1064,1096,1128,1167,1209,1222,1199,1199,1273,1329,1398,1386,1430,1452,1417,1428,1495,1513,1569,1569,1557,1571,1565,1591,1621,1684,1711,1748,1753,1806,1798,1797,1783,1800,1855,1861,1890,1908,1942,1936,1943,1995,1955,1985,2037,2109,2172,2163,2153,2173,2259,2293,2242,2292,2305,2385,2343,2410,2393,2349,2243,2238,2181,2222,2243,2239,2188,2254,2205,2212,2231,2245,2227,2271,2274,2245,2322,2356,2323,2352,2342,2385,2436,2428,2396,2453,2475,2488,2454,2462,2393,2376,2312,2265,2177,2145,2088,2101,2013,2021,2043,2122,2194,2167,2136,2155,2144,2191,2119,2097,2052,2016,1977,1937,1866,1859,1894,1881,1837,1762,1744,1714,1717,1732,1651,1587,1528,1496,1404,1410,1311,1311,1302,1313,1292,1319,1290,1198,1181,1180,1199,1193,1214,1210,1165,1191,1194,1180,1175,1141,1128,1093,1080,1019,1009,963,903,865,894,908
9735,16992,17955,12686,12258,11166,10164,9207,8264,7396,6699,6178,5578,5005,4577,4255,3910,3610,3442,3274,3171,3042,2878,2749,2669,2624,2510,2485,2434,2470,2414,2381,2340,2259,2270,2205,2267,2296,2361,2381,2434,2390,2375,2344,2331,2429,2431,2430,2411,2417,2485,2462,2554,2607,2722,2790,2791,2725,2733,2744,2668,2684,2648,2716,2777,2801,2885,2869,2829,2802,2777,2799,2789,2804,2904,2945,2978,2998,3041,3104,3085,3110,3137,3130,3275,3271,3319,3327,3250,3320,3340,3410,3435,3458,3507,3503,3436,3423,3418,3309,3332,3351,3278,3248,3192,3198,3223,3191,3099,3034,3026,3063,3082,3080,3189,3152,3245,3259,3299,3309,3322,3349,3308,3310,3250,3281,3257,3272,3248,3314,3298,3304,3375,3363,3449,3371,3391,3318,3288,3251,3243,3328,3336,3334,3371,3366,3283,3249,3262,3179,3159,3162,3134,3077,3046,3045,3037,3163,3184,3189,3235,3185,3209,3251,3247,3246,3253,3217,3241,914,392,173,98,86,94,105,110,117,129,134,158,180,191,175,154,157,172,181,187,184,175,186,175,186,189,200,236,257,264,258,251,241,268,283,304,335,333,403,439,460,477,459,479,519,501,525,543,553,602,621,666,685,692,726,716,711,731,748,749,801,790,822,844,858,879,846,860,871,865,905,884,865,871,877,868,885,907,938,1034,1039,1077,1069,1070,1070,1076,1028,1098,1123,1143,1188,1155,1166,1205,1235,1269,1323,1331,1421,1469,1454,1463,1481,1539,1588,1595,1576,1597,1591,1560,1569,1581,1627,1726,1764,1819,1902,1961,1955,2009,2002,2107,2106,2131,2194,2139,2152,2170,2200,2217,2233,2231,2252,2337,2303,2362,2406,2434,2404,2376,2337,2364,2375,2363,2472,2458,2507,2546,2498,2482,2519,2553,2620,2611,2582,2614,2612,2562,2564,2566,2570,2522,2523,2501,2532,2558,2488,2510,2497,2529,2570,2616,2646,2697,2632,2656,2669,2677,2643,2648,2722,2722,2755,2758,2791,2813,2940,2861,2849,2794,2819,2775,2764,2706,2675,2743,2765,2780,2702,2707,2821,2907,2945,2964,2969,2978,3047,3037,3110,3165,3206,3238,3241,3234,3211,3254,3187,3159,3112,3118,3174,3324,3268,3321,3307,3289,3317,3367,3407,3452,3549,3530,3552,3549,3627,3625,3596,3722,3748,3732
9748,17321,18363,12967,12454,11077,10236,9367,8650,7936,7209,6501,5901,5399,4976,4517,4191,3904,3661,3438,3175,3040,3018,2952,2837,2687,2593,2547,2406,2417,2374,2326,2347,2325,2274,2302,2302,2312,2359,2424,2405,2495,2457,2479,2560,2631,2680,2681,2711,2833,2823,2811,2877,2942,2920,2972,3014,2940,2971,2974,3020,3029,3087,3053,2998,2993,3054,3025,3078,2991,3009,3029,3095,3120,3138,3149,3104,3114,3183,3280,3285,3333,3341,3338,3298,3365,3353,3378,3390,3302,3236,3137,3079,3081,3049,3047,3073,3034,3063,3044,3066,3007,2981,3047,3079,3122,3098,3089,3102,3034,3135,3082,3145,3186,3187,3204,3168,3146,3110,3131,3124,3083,3067,3097,3038,2984,2936,2929,2865,2929,2940,3003,3027,3049,3084,2974,2995,3007,2938,3012,2912,2949,2895,2874,2851,2926,2952,2946,2913,2869,2830,2922,2931,2988,2932,2867,2829,2816,2888,2871,2899,2885,2939,2979,2981,3021,2981,2996,2981,713,288,140,76,67,73,81,92,93,99,105,122,125,144,162,188,209,201,232,242,288,326,338,341,343,373,365,384,369,391,358,372,422,472,530,550,584,580,616,682,714,741,721,738,767,816,847,825,806,806,862,910,946,958,990,1042,1108,1149,1221,1253,1290,1325,1381,1398,1386,1418,1398,1429,1468,1519,1518,1554,1533,1575,1607,1659,1743,1715,1815,1840,1840,1884,1916,1975,1942,1983,2020,2038,2031,1984,1938,1988,1975,1931,1945,1959,2000,2020,2134,2157,2180,2166,2143,2187,2234,2242,2251,2274,2234,2274,2332,2302,2273,2276,2270,2177,2156,2120,2130,2167,2253,2249,2249,2193,2150,2120,2164,2127,2139,2118,2105,2022,1988,1979,2060,2080,2130,2119,2110,2043,2037,2029,1999,2024,2044,2043,2041,1976,1966,1895,1886,1869,1903,1918,1906,1945,1929,1948,1924,1955,1907,1918,1936,1972,2006,2130,2130,2086,2044,2000,1995,2020,1959,1906,1929,1941,1924,1870,1883,1910,1940,1926,1936,1910,1875,1904,1841,1830,1785,1787,1792,1755,1764,1771,1825,1842,1784,1763,1855,1847,1844,1790,1815,1787,1781,1781,1797,1764,1791,1819,1787,1761,1786,1819,1803,1787,1804,1807,1782,1839,1862,1884,1899,1894,1904,1909,1836,1722,1657,1629,1635,1657,1639,1661,1638,1622,1651,1642,1663,1656
9556,16879,18001,12539,12343,11190,10267,9508,8756,7924,7214,6549,5916,5362,4915,4504,4088,3818,3574,3387,3172,3010,2993,2928,2800,2778,2747,2744,2769,2653,2623,2569,2520,2512,2484,2486,2503,2502,2477,2454,2458,2441,2500,2468,2478,2492,2458,2455,2384,2396,2374,2367,2372,2368,2410,2438,2444,2488,2490,2443,2481,2487,2534,2625,2590,2637,2701,2777,2872,2814,2905,2885,2926,2972,3004,2998,2964,2947,3016,3057,3140,3059,3039,2973,3035,3031,2989,3065,3148,3153,3152,3171,3195,3123,3121,3153,3096,3140,3116,3145,3165,3274,3304,3412,3488,3566,3590,3671,3707,3762,3827,3826,3773,3625,3549,3512,3441,3452,3449,3447,3353,3382,3357,3313,3332,3332,3311,3321,3350,3393,3360,3341,3370,3367,3305,3282,3300,3322,3328,3379,3345,3298,3272,3198,3182,3196,3234,3170,3102,3076,3015,3027,3059,3089,3080,3098,3043,3152,3178,3309,3312,3357,3439,3429,3477,3464,3436,3394,3309,772,307,139,80,69,74,95,97,103,111,112,112,121,132,145,168,169,159,171,175,186,192,202,203,205,213,226,219,193,199,180,200,223,236,241,268,286,304,345,347,368,381,382,373,374,402,429,401,401,389,395,394,433,443,440,434,438,431,475,495,537,518,542,594,589,623,663,692,660,688,665,686,721,763,795,817,786,815,806,847,906,902,984,1023,1075,1119,1173,1213,1242,1254,1282,1309,1333,1369,1391,1382,1444,1487,1502,1498,1509,1574,1604,1620,1627,1673,1773,1809,1836,1829,1915,2014,2085,2182,2351,2397,2468,2470,2450,2396,2425,2405,2488,2438,2530,2603,2644,2700,2685,2743,2733,2744,2792,2816,2803,2853,2727,2724,2769,2887,2899,2980,2983,2964,3086,3176,3170,3189,3180,3166,3187,3196,3222,3296,3290,3301,3214,3141,3114,3152,3211,3171,3169,3229,3202,3217,3211,3239,3288,3248,3148,3183,3177,3154,3248,3220,3267,3172,3177,3210,3297,3300,3310,3331,3323,3252,3216,3166,3143,3183,3184,3105,3156,3187,3120,3142,3044,2962,2948,3043,3102,3189,3248,3291,3308,3266,3188,3255,3260,3359,3373,3422,3481,3434,3490,3421,3415,3483,3482,3476,3501,3503,3579,3577,3609,3569,3611,3593,3676,3761,3757,3695,3713,3691,3686,3702,3668,3655,3604,3615
9649,17446,18405,12850,12535,11324,10269,9333,8526,7714,6941,6298,5777,5250,4773,4423,4156,3863,3533,3329,3133,2953,2720,2571,2447,2428,2406,2383,2326,2247,2298,2290,2402,2457,2422,2463,2499,2530,2567,2563,2661,2756,2716,2717,2761,2747,2810,2757,2714,2776,2870,2990,3052,3038,3048,3104,3044,3104,2994,2996,3043,3070,3192,3208,3208,3186,3179,3191,3144,3096,3108,3143,3163,3192,3224,3264,3188,3199,3203,3291,3352,3382,3364,3245,3322,3308,3343,3427,3389,3430,3424,3447,3525,3602,3620,3603,3602,3601,3604,3706,3743,3734,3794,3822,3695,3608,3656,3695,3791,3838,3780,3697,3618,3619,3583,3533,3479,3457,3442,3457,3515,3484,3508,3488,3489,3456,3460,3382,3368,3380,3385,3319,3383,3345,3372,3342,3372,3384,3310,3233,3302,3305,3291,3280,3314,3361,3365,3384,3336,3300,3338,3388,3389,3363,3354,3367,3318,3285,3180,3125,3123,3095,3146,3103,3044,3011,2991,2920,2889,717,316,146,76,64,66,86,100,100,104,87,100,112,135,152,143,138,126,141,150,172,163,177,186,186,200,214,226,233,248,238,245,259,276,321,342,372,375,381,431,467,508,512,529,557,565,566,611,609,639,683,745,765,841,867,891,892,955,906,925,988,1011,1061,1122,1130,1143,1185,1212,1226,1229,1233,1241,1314,1365,1433,1495,1506,1498,1520,1529,1503,1461,1485,1466,1549,1580,1576,1556,1575,1542,1590,1514,1536,1555,1619,1709,1717,1730,1734,1778,1839,1846,1746,1702,1630,1611,1560,1578,1605,1624,1650,1605,1618,1624,1649,1629,1588,1596,1623,1640,1605,1602,1598,1588,1650,1686,1696,1715,1682,1668,1720,1776,1835,1895,1899,1860,1847,1793,1715,1680,1682,1683,1674,1694,1724,1752,1722,1686,1645,1574,1543,1559,1582,1556,1548,1565,1562,1567,1580,1584,1605,1654,1686,1661,1720,1676,1605,1583,1622,1600,1648,1694,1667,1733,1713,1681,1661,1642,1613,1546,1586,1634,1594,1554,1597,1532,1567,1533,1514,1510,1469,1447,1436,1449,1437,1427,1439,1444,1452,1452,1456,1485,1446,1465,1413,1430,1475,1483,1479,1438,1394,1412,1440,1433,1409,1405,1460,1512,1465,1433,1453,1439,1390,1340,1306,1281,1205,1131,1101,1099,1104,1084,1069,1037,1016,1027,1036,1044,1103,1099
9534,17042,18053,12584,12285,10953,10084,9240,8361,7713,6930,6352,5754,5183,4690,4395,4077,3770,3492,3274,3026,2851,2815,2814,2702,2633,2510,2536,2487,2424,2438,2437,2459,2423,2387,2388,2365,2394,2456,2477,2529,2580,2539,2479,2437,2437,2467,2513,2580,2649,2729,2631,2688,2622,2506,2491,2527,2518,2456,2466,2425,2545,2572,2613,2527,2567,2542,2497,2526,2535,2526,2530,2502,2498,2511,2546,2507,2467,2479,2509,2528,2528,2492,2582,2628,2692,2759,2868,2897,2914,2978,3015,3025,3039,2990,3041,3183,3177,3278,3276,3275,3269,3287,3244,3186,3158,3276,3300,3249,3298,3312,3372,3426,3512,3568,3536,3585,3538,3527,3558,3531,3490,3479,3465,3376,3334,3265,3282,3218,3208,3193,3213,3271,3247,3181,3118,3024,2933,2837,2783,2725,2683,2679,2727,2714,2703,2722,2802,2755,2751,2783,2801,2847,2950,2961,2926,2913,2928,2909,2927,2898,2960,2911,2953,2948,2980,2977,2972,2968,747,317,128,66,61,61,63,65,68,62,64,61,66,70,73,71,66,63,78,81,75,75,59,72,82,97,101,103,97,101,117,106,107,104,108,94,110,109,125,129,121,101,96,80,68,71,85,101,113,112,114,118,103,94,92,87,90,81,101,95,99,107,112,112,116,99,96,89,81,87,102,126,133,134,125,122,114,117,117,141,159,171,179,178,175,185,178,185,184,194,187,205,194,206,205,200,217,221,239,230,224,188,175,169,174,161,154,169,164,158,151,154,159,179,165,168,170,190,208,197,212,204,214,222,219,243,268,265,256,258,267,244,258,242,245,240,219,226,214,219,237,234,244,245,258,241,224,196,198,202,249,258,241,243,238,247,241,239,247,250,245,245,278,296,284,320,311,323,324,328,332,331,310,329,344,381,402,432,404,424,431,438,449,455,464,466,465,497,539,557,587,609,633,644,648,628,638,635,654,647,632,645,659,669,753,765,780,821,862,839,825,852,836,903,917,983,1001,1018,1066,1088,1111,1194,1273,1278,1264,1325,1344,1401,1406,1395,1432,1461,1424,1468,1509,1572,1663,1677,1618,1625
9615,17090,18140,12644,12289,10998,10043,9166,8212,7531,6965,6236,5658,5135,4692,4234,3885,3671,3425,3318,3212,3051,2954,2832,2771,2619,2535,2481,2397,2326,2336,2295,2271,2210,2160,2135,2147,2219,2161,2079,2072,2030,2122,2171,2254,2321,2344,2349,2422,2431,2461,2518,2530,2593,2557,2556,2580,2534,2566,2565,2561,2645,2647,2630,2701,2757,2894,2870,2872,2803,2789,2847,2889,2965,2926,3013,3041,3086,3140,3094,3090,3123,3134,3181,3133,3188,3244,3306,3356,3385,3383,3379,3360,3392,3363,3366,3219,3173,3210,3198,3121,3185,3108,3100,3058,3109,3166,3167,3151,3134,3100,3051,3062,3072,2998,3038,3082,3180,3175,3165,3220,3273,3346,3325,3304,3345,3324,3251,3290,3315,3296,3301,3317,3287,3196,3214,3193,3038,3017,2970,2976,3014,3130,3118,3046,3056,3124,3124,3203,3168,3183,3129,3144,3157,3120,3133,3125,3148,3161,3017,2986,2871,2870,2881,2855,2922,2937,2965,2947,734,284,128,76,72,74,92,73,88,76,86,96,112,115,128,125,143,144,149,121,139,129,125,126,151,165,181,172,189,175,185,178,183,186,181,211,219,242,257,258,269,243,205,212,216,224,225,213,228,237,261,273,279,264,270,278,266,269,287,301,307,312,322,346,360,410,435,448,434,473,495,517,531,553,524,534,594,582,608,573,604,627,659,679,712,733,749,764,766,752,750,785,801,837,868,892,900,843,876,889,907,924,926,899,882,895,894,931,957,993,967,970,994,975,1023,998,1007,1015,1032,1030,1000,1034,1042,1045,1000,1034,1032,1041,1020,1072,1135,1197,1212,1180,1208,1197,1307,1296,1255,1243,1201,1241,1247,1346,1414,1453,1388,1346,1367,1320,1311,1328,1322,1376,1445,1462,1487,1534,1513,1525,1496,1490,1587,1710,1776,1879,1917,1933,1981,1982,2030,1985,2044,2026,2033,2057,1959,1999,1970,2023,2024,2026,2064,2089,2130,2215,2221,2226,2250,2291,2283,2339,2222,2155,2100,2111,2177,2182,2157,2133,2129,2120,2128,2102,2084,2038,2046,2077,2127,2191,2194,2223,2310,2407,2451,2498,2589,2695,2675,2662,2696,2757,2752,2787,2728,2773,2729,2681,2721,2634,2686,2838,2966,3065,3115,3110,3068,3049,3039,3085
9767,17191,18342,12872,12462,11257,10348,9488,8711,8006,7322,6621,5982,5416,4983,4519,4216,3860,3687,3446,3282,3134,2959,2883,2745,2654,2643,2476,2444,2386,2431,2349,2345,2373,2375,2305,2297,2333,2333,2357,2382,2404,2448,2507,2411,2375,2413,2478,2513,2487,2503,2492,2468,2530,2586,2633,2679,2774,2839,2965,3003,2992,3016,3037,2986,2920,2958,2955,2950,3082,3053,3108,3091,3084,3126,3143,3155,3170,3242,3233,3277,3337,3348,3248,3227,3176,3210,3270,3289,3326,3373,3381,3366,3341,3387,3368,3382,3463,3543,3605,3629,3552,3536,3470,3426,3332,3339,3341,3331,3392,3373,3384,3454,3430,3470,3517,3504,3577,3534,3499,3497,3465,3376,3421,3332,3353,3304,3293,3120,3098,3119,3191,3171,3135,3167,3140,3130,3169,3131,3225,3246,3245,3284,3318,3400,3386,3279,3271,3336,3355,3394,3368,3396,3301,3252,3233,3232,3218,3304,3335,3260,3290,3224,3212,3274,3253,3226,3309,3308,800,366,147,82,66,55,45,54,59,64,72,68,69,85,89,85,95,94,87,88,97,96,111,109,123,120,134,139,136,140,131,142,158,174,196,195,216,217,227,228,220,225,248,271,285,294,316,291,313,327,312,337,374,366,383,377,392,372,367,344,337,333,327,354,359,370,379,389,387,411,413,417,417,439,444,441,476,485,492,516,531,527,528,539,552,586,643,639,675,671,646,652,623,640,668,636,663,673,671,707,752,768,789,815,869,874,880,892,853,856,887,891,858,848,908,920,948,972,1004,990,997,1021,1016,1030,1054,1108,1132,1174,1267,1276,1281,1269,1206,1250,1221,1251,1286,1337,1349,1394,1351,1361,1355,1430,1422,1436,1476,1526,1572,1595,1649,1717,1773,1861,1882,1813,1783,1844,1895,1927,1948,1990,1999,2009,1954,1943,1924,1932,1962,1975,2005,1982,1914,1910,2009,1995,2037,2016,1977,1984,1970,1947,1953,1994,1992,2057,2066,2123,2072,2034,2034,2105,2090,2030,1865,1898,1917,1993,1971,1940,1894,1918,1928,1964,1950,1895,1734,1763,1669,1700,1617,1655,1566,1573,1569,1541,1539,1541,1498,1459,1472,1523,1572,1518,1540,1540,1577,1633,1602,1592,1594,1577,1492,1415,1389,1363,1335,1350,1376,1350
9638,17387,18342,12659,12344,11157,10182,9435,8591,7854,7185,6544,5907,5279,4819,4407,4142,3861,3616,3426,3199,3132,3028,2868,2659,2575,2539,2472,2371,2364,2292,2310,2247,2296,2230,2258,2152,2181,2193,2300,2297,2326,2308,2265,2297,2323,2424,2422,2387,2449,2505,2570,2680,2784,2844,2986,3052,3156,3243,3317,3384,3451,3549,3624,3533,3568,3521,3587,3618,3527,3472,3464,3422,3421,3435,3266,3332,3286,3297,3237,3316,3305,3356,3382,3416,3417,3394,3397,3360,3438,3374,3398,3405,3379,3444,3415,3426,3378,3341,3288,3296,3218,3211,3199,3214,3243,3299,3352,3431,3438,3406,3380,3395,3377,3449,3488,3474,3456,3330,3241,3189,3193,3243,3252,3376,3316,3329,3318,3330,3260,3255,3227,3180,3131,3088,3146,3111,3121,3175,3238,3343,3347,3312,3265,3172,3161,3132,3157,3252,3214,3168,3209,3233,3207,3212,3249,3208,3094,3046,2948,2889,2803,2795,2810,2880,2984,2967,3011,3065,809,372,158,78,64,68,66,72,77,76,73,87,85,87,80,85,90,106,107,105,110,108,123,135,139,134,124,140,176,178,203,244,263,293,318,343,330,308,316,346,381,422,453,475,474,470,477,524,544,566,538,558,584,610,617,623,630,632,656,639,627,668,700,734,812,893,896,908,904,916,960,981,1001,993,1047,1059,1069,1163,1224,1268,1326,1400,1448,1509,1553,1549,1565,1554,1546,1582,1614,1614,1660,1650,1688,1706,1699,1658,1705,1728,1752,1779,1887,1896,1890,1890,1904,1896,1977,1954,1963,1969,1988,1984,2008,2071,2073,2103,2108,2144,2193,2343,2314,2258,2283,2243,2227,2237,2213,2143,2055,2080,2070,2093,2053,2045,2087,2084,2054,2079,2057,2011,2064,2067,2035,2032,2023,2008,1940,1934,1883,1827,1819,1837,1813,1780,1778,1701,1705,1707,1680,1680,1708,1740,1721,1738,1784,1845,1901,1961,2004,1975,1967,1972,1968,2000,1977,2080,2055,1989,2036,2004,2013,1961,1953,1913,1895,1884,1841,1826,1792,1846,1863,1881,1966,2051,2054,2073,2043,2021,2092,2100,2075,2018,1968,1962,1977,1946,1989,1991,2028,2067,2088,2157,2228,2218,2261,2211,2134,2085,2064,2078,2134,2188,2181,2196,2110,2067,2044,2030,2017,2015,1954,1937,1930,1953,1967,1920,1802,1807
9762,17303,18501,12924,12533,11141,10233,9197,8291,7493,6769,6195,5605,5185,4811,4475,4199,3838,3510,3299,3152,2944,2826,2787,2636,2514,2433,2391,2388,2370,2320,2235,2264,2277,2254,2267,2353,2340,2289,2297,2275,2272,2330,2300,2314,2360,2356,2372,2443,2484,2540,2594,2585,2635,2659,2616,2650,2689,2631,2749,2763,2758,2838,2939,3023,3071,3113,3209,3249,3210,3195,3253,3247,3285,3277,3339,3309,3347,3343,3385,3478,3517,3491,3361,3323,3341,3328,3358,3271,3195,3189,3197,3185,3184,3127,3177,3196,3192,3176,3088,3149,3081,3167,3109,3141,3118,3106,3136,3169,3136,3182,3137,3174,3116,3136,3204,3228,3218,3308,3300,3330,3357,3297,3292,3260,3277,3264,3350,3355,3357,3416,3474,3477,3553,3595,3717,3803,3739,3689,3730,3747,3741,3746,3674,3670,3670,3664,3561,3464,3335,3312,3290,3301,3366,3415,3406,3370,3369,3320,3199,3214,3121,3164,3143,3141,3092,3105,3117,3080,784,299,145,70,40,54,71,88,85,96,94,104,101,114,105,100,101,106,89,114,119,137,154,184,190,197,202,215,214,243,261,257,291,307,321,322,303,302,325,337,349,378,396,394,398,418,433,449,444,492,504,507,493,481,485,503,507,542,562,571,613,648,645,641,632,658,661,655,651,644,660,706,729,745,809,860,913,962,1008,1070,1090,1125,1146,1188,1214,1209,1261,1290,1312,1322,1311,1377,1440,1509,1537,1552,1618,1681,1673,1717,1705,1683,1745,1723,1782,1785,1757,1786,1812,1857,1835,1825,1861,1834,1852,1894,1954,1967,2008,2057,2121,2123,2140,2127,2120,2130,2123,2040,2020,1955,1953,1897,1951,1980,2016,2073,2079,2108,2119,2175,2239,2301,2325,2373,2413,2475,2501,2538,2563,2650,2764,2837,2917,3049,3067,3089,3013,3040,3074,3126,3160,3141,3210,3220,3352,3373,3455,3549,3568,3551,3631,3749,3678,3758,3831,3950,3998,4027,4035,4073,4059,4107,4091,4117,4144,4259,4253,4319,4255,4204,4221,4174,4208,4264,4190,4130,4040,3962,3893,3973,3961,3916,3938,4014,4042,4107,4111,4167,4140,4203,4211,4246,4132,4245,4212,4271,4309,4282,4247,4179,4202,4226,4256,4179,4156,4144,4158,4035,3944,3840,3876,3925,3951,3939,4047,4106,4065,4163,4078,4031
9685,17288,18356,12977,12374,11024,10041,9081,8199,7472,6816,6272,5676,5171,4817,4495,4161,3869,3511,3327,3102,2980,2856,2825,2660,2488,2497,2446,2469,2402,2368,2373,2342,2327,2350,2415,2430,2543,2546,2560,2553,2611,2689,2735,2799,2819,2800,2840,2824,2873,2926,2993,3016,2973,2962,2901,3018,2988,3013,2931,2998,2879,2981,3003,3031,3087,3078,3066,3081,3171,3119,3120,3117,3090,3150,3058,3040,3062,3073,3084,3148,3227,3222,3298,3295,3305,3414,3413,3370,3392,3295,3278,3241,3276,3303,3254,3341,3237,3272,3283,3260,3220,3251,3374,3358,3285,3239,3275,3273,3243,3276,3265,3217,3273,3306,3319,3419,3494,3598,3589,3746,3696,3681,3676,3686,3650,3598,3495,3587,3487,3498,3570,3559,3620,3600,3610,3583,3557,3550,3561,3484,3499,3469,3374,3282,3217,3115,3132,3044,3080,3067,3004,3058,3037,3063,3072,3032,3022,3020,3110,3076,3052,3117,3073,3012,3003,2956,3076,3108,770,328,150,78,69,74,101,118,129,133,145,163,189,212,214,215,203,204,203,215,228,228,247,250,249,249,264,284,307,289,271,281,277,285,293,290,288,270,267,294,295,312,309,334,357,375,404,403,420,434,454,490,510,556,611,602,646,717,776,786,813,786,814,809,811,844,915,919,889,892,873,933,925,966,963,999,1020,1016,983,1042,1092,1121,1110,1129,1173,1177,1221,1222,1177,1205,1232,1250,1264,1267,1266,1276,1289,1352,1354,1380,1406,1377,1399,1435,1441,1453,1443,1489,1528,1542,1567,1586,1564,1547,1544,1561,1590,1610,1654,1653,1696,1640,1671,1674,1691,1719,1751,1764,1809,1809,1787,1784,1822,1854,1886,1958,1984,1956,1973,1972,2013,2058,1937,1911,1885,1912,1821,1762,1690,1672,1634,1626,1597,1570,1525,1488,1467,1512,1506,1449,1415,1309,1264,1256,1255,1185,1187,1207,1143,1167,1170,1186,1140,1170,1140,1107,1113,1126,1143,1084,1078,1057,1079,1046,1039,1056,1051,1088,1116,1136,1148,1163,1243,1203,1186,1185,1177,1190,1146,1115,1126,1073,1090,1101,1089,1085,1101,1111,1112,1088,1096,1102,1076,1074,1054,1070,1109,1126,1176,1180,1125,1110,1077,1025,1032,982,1029,1003,1023,1049,991,1027,1026,1023,1042,997,984,945,949,902
9723,17424,18390,12997,12720,11283,10326,9473,8680,7881,7202,6631,6089,5537,5191,4764,4429,4079,3759,3560,3282,3076,2924,2784,2590,2440,2360,2259,2203,2166,2171,2143,2187,2175,2212,2175,2173,2183,2197,2215,2200,2215,2188,2198,2224,2173,2219,2264,2349,2428,2443,2511,2560,2628,2574,2507,2475,2406,2436,2559,2576,2593,2595,2712,2788,2888,2965,3077,3139,3203,3282,3266,3332,3358,3519,3534,3506,3481,3526,3558,3568,3611,3567,3614,3611,3527,3522,3508,3608,3498,3432,3325,3286,3226,3168,3225,3187,3066,2994,2956,2971,2968,2952,2939,2964,3014,3035,3047,3040,3115,3084,3087,3139,3242,3273,3241,3194,3151,3161,3187,3238,3145,3177,3164,3156,3174,3192,3133,3144,3076,3028,2976,2902,2887,2972,3045,3054,3093,3109,3112,3078,3083,3096,3036,3069,3084,3115,3122,3070,3150,3213,3209,3209,3236,3221,3193,3185,3209,3255,3329,3407,3428,3429,3426,3320,3258,3266,3194,3262,836,348,144,57,42,40,54,64,69,75,68,71,65,68,78,66,82,81,76,85,83,72,72,66,76,67,66,74,80,95,76,72,69,74,91,73,87,94,94,94,104,113,123,131,121,150,154,178,201,214,233,246,246,261,261,241,242,230,243,265,286,306,326,330,364,395,374,356,377,398,387,437,464,490,500,526,544,539,573,608,635,670,624,642,629,698,740,760,805,763,826,854,872,905,910,911,937,947,955,982,1006,1031,1065,1122,1139,1157,1145,1178,1193,1203,1230,1245,1235,1264,1295,1348,1365,1384,1432,1483,1484,1522,1546,1550,1564,1550,1519,1469,1505,1473,1521,1507,1481,1520,1510,1593,1607,1597,1678,1705,1702,1779,1775,1749,1745,1731,1785,1832,1859,1835,1766,1772,1783,1837,1838,1910,1919,1945,1950,1968,2043,2057,2122,2206,2274,2319,2370,2322,2331,2335,2250,2303,2354,2393,2522,2587,2577,2598,2619,2608,2683,2719,2720,2757,2895,2841,2837,2742,2785,2822,2820,2943,3033,3074,3116,3091,3149,3070,3058,3144,3220,3271,3332,3309,3337,3318,3318,3314,3282,3351,3422,3367,3309,3311,3272,3199,3326,3403,3467,3510,3507,3595,3606,3632,3647,3702,3629,3690,3632,3711,3780,3785,3859,3912,3868,3890,3934,4018,4025,4080
9709,17266,18300,12898,12522,11272,10310,9424,8490,7771,7127,6412,5720,5087,4714,4302,3995,3775,3478,3261,3094,2967,2846,2766,2699,2633,2649,2647,2483,2361,2292,2330,2346,2347,2360,2369,2375,2399,2530,2479,2449,2305,2318,2284,2336,2348,2340,2342,2404,2487,2500,2506,2599,2593,2690,2741,2739,2727,2827,2886,2892,2930,2914,2913,2950,2918,2902,2863,2862,2901,2975,3050,3049,3086,3153,3216,3197,3293,3353,3473,3409,3412,3383,3372,3287,3081,3045,3134,3130,3124,3149,3102,3035,2996,3027,2917,2774,2694,2670,2604,2582,2545,2520,2573,2619,2733,2700,2721,2718,2747,2719,2798,2889,2881,2916,2964,2930,2888,2962,2987,2931,3012,3082,3174,3188,3252,3247,3177,3240,3148,3239,3243,3205,3225,3327,3354,3298,3261,3325,3316,3304,3324,3247,3125,3198,3162,3214,3236,3281,3228,3212,3194,3237,3335,3384,3396,3340,3317,3323,3302,3236,3257,3279,3250,3129,3163,3118,3200,3223,785,303,148,79,55,56,65,78,85,89,80,78,91,93,108,126,142,149,138,158,150,157,167,164,183,208,219,229,237,228,222,240,263,319,332,329,334,303,307,294,311,299,345,356,379,417,443,476,481,464,444,441,461,465,502,505,535,510,517,520,517,510,523,563,620,642,648,670,697,732,796,855,874,849,855,860,836,864,887,892,918,933,948,1013,1023,1045,1030,1015,1029,1043,1060,1115,1123,1132,1188,1237,1257,1260,1314,1315,1341,1437,1476,1452,1494,1466,1479,1488,1461,1422,1431,1460,1520,1569,1558,1631,1633,1726,1711,1732,1821,1925,1940,1877,1977,1957,1908,1940,1867,1822,1846,1891,1868,1894,1872,1831,1824,1785,1733,1779,1741,1780,1831,1865,1887,1913,1973,1988,1910,1961,1966,2005,1991,2015,2018,1997,1968,1906,1948,1917,1949,1912,1860,1856,1848,1877,1885,1899,1887,1835,1874,1924,1942,1949,1901,1904,1879,1879,1861,1896,1839,1868,1958,1973,1956,1966,1911,1970,1968,1961,1879,1832,1779,1790,1784,1880,1901,1912,1860,1819,1803,1797,1768,1752,1757,1772,1812,1803,1764,1692,1724,1710,1754,1734,1777,1824,1841,1775,1755,1736,1736,1730,1650,1685,1712,1710,1768,1726,1704,1678,1669,1673,1625,1678,1752,1750,1675,1687,1680,1702
9663,17100,17952,12463,12084,10922,10097,9325,8420,7682,6841,6468,6008,5478,5013,4806,4525,4130,3907,3693,3419,3229,3099,2975,2836,2778,2651,2570,2432,2360,2231,2277,2190,2214,2269,2249,2272,2298,2299,2289,2279,2298,2338,2400,2450,2424,2428,2444,2511,2484,2515,2591,2636,2639,2633,2650,2724,2743,2727,2723,2721,2804,2803,2780,2720,2675,2602,2572,2623,2699,2661,2625,2671,2676,2744,2813,2904,2875,2898,2932,2984,3026,3077,3092,3112,3225,3307,3344,3412,3431,3485,3437,3461,3440,3427,3401,3345,3343,3356,3380,3462,3468,3490,3504,3507,3627,3629,3684,3672,3581,3612,3716,3772,3821,3858,3878,3798,3648,3564,3607,3596,3478,3435,3420,3362,3340,3370,3395,3374,3334,3348,3332,3383,3307,3347,3344,3328,3341,3347,3389,3479,3523,3578,3627,3558,3527,3464,3474,3500,3497,3451,3407,3350,3435,3423,3356,3381,3221,3241,3258,3244,3242,3303,3386,3437,3456,3491,3492,3520,854,376,157,101,92,110,131,134,134,133,151,162,179,188,176,175,172,169,173,179,185,195,192,205,211,215,214,220,195,190,210,226,248,268,281,284,280,303,317,318,350,400,416,437,502,562,614,639,632,622,645,660,670,637,678,659,698,717,711,728,758,798,817,872,883,894,880,846,828,889,912,908,957,974,1075,1174,1253,1273,1287,1337,1373,1398,1501,1519,1507,1602,1693,1705,1704,1734,1778,1765,1788,1783,1790,1773,1832,1883,1891,1855,1856,1777,1709,1626,1647,1657,1661,1640,1710,1708,1741,1771,1771,1726,1875,1839,1856,1823,1905,1922,1934,1878,1888,1887,1914,1830,1860,1840,1872,1912,2011,2009,2057,2043,2009,2042,2018,2055,2012,2052,2043,2138,2095,2108,2097,2099,2134,2110,2237,2243,2254,2175,2132,2140,2108,2097,2049,2059,2132,2071,2116,2157,2172,2196,2239,2349,2376,2391,2414,2432,2321,2228,2070,2079,2042,2067,2003,1896,1854,1878,1857,1831,1731,1756,1742,1703,1725,1672,1690,1737,1763,1793,1752,1735,1703,1749,1731,1730,1696,1730,1724,1721,1660,1626,1674,1626,1676,1706,1724,1688,1754,1761,1753,1801,1764,1760,1712,1732,1707,1700,1660,1626,1621,1588,1541,1550,1580,1580,1577,1610,1642,1655,1676,1696,1658,1552,1547,1487,1515,1529
9781,17191,18244,12695,12301,11142,10246,9322,8488,7819,7162,6492,5930,5382,5045,4675,4312,4009,3664,3402,3207,3052,2818,2681,2534,2520,2542,2491,2448,2364,2312,2286,2228,2195,2228,2188,2243,2177,2202,2258,2376,2420,2521,2602,2586,2567,2562,2618,2696,2683,2640,2634,2672,2721,2714,2751,2709,2791,2744,2787,2756,2787,2869,2897,2989,3079,3160,3126,3096,3107,3121,3154,3103,3065,3011,2913,2861,2829,2918,2886,2932,2951,2947,2994,3010,3034,3106,3133,3115,3071,3051,3000,3080,2997,3020,3026,2982,3003,3024,2958,3062,3073,3067,3101,3135,3155,3125,3161,3183,3105,3101,3051,3081,3146,3069,3089,3021,2897,2929,2883,2852,2934,2928,2901,2935,2916,2889,2864,2894,2892,2955,2902,2896,2853,2874,2889,2930,3022,3026,2934,2858,2874,2921,2963,2934,2858,2806,2705,2736,2721,2730,2663,2737,2797,2797,2815,2810,2808,2793,2782,2776,2727,2681,2765,2679,2745,2719,2690,2677,686,284,138,82,54,47,45,40,37,41,42,45,38,31,26,25,29,23,22,20,21,21,18,19,12,14,19,24,22,19,25,22,24,25,32,31,30,29,41,38,42,51,53,58,62,69,61,72,80,79,87,86,90,91,91,97,102,110,113,109,118,135,139,142,146,154,165,157,173,184,206,222,244,231,225,230,240,234,239,252,275,306,309,327,292,276,285,305,310,317,316,337,356,376,377,414,398,419,422,434,423,413,403,399,395,403,416,441,480,496,548,547,551,559,575,552,579,588,613,666,690,684,686,705,729,732,742,728,762,803,845,859,860,879,833,791,739,741,773,787,837,889,921,965,962,929,991,1021,1010,1007,1021,1045,1048,1060,1080,1139,1176,1191,1186,1217,1226,1235,1290,1315,1391,1451,1495,1592,1610,1629,1645,1622,1646,1687,1673,1684,1685,1672,1665,1690,1713,1704,1646,1617,1585,1660,1719,1763,1755,1769,1744,1689,1703,1739,1805,1761,1819,1815,1853,1820,1838,1844,1816,1849,1948,2029,2069,2176,2184,2150,2182,2192,2196,2165,2190,2192,2258,2275,2313,2384,2375,2425,2395,2431,2464,2530,2484,2437,2341,2345,2300,2280,2312,2309,2361,2376,2384,2310,2294,2262
9680,17358,18275,12802,12432,11363,10511,9559,8601,7812,7008,6340,5660,5097,4674,4366,3994,3711,3571,3372,3189,3108,3012,2895,2841,2707,2580,2511,2394,2338,2329,2277,2211,2142,2115,2144,2110,2150,2140,2177,2112,2046,2020,2038,2037,2132,2090,2091,2149,2129,2124,2128,2102,2120,2095,2162,2270,2265,2270,2280,2307,2321,2340,2412,2479,2573,2621,2706,2785,2765,2765,2805,2805,2890,2950,2946,2964,3015,3033,3124,3152,3260,3328,3405,3417,3422,3407,3419,3385,3371,3351,3406,3430,3532,3584,3563,3589,3654,3695,3619,3671,3615,3639,3666,3706,3661,3649,3733,3651,3615,3609,3528,3502,3528,3557,3540,3470,3439,3442,3452,3451,3457,3354,3308,3192,3221,3197,3161,3219,3185,3188,3116,3141,3043,3107,3153,3186,3197,3225,3238,3214,3143,3111,3092,3101,3084,3149,3188,3176,3247,3294,3247,3258,3268,3242,3182,3139,3174,3161,3161,3094,2988,3003,3001,2994,3030,2985,3038,3049,754,329,151,78,67,69,74,90,87,90,86,94,112,104,106,117,128,125,142,133,137,137,143,158,162,162,154,151,164,157,164,157,162,171,178,156,150,161,173,181,197,194,207,237,257,284,252,257,274,275,301,320,323,345,357,379,414,459,468,471,489,494,523,569,593,612,641,657,670,716,725,733,692,683,706,762,768,788,817,880,927,927,958,1009,1053,1052,1047,1029,1046,1072,1112,1101,1127,1175,1198,1204,1197,1232,1231,1208,1201,1249,1384,1409,1385,1403,1435,1550,1628,1674,1631,1647,1648,1646,1710,1796,1834,1867,1826,1813,1747,1752,1801,1866,1875,2039,2064,2093,2018,1995,1944,2040,2079,2183,2205,2255,2313,2246,2199,2200,2129,2136,2143,2134,2199,2255,2311,2237,2192,2164,2181,2167,2114,2071,2085,2075,2061,2054,2045,2025,2057,2003,2035,2042,2060,2100,2035,2054,2063,2087,2117,2111,2155,2125,2089,2087,2044,2020,2020,2067,2111,2092,1981,1958,1932,1896,1835,1827,1777,1722,1647,1619,1547,1621,1589,1589,1613,1593,1596,1585,1619,1531,1473,1463,1456,1469,1496,1457,1424,1375,1345,1315,1309,1310,1307,1306,1281,1326,1261,1299,1255,1244,1271,1288,1277,1214,1238,1251,1259,1238,1193,1152,1173,1154,1181,1131,1128,1078,1077,1032
9690,17593,18660,13026,12632,11230,10290,9430,8499,7623,6905,6336,5777,5246,4929,4495,4287,4019,3745,3608,3507,3318,3093,2973,2843,2791,2800,2753,2710,2654,2582,2510,2439,2382,2346,2393,2423,2367,2322,2317,2330,2355,2446,2534,2585,2533,2570,2549,2531,2510,2431,2424,2493,2487,2535,2611,2643,2746,2775,2739,2622,2594,2645,2718,2805,2822,2842,2877,2983,2999,3041,3034,2989,3132,3169,3284,3326,3369,3420,3478,3509,3515,3539,3499,3524,3548,3560,3539,3506,3600,3541,3657,3616,3634,3499,3415,3425,3384,3267,3163,3142,3118,3082,3087,2980,3003,2995,2993,3020,2951,2972,2974,2993,3003,3042,3074,3051,3095,3166,3185,3219,3240,3204,3165,3219,3228,3309,3328,3366,3277,3224,3067,3149,3072,3096,2956,2925,3014,2977,3030,2985,3133,3138,3135,3086,3064,3135,3218,3311,3463,3468,3480,3435,3360,3378,3364,3309,3308,3246,3235,3270,3104,3047,2947,2998,3040,3101,3089,3130,798,354,188,109,98,95,112,121,140,150,153,169,169,171,179,179,171,181,189,202,208,207,219,220,233,233,226,250,238,237,231,258,247,252,256,262,271,263,259,258,249,256,242,282,306,286,294,271,305,308,314,344,388,406,463,522,552,531,541,537,510,502,505,536,561,576,583,577,574,607,634,649,647,671,663,643,653,679,724,725,742,799,811,859,893,925,873,919,966,1018,1041,1029,1022,1079,1108,1105,1129,1202,1181,1155,1152,1153,1145,1181,1193,1180,1237,1283,1277,1241,1270,1291,1290,1330,1367,1415,1449,1425,1453,1384,1338,1298,1326,1300,1320,1357,1406,1399,1405,1442,1446,1529,1491,1469,1451,1471,1435,1471,1504,1563,1596,1618,1659,1659,1699,1700,1733,1795,1774,1772,1740,1700,1690,1650,1648,1577,1596,1585,1565,1553,1587,1589,1659,1632,1631,1655,1636,1637,1612,1627,1623,1702,1629,1643,1709,1683,1700,1664,1606,1625,1612,1655,1651,1684,1667,1699,1650,1648,1623,1608,1691,1776,1712,1749,1677,1697,1682,1708,1701,1660,1699,1681,1757,1668,1704,1605,1531,1549,1499,1445,1390,1395,1439,1422,1435,1355,1325,1342,1384,1442,1460,1416,1447,1452,1421,1446,1518,1539,1536,1483,1454,1418,1373,1352,1355,1413,1448,1483,1492,1467
9752,17246,18235,12748,12291,11046,9997,9297,8385,7592,6743,6193,5618,5117,4830,4516,4143,3842,3645,3484,3299,3037,2833,2741,2605,2516,2440,2342,2359,2320,2365,2336,2303,2279,2241,2298,2334,2355,2316,2292,2301,2303,2364,2388,2464,2462,2546,2581,2547,2596,2562,2555,2551,2479,2584,2566,2643,2693,2743,2819,2852,2868,2947,2976,2963,2977,2968,3045,3073,3046,3056,3081,3073,2976,2965,3034,3129,3167,3253,3217,3251,3306,3320,3285,3255,3288,3229,3272,3298,3329,3406,3443,3495,3517,3426,3442,3432,3452,3420,3526,3407,3472,3500,3436,3461,3460,3540,3524,3436,3470,3540,3522,3509,3523,3500,3486,3452,3440,3456,3462,3356,3272,3268,3277,3268,3302,3338,3232,3186,3106,3000,2934,2950,2929,2945,2932,2924,2845,2879,2875,2852,2882,2853,2852,2899,2872,2864,2879,2799,2800,2780,2749,2725,2729,2777,2786,2781,2818,2935,2972,2923,2874,2924,2909,2934,2952,3008,2956,2879,754,297,139,97,79,81,89,110,115,123,110,116,115,118,138,148,163,175,173,192,184,197,212,236,251,257,279,280,321,349,346,355,332,334,364,373,390,386,406,414,450,496,549,566,571,616,590,590,610,597,615,642,640,654,667,692,711,709,711,708,734,769,769,793,784,776,793,821,839,868,865,908,939,927,917,921,939,959,973,1035,1077,1101,1182,1261,1269,1294,1274,1344,1379,1370,1395,1370,1360,1388,1430,1457,1453,1487,1480,1545,1576,1601,1645,1662,1717,1713,1760,1800,1816,1799,1804,1884,1889,1957,2008,2053,2079,2099,2116,2197,2269,2297,2366,2404,2414,2272,2281,2312,2271,2282,2285,2314,2263,2184,2179,2132,2074,2031,1935,1893,1910,1921,1940,1919,1888,1877,1867,1813,1831,1850,1889,1943,1948,1938,1941,1900,1905,1986,2037,2148,2198,2249,2186,2174,2105,2059,2016,2046,2111,2064,2011,1960,1987,2101,2109,2197,2190,2150,2152,2183,2212,2153,2090,2017,2023,2048,2033,2017,1941,1911,1863,1900,1860,1855,1816,1819,1761,1719,1716,1668,1595,1582,1523,1493,1456,1411,1374,1323,1341,1375,1446,1423,1486,1465,1466,1516,1572,1568,1627,1565,1533,1495,1561,1536,1540,1582,1541,1584,1590,1640,1728,1737,1764,1714,1751,1729,1792,1918,2021,2083
9554,16900,17951,12608,12276,10988,9802,8787,7895,7215,6517,5974,5349,4952,4681,4319,3944,3692,3458,3251,3123,2971,2836,2777,2611,2497,2432,2420,2450,2491,2551,2477,2529,2496,2511,2503,2506,2490,2481,2528,2521,2583,2552,2541,2650,2619,2715,2698,2740,2750,2697,2718,2753,2792,2824,2825,2882,2886,2858,2823,2825,2854,2936,3007,3109,3094,3300,3271,3303,3299,3271,3263,3275,3278,3378,3455,3534,3607,3635,3691,3654,3629,3677,3647,3610,3561,3577,3546,3464,3475,3412,3462,3424,3403,3376,3265,3324,3287,3292,3151,3089,3010,3029,3026,3009,3049,2984,3047,3012,2972,2964,2930,2849,2934,2967,3052,2979,3030,3017,3108,3053,2993,2944,2958,2978,2950,2962,2965,2944,2895,2825,2839,2838,2868,2913,2900,2982,2959,2989,2957,2940,2919,2930,2899,2878,2921,2862,2863,2854,2810,2859,2883,2875,2907,2880,2884,2802,2752,2699,2668,2686,2695,2740,2825,2826,2837,2806,2835,2887,705,325,149,94,73,73,90,105,107,133,148,168,177,175,171,146,150,159,201,243,256,249,226,226,234,216,225,218,249,243,259,287,303,331,309,313,311,313,275,289,292,312,340,365,377,364,378,418,411,416,434,396,422,364,394,383,400,402,433,437,458,463,478,507,527,536,541,537,527,556,535,537,574,570,619,631,619,639,689,717,758,807,831,842,836,810,833,830,825,850,876,907,945,965,999,1050,1081,1120,1122,1119,1144,1151,1194,1145,1197,1261,1294,1283,1319,1329,1319,1308,1385,1340,1342,1358,1277,1338,1369,1404,1416,1434,1447,1473,1482,1564,1600,1634,1655,1705,1757,1823,1921,1954,1996,2002,2056,2020,2033,2043,2046,2101,2102,2087,2104,2105,2069,2115,2039,2147,2132,2176,2207,2162,2107,2096,2099,2144,2158,2162,2166,2112,2088,2143,2200,2150,2136,2150,2108,2047,2043,1965,2052,2059,2017,1988,1980,1887,1884,1874,1872,1910,1852,1796,1761,1745,1767,1761,1726,1733,1753,1784,1798,1758,1713,1711,1685,1672,1654,1673,1680,1739,1741,1722,1677,1638,1585,1556,1540,1528,1501,1442,1482,1475,1510,1472,1515,1538,1610,1573,1534,1566,1515,1499,1388,1387,1308,1345,1343,1379,1404,1401,1421,1427,1366,1384,1328,1263,1287,1249
9493,16901,17919,12533,12230,11013,10098,9194,8424,7597,6849,6166,5712,5314,4963,4576,4264,3879,3639,3320,3116,2895,2742,2731,2607,2558,2503,2486,2454,2361,2326,2250,2245,2214,2211,2193,2210,2272,2184,2287,2335,2388,2412,2425,2427,2423,2474,2504,2591,2756,2813,2814,2771,2761,2719,2767,2815,2752,2820,2714,2765,2699,2693,2673,2712,2747,2824,2841,2840,2798,2792,2779,2842,2866,2864,2850,2913,2933,3030,3096,3039,3016,3046,3162,3173,3100,3080,3065,3100,3033,3113,3063,3133,3176,3114,3105,3134,3192,3226,3192,3225,3151,3021,2972,2943,2939,3046,3042,3072,3104,3073,3080,3113,3104,3117,3084,3010,2964,2961,2971,3044,2978,2915,2896,2866,2816,2721,2708,2754,2748,2667,2744,2769,2731,2718,2671,2674,2627,2725,2754,2828,2804,2834,2860,2825,2899,3004,3076,3119,3148,3116,3157,3233,3173,3182,3186,3172,3085,2979,2987,2930,2932,2928,2906,2882,2807,2885,2955,3020,783,345,146,88,68,78,107,109,106,86,85,93,107,130,129,146,158,177,175,179,188,175,161,164,161,171,169,175,189,214,211,242,251,271,266,262,287,305,323,327,376,422,426,405,408,463,500,546,603,588,593,604,577,561,573,579,567,618,612,619,600,582,616,593,655,612,676,691,744,803,856,862,890,926,959,998,976,999,1009,1087,1184,1193,1232,1227,1253,1227,1256,1236,1256,1281,1362,1412,1441,1457,1492,1481,1470,1507,1536,1562,1556,1561,1586,1610,1596,1637,1672,1671,1699,1640,1646,1625,1585,1570,1566,1590,1603,1697,1759,1832,1897,1932,2030,2038,1984,1909,1923,1888,1859,1853,1836,1790,1775,1774,1786,1779,1814,1934,1971,1980,1972,1873,1901,1926,1907,1897,1924,1871,1856,1906,1839,1831,1878,1930,2037,2066,2039,2041,2170,2189,2269,2271,2304,2331,2395,2403,2391,2417,2378,2341,2388,2402,2397,2417,2426,2494,2502,2547,2562,2453,2497,2468,2472,2473,2407,2499,2471,2506,2513,2630,2664,2680,2727,2690,2667,2666,2580,2623,2600,2635,2668,2671,2674,2614,2584,2531,2587,2600,2577,2573,2596,2526,2542,2610,2625,2598,2595,2656,2716,2697,2693,2684,2793,2826,2826,2885,2916,2967,2942,2895,2843,2864,2914,2891,2969,2970,3007,2992,3015,3006
9687,17368,18436,12895,12502,11264,10270,9461,8563,7711,7015,6215,5653,5209,4866,4567,4182,3978,3607,3439,3186,3014,2784,2584,2563,2482,2431,2375,2327,2411,2357,2370,2350,2342,2406,2463,2499,2480,2499,2489,2567,2601,2571,2565,2504,2435,2421,2474,2508,2575,2614,2693,2736,2759,2783,2805,2812,2879,2856,2856,2834,2796,2744,2742,2825,2806,2856,2825,2863,2914,3044,3109,3212,3334,3423,3457,3561,3498,3518,3537,3588,3516,3560,3617,3607,3670,3654,3640,3578,3485,3476,3500,3595,3501,3534,3390,3277,3264,3254,3241,3192,3232,3184,3178,3207,3238,3243,3254,3208,3154,2937,2840,2829,2837,2861,2893,2923,2963,3014,3091,3108,3131,3130,3124,3101,3007,3042,3011,2997,2967,2954,3009,3081,3054,3067,3021,2951,2941,2937,2967,2970,2982,3003,2994,2965,2998,3018,3000,3072,3202,3225,3276,3276,3305,3283,3272,3285,3325,3347,3311,3252,3232,3259,3274,3309,3304,3280,3351,3273,798,365,171,87,78,77,81,84,92,96,118,130,136,137,156,151,137,140,166,165,169,175,177,207,246,268,269,275,258,285,286,319,303,329,366,338,364,353,354,349,360,360,384,409,420,432,460,472,485,507,520,586,612,658,650,673,666,674,707,704,748,776,846,831,914,927,1000,1032,1097,1138,1202,1210,1214,1193,1209,1258,1278,1320,1302,1314,1333,1319,1269,1312,1343,1366,1400,1424,1441,1437,1454,1487,1513,1517,1608,1574,1582,1604,1611,1686,1716,1739,1753,1810,1873,1903,1977,2004,2056,2083,2075,2126,2139,2097,2171,2197,2262,2255,2338,2351,2369,2378,2401,2347,2357,2369,2448,2456,2439,2534,2493,2463,2526,2498,2550,2522,2482,2466,2524,2458,2562,2481,2438,2498,2462,2489,2531,2566,2576,2475,2441,2390,2401,2397,2385,2404,2366,2400,2339,2363,2371,2377,2390,2434,2427,2388,2383,2313,2348,2375,2330,2345,2355,2422,2428,2470,2452,2462,2488,2482,2534,2585,2586,2554,2590,2582,2498,2481,2452,2528,2508,2517,2547,2571,2653,2757,2712,2779,2916,3042,3223,3263,3331,3276,3313,3279,3270,3292,3286,3309,3410,3480,3515,3591,3677,3686,3779,3804,3805,3860,3840,3917,4043,4126,4138,4198,4142,4164,4281,4298,4350,4281,4253,4279,4231,4254,4232,4235,4151,4278
9597,17005,18029,12753,12272,10974,9922,9093,8256,7492,6923,6303,5735,5297,4905,4490,4085,3698,3493,3345,3211,3020,2938,2800,2691,2629,2627,2584,2462,2344,2242,2192,2259,2231,2286,2271,2298,2338,2334,2351,2371,2300,2329,2325,2381,2393,2391,2403,2478,2530,2478,2535,2540,2562,2554,2551,2610,2610,2642,2575,2651,2650,2687,2754,2718,2694,2704,2687,2655,2645,2725,2631,2640,2622,2679,2670,2677,2657,2707,2665,2556,2670,2740,2865,2904,2943,2966,3006,3009,3063,3035,3166,3129,3132,3163,3183,3272,3240,3223,3261,3288,3297,3364,3343,3392,3417,3393,3329,3355,3330,3382,3342,3334,3400,3381,3424,3425,3391,3386,3356,3384,3411,3432,3439,3385,3293,3208,3289,3301,3340,3422,3379,3297,3218,3166,3243,3289,3325,3317,3257,3206,3232,3235,3235,3223,3331,3254,3226,3119,3064,2989,2847,2836,2775,2800,2739,2812,2833,2807,2782,2734,2686,2622,2559,2500,2532,2527,2589,2689,668,276,100,54,46,48,53,54,64,78,74,87,97,105,109,98,95,81,86,81,78,78,68,71,79,95,96,97,102,107,110,113,109,118,106,108,110,108,125,121,133,147,152,156,177,176,158,157,158,172,186,213,218,212,227,234,255,291,282,283,285,303,312,314,305,342,367,372,372,401,393,399,390,391,392,386,399,413,379,370,340,309,321,345,299,296,285,269,291,283,307,308,311,339,353,352,338,367,383,375,382,387,392,396,407,433,407,413,418,449,485,539,549,564,538,525,530,510,513,499,499,522,545,579,607,589,616,592,561,570,546,514,474,496,496,518,474,467,429,434,433,448,436,411,390,379,377,364,390,405,414,436,423,414,380,371,377,419,474,482,449,455,469,508,519,501,496,501,519,539,565,552,597,596,600,607,635,616,595,601,607,622,637,663,648,661,650,632,663,648,699,643,667,666,687,656,667,698,708,695,681,665,600,613,566,574,591,637,632,654,618,580,606,619,634,653,648,658,684,682,703,698,624,631,660,672,692,668,654,626,631,619,622,592,580,606,632,709,715,725
9599,17135,18139,12657,12123,10970,10094,9180,8279,7477,6725,6025,5442,4951,4592,4206,3979,3635,3320,3206,3173,3145,3123,2968,2872,2772,2726,2654,2607,2622,2578,2460,2356,2303,2256,2298,2264,2272,2256,2266,2198,2203,2208,2247,2336,2327,2335,2354,2362,2429,2437,2514,2575,2655,2701,2711,2697,2755,2849,2969,2966,3072,3060,3153,3186,3302,3324,3373,3294,3278,3256,3256,3252,3328,3283,3366,3417,3403,3477,3472,3471,3410,3421,3410,3298,3297,3313,3260,3229,3238,3154,3136,3071,3045,2995,3031,3106,3170,3195,3302,3309,3318,3414,3433,3401,3258,3222,3207,3184,3171,3132,3126,3148,3170,3173,3211,3183,3083,3147,3099,3057,3051,3154,3241,3265,3292,3347,3348,3396,3342,3317,3293,3332,3278,3253,3153,3157,3145,3198,3103,3042,3022,3038,3109,3057,3050,3064,3068,3057,3016,2934,2860,2798,2728,2648,2590,2622,2616,2566,2554,2524,2442,2436,2389,2520,2633,2649,2692,2817,711,293,136,76,60,70,97,111,107,97,107,107,112,128,153,154,151,147,163,170,177,211,230,254,261,263,271,268,246,236,262,285,299,312,322,335,328,324,313,330,324,322,311,330,323,352,359,359,378,376,366,406,406,447,485,497,501,518,538,598,632,667,696,735,757,800,815,801,795,810,791,822,826,838,837,791,787,771,803,828,890,962,1035,1102,1104,1091,1135,1172,1214,1248,1230,1193,1222,1185,1151,1112,1104,1093,1084,1056,1035,1008,1034,1039,1106,1042,1124,1084,1107,1091,1091,1159,1215,1186,1172,1180,1166,1128,1109,1101,1089,1166,1189,1231,1217,1251,1245,1226,1190,1211,1191,1243,1249,1274,1262,1274,1248,1253,1246,1203,1227,1237,1275,1312,1287,1327,1335,1352,1460,1468,1487,1517,1507,1508,1581,1610,1633,1692,1702,1763,1804,1836,1854,1855,1854,1853,1896,1882,1794,1799,1839,1879,1868,1849,1835,1874,1888,1953,1951,1970,1938,1903,1918,1927,2059,2077,2109,2088,2073,2113,2155,2246,2178,2055,1981,1939,1929,1921,1956,1895,1950,1957,1958,1964,1983,1915,1894,1937,2032,2069,2023,1985,2049,2055,2042,1981,2054,2014,1937,1975,2041,2059,2093,2085,2094,2093,2040,2046,2052,1961,1961,1871,1850,1802,1833,1775,1791,1787,1708,1650
9567,17381,18382,13051,12807,11450,10502,9542,8860,8013,7172,6490,5978,5402,5054,4662,4317,3904,3602,3315,3235,3105,2889,2728,2605,2441,2355,2233,2157,2097,2101,2052,2077,2037,1996,1968,1948,1988,1917,1892,1833,1797,1837,1874,1932,1904,1966,2020,2119,2196,2213,2268,2278,2305,2394,2515,2671,2701,2761,2830,2942,3047,3022,3020,3101,3188,3179,3168,3201,3115,3195,3228,3215,3268,3204,3176,3121,3051,3009,3003,2984,3047,3085,3087,3069,3043,2982,2991,3036,2999,3026,3033,3083,3140,3114,3104,3204,3311,3429,3475,3486,3523,3475,3451,3492,3608,3731,3832,3785,3743,3701,3616,3548,3455,3387,3379,3393,3461,3394,3375,3272,3254,3186,3190,3109,3086,3001,2957,2924,2950,2923,2970,2943,2851,2850,2817,2902,2974,3034,2985,2940,2931,2820,2821,2750,2696,2695,2676,2659,2656,2628,2676,2741,2763,2809,2842,2793,2768,2766,2818,2760,2765,2778,2820,2715,2747,2731,2764,2694,667,276,123,80,61,67,101,105,108,113,126,135,144,153,173,155,148,153,178,199,188,182,165,167,169,162,179,205,195,196,193,201,219,229,219,205,207,188,188,213,200,167,161,186,196,196,176,166,162,171,158,140,137,142,147,157,163,191,189,201,204,193,198,198,202,206,208,202,209,206,199,201,198,219,234,251,252,252,266,267,308,328,343,387,377,414,409,426,434,461,481,521,537,534,576,602,626,639,668,673,676,715,779,791,758,711,720,684,682,659,680,685,691,682,729,780,829,867,918,935,959,959,1000,1005,1025,1011,1038,1053,1080,1097,1126,1149,1160,1147,1147,1145,1167,1164,1144,1116,1198,1167,1227,1267,1329,1385,1339,1325,1407,1395,1361,1433,1460,1505,1541,1518,1568,1525,1524,1561,1601,1625,1561,1599,1557,1635,1598,1593,1645,1576,1570,1611,1619,1712,1683,1765,1804,1829,1781,1775,1785,1733,1747,1762,1795,1820,1819,1841,1884,1858,1842,1849,1771,1695,1671,1684,1707,1793,1852,1856,1900,1843,1790,1764,1702,1731,1740,1734,1723,1682,1616,1556,1559,1555,1505,1465,1491,1493,1452,1429,1396,1319,1374,1373,1325,1361,1412,1401,1370,1335,1290,1261,1242,1271,1292,1318,1306,1274,1304,1321
9752,17258,18461,13024,12554,11201,10080,9129,8426,7736,7003,6354,5667,5081,4661,4224,3879,3617,3319,3185,3048,2913,2837,2751,2687,2651,2588,2511,2553,2524,2475,2477,2449,2435,2288,2210,2206,2208,2241,2231,2277,2345,2372,2412,2395,2505,2471,2485,2496,2505,2528,2564,2564,2629,2696,2807,2896,3064,3169,3239,3322,3336,3432,3372,3373,3344,3385,3360,3413,3362,3470,3566,3540,3582,3556,3473,3376,3348,3254,3274,3194,3153,3140,3120,3133,3100,3050,2996,2957,2980,3010,3133,3146,3206,3233,3264,3268,3284,3310,3356,3362,3475,3519,3463,3533,3515,3476,3438,3323,3330,3383,3363,3340,3365,3373,3417,3372,3310,3270,3287,3143,3107,2964,2964,2989,3128,3078,3081,3065,3073,3095,3081,3097,3082,3109,3095,3129,3027,2944,2895,2840,2841,2828,2911,2965,2944,2965,2905,2889,2945,3006,2983,3037,3087,3109,3026,3031,3058,3024,3002,2959,2853,2895,2908,2892,2931,2940,2921,2922,744,349,162,86,63,72,80,91,85,93,88,96,120,134,144,155,138,142,138,137,153,160,157,161,162,175,177,205,205,229,245,262,250,236,215,211,209,234,244,240,225,225,253,241,245,258,279,261,268,290,288,275,263,298,291,314,359,387,406,419,415,438,463,474,491,497,456,461,426,407,449,466,526,581,650,670,679,687,698,701,723,776,736,738,740,775,778,836,843,841,850,824,826,856,832,840,827,831,867,883,857,883,903,930,893,865,924,945,981,953,944,982,992,1024,1047,1043,1014,1023,1054,1060,1085,1119,1110,1087,1131,1159,1235,1234,1294,1327,1352,1343,1412,1440,1482,1517,1500,1517,1482,1499,1409,1386,1381,1447,1404,1415,1466,1489,1472,1501,1528,1550,1605,1612,1555,1596,1599,1535,1516,1523,1575,1552,1490,1489,1425,1419,1437,1432,1463,1428,1451,1360,1372,1347,1418,1425,1432,1417,1391,1395,1381,1385,1368,1392,1378,1335,1323,1283,1278,1259,1292,1312,1402,1473,1481,1486,1473,1513,1523,1527,1525,1530,1544,1554,1614,1642,1719,1768,1713,1630,1647,1674,1691,1665,1738,1785,1860,1899,1932,1875,1939,1887,1916,1877,1825,1875,1873,1890,1897,1920,1938,1979,1969,2016,2079,2085,2077,2054,2097,2090
9609,17323,18360,12619,12379,11022,10257,9255,8319,7575,6936,6315,5705,5281,4962,4682,4388,4067,3842,3634,3391,3266,3118,2984,2909,2793,2696,2669,2638,2659,2597,2598,2474,2433,2371,2360,2374,2313,2362,2323,2375,2396,2435,2438,2435,2449,2459,2471,2555,2604,2646,2661,2763,2781,2738,2761,2856,2861,2838,2802,2885,2879,2879,2870,2954,2985,2957,2944,2934,2954,3047,3138,3147,3078,3171,3190,3179,3134,3189,3273,3302,3198,3191,3193,3182,3158,3201,3159,3135,3175,3170,3136,3153,3154,3244,3226,3335,3381,3420,3466,3453,3428,3435,3476,3453,3461,3443,3446,3443,3490,3448,3455,3417,3325,3296,3322,3322,3208,3222,3281,3317,3361,3353,3343,3298,3228,3150,3154,3200,3189,3207,3183,3147,3186,3160,3171,3112,3129,3105,3126,3176,3112,3069,3026,2987,3036,3014,3061,3077,3047,3130,3196,3134,3168,3202,3225,3247,3315,3309,3240,3150,3241,3154,3098,3116,3137,3130,3180,3214,800,360,176,105,79,81,89,96,93,83,82,80,76,79,62,80,104,99,104,104,124,127,138,143,147,140,137,132,123,121,125,141,149,158,186,200,211,238,237,245,279,323,358,390,419,430,453,462,485,470,445,436,413,404,379,399,377,412,432,476,509,517,527,523,517,521,569,628,632,647,694,702,757,785,821,794,782,773,772,822,808,820,819,864,891,920,945,960,997,1024,1075,1111,1161,1210,1194,1220,1237,1233,1286,1336,1361,1377,1469,1503,1542,1599,1544,1547,1596,1612,1687,1760,1802,1815,1885,1953,2036,2088,2160,2171,2270,2326,2372,2354,2360,2382,2363,2327,2405,2475,2500,2502,2447,2494,2493,2559,2508,2469,2400,2412,2452,2413,2379,2343,2351,2405,2457,2414,2548,2474,2480,2377,2329,2286,2344,2414,2456,2509,2479,2449,2344,2334,2346,2334,2331,2351,2301,2287,2227,2211,2226,2215,2238,2300,2228,2330,2382,2390,2326,2344,2302,2341,2305,2304,2287,2313,2247,2295,2289,2278,2249,2252,2252,2288,2258,2226,2226,2227,2240,2143,2127,2039,2058,2029,2112,2165,2158,2204,2255,2240,2156,2119,2144,2099,2164,2213,2215,2204,2214,2147,2154,2177,2231,2331,2301,2331,2405,2513,2555,2507,2488,2514,2538,2578,2646,2696,2705,2698,2671,2643
9608,17034,18080,12701,12292,11246,10276,9338,8412,7714,6950,6317,5735,5233,5005,4708,4405,4090,3856,3670,3457,3301,3195,3040,2911,2791,2693,2646,2503,2505,2484,2575,2525,2537,2559,2551,2568,2617,2556,2617,2613,2568,2555,2559,2592,2598,2584,2544,2552,2522,2625,2584,2573,2630,2656,2659,2689,2672,2696,2851,2873,2939,2957,2950,2924,2865,2860,2934,3024,3098,3126,3188,3219,3358,3415,3446,3478,3507,3443,3521,3506,3508,3524,3561,3646,3625,3643,3608,3516,3526,3568,3680,3586,3522,3494,3462,3401,3338,3200,3195,3168,3189,3126,3180,3224,3269,3228,3295,3359,3414,3362,3396,3438,3470,3454,3478,3433,3448,3433,3430,3346,3290,3278,3271,3350,3429,3411,3433,3435,3563,3468,3464,3483,3456,3423,3411,3390,3424,3412,3455,3430,3390,3335,3342,3348,3304,3324,3332,3271,3328,3297,3199,3191,3179,3129,3092,3188,3138,3094,3047,2994,2986,2940,2899,2911,2953,2900,2877,2840,739,312,149,82,81,96,119,119,124,127,135,147,165,182,206,200,205,240,252,250,243,256,261,287,276,291,313,339,352,353,382,399,438,476,478,497,489,516,508,491,472,478,489,507,536,556,569,569,610,625,705,771,821,821,850,860,874,893,920,962,955,945,937,950,985,1026,1073,1105,1107,1095,1156,1242,1222,1243,1292,1306,1303,1252,1228,1232,1308,1368,1474,1513,1548,1529,1568,1588,1625,1671,1727,1767,1826,1806,1837,1807,1845,1875,1861,1864,1879,1874,1911,2007,2100,2045,2017,2083,2046,1966,1981,2035,2101,2154,2130,2179,2212,2275,2326,2260,2337,2379,2357,2356,2382,2418,2418,2501,2572,2579,2584,2556,2575,2592,2653,2720,2775,2788,2788,2903,2880,2922,3002,3062,3185,3166,3141,3035,2989,2978,3139,3127,3104,3192,3238,3246,3268,3295,3341,3342,3387,3385,3187,3227,3244,3227,3224,3193,3170,3223,3218,3118,3129,3107,3144,3173,3281,3282,3330,3358,3432,3455,3559,3603,3684,3829,3828,3804,3842,3799,3744,3694,3731,3706,3652,3643,3674,3625,3622,3588,3576,3583,3682,3681,3676,3656,3724,3826,3865,3891,4041,4089,4096,4217,4197,4266,4309,4321,4375,4412,4481,4496,4580,4670,4768,4729,4775,4853,4902,4853,4855,4798,4903,4890,4827,4863,4779,4786,4827,4821
9782,17078,18009,12579,12311,11034,9930,9124,8251,7592,6950,6275,5765,5250,4850,4503,4123,3741,3468,3181,2939,2796,2679,2589,2491,2387,2278,2266,2269,2258,2315,2269,2237,2200,2226,2296,2256,2281,2300,2314,2411,2350,2384,2445,2438,2458,2396,2459,2428,2480,2445,2499,2561,2659,2698,2753,2735,2763,2792,2904,3005,3066,3018,3024,3081,3080,3146,3141,3182,3279,3273,3328,3377,3446,3355,3269,3231,3159,3179,3218,3328,3279,3316,3258,3235,3239,3242,3305,3314,3280,3202,3144,3086,3090,3157,3246,3194,3129,3068,3031,3024,3106,3117,3077,3052,3063,3060,3150,3104,3061,3022,2973,2933,3021,2961,3003,3003,2942,2965,2958,2879,2985,2971,3043,3024,2911,2840,2760,2747,2726,2646,2546,2433,2548,2600,2771,2928,3043,3129,3112,3150,3194,3182,3298,3297,3321,3275,3325,3218,3223,3175,3182,3162,3043,3071,3016,3078,3135,3194,3177,3098,3152,3103,3144,3118,3103,3062,3139,3125,809,352,160,90,68,57,85,92,97,107,119,137,161,171,161,165,175,171,162,156,157,149,139,136,130,110,115,126,140,141,134,156,164,175,196,191,195,198,198,212,194,207,229,208,191,185,193,185,195,203,190,196,198,207,200,224,229,260,283,317,330,321,311,283,283,287,309,306,327,297,313,281,270,278,277,270,264,265,283,280,308,324,335,343,351,340,343,357,371,374,353,351,355,347,349,357,365,369,366,362,337,327,332,331,330,329,362,370,376,398,406,431,499,547,572,584,599,613,611,605,653,696,719,724,777,798,844,886,882,852,836,826,883,935,1008,1033,1095,1063,1055,1065,1088,1095,1101,1121,1149,1135,1147,1161,1184,1214,1203,1200,1259,1236,1267,1230,1194,1156,1138,1158,1150,1063,1103,1101,1109,1118,1084,1086,1048,1046,1022,1035,1008,1022,1031,1023,1005,1051,1050,1070,1006,1015,975,1044,1077,1003,1040,999,1019,995,969,961,985,960,930,888,829,829,868,891,885,867,867,870,850,901,887,859,788,730,747,763,777,761,738,711,770,753,745,765,741,749,734,748,727,736,746,732,696,695,658,636,633,614,632,640,632,606,594,610
9624,17158,18190,12686,12306,11164,10343,9394,8586,7767,7012,6375,5850,5364,4973,4559,4224,3924,3663,3505,3280,3119,2938,2798,2781,2682,2572,2462,2434,2273,2205,2193,2171,2220,2193,2250,2258,2267,2351,2356,2428,2453,2435,2354,2461,2518,2489,2514,2543,2605,2667,2786,2835,2862,2835,2867,2852,2975,2959,2969,3017,3070,3121,3033,3027,3014,2997,3032,3086,3181,3286,3372,3484,3548,3536,3550,3482,3411,3440,3391,3523,3599,3656,3788,3850,3885,3959,3966,3975,3872,3817,3842,3838,3828,3789,3872,3879,3802,3774,3681,3624,3548,3504,3465,3385,3337,3283,3178,3149,3134,3171,3223,3250,3257,3243,3178,3174,3089,3070,3026,2981,3005,3000,2963,2967,3024,3047,3131,3128,3200,3200,3191,3180,3230,3290,3281,3277,3279,3187,3174,3258,3238,3218,3229,3210,3141,3194,3157,3091,3103,2997,3036,3054,3104,3136,3089,3017,3007,2973,3036,2970,3014,3045,3030,2996,2976,3064,3089,3171,758,360,171,86,72,85,109,113,105,98,93,86,77,81,67,81,90,90,96,95,99,99,103,111,105,99,100,106,114,128,163,162,166,157,141,141,138,154,151,157,147,157,156,183,190,183,204,218,224,250,248,261,301,345,356,376,405,477,507,524,542,543,533,540,599,638,685,737,746,754,789,817,855,878,861,827,831,850,861,852,826,818,833,846,807,816,822,846,880,965,972,993,989,979,995,1034,1085,1069,1073,1077,1092,1093,1147,1139,1168,1204,1183,1196,1237,1289,1318,1407,1433,1450,1473,1502,1493,1531,1518,1533,1522,1566,1675,1828,1862,1926,1950,1969,1981,2016,2035,2056,2063,2136,2171,2263,2322,2381,2406,2443,2465,2559,2604,2666,2698,2681,2805,2751,2798,2778,2724,2661,2640,2606,2589,2677,2681,2681,2610,2602,2605,2612,2684,2723,2717,2777,2755,2715,2779,2729,2783,2817,2850,2874,2733,2757,2762,2852,2831,2938,2945,2876,2834,2876,2865,2904,2957,3071,3117,3055,2991,2980,2943,2962,2984,2913,2887,2893,2816,2856,2799,2762,2703,2611,2583,2570,2554,2546,2539,2476,2394,2387,2350,2339,2403,2409,2456,2459,2479,2485,2509,2604,2711,2780,2722,2798,2800,2941,2965,2995,3009,2999,3003,2976,3060,3081,3182,3146,3187,3170
9684,16942,18055,12643,12255,11149,10281,9321,8568,7744,7104,6496,5990,5394,5067,4681,4316,4041,3859,3690,3491,3411,3321,3118,2955,2749,2661,2605,2545,2504,2500,2477,2351,2323,2291,2231,2173,2148,2192,2230,2251,2255,2187,2216,2195,2231,2214,2297,2350,2369,2387,2399,2441,2512,2528,2530,2607,2613,2620,2685,2751,2847,2879,2867,2947,2912,3055,3067,3155,3155,3154,3129,3155,3231,3284,3356,3361,3422,3449,3408,3426,3408,3381,3441,3383,3284,3265,3360,3456,3489,3462,3366,3301,3298,3306,3336,3357,3344,3223,3203,3127,3156,3082,3007,2951,2993,3001,3033,3090,3150,3074,3008,2880,2818,2745,2751,2729,2749,2702,2673,2706,2628,2496,2560,2546,2624,2822,2879,2924,2960,2989,2996,3060,3156,3195,3255,3223,3184,3143,3127,3157,3166,3193,3229,3335,3294,3347,3354,3398,3481,3477,3449,3544,3518,3518,3514,3440,3399,3473,3519,3452,3473,3352,3272,3137,3103,3143,3218,3202,800,351,173,89,76,74,84,89,92,83,93,107,119,114,113,94,74,74,77,74,81,70,77,78,92,97,94,107,132,112,100,113,114,130,146,151,154,161,153,160,169,179,182,194,213,249,263,270,281,259,280,249,249,228,255,250,254,283,290,324,301,328,324,337,333,347,323,335,343,356,379,405,439,437,471,490,509,521,529,537,582,606,662,662,676,692,676,690,721,728,699,744,751,811,809,877,912,925,925,995,1011,1052,993,1004,1040,1021,1028,989,1026,1055,1027,1030,1001,1003,1063,1061,1112,1158,1211,1244,1251,1277,1317,1392,1470,1481,1518,1540,1479,1494,1529,1513,1456,1437,1434,1506,1540,1590,1585,1607,1555,1526,1541,1552,1644,1620,1695,1702,1741,1762,1746,1771,1750,1767,1756,1798,1861,1805,1810,1832,1807,1838,1817,1851,1818,1843,1855,1859,1930,1953,1902,1946,1981,1952,1963,1926,1863,1911,1923,1902,2016,2056,2056,2091,2044,2140,2120,2132,2206,2289,2278,2248,2240,2245,2267,2336,2327,2371,2344,2376,2354,2309,2303,2314,2282,2272,2285,2252,2264,2227,2241,2254,2291,2332,2394,2416,2487,2515,2480,2503,2461,2474,2500,2509,2513,2602,2692,2752,2752,2763,2831,2864,2835,2777,2720,2690,2665,2550,2504,2591
9723,17067,18085,12551,12076,10906,10065,9165,8410,7699,6881,6273,5759,5213,4895,4511,4170,3821,3567,3358,3241,3143,3039,2878,2836,2739,2633,2635,2468,2470,2383,2322,2248,2210,2188,2130,2136,2073,2100,2082,2129,2094,2205,2165,2122,2088,2094,2118,2244,2311,2411,2473,2513,2583,2645,2704,2690,2687,2633,2631,2662,2631,2652,2721,2768,2824,2850,2820,2866,2876,2881,2882,2887,2897,2886,2976,2926,2953,2964,2904,2910,2953,3062,3026,2969,3072,3104,3230,3289,3307,3290,3320,3311,3334,3416,3405,3354,3344,3333,3305,3306,3280,3270,3247,3232,3157,3177,3242,3284,3258,3313,3194,3161,3123,3076,3048,3053,3107,3097,3197,3264,3268,3252,3333,3387,3476,3579,3556,3516,3572,3532,3531,3547,3542,3495,3491,3588,3629,3607,3608,3574,3595,3659,3584,3543,3517,3545,3616,3535,3455,3446,3455,3504,3604,3623,3440,3317,3442,3406,3399,3386,3294,3307,3232,3297,3275,3344,3374,3397,901,398,190,103,54,53,56,68,63,79,90,105,76,61,54,64,67,85,87,116,141,169,164,164,153,157,142,142,143,139,149,148,135,139,138,146,131,119,130,145,144,169,153,162,164,161,157,155,144,156,170,164,170,165,157,172,183,198,194,216,223,225,236,241,233,229,236,256,259,273,295,318,344,365,397,388,382,393,394,407,376,385,371,371,368,337,348,351,373,436,469,512,513,509,552,565,571,583,617,632,656,642,644,644,680,654,630,643,643,655,642,649,648,652,617,617,624,653,654,674,720,739,719,764,816,871,925,952,974,1007,1026,1030,1094,1118,1168,1173,1245,1255,1265,1215,1232,1243,1250,1260,1256,1251,1237,1242,1271,1282,1289,1277,1296,1377,1432,1489,1524,1647,1620,1708,1703,1764,1842,1872,1899,1887,1886,1891,1865,1906,1895,1893,1841,1905,1942,2010,2035,2029,2043,2071,2104,2118,2178,2132,2161,2205,2174,2196,2137,2235,2249,2418,2429,2436,2518,2464,2579,2607,2576,2568,2567,2556,2561,2595,2596,2658,2633,2676,2617,2642,2605,2622,2647,2684,2677,2673,2709,2687,2668,2661,2731,2773,2734,2754,2759,2795,2871,2919,2886,2772,2863,2863,2859,2801,2791,2782,2784,2896,2900,2863
9836,17423,18516,13209,12713,11319,10298,9291,8409,7752,7086,6460,5970,5561,5208,4811,4383,4120,3966,3702,3531,3301,3077,2957,2867,2740,2696,2653,2653,2596,2564,2493,2466,2434,2405,2438,2467,2429,2423,2547,2548,2608,2682,2622,2719,2669,2686,2703,2676,2725,2726,2750,2757,2768,2738,2764,2786,2845,2883,2934,2929,3015,2992,3076,3139,3262,3315,3319,3358,3426,3506,3555,3590,3682,3653,3653,3630,3695,3724,3772,3769,3807,3744,3750,3818,3781,3709,3626,3658,3638,3710,3578,3570,3580,3583,3549,3510,3544,3580,3637,3661,3552,3569,3494,3482,3488,3582,3565,3577,3554,3539,3501,3543,3551,3534,3510,3521,3527,3520,3496,3432,3407,3417,3318,3247,3255,3299,3295,3231,3206,3151,3196,3241,3352,3362,3378,3388,3498,3495,3585,3553,3519,3520,3543,3581,3610,3515,3550,3510,3371,3211,3251,3310,3347,3335,3331,3347,3310,3333,3234,3196,3181,3164,3200,3204,3125,3180,3121,3162,775,308,135,82,66,72,81,102,122,155,176,150,143,158,175,158,176,179,196,199,194,197,222,239,249,267,278,277,262,270,246,244,248,245,271,280,305,346,342,356,376,371,360,365,354,394,431,462,481,462,511,540,569,554,580,576,628,680,717,757,802,834,891,893,913,878,905,890,885,934,887,948,994,1035,1037,1048,1063,1061,1125,1170,1204,1185,1193,1169,1220,1284,1315,1277,1277,1339,1376,1387,1377,1389,1415,1454,1442,1448,1428,1487,1561,1600,1610,1594,1599,1608,1610,1627,1595,1609,1652,1709,1757,1782,1844,1899,1895,1939,1948,1961,2001,1996,1941,1954,1947,1928,1999,2057,2058,2076,2049,2002,2054,2115,2085,2082,2086,2114,2086,2054,1997,1942,1948,2037,2008,1999,2008,1996,2081,2034,2033,1992,1964,2004,1967,1959,1931,1997,1963,1982,1997,1989,2027,2096,2117,2117,2019,2066,2058,2032,1978,1954,1944,1906,1916,1950,1908,1804,1795,1792,1752,1795,1844,1835,1887,1882,1904,1937,1933,1926,1926,1892,1956,1963,1985,1929,1887,1890,1874,1846,1830,1944,1943,1985,2005,1997,1981,1934,1895,1897,1871,1896,1895,1885,1927,1901,1902,1861,1843,1877,1905,1888,1867,1855,1841,1926,1940,1961,1928,1913,1884,1851,1859,1904,1899,1881,1906,1854,1823,1788
9597,17005,17921,12497,12117,11058,10122,9216,8504,7667,6916,6362,5846,5364,4909,4520,4154,3920,3678,3387,3216,3070,2951,2882,2776,2719,2679,2591,2546,2523,2502,2464,2372,2299,2228,2279,2244,2253,2218,2206,2216,2230,2234,2322,2385,2466,2492,2471,2486,2501,2536,2568,2522,2571,2644,2695,2742,2751,2801,2886,2912,2939,2913,2907,2881,2876,2937,2960,2971,3066,2942,2995,3020,2984,3017,3058,3033,2979,2964,2963,3052,3077,3215,3261,3340,3343,3367,3317,3279,3204,3231,3256,3261,3247,3147,3162,3208,3199,3205,3207,3216,3249,3245,3148,3105,3093,3119,3095,2981,2900,2810,2800,2748,2749,2726,2805,2858,2921,2861,2826,2800,2732,2760,2815,2814,2821,2827,2817,2967,2971,3053,3034,3036,3013,2957,2919,2832,2864,2883,2860,2815,2837,2886,2858,2871,2809,2847,2836,2897,2930,2986,2938,2908,2925,2991,3028,3066,3064,3134,3184,3251,3160,3145,3126,3227,3218,3168,3210,3225,825,376,176,90,64,58,66,72,73,68,72,77,92,97,95,83,72,73,64,57,76,89,117,156,169,172,167,177,207,206,219,231,248,265,265,304,306,314,312,317,327,328,342,381,387,380,406,433,408,411,435,449,462,500,523,540,511,505,527,525,538,579,581,556,567,529,516,536,582,561,592,599,612,631,622,593,582,593,591,582,613,618,632,653,662,679,703,752,723,713,707,729,751,769,790,786,804,788,806,796,752,737,746,767,796,797,810,905,916,938,935,953,951,975,973,971,992,982,1033,1056,1113,1133,1143,1119,1094,1112,1135,1080,1079,1061,1058,1049,1025,976,966,951,941,956,976,969,1019,997,1029,1098,1102,1081,1082,1152,1200,1302,1264,1251,1244,1253,1236,1139,1139,1156,1152,1175,1205,1258,1307,1365,1347,1441,1462,1400,1419,1425,1420,1488,1477,1530,1624,1688,1766,1734,1783,1766,1779,1821,1820,1795,1784,1727,1649,1585,1601,1560,1586,1623,1638,1612,1572,1562,1521,1605,1637,1665,1664,1712,1746,1736,1737,1786,1827,1848,1840,1924,1933,1919,1884,1890,1928,1907,1942,1948,2004,2068,2059,2094,2184,2253,2272,2266,2275,2345,2352,2318,2234,2270,2260,2280,2247,2193,2210,2283,2288,2316
9614,17364,18437,12866,12462,11227,10191,9396,8625,7902,7131,6370,5967,5339,4969,4650,4246,3842,3544,3347,3146,3044,2832,2680,2536,2506,2439,2363,2311,2225,2181,2179,2105,2112,2157,2185,2215,2336,2383,2417,2428,2464,2468,2469,2564,2593,2629,2640,2683,2750,2725,2703,2702,2741,2693,2732,2733,2736,2738,2662,2686,2675,2725,2743,2808,2845,2891,2906,2927,2933,2928,2971,2979,3023,3017,3050,3098,3065,3058,3033,3014,3128,3117,3096,3128,3152,3116,3148,3106,3152,3084,3101,3058,3037,3077,3081,3082,3064,2994,2977,2934,2893,2899,3004,3045,3031,3130,3179,3228,3257,3194,3186,3173,3130,3060,2967,2864,2885,2825,2900,2882,2925,2981,2942,2937,3029,2991,2982,3070,3141,3180,3148,3185,3205,3290,3259,3332,3260,3246,3194,3071,3097,3106,3076,2956,2900,2833,2824,2786,2752,2774,2749,2721,2660,2723,2765,2806,2870,2861,2864,2841,2851,2791,2756,2748,2734,2699,2686,2663,674,280,121,76,67,60,68,67,64,81,90,109,118,133,136,139,150,162,158,164,177,181,168,154,143,151,154,149,169,185,208,225,219,241,246,241,248,269,272,264,272,286,283,280,275,269,271,281,282,299,325,330,348,355,381,403,424,422,444,479,523,511,530,570,633,674,754,782,782,829,836,912,958,1000,1027,1034,1094,1060,1093,1074,1027,1018,996,977,973,1015,1016,1084,1099,1153,1161,1145,1248,1290,1349,1367,1360,1374,1384,1439,1432,1457,1463,1513,1530,1543,1600,1638,1671,1654,1692,1757,1732,1828,1857,1927,1941,2023,2093,2077,2068,2104,2171,2111,2100,2087,2032,1991,2017,2042,2100,2067,2008,1956,1970,1913,1889,1866,1783,1719,1740,1724,1697,1768,1739,1747,1800,1900,1924,1950,1978,1994,1939,1922,1898,1997,2014,2005,1953,1950,1946,2016,1941,1938,1944,1968,1935,1897,1871,1835,1839,1818,1799,1750,1762,1895,1867,1819,1740,1726,1727,1722,1726,1737,1745,1726,1743,1719,1782,1785,1757,1772,1836,1846,1886,1819,1810,1780,1790,1794,1768,1801,1796,1804,1798,1816,1737,1677,1712,1689,1773,1777,1768,1736,1769,1756,1721,1668,1630,1578,1634,1622,1561,1536,1532,1514,1569,1547,1485,1447,1394,1410,1356,1378,1367,1447,1440,1362,1310,1270
9572,16996,17972,12559,12191,10879,9803,8954,8048,7383,6667,6075,5433,5079,4749,4347,4054,3805,3493,3190,2958,2777,2653,2556,2523,2427,2352,2193,2185,2131,2077,2049,2013,2022,2015,2095,2149,2178,2260,2249,2347,2315,2392,2369,2351,2338,2400,2384,2433,2459,2410,2419,2415,2427,2526,2536,2530,2540,2521,2543,2548,2600,2642,2688,2756,2841,2921,2918,2888,2880,2915,3021,3035,3041,3076,3063,3101,2955,2950,3008,2985,2947,2923,2919,2866,2836,2846,2877,2959,2957,3019,2930,2836,2792,2767,2660,2730,2825,2882,2890,2893,2927,2959,2949,2880,2800,2786,2779,2717,2679,2702,2667,2720,2805,2922,2939,2987,2977,2992,3022,3098,3147,3155,3200,3222,3206,3224,3264,3264,3116,3102,3033,3080,2949,2898,2890,2732,2701,2635,2645,2652,2730,2694,2769,2820,2921,2916,2905,2936,2911,2910,2951,2986,3047,3073,3121,3044,3043,3137,3099,3151,3161,3278,3284,3243,3272,3220,3272,3251,775,363,161,87,69,83,98,102,92,88,81,81,92,104,105,110,112,111,121,147,158,179,194,227,216,230,239,246,264,276,275,282,286,311,326,330,352,356,407,428,453,454,473,459,494,456,472,473,535,587,622,622,684,733,777,741,716,740,770,784,773,763,763,804,832,898,921,910,922,916,971,1007,1017,1023,1020,1009,1029,1033,1063,1091,1077,1023,1003,1024,1067,1104,1116,1167,1225,1269,1344,1307,1303,1293,1273,1267,1271,1289,1358,1390,1463,1511,1545,1542,1562,1516,1605,1608,1657,1731,1713,1688,1776,1820,1799,1896,1869,1865,1877,1956,1971,1970,1933,1954,1929,1882,1884,1860,1876,1899,1922,1899,1984,1960,1984,2035,2033,2056,2065,2148,2225,2286,2357,2377,2366,2352,2403,2387,2407,2425,2421,2439,2323,2330,2353,2328,2397,2368,2405,2383,2270,2236,2283,2207,2182,2181,2282,2268,2305,2282,2235,2147,2070,2114,2171,2105,2117,2021,1924,1938,1944,1989,1951,1976,2024,2023,2063,2080,2139,2194,2157,2114,2052,2067,1992,2022,2001,2032,1997,2050,2045,1959,1881,1831,1891,1932,2043,2013,1970,1925,1877,1898,1919,1911,1897,1928,1910,1911,1892,1955,1978,1997,1963,1948,1953,2056,2046,2066,2056,2090,2120,2133,2223,2264,2358,2301,2316,2407,2441,2467
9716,17115,18039,12614,12228,10983,10026,9264,8334,7730,7022,6482,5830,5388,4982,4564,4198,3875,3590,3340,3109,2996,2921,2913,2961,2835,2693,2631,2523,2401,2324,2262,2225,2156,2152,2125,2103,2159,2219,2275,2313,2301,2295,2326,2364,2499,2540,2510,2560,2570,2654,2748,2823,2831,2866,2979,3045,3062,3051,3116,3104,3115,3212,3278,3290,3256,3334,3348,3380,3473,3508,3522,3453,3469,3428,3361,3401,3389,3374,3360,3382,3330,3321,3292,3238,3262,3204,3111,3179,3149,3179,3069,3088,3063,3113,3170,3126,3206,3208,3181,3135,3039,2980,2995,2985,3040,3032,2998,3042,3069,3122,3139,3233,3321,3312,3350,3319,3307,3322,3334,3273,3241,3186,3239,3137,3216,3177,3259,3264,3294,3304,3351,3378,3409,3300,3290,3308,3333,3311,3376,3350,3317,3325,3366,3364,3381,3447,3344,3347,3353,3284,3254,3242,3192,3199,3285,3305,3329,3293,3244,3236,3186,3066,3001,3031,3021,3072,3016,3030,763,356,171,83,61,61,73,92,97,107,142,159,182,195,185,184,195,202,212,217,231,245,245,256,286,311,322,332,327,334,321,332,313,314,311,302,294,268,271,253,283,299,324,334,350,364,359,372,391,411,465,463,450,452,472,487,482,448,473,478,481,478,511,548,550,543,543,589,604,667,636,667,695,699,729,773,808,820,843,842,893,936,910,951,1023,1051,1032,1030,1025,1015,985,995,1038,1054,1029,1074,1122,1185,1222,1300,1285,1312,1361,1385,1440,1495,1506,1560,1514,1514,1506,1521,1585,1615,1672,1725,1650,1672,1661,1682,1705,1709,1788,1878,1919,1912,1942,1943,1946,1982,2046,2043,1987,1970,1928,1942,1991,1979,2016,2060,2062,2092,2068,2068,2068,2049,2027,1942,1981,2013,2009,1968,1985,2001,1993,2015,1924,1877,1837,1876,1935,1950,1950,1943,1971,2038,2046,2150,2154,2078,2010,1945,1915,1905,1939,1897,1880,1942,1939,1858,1869,1889,1870,1848,1815,1793,1719,1699,1643,1663,1620,1575,1586,1532,1554,1523,1488,1511,1479,1460,1406,1417,1414,1423,1362,1362,1356,1373,1430,1410,1449,1390,1386,1360,1375,1455,1450,1477,1472,1459,1510,1455,1402,1401,1366,1299,1273,1264,1304,1281,1202,1212,1208,1203,1227,1225,1253,1220,1169,1144
9780,17084,18179,12691,12435,11002,10130,9128,8285,7550,6814,6090,5629,5175,4818,4382,4038,3760,3443,3227,3107,2989,2777,2655,2530,2395,2304,2200,2082,2052,2041,2019,2010,1962,1954,1950,1962,1991,2081,2117,2107,2133,2233,2191,2185,2187,2232,2370,2340,2339,2374,2411,2523,2558,2607,2688,2752,2825,2822,2907,2919,2942,2995,2928,2889,2941,2900,2889,2913,2909,2891,3029,3056,3149,3171,3086,3134,3184,3202,3269,3257,3251,3252,3212,3178,3104,3067,2981,3004,3033,2948,2978,2983,3092,3056,3118,3143,3168,3204,3219,3303,3352,3420,3413,3419,3392,3299,3343,3285,3337,3318,3219,3145,3142,3160,3193,3236,3251,3231,3232,3289,3433,3482,3391,3428,3391,3400,3456,3460,3533,3509,3584,3520,3575,3529,3570,3554,3547,3406,3422,3450,3403,3422,3537,3549,3568,3521,3466,3462,3521,3534,3595,3471,3440,3397,3359,3287,3325,3308,3328,3187,3142,3142,3148,3082,3094,3112,3141,3108,781,312,134,72,54,57,63,73,72,81,79,75,88,78,73,77,86,103,101,86,88,104,115,128,119,115,121,130,129,138,139,155,163,173,173,194,210,215,207,210,207,213,239,267,287,307,339,361,348,335,343,352,391,404,427,455,434,424,404,392,408,416,421,423,411,491,524,509,516,529,553,590,597,640,649,657,697,659,670,693,696,724,720,724,732,716,692,728,782,808,865,889,898,922,945,959,992,1016,997,1028,1019,1082,1135,1172,1249,1248,1321,1379,1420,1379,1406,1443,1479,1523,1518,1552,1550,1510,1443,1476,1472,1475,1486,1517,1502,1490,1514,1504,1489,1500,1568,1600,1677,1696,1771,1797,1828,1897,1928,2001,1989,1975,2006,2064,2110,2150,2169,2150,2172,2227,2196,2163,2157,2164,2166,2163,2145,2195,2143,2169,2185,2212,2225,2253,2266,2193,2105,2116,2117,2155,2101,2123,2094,2059,2054,2006,1981,1914,1968,1890,1828,1789,1811,1861,1958,1951,1954,1958,1971,2021,2015,1995,1933,1889,1964,1964,2036,1966,1945,1947,1932,1976,1981,2020,2068,2068,2088,2040,2065,2051,2060,2104,2131,2093,1972,1933,1918,1906,1946,1992,2017,2114,2056,2137,2111,2140,2210,2202,2189,2237,2173,2173,2256,2321,2307,2301,2323,2330,2390,2392
9662,16953,18026,12586,12204,11066,10199,9365,8604,7782,7114,6338,5719,5212,4935,4541,4161,3889,3628,3528,3333,3157,3028,2967,2784,2681,2634,2492,2376,2383,2388,2437,2362,2321,2284,2266,2247,2269,2315,2326,2355,2382,2360,2371,2406,2498,2483,2457,2434,2456,2476,2493,2577,2645,2679,2637,2732,2753,2884,3005,3009,3021,3043,3091,3042,3049,3067,3093,3144,3207,3205,3271,3309,3327,3399,3415,3503,3590,3621,3576,3520,3441,3486,3396,3424,3365,3367,3318,3365,3305,3245,3203,3248,3202,3215,3138,3092,3076,3080,3010,3069,3023,2979,2941,2960,3028,2991,2981,2901,2894,2979,2978,3031,2962,2984,3051,2994,2954,2893,2859,2955,2957,3050,2995,2865,2955,3017,3073,3041,3095,3026,3046,3009,3087,3129,3099,3125,3060,3003,2993,2961,2893,2821,2806,2781,2833,2874,2833,2859,2807,2811,2797,2734,2649,2606,2623,2617,2585,2535,2492,2442,2476,2482,2471,2494,2490,2451,2492,2498,663,279,145,63,60,63,65,51,47,52,60,71,70,75,59,63,60,54,62,58,54,66,66,78,72,84,92,81,73,70,84,92,104,115,124,134,146,161,167,151,158,148,180,178,187,192,201,204,230,223,204,220,214,251,265,260,283,297,307,296,291,295,315,330,366,407,437,456,464,494,484,521,512,512,541,567,625,660,690,692,762,809,818,805,797,789,888,884,959,956,1003,1067,1128,1155,1129,1130,1119,1152,1187,1234,1275,1295,1270,1274,1314,1391,1424,1467,1472,1510,1541,1587,1583,1592,1586,1595,1590,1554,1563,1605,1618,1694,1640,1606,1499,1487,1517,1537,1599,1677,1695,1730,1685,1663,1710,1648,1631,1622,1566,1570,1576,1585,1599,1595,1581,1545,1535,1496,1442,1458,1409,1341,1402,1402,1378,1390,1413,1464,1466,1480,1519,1498,1595,1661,1739,1768,1794,1742,1692,1663,1651,1637,1648,1641,1626,1621,1632,1642,1660,1609,1625,1645,1593,1611,1642,1676,1734,1780,1785,1804,1854,1886,1895,1935,1911,1817,1750,1795,1709,1750,1745,1730,1716,1746,1730,1749,1825,1804,1855,1828,1789,1761,1684,1666,1701,1671,1700,1759,1762,1776,1842,1852,1915,1960,1990,1997,1995,2002,2038,2094,2096,2084,2106,2100,2136,2206,2276,2266,2193,2176
9640,17047,18045,12501,12332,11141,10186,9248,8393,7631,6779,6174,5592,5171,4841,4530,4220,3931,3698,3526,3333,3190,3018,2889,2843,2812,2618,2595,2557,2539,2461,2442,2335,2289,2254,2176,2107,2159,2094,2091,2081,2103,2110,2097,2139,2121,2177,2189,2167,2169,2175,2196,2220,2309,2340,2381,2343,2392,2411,2433,2401,2506,2518,2536,2566,2620,2767,2813,2862,2877,2966,3013,3045,3050,3097,3130,3055,3090,3043,3093,3139,3218,3261,3283,3356,3433,3496,3527,3509,3438,3433,3285,3286,3342,3422,3499,3585,3643,3721,3738,3778,3822,3723,3596,3607,3564,3454,3419,3438,3391,3388,3360,3397,3450,3365,3350,3274,3320,3291,3326,3265,3261,3268,3358,3332,3304,3214,3273,3286,3239,3323,3336,3342,3277,3292,3326,3185,3196,3232,3183,3260,3258,3293,3325,3298,3289,3223,3197,3051,3100,3058,3104,3151,3159,3204,3150,3191,3208,3190,3103,3199,3128,3171,3139,3093,3085,3029,3090,3087,771,326,144,85,69,77,82,92,85,90,99,105,114,126,139,134,144,156,170,170,198,210,210,188,197,207,213,222,236,250,258,285,310,347,359,372,354,355,330,354,327,383,419,435,455,457,449,482,526,559,566,552,554,583,612,665,665,677,741,749,766,835,866,848,875,880,898,929,960,1014,1007,1048,1021,1057,1047,1067,1105,1070,1103,1116,1171,1174,1168,1263,1266,1257,1279,1325,1332,1403,1460,1516,1475,1484,1448,1418,1396,1446,1498,1547,1591,1568,1595,1640,1654,1598,1592,1584,1546,1594,1634,1680,1682,1765,1790,1836,1837,1853,1845,1855,1882,1838,1853,1851,1862,1854,1813,1860,1859,1843,1830,1804,1791,1759,1761,1721,1712,1735,1711,1753,1791,1859,1887,1965,1924,1916,1793,1816,1852,1835,1883,1818,1861,1880,1951,1930,1851,1814,1807,1893,1957,1998,1980,2048,2055,2045,2051,2066,2049,1950,1948,2030,1970,1941,1934,1885,1830,1820,1805,1822,1772,1745,1764,1790,1823,1876,1890,1841,1834,1868,1847,1854,1816,1887,1907,1843,1865,1807,1842,1823,1860,1871,1936,1982,2016,2036,2035,2076,2049,2157,2226,2284,2257,2276,2248,2253,2187,2186,2220,2245,2270,2280,2309,2277,2232,2245,2192,2275,2335,2343,2370,2382,2384,2411,2458,2476,2469,2490,2486,2461
9623,17157,18151,12572,12251,11122,10262,9295,8519,7771,6995,6278,5593,5144,4784,4395,4079,3856,3689,3442,3247,3100,2877,2780,2578,2536,2432,2374,2284,2210,2133,2123,2202,2209,2239,2233,2231,2307,2325,2303,2360,2344,2305,2283,2268,2349,2378,2463,2434,2380,2363,2486,2524,2557,2535,2531,2543,2612,2649,2751,2704,2713,2715,2833,2820,2909,2946,2911,2901,2977,3017,3041,3139,3149,3191,3209,3111,3074,3029,3056,3043,2961,2999,3024,3037,3068,3119,3023,3036,3016,3077,3155,3207,3131,3079,3009,3024,3035,3045,3064,3009,2981,2980,2990,2991,3062,2983,2988,2961,2923,2881,2911,2867,2711,2596,2534,2489,2527,2530,2519,2472,2494,2469,2510,2538,2612,2615,2707,2689,2661,2661,2677,2687,2730,2713,2740,2811,2812,2777,2739,2648,2624,2547,2579,2573,2655,2620,2700,2676,2687,2751,2767,2723,2740,2744,2741,2851,2854,2871,2838,2836,2890,2848,2800,2758,2798,2893,2985,3068,738,321,148,74,80,83,111,137,160,157,159,150,184,201,191,211,215,211,241,249,247,274,299,301,331,343,364,353,383,382,395,425,427,410,454,469,502,513,490,505,519,538,540,553,589,607,617,616,641,644,683,722,802,857,878,942,979,983,1010,1060,1078,1085,1117,1165,1176,1181,1259,1323,1350,1424,1519,1555,1570,1655,1783,1849,1883,1898,2000,2095,2119,2162,2130,2195,2193,2167,2195,2158,2207,2288,2319,2327,2332,2387,2432,2492,2549,2614,2606,2617,2617,2608,2666,2673,2717,2792,2892,3003,3044,3181,3251,3283,3318,3352,3268,3261,3356,3335,3349,3339,3333,3318,3258,3230,3210,3285,3286,3366,3381,3377,3349,3363,3290,3243,3247,3204,3172,3192,3185,3209,3284,3225,3148,3080,3052,3049,3064,3146,3202,3188,3252,3247,3214,3204,3217,3098,3038,3023,3097,3185,3156,3198,3264,3293,3386,3412,3571,3647,3649,3669,3663,3710,3693,3649,3647,3715,3687,3768,3771,3826,3828,3809,3798,3773,3762,3724,3686,3667,3721,3629,3579,3672,3691,3632,3634,3617,3631,3596,3674,3716,3716,3648,3555,3563,3385,3328,3276,3299,3381,3406,3347,3349,3328,3360,3480,3520,3563,3625,3588,3514,3574,3686,3790,3851,3942,4022,4118,4249,4245,4228,4127,4111,4175,4192,4118,4110,4125,4260,4299,4444
9735,17280,18324,12989,12709,11633,10758,9784,8886,8205,7356,6709,6019,5513,5085,4690,4344,3891,3608,3381,3249,3125,2998,2916,2760,2697,2597,2600,2506,2506,2484,2419,2368,2349,2266,2240,2178,2248,2208,2196,2135,2121,2126,2154,2235,2250,2189,2190,2135,2160,2180,2225,2240,2289,2283,2283,2261,2352,2404,2420,2399,2369,2391,2434,2523,2480,2447,2404,2430,2515,2529,2559,2512,2432,2412,2425,2461,2483,2590,2703,2818,2760,2804,2832,2815,2846,2858,2967,2924,3018,3011,3057,3001,2941,2849,2864,2980,2996,3055,3144,3129,3060,3079,2980,2952,2968,2997,2926,2868,2800,2794,2878,2957,2972,2964,3019,3025,2950,2963,2924,2927,2885,2845,2884,2795,2754,2743,2751,2695,2686,2752,2724,2759,2748,2704,2702,2704,2643,2693,2790,2766,2807,2834,2865,2859,2867,2850,2847,2797,2844,2857,2797,2827,2927,2882,2908,2912,2938,2980,2883,2957,2937,2965,2995,3018,3084,3078,3062,2997,764,340,157,100,70,69,79,89,95,97,101,117,128,112,117,137,146,137,140,167,197,202,209,204,201,221,222,204,212,190,192,194,187,160,157,170,173,185,209,210,231,244,265,293,307,323,335,362,393,367,394,418,389,404,415,416,435,470,487,489,510,542,552,598,622,670,728,751,767,781,768,803,815,841,859,907,918,889,883,865,849,828,886,916,925,970,981,986,977,986,1018,1041,1090,1073,1107,1122,1083,1080,1101,1149,1160,1222,1260,1289,1307,1331,1279,1305,1337,1342,1329,1334,1337,1376,1376,1382,1367,1306,1343,1360,1379,1420,1384,1439,1503,1586,1608,1630,1572,1535,1501,1608,1544,1583,1581,1644,1669,1680,1698,1723,1779,1837,1831,1842,1878,1900,1979,2016,2071,2053,1990,1916,1858,1792,1718,1771,1751,1743,1694,1799,1793,1731,1700,1703,1750,1759,1815,1853,1886,1852,1858,1796,1802,1863,1874,1905,1871,1795,1772,1761,1757,1903,1941,1999,1982,1921,1893,1975,1948,1954,1925,1938,1984,2020,1962,1915,1826,1821,1782,1733,1777,1695,1732,1679,1648,1613,1575,1619,1568,1594,1645,1667,1659,1673,1637,1596,1563,1539,1529,1534,1530,1583,1511,1498,1515,1561,1551,1495,1510,1541,1622,1584,1586,1570,1503,1507,1410,1412,1449,1436
9612,17196,18216,12800,12426,11324,10419,9516,8405,7655,6933,6346,5704,5212,4845,4471,4056,3800,3494,3235,3012,2874,2710,2689,2556,2501,2405,2336,2277,2223,2149,2087,2053,2013,1987,1992,2023,2024,2097,2162,2135,2151,2176,2193,2222,2211,2194,2279,2329,2413,2466,2537,2533,2557,2573,2599,2555,2622,2684,2736,2746,2709,2694,2697,2689,2779,2812,2912,2933,3018,3031,3049,3085,3091,3105,3199,3262,3285,3349,3303,3265,3271,3209,3201,3198,3184,3167,3178,3176,3173,3187,3185,3196,3172,3149,3162,3182,3213,3227,3170,3250,3324,3337,3279,3236,3218,3197,3247,3186,3175,3148,3197,3108,3146,3192,3216,3229,3259,3362,3340,3351,3346,3317,3408,3498,3551,3529,3470,3404,3443,3344,3296,3268,3168,3178,3214,3263,3234,3177,3241,3241,3252,3277,3252,3205,3095,3030,2950,2936,3025,3075,3098,3149,3225,3280,3187,3113,3042,3038,3056,3066,3164,3167,3202,3135,3174,3129,3107,3099,763,340,162,89,84,96,108,106,111,106,126,143,138,155,161,181,203,206,231,247,286,300,301,303,324,322,317,328,332,331,378,405,403,450,483,486,480,511,521,481,491,475,492,530,536,540,527,516,483,534,552,555,594,577,618,603,608,660,692,685,685,670,672,674,714,718,742,706,704,750,810,840,882,884,928,957,990,1004,1014,993,1033,1035,1048,1079,1120,1151,1203,1215,1216,1309,1309,1362,1400,1439,1519,1522,1505,1535,1587,1582,1622,1645,1638,1608,1620,1584,1602,1618,1619,1624,1669,1656,1715,1699,1682,1626,1639,1652,1682,1679,1708,1715,1766,1752,1717,1759,1818,1884,1834,1851,1885,1939,1937,1932,1920,1905,1846,1781,1704,1704,1686,1698,1634,1690,1663,1674,1599,1528,1517,1524,1502,1546,1545,1598,1532,1533,1570,1519,1500,1441,1394,1352,1333,1351,1301,1329,1373,1373,1310,1296,1259,1240,1238,1219,1198,1210,1207,1281,1236,1252,1236,1218,1216,1215,1215,1190,1189,1215,1220,1203,1258,1238,1209,1219,1206,1207,1177,1195,1198,1202,1217,1187,1100,1105,1115,1144,1166,1123,1139,1115,1109,1065,1057,1055,1023,1013,1046,1043,1045,1049,1073,1064,1107,1058,1116,1170,1219,1201,1246,1283,1318,1277,1223,1222,1234,1258,1338,1353,1333,1318
9530,16909,18006,12523,12308,11053,10003,9199,8335,7626,7035,6482,5939,5454,4962,4498,4147,3913,3724,3389,3213,3057,2904,2819,2786,2703,2766,2778,2773,2677,2636,2589,2509,2496,2422,2418,2429,2462,2429,2447,2460,2459,2493,2530,2582,2604,2554,2572,2594,2719,2696,2728,2758,2826,2863,2874,2903,2826,2755,2804,2907,2958,2929,2951,2947,2972,3012,3023,3054,3010,3024,2987,2960,2953,2907,2818,2827,2827,2855,2827,2918,2950,2899,2917,2899,3010,3080,3111,3087,3180,3163,3178,3202,3189,3246,3198,3194,3299,3315,3446,3465,3550,3555,3525,3592,3636,3600,3623,3557,3657,3661,3630,3664,3531,3542,3400,3367,3351,3358,3368,3356,3339,3407,3359,3293,3418,3437,3437,3479,3435,3452,3396,3445,3378,3334,3291,3278,3299,3238,3249,3285,3391,3517,3454,3451,3420,3302,3313,3287,3338,3321,3381,3382,3339,3254,3264,3261,3293,3350,3309,3261,3157,3114,3105,3107,3106,3049,3016,2969,756,324,151,84,63,56,61,73,70,73,63,58,55,52,67,68,71,64,78,72,85,102,114,137,140,149,146,162,176,183,196,197,202,230,232,243,250,281,289,302,321,344,374,399,388,392,367,383,407,436,477,521,530,529,504,514,558,610,629,618,642,685,691,687,666,676,642,611,677,702,749,777,801,818,809,831,842,874,902,914,996,1000,1029,1000,996,1033,1103,1120,1133,1104,1149,1194,1213,1223,1231,1183,1231,1240,1275,1301,1312,1303,1366,1453,1505,1505,1498,1563,1540,1595,1653,1746,1763,1808,1880,1912,1924,1883,1848,1854,1838,1829,1847,1867,1868,1918,1973,2084,2132,2148,2197,2230,2212,2229,2153,2155,2144,2187,2152,2143,2176,2147,2111,2137,2080,2102,1976,2035,2021,2087,2041,2060,1998,1986,1947,1984,1987,2051,2128,2133,2209,2236,2206,2229,2276,2329,2377,2335,2332,2300,2209,2228,2336,2356,2438,2411,2458,2384,2445,2523,2494,2519,2499,2448,2457,2413,2353,2315,2343,2373,2368,2424,2486,2572,2582,2569,2537,2521,2523,2618,2667,2669,2661,2624,2643,2657,2668,2701,2609,2609,2666,2677,2647,2661,2557,2660,2678,2732,2752,2821,2786,2775,2747,2726,2704,2699,2686,2713,2762,2740,2881,2985,2984,2976,2992,3074,3056,3124,3142,3214
9562,16912,17803,12342,12023,10851,10136,9246,8437,7552,6837,6278,5875,5228,4889,4577,4332,4068,3782,3477,3272,3240,3095,2864,2781,2685,2609,2510,2374,2307,2356,2384,2435,2414,2346,2362,2410,2423,2462,2487,2436,2390,2438,2503,2500,2499,2525,2621,2689,2650,2660,2640,2636,2666,2755,2776,2714,2728,2754,2842,2785,2821,2914,3010,3121,3115,3109,3179,3180,3238,3169,3195,3237,3259,3354,3368,3344,3349,3386,3483,3474,3477,3418,3410,3435,3493,3579,3587,3613,3532,3547,3647,3738,3804,3707,3620,3550,3447,3422,3458,3411,3524,3529,3494,3407,3391,3433,3368,3374,3396,3430,3514,3471,3423,3394,3417,3333,3336,3312,3336,3307,3282,3210,3158,3128,3036,3004,3034,3109,3126,3179,3103,3119,3124,3122,3150,3197,3286,3215,3178,3051,2973,2928,2963,2963,2960,3053,3057,3153,3152,3200,3191,3107,3113,3093,3057,3066,3044,3076,3096,3096,3101,3157,3244,3377,3298,3346,3285,3282,857,359,177,82,66,79,86,96,113,123,114,122,129,134,147,150,148,146,147,146,175,194,218,243,233,227,213,213,261,283,322,308,315,326,314,324,324,357,374,403,438,472,492,565,626,670,664,678,701,700,740,743,749,801,844,893,935,951,921,953,987,996,1098,1153,1181,1175,1149,1220,1238,1246,1223,1246,1257,1295,1307,1282,1290,1257,1287,1284,1305,1356,1468,1480,1514,1536,1580,1584,1587,1622,1609,1581,1542,1549,1534,1609,1696,1723,1793,1867,1799,1834,1828,1823,1832,1849,1839,1859,1872,1944,1947,1885,1870,1863,1898,1905,1864,1866,1897,1918,1953,1966,2089,2070,2089,2054,2108,2114,2109,2103,2125,2155,2097,2096,2056,1978,1914,1945,1922,1942,1908,1862,1871,1877,1861,1916,1959,2035,2075,2115,2133,2216,2118,2105,2143,2135,2093,2101,2147,2135,2193,2209,2298,2212,2239,2205,2211,2127,2072,2054,2038,2008,2000,1975,1937,1869,1877,1847,1790,1778,1710,1732,1786,1741,1733,1736,1750,1730,1718,1698,1628,1616,1525,1589,1578,1542,1531,1493,1475,1467,1440,1427,1398,1401,1384,1356,1292,1316,1232,1212,1143,1187,1222,1181,1231,1182,1131,1103,1067,1057,1003,962,1027,1046,1036,1033,981,1057,1049,1097,1051,1052,1079,1101,1097,1090,1058,1063,1008,1039
9621,17217,18304,12727,12284,10993,10196,9398,8677,8022,7173,6640,5962,5482,5061,4613,4253,3974,3681,3506,3317,3133,2975,2770,2652,2500,2456,2463,2425,2401,2444,2404,2408,2373,2265,2283,2315,2414,2460,2506,2528,2437,2480,2482,2474,2547,2557,2608,2659,2706,2702,2777,2897,2925,2923,2982,2975,2960,3064,3058,3097,3147,3233,3191,3111,3109,3069,3173,3187,3204,3184,3274,3243,3322,3315,3373,3410,3401,3335,3415,3395,3368,3375,3403,3403,3419,3416,3397,3349,3431,3494,3548,3569,3488,3428,3383,3346,3370,3387,3451,3460,3522,3563,3546,3639,3723,3681,3711,3551,3450,3371,3278,3231,3254,3275,3232,3242,3269,3264,3361,3394,3420,3387,3336,3325,3212,3150,3086,3076,3091,3116,3118,3085,3071,3024,3051,3127,3143,3175,3137,3188,3134,3173,3135,3208,3171,3155,3257,3182,3188,3199,3279,3312,3304,3262,3256,3359,3303,3198,3093,3099,3107,3074,3070,3080,3072,3148,3218,3220,797,344,163,79,55,49,56,51,71,78,77,82,97,103,107,104,124,123,122,132,142,164,173,155,172,176,177,176,175,168,174,184,192,185,164,168,171,184,179,176,170,185,186,197,176,170,182,237,260,265,274,293,308,316,347,367,388,418,438,445,468,480,522,502,502,481,455,489,476,476,515,551,591,638,648,666,704,716,735,719,726,716,757,774,831,893,905,892,914,992,1070,1122,1158,1212,1199,1217,1228,1278,1334,1397,1412,1467,1531,1556,1548,1605,1698,1693,1688,1743,1794,1841,1910,1910,1987,2048,2147,2176,2195,2265,2307,2363,2411,2356,2348,2426,2389,2348,2368,2359,2324,2401,2424,2501,2551,2617,2504,2431,2459,2490,2454,2526,2516,2596,2594,2650,2692,2652,2670,2708,2817,2870,2944,2943,2963,2955,2994,2974,3046,3037,3053,3096,3196,3254,3392,3406,3500,3539,3652,3665,3621,3621,3598,3618,3669,3736,3822,3877,3859,3917,3898,3971,3958,4002,3964,3908,3902,3827,3853,4019,4087,4310,4306,4392,4372,4332,4451,4494,4486,4509,4499,4598,4565,4530,4470,4458,4467,4457,4558,4639,4740,4724,4792,4866,4895,4860,4700,4818,4979,4973,4922,4956,4910,4907,4940,4939,5017,4905,4846,4828,4758,4758,4809,4771,4758,4718,4767,4714,4709,4727
9866,17159,18113,12567,12092,10747,9708,8948,8128,7329,6589,6083,5595,5155,4674,4308,4051,3788,3542,3315,3143,2940,2763,2668,2540,2397,2309,2161,2159,2061,2029,2017,2065,2099,2150,2107,2121,2128,2177,2186,2228,2194,2262,2296,2321,2264,2308,2286,2356,2437,2496,2503,2484,2476,2533,2583,2596,2570,2518,2516,2526,2550,2594,2574,2605,2675,2655,2650,2671,2631,2564,2545,2619,2618,2658,2643,2607,2620,2660,2693,2746,2710,2686,2748,2710,2769,2789,2792,2874,2831,2845,2815,2889,2893,2969,3009,3069,3003,3043,3100,3056,3114,3108,3088,3031,3042,2999,2881,2753,2777,2711,2723,2753,2712,2736,2730,2836,2937,2910,2942,2988,3034,3115,3150,3135,3082,2972,3016,3038,3005,2950,2928,2948,2986,3031,3061,3038,3065,3077,3044,3088,3076,3057,3022,3008,2952,3023,2964,2960,2927,2974,3012,3014,2989,2992,2950,2922,2880,2865,2916,3034,3130,3173,3247,3155,3177,3114,3153,3162,828,324,160,90,45,47,54,67,75,81,86,94,86,104,96,114,115,131,136,152,139,132,138,157,183,187,207,201,207,204,190,194,198,192,209,230,254,252,278,272,302,317,352,367,368,393,407,419,437,470,466,477,507,530,549,527,526,544,566,520,537,561,574,603,638,673,700,717,740,795,806,839,835,873,830,873,903,904,954,1016,1057,1119,1145,1129,1136,1157,1238,1252,1298,1338,1365,1424,1430,1444,1506,1543,1527,1556,1534,1579,1565,1622,1670,1675,1696,1753,1804,1839,1926,2019,2086,2063,2074,2117,2211,2197,2227,2275,2309,2341,2332,2323,2300,2216,2227,2259,2283,2344,2397,2484,2395,2472,2505,2472,2488,2470,2493,2557,2623,2712,2804,2776,2779,2787,2821,2869,2851,2875,2916,2959,2983,2926,2908,2984,2995,3034,3228,3296,3291,3280,3270,3227,3258,3280,3348,3338,3272,3172,3126,3178,3107,3053,3136,3174,3168,3144,3157,3190,3253,3368,3332,3320,3293,3288,3350,3276,3250,3269,3187,3140,3149,3195,3185,3174,3218,3233,3258,3264,3255,3276,3297,3242,3260,3218,3107,3009,3013,3028,2969,2983,2949,2945,3062,3017,2937,2934,2912,2974,3059,3178,3272,3295,3296,3289,3176,3175,3179,3247,3261,3297,3294,3319,3287,3293,3291,3420,3366,3342,3319,3216
9648,17131,17979,12672,12206,11001,10036,9242,8320,7579,6751,6214,5667,5208,4966,4624,4289,3980,3621,3448,3237,3073,2899,2728,2623,2553,2556,2458,2348,2320,2318,2343,2254,2236,2216,2260,2228,2205,2257,2332,2416,2372,2405,2449,2416,2462,2483,2499,2577,2573,2649,2655,2671,2718,2720,2725,2734,2689,2813,2871,2906,2983,3045,3107,3090,3049,3097,3095,3073,2986,2978,2983,2965,2963,2915,3032,2986,2996,2970,2947,2920,2848,2849,2895,2869,2870,2908,2947,2878,2961,2998,2998,3011,3006,3050,3053,3113,3159,3130,3126,3113,3146,3243,3314,3260,3250,3297,3315,3311,3225,3125,3028,3106,3082,3103,3144,3172,3194,3321,3393,3360,3363,3352,3377,3434,3464,3449,3436,3487,3462,3418,3479,3394,3489,3538,3510,3538,3636,3532,3529,3488,3473,3416,3394,3355,3363,3274,3230,3134,3096,2959,2985,2954,2993,3015,3000,2951,2967,2982,3061,2998,3003,2994,2911,2890,2876,2872,2814,2772,693,342,149,87,58,60,75,94,93,105,97,88,89,82,88,91,98,100,90,84,107,114,109,110,98,95,99,98,106,117,131,154,146,144,151,162,143,150,155,156,155,160,177,184,200,219,204,222,216,204,208,235,241,239,260,284,295,294,280,305,312,353,387,407,423,422,424,415,397,436,451,474,463,495,518,522,547,554,591,663,731,750,766,765,746,748,739,740,754,753,800,822,799,836,862,896,890,906,924,961,995,1032,1004,1043,1064,1056,1049,1074,1080,1143,1174,1197,1221,1211,1191,1180,1230,1249,1303,1351,1396,1486,1513,1460,1446,1491,1457,1453,1439,1462,1469,1441,1397,1404,1413,1428,1421,1337,1346,1326,1340,1334,1367,1374,1316,1341,1290,1278,1285,1331,1286,1282,1327,1296,1256,1227,1210,1220,1252,1279,1300,1313,1366,1433,1418,1452,1474,1463,1494,1478,1422,1368,1364,1301,1329,1313,1299,1339,1398,1367,1361,1377,1388,1442,1428,1446,1464,1401,1422,1430,1464,1439,1446,1398,1387,1401,1358,1366,1280,1247,1226,1198,1194,1207,1231,1219,1204,1206,1233,1323,1334,1361,1346,1374,1340,1330,1313,1334,1286,1270,1265,1234,1284,1301,1260,1240,1196,1185,1219,1231,1257,1241,1219,1297,1299,1388,1412,1428,1427,1428
9653,17138,18088,12543,12257,11051,10065,9099,8316,7670,7047,6405,5873,5342,4880,4407,4034,3722,3461,3301,3168,3040,2978,2886,2786,2721,2716,2590,2663,2646,2627,2496,2527,2541,2497,2454,2378,2332,2290,2287,2291,2267,2214,2204,2393,2417,2467,2480,2533,2519,2583,2611,2723,2765,2832,2847,2898,2900,2929,2872,2917,2968,3013,3075,3108,3122,3116,3010,2988,2895,2875,2907,2911,2901,2945,2960,2995,3047,3068,3088,3048,3053,3095,3176,3232,3304,3274,3184,3100,3008,2970,2932,2893,2748,2678,2686,2761,2828,2790,2749,2769,2738,2822,2764,2719,2695,2745,2803,2879,2874,2882,3043,3070,3219,3225,3273,3332,3342,3244,3303,3252,3347,3332,3429,3467,3511,3490,3463,3505,3475,3484,3566,3738,3788,3789,3728,3713,3638,3608,3620,3570,3485,3430,3358,3349,3216,3217,3177,3215,3117,3102,3025,2956,3052,3093,3134,3070,3126,3163,3208,3257,3284,3276,3221,3223,3175,3139,3064,3059,807,333,150,74,66,60,56,65,80,86,88,90,96,97,90,91,95,112,104,89,95,109,128,136,157,159,185,195,206,226,219,237,237,243,254,240,254,251,252,278,286,318,332,341,327,358,378,416,398,448,489,511,504,517,555,617,641,669,702,714,726,691,670,668,638,719,772,835,916,907,925,922,986,963,975,976,994,1040,1073,1119,1075,1080,1098,1073,1081,1107,1128,1147,1171,1181,1229,1258,1264,1282,1334,1328,1337,1370,1392,1437,1450,1509,1598,1681,1709,1786,1807,1787,1817,1777,1767,1754,1760,1848,1898,1962,2013,2073,2096,2104,2125,2193,2169,2139,2124,2188,2254,2324,2364,2368,2311,2364,2352,2308,2370,2350,2336,2225,2200,2157,2106,2145,2146,2103,2046,2007,1987,1985,2018,2077,2034,2056,2051,2035,2038,2043,2059,2102,2083,2100,2075,2063,2065,2076,2071,2040,2062,1988,1872,1841,1813,1859,1853,1917,1917,1885,1861,1892,1902,1880,1799,1713,1654,1660,1645,1702,1674,1685,1674,1652,1663,1646,1597,1572,1589,1603,1588,1581,1591,1619,1607,1536,1505,1498,1491,1494,1508,1539,1483,1428,1434,1446,1382,1329,1282,1316,1346,1363,1295,1322,1330,1385,1424,1392,1374,1339,1323,1365,1391,1448,1423,1411,1443,1482,1433,1493,1418,1394,1432,1449
9763,17281,18279,12925,12512,11319,10439,9588,8733,7914,7280,6585,5905,5344,4941,4533,4246,3978,3646,3436,3295,3115,2964,2916,2753,2610,2485,2432,2394,2365,2349,2296,2309,2289,2259,2275,2208,2150,2182,2225,2216,2274,2238,2238,2252,2308,2399,2455,2466,2544,2611,2539,2534,2551,2601,2729,2747,2832,2822,2805,2807,2871,2919,2985,3072,3035,3116,3074,3110,3077,3055,3053,3053,3023,2967,2977,2987,2984,2951,2994,3096,3096,3101,3178,3124,3280,3276,3292,3313,3324,3409,3373,3425,3391,3376,3333,3298,3306,3349,3261,3278,3264,3293,3232,3197,3208,3168,3155,3143,3105,3147,3164,3132,3157,3125,3072,3060,3097,3106,3128,3081,3074,3058,3115,3151,3163,3195,3256,3253,3211,3108,3077,3088,3088,3013,3044,3070,3036,2980,2921,2936,2898,2974,3062,3178,3170,3141,3096,3065,3030,2963,2985,2989,2998,2904,2822,2760,2773,2813,2903,2951,3049,3043,3014,2999,2965,3027,3078,3140,766,318,157,90,85,89,96,99,111,119,128,142,142,128,111,106,113,121,108,120,103,107,120,139,142,141,140,131,118,118,145,172,192,221,221,227,216,192,200,201,195,205,216,214,206,186,187,179,169,183,194,227,210,224,243,243,264,252,273,283,304,315,314,346,365,397,406,420,406,431,472,465,442,459,443,448,475,502,526,534,554,563,599,554,567,556,581,622,638,694,714,720,729,703,690,702,654,690,701,703,717,708,697,706,733,765,775,783,806,845,892,943,933,949,939,1020,1037,1017,1030,1102,1106,1132,1122,1151,1172,1205,1188,1221,1178,1230,1200,1266,1293,1328,1295,1328,1343,1336,1306,1271,1273,1273,1285,1244,1231,1226,1211,1226,1232,1239,1241,1241,1221,1216,1200,1142,1125,1102,1140,1134,1129,1104,1080,1085,1122,1151,1201,1201,1172,1170,1117,1075,1026,988,928,946,1007,1027,1037,1011,1001,981,942,920,911,912,931,966,960,921,941,987,988,987,1002,1005,973,1001,1068,1123,1107,1100,1140,1199,1191,1135,1091,1077,1091,1118,1097,1094,1094,1088,1042,1074,1091,1090,1065,1042,1010,1082,1045,998,997,1004,1034,1025,1048,1037,1055,1042,1065,1051,1084,1075,1028,1000,945,994
9738,17382,18373,12814,12282,11051,10175,9370,8429,7705,6904,6388,5830,5299,4903,4546,4233,3844,3571,3301,3130,2928,2869,2802,2739,2716,2688,2589,2581,2464,2430,2420,2433,2398,2388,2383,2309,2316,2298,2297,2285,2295,2349,2333,2323,2247,2216,2180,2132,2157,2083,2149,2253,2274,2242,2267,2297,2326,2373,2464,2554,2612,2727,2753,2835,2853,2925,2914,2965,2970,2987,3070,3201,3341,3428,3385,3408,3375,3468,3491,3518,3422,3392,3513,3562,3648,3661,3723,3801,3785,3929,3859,3809,3749,3681,3706,3627,3607,3518,3410,3339,3418,3499,3417,3331,3174,3026,2932,2911,2854,2802,2765,2796,2776,2744,2685,2680,2795,2830,2891,2909,2893,2875,2817,2808,2787,2801,2799,2858,2917,2940,2911,2950,2954,2991,2945,2917,2890,2854,2928,2922,2860,2908,2990,2959,2911,2957,3005,3156,3131,3139,3119,3145,3125,3205,3160,3174,3162,3200,3297,3313,3191,3182,3247,3281,3285,3176,3179,3196,812,365,191,108,90,97,102,86,70,63,83,85,100,101,126,133,144,144,143,129,136,148,171,190,209,204,190,190,189,211,225,239,242,246,248,273,275,266,310,329,330,356,349,344,337,361,397,404,443,484,492,477,509,539,523,516,516,526,582,628,666,743,816,842,912,918,918,880,914,951,948,966,924,945,966,993,996,977,1059,1094,1135,1187,1222,1216,1276,1294,1291,1273,1251,1225,1273,1296,1293,1326,1327,1370,1403,1416,1432,1528,1581,1641,1645,1615,1673,1675,1684,1753,1809,1847,1874,1938,1921,1916,1898,1909,2017,2093,2138,2105,2113,2117,2146,2089,2082,2088,2135,2077,2069,1983,1947,1897,2012,2116,2178,2221,2252,2192,2201,2175,2209,2206,2192,2245,2209,2246,2234,2229,2302,2293,2226,2303,2260,2313,2345,2404,2367,2451,2500,2570,2581,2565,2608,2635,2729,2759,2731,2757,2779,2853,2911,2849,2826,2899,2927,3030,3050,3005,3037,3058,3082,3091,3097,3075,3063,3066,2999,2897,2872,2928,2863,2815,2848,2819,2805,2816,2742,2755,2651,2650,2611,2728,2753,2816,2784,2797,2803,2821,2978,3045,3071,3090,3097,3040,2964,2986,3023,3208,3264,3338,3285,3337,3254,3304,3350,3337,3306,3351,3353,3354,3349,3311,3400,3410,3477,3359,3352,3365,3320,3363
9612,16924,17827,12502,12112,10865,9967,8970,8241,7607,6878,6312,5719,5250,4908,4605,4249,3953,3704,3471,3315,3154,3081,2904,2893,2798,2673,2575,2564,2488,2478,2443,2426,2313,2252,2258,2291,2269,2304,2277,2300,2342,2385,2352,2362,2360,2339,2293,2334,2317,2438,2463,2563,2614,2679,2670,2683,2738,2719,2748,2806,2807,2737,2710,2672,2647,2717,2691,2763,2816,2774,2771,2795,2792,2798,2862,2954,2957,2914,2901,2996,3027,3178,3240,3286,3282,3302,3334,3343,3272,3293,3271,3315,3311,3289,3336,3264,3162,3138,3022,3027,2973,2951,3025,3048,3146,3158,3245,3289,3275,3228,3203,3225,3195,3260,3320,3368,3414,3432,3469,3469,3573,3527,3632,3600,3620,3446,3412,3367,3345,3344,3274,3244,3238,3277,3207,3329,3331,3381,3362,3412,3461,3465,3412,3305,3258,3205,3245,3288,3273,3197,3230,3251,3269,3301,3229,3157,3167,3118,3102,3089,3106,3084,3062,3002,2983,2983,3017,3045,779,338,167,109,86,101,105,116,120,133,148,170,208,235,250,251,260,272,298,294,313,318,323,308,307,291,300,298,315,336,368,356,364,377,403,416,437,442,438,419,436,489,542,580,575,630,666,738,768,827,805,848,855,953,986,1071,1144,1200,1224,1282,1303,1340,1363,1417,1453,1470,1444,1523,1610,1613,1601,1655,1663,1682,1611,1655,1724,1819,1963,1957,2042,1964,2029,2069,2098,2172,2222,2279,2348,2376,2388,2440,2515,2547,2485,2474,2475,2462,2539,2570,2575,2566,2649,2683,2734,2729,2834,2904,2885,2907,2908,2851,2775,2803,2754,2680,2617,2582,2557,2514,2543,2459,2509,2487,2488,2525,2496,2498,2517,2505,2560,2595,2724,2727,2652,2683,2587,2652,2683,2741,2728,2721,2687,2696,2605,2593,2656,2639,2686,2718,2687,2714,2726,2706,2676,2704,2838,2821,2842,2834,2889,2881,2886,2784,2741,2805,2799,2790,2760,2726,2650,2690,2719,2696,2692,2688,2747,2714,2742,2707,2717,2689,2729,2691,2760,2766,2773,2869,2823,2825,2701,2692,2632,2499,2440,2345,2382,2413,2408,2437,2389,2454,2439,2506,2456,2478,2549,2572,2583,2610,2576,2634,2673,2703,2714,2645,2640,2645,2728,2746,2850,2878,2843,2750,2754,2765,2763,2760,2837,2847,2907,2933,2921,2924,2873,2927,2873,2915,2814,2888
9775,17445,18366,12840,12500,11354,10364,9593,8667,7976,7191,6578,5992,5548,5193,4802,4452,4127,3886,3634,3485,3319,3227,3064,2993,2864,2781,2675,2551,2478,2522,2515,2538,2560,2542,2566,2559,2532,2439,2440,2427,2431,2448,2478,2539,2505,2474,2541,2550,2557,2552,2576,2597,2604,2541,2544,2673,2720,2813,2878,2802,2863,2851,2961,3093,3117,3124,3174,3261,3282,3316,3336,3313,3390,3473,3521,3645,3716,3742,3709,3748,3695,3752,3616,3630,3688,3757,3813,3815,3817,3883,3841,3783,3757,3776,3778,3704,3638,3639,3576,3583,3548,3556,3495,3530,3558,3552,3490,3481,3403,3358,3336,3311,3312,3226,3188,3105,3078,3137,3123,3138,3002,2972,2928,2887,2815,2844,2792,2829,2826,2886,2908,2882,2735,2644,2543,2575,2619,2568,2589,2619,2653,2731,2727,2782,2780,2826,2825,2836,2748,2755,2899,2897,2928,2898,2940,3002,3014,2954,2965,3018,3027,3065,2990,3020,2970,2987,3028,3016,754,315,145,71,56,53,62,71,61,64,78,89,104,87,90,88,88,83,80,90,97,97,112,106,100,104,111,102,104,110,113,116,127,127,144,154,155,152,150,139,139,131,111,116,121,130,138,132,124,105,111,120,144,149,172,176,190,192,197,207,212,226,224,230,246,244,259,239,272,268,282,271,288,325,332,313,325,319,346,370,413,431,447,425,439,404,449,442,445,422,407,381,388,390,408,417,433,428,440,465,494,543,557,582,580,531,539,535,525,580,630,657,680,674,728,738,766,786,822,841,899,961,957,991,979,1015,1041,1046,1028,1046,1055,1092,1113,1154,1207,1244,1266,1301,1310,1355,1316,1384,1400,1495,1490,1499,1463,1424,1405,1397,1378,1409,1471,1566,1621,1682,1724,1742,1758,1749,1786,1812,1808,1801,1773,1781,1759,1707,1692,1695,1722,1774,1781,1833,1785,1785,1724,1739,1757,1691,1694,1641,1659,1700,1734,1816,1865,1861,1920,1887,1882,1928,1934,1969,1957,1926,2000,2085,2135,2128,2182,2201,2165,2146,2128,2134,2193,2184,2265,2276,2263,2322,2267,2321,2381,2380,2422,2425,2452,2445,2539,2583,2601,2646,2628,2572,2556,2632,2662,2691,2749,2758,2730,2816,2857,2838,2775,2685,2709,2646
9565,17078,18055,12581,12237,11017,10126,9211,8475,7789,7097,6509,5940,5444,4929,4570,4228,3937,3707,3393,3239,3063,2928,2792,2698,2541,2460,2408,2317,2277,2282,2230,2210,2190,2245,2212,2252,2221,2229,2300,2309,2464,2564,2539,2577,2557,2538,2522,2454,2430,2472,2472,2543,2542,2632,2620,2597,2576,2528,2575,2603,2692,2797,2838,2926,2911,2921,2860,2872,2978,3044,3140,3192,3185,3196,3185,3105,3128,3156,3097,3179,3225,3251,3273,3321,3219,3225,3226,3209,3187,3259,3324,3307,3413,3391,3347,3365,3384,3399,3429,3523,3547,3513,3481,3481,3441,3457,3386,3306,3309,3348,3329,3365,3334,3255,3257,3251,3308,3309,3454,3531,3575,3539,3620,3599,3576,3525,3470,3438,3375,3381,3370,3297,3245,3137,3185,3141,3115,3138,3108,3132,3100,3127,3037,3023,3021,3051,2984,2919,2854,2845,2834,2865,2899,2864,2803,2759,2709,2702,2672,2697,2643,2662,2660,2629,2549,2620,2600,2537,651,286,155,88,62,64,72,71,69,74,84,101,101,107,108,122,108,99,109,93,84,82,89,90,81,92,105,106,120,138,127,128,129,157,155,147,145,158,178,176,177,161,154,160,167,169,178,182,170,194,217,227,234,254,266,305,319,356,352,362,383,398,369,373,339,353,376,436,462,480,481,470,463,499,473,491,470,491,515,524,539,559,583,632,652,710,710,776,814,877,898,951,976,1013,1010,1007,984,1038,1095,1095,1103,1126,1142,1104,1079,1099,1163,1152,1120,1089,1114,1085,1130,1135,1125,1123,1129,1116,1093,1168,1155,1165,1157,1180,1163,1219,1241,1239,1223,1181,1210,1180,1191,1223,1220,1220,1209,1192,1193,1169,1135,1193,1229,1243,1198,1199,1187,1198,1181,1144,1120,1095,1070,1099,1106,1136,1116,1092,1100,1056,1079,1066,1101,1105,1111,1147,1169,1196,1199,1247,1216,1214,1269,1290,1258,1300,1355,1386,1351,1389,1367,1346,1293,1228,1188,1168,1151,1117,1085,1068,1064,1080,1108,1124,1186,1187,1187,1230,1224,1234,1212,1200,1167,1083,1103,1073,1076,1011,954,926,912,909,934,935,958,1004,1034,1012,1056,1020,1038,1030,1049,1015,1042,1024,971,939,911,876,854,850,853,891,902,909,870,867,857,835
9777,16986,18088,12797,12415,11120,10373,9507,8640,7878,7012,6410,5810,5324,4913,4551,4163,3910,3650,3494,3288,3108,2928,2726,2519,2479,2405,2362,2297,2245,2281,2242,2236,2262,2249,2286,2343,2313,2351,2278,2327,2327,2370,2408,2423,2434,2513,2577,2620,2612,2659,2670,2657,2753,2827,3001,3093,3245,3248,3271,3191,3131,3203,3252,3308,3285,3240,3331,3254,3275,3354,3404,3536,3561,3503,3467,3474,3524,3440,3455,3551,3585,3641,3664,3670,3709,3689,3730,3648,3531,3508,3506,3560,3583,3617,3670,3745,3710,3708,3593,3513,3427,3417,3319,3350,3352,3316,3374,3297,3341,3387,3439,3468,3434,3460,3398,3341,3271,3200,3272,3245,3260,3267,3263,3271,3343,3266,3178,3142,3027,3062,3057,3060,3107,3120,3167,3242,3180,3191,3167,3155,3174,3141,3117,3078,3125,3028,3062,3056,3099,3148,3158,3194,3183,3260,3282,3320,3204,3180,3211,3277,3450,3396,3484,3432,3354,3246,3301,3324,878,403,178,97,79,65,67,98,95,93,80,80,91,99,99,109,114,139,143,156,160,161,169,173,174,193,178,180,171,199,208,222,228,232,259,270,295,314,349,369,380,424,448,466,479,485,561,572,614,633,644,663,685,679,709,687,748,731,781,783,789,818,874,911,929,982,1020,1099,1112,1139,1144,1157,1170,1234,1242,1318,1372,1403,1442,1405,1483,1507,1578,1602,1598,1637,1659,1745,1857,1889,1890,1926,1910,1945,1968,1931,1942,1959,2025,2035,2016,2054,2044,2017,2043,2038,2040,2124,2085,2134,2157,2058,2089,2089,2037,2049,2016,2060,2037,2066,2044,2042,2140,2235,2242,2352,2409,2357,2288,2344,2325,2398,2459,2474,2514,2461,2430,2446,2383,2337,2287,2310,2310,2341,2313,2383,2408,2460,2396,2460,2508,2524,2492,2436,2428,2386,2372,2303,2287,2237,2221,2171,2121,2112,2134,2133,2190,2196,2206,2261,2253,2221,2162,2119,2090,2146,2094,1970,1965,1986,1982,1958,1899,1827,1792,1771,1738,1775,1821,1893,1872,1840,1908,1888,1846,1823,1826,1789,1778,1720,1658,1684,1658,1693,1670,1679,1642,1638,1719,1764,1787,1763,1760,1760,1709,1782,1809,1852,1825,1830,1806,1859,1928,1888,1938,1981,2034,2050,2115,2166,2149,2181,2222,2284,2418,2504,2551,2612,2616,2612
9484,17079,17999,12658,12274,11050,10211,9248,8353,7646,6944,6355,5933,5462,5205,4731,4390,4118,3816,3667,3524,3368,3206,2933,2724,2589,2454,2479,2428,2409,2329,2349,2318,2247,2235,2248,2325,2393,2363,2412,2429,2542,2522,2629,2580,2564,2536,2521,2524,2579,2619,2656,2712,2631,2689,2736,2758,2781,2785,2872,2958,2971,3062,3156,3235,3318,3337,3363,3367,3377,3464,3506,3552,3559,3495,3502,3420,3338,3417,3382,3413,3355,3334,3295,3255,3228,3184,3208,3231,3293,3390,3421,3517,3486,3509,3382,3390,3333,3374,3404,3507,3505,3528,3559,3439,3401,3352,3294,3403,3429,3466,3424,3350,3285,3231,3276,3223,3214,3254,3178,3212,3187,3209,3175,3137,3189,3136,3233,3153,3184,3094,3127,3085,3117,3137,3103,3133,3145,3122,3097,3047,3110,3161,3223,3188,3224,3261,3389,3435,3457,3378,3324,3346,3381,3383,3346,3295,3284,3250,3306,3257,3228,3150,3165,3073,3062,3061,3030,3140,799,366,160,90,76,79,80,71,61,46,48,56,53,62,70,96,108,124,127,140,158,142,153,168,180,186,210,216,243,281,293,284,288,302,311,320,293,296,260,282,287,332,341,332,372,382,396,416,443,443,472,444,446,448,459,509,545,563,563,574,574,597,610,629,644,739,765,767,799,833,858,854,879,844,882,974,1009,1037,1069,1101,1112,1123,1173,1164,1169,1159,1158,1171,1192,1231,1313,1371,1389,1478,1523,1518,1541,1545,1499,1501,1508,1520,1577,1630,1726,1769,1777,1794,1843,1849,1841,1889,1960,1983,2025,2035,2088,2065,2094,2152,2231,2263,2247,2226,2225,2292,2287,2289,2306,2272,2289,2317,2267,2285,2296,2246,2284,2320,2365,2376,2401,2354,2359,2328,2371,2382,2421,2316,2308,2266,2250,2246,2242,2213,2212,2143,2169,2120,2126,2110,2156,2134,2186,2222,2219,2237,2239,2242,2198,2216,2172,2205,2166,2098,2076,2100,2171,2196,2230,2161,2072,2137,2137,2090,2073,2087,2119,2106,2095,2131,2172,2197,2166,2207,2215,2304,2337,2428,2446,2414,2387,2368,2288,2413,2447,2530,2622,2649,2734,2712,2741,2773,2877,2898,2955,3102,3119,3143,3260,3415,3471,3541,3537,3466,3515,3530,3590,3543,3472,3520,3564,3693,3809,3857,3805,3905,3946,3932,3960,3980
9741,17147,18112,12602,12119,10854,9784,8966,8102,7306,6700,6034,5572,5140,4830,4475,4132,3861,3579,3420,3085,2961,2733,2670,2566,2608,2479,2392,2319,2210,2250,2166,2171,2121,2184,2175,2200,2196,2309,2431,2449,2379,2380,2368,2399,2488,2507,2536,2618,2744,2855,2935,2913,3051,3126,3237,3207,3256,3222,3207,3158,3128,3048,3102,3168,3213,3187,3263,3249,3250,3159,3108,2963,2910,2879,2820,2784,2879,2861,2926,2936,3014,3006,3059,3050,3035,2997,2978,3027,3075,3069,3080,3024,3050,3062,3113,3165,3181,3204,3222,3188,3124,3197,3262,3324,3422,3493,3532,3550,3594,3549,3494,3497,3441,3384,3303,3268,3296,3345,3372,3498,3526,3490,3539,3633,3730,3730,3601,3540,3517,3616,3628,3697,3655,3760,3782,3775,3718,3702,3749,3712,3639,3597,3549,3512,3426,3393,3319,3345,3368,3346,3352,3357,3381,3410,3397,3477,3460,3421,3344,3293,3229,3204,3183,3146,3003,2971,3038,3099,824,367,181,110,91,98,102,115,128,154,150,164,188,179,170,173,171,164,158,185,209,257,281,288,299,318,325,323,329,321,333,330,339,363,366,366,387,383,428,454,454,506,538,535,567,547,591,581,580,574,561,547,569,586,634,637,664,676,667,712,674,669,697,712,718,789,855,953,1001,1020,1079,1132,1213,1245,1274,1330,1318,1337,1347,1418,1437,1476,1503,1561,1556,1640,1673,1728,1691,1719,1718,1771,1861,1896,1868,1944,2010,1978,1950,1895,1894,1951,2032,2043,2063,2078,2147,2184,2183,2204,2139,2195,2237,2238,2264,2301,2281,2318,2375,2403,2386,2397,2450,2475,2412,2410,2322,2290,2261,2219,2263,2237,2262,2290,2278,2298,2260,2270,2321,2321,2304,2302,2245,2180,2145,2181,2157,2186,2258,2232,2222,2199,2210,2291,2173,2185,2069,2136,2204,2245,2240,2200,2260,2316,2334,2357,2322,2333,2358,2369,2310,2327,2382,2410,2396,2397,2339,2319,2325,2311,2260,2200,2187,2179,2166,2208,2219,2149,2167,2167,2228,2185,2218,2185,2201,2254,2273,2274,2276,2289,2249,2224,2211,2218,2159,2160,2235,2244,2318,2399,2408,2389,2305,2338,2359,2402,2440,2451,2500,2510,2581,2693,2720,2654,2696,2786,2817,2844,2874,2874,2950,2988,3097,3009,3049,3067,3132,3136,3056,2995
9670,17334,18312,12995,12500,11346,10304,9494,8703,7959,7278,6568,5902,5339,4981,4642,4243,3992,3604,3304,3061,2943,2668,2634,2474,2517,2431,2423,2364,2348,2344,2281,2251,2230,2242,2273,2286,2309,2357,2328,2345,2369,2282,2283,2254,2208,2244,2248,2358,2371,2351,2404,2362,2267,2299,2350,2357,2402,2442,2583,2656,2672,2723,2769,2791,2826,2922,2906,2966,2952,3002,3073,3142,3226,3193,3128,3089,3093,3055,3103,3110,3122,3266,3317,3334,3268,3265,3236,3196,3212,3148,3177,3090,3092,3074,3065,3005,3019,2996,3079,3140,3145,3176,3153,3168,3153,3153,3140,3140,3066,3087,3123,3164,3208,3367,3365,3310,3278,3319,3340,3388,3401,3382,3329,3274,3216,3276,3249,3276,3224,3260,3193,3159,3140,3115,3110,3140,3118,3072,3125,3177,3136,3195,3070,2970,2923,2912,2922,2892,2932,2979,3042,3000,3024,3045,3053,3136,3091,3076,3082,3000,2952,2952,2933,2881,2866,2802,2790,2736,691,294,120,65,46,52,55,45,45,46,49,51,60,73,77,80,98,91,80,71,75,88,111,110,113,118,133,148,125,128,115,127,127,129,146,146,157,176,192,208,221,243,236,278,303,327,334,366,363,406,446,476,503,528,556,602,640,659,718,764,766,710,680,718,718,739,757,769,826,794,799,837,861,859,865,879,896,914,929,915,904,887,873,893,984,1016,1012,1003,1041,1069,1091,1111,1091,1156,1182,1133,1220,1248,1240,1213,1224,1230,1295,1320,1320,1273,1279,1324,1300,1314,1343,1362,1337,1299,1376,1455,1473,1492,1503,1591,1657,1667,1653,1585,1588,1582,1576,1609,1580,1566,1609,1629,1630,1629,1673,1738,1815,1814,1758,1749,1783,1827,1882,1878,1909,1857,1837,1851,1912,1872,1891,1850,1837,1856,1803,1852,1885,1806,1732,1675,1631,1681,1761,1714,1710,1651,1670,1640,1640,1638,1627,1628,1580,1570,1610,1676,1673,1731,1763,1663,1712,1649,1635,1679,1660,1647,1680,1731,1683,1701,1680,1653,1655,1629,1634,1630,1618,1638,1636,1694,1652,1644,1662,1668,1675,1694,1661,1622,1672,1583,1588,1488,1554,1555,1521,1544,1499,1453,1385,1332,1337,1361,1350,1392,1432,1434,1444,1473,1449,1469,1478,1474,1542,1551,1539,1540,1487,1541,1565,1476
9506,16881,17775,12357,11976,10853,9928,9114,8299,7676,6852,6247,5761,5399,5009,4605,4317,4061,3830,3571,3343,3128,3101,3099,2960,2877,2840,2746,2689,2672,2697,2649,2677,2662,2667,2659,2600,2660,2658,2644,2596,2642,2680,2667,2743,2726,2702,2743,2849,2882,2857,2889,2938,2942,2981,2997,3078,3129,3171,3207,3220,3227,3199,3157,3080,3121,3129,3115,3117,3186,3240,3268,3181,3228,3262,3242,3250,3289,3347,3326,3380,3398,3389,3272,3271,3267,3268,3317,3312,3255,3187,3225,3247,3270,3336,3351,3368,3476,3494,3436,3507,3392,3501,3422,3347,3287,3175,3109,3039,3056,3084,3076,3084,3027,3021,3024,3132,3175,3212,3273,3325,3407,3484,3557,3553,3477,3460,3426,3364,3343,3305,3307,3341,3331,3388,3359,3406,3443,3482,3460,3492,3555,3566,3536,3497,3570,3540,3564,3552,3582,3446,3369,3302,3312,3326,3262,3346,3355,3386,3299,3249,3127,3037,3037,3060,3129,3174,3067,3113,729,329,157,96,91,95,106,94,91,97,105,106,114,127,123,115,115,121,138,141,140,118,129,141,127,134,135,152,173,197,205,220,235,255,271,300,290,288,279,285,278,294,298,317,327,349,341,352,337,326,336,343,373,385,405,373,418,435,425,495,547,563,590,568,621,642,660,683,721,724,760,789,796,826,872,914,985,1004,1015,1022,1076,1101,1167,1187,1177,1227,1266,1317,1306,1335,1357,1368,1400,1404,1410,1519,1536,1560,1585,1610,1674,1645,1689,1638,1687,1708,1740,1767,1855,1876,1933,1919,1973,1948,1971,1868,1777,1797,1774,1817,1806,1795,1762,1813,1862,1867,1899,1904,1940,1932,1911,1968,2002,1966,2009,2017,2040,2062,2041,2008,1988,1963,1982,1992,1981,1997,1962,2005,1947,1943,1945,1960,1942,1899,1901,1910,1965,1913,1933,1952,1909,1969,1954,1975,1917,1860,1872,1906,1918,1941,1895,1926,1882,1890,1887,1914,1933,1998,1965,2036,2024,2002,1987,1987,1981,1950,1937,1894,1877,1908,1916,1852,1827,1749,1701,1707,1676,1636,1645,1573,1550,1555,1500,1445,1384,1437,1444,1453,1413,1416,1324,1281,1283,1325,1317,1337,1258,1274,1280,1249,1247,1295,1276,1261,1238,1243,1223,1207,1211,1173,1207,1245,1259,1209,1227,1280,1302,1359,1397,1424
9845,17401,18332,12935,12526,11390,10411,9524,8695,7772,7088,6414,5773,5374,5012,4578,4240,3856,3580,3444,3186,3071,2938,2794,2757,2640,2532,2485,2479,2491,2455,2423,2357,2338,2284,2272,2224,2194,2137,2190,2235,2174,2200,2243,2368,2465,2526,2567,2640,2608,2654,2675,2672,2821,2942,2954,2924,2925,2894,2940,3028,3166,3136,3220,3254,3284,3294,3277,3367,3381,3451,3522,3612,3598,3625,3628,3662,3601,3562,3499,3445,3503,3551,3609,3484,3461,3425,3333,3318,3310,3276,3322,3371,3339,3372,3280,3302,3189,3219,3270,3361,3399,3423,3314,3216,3291,3333,3324,3476,3420,3448,3383,3433,3378,3440,3443,3434,3450,3368,3328,3359,3368,3335,3354,3268,3223,3253,3282,3260,3309,3328,3242,3234,3268,3229,3188,3206,3168,3161,3145,3109,3144,3233,3195,3198,3190,3202,3042,3019,3081,3139,3257,3266,3204,3222,3226,3238,3345,3441,3468,3465,3451,3470,3443,3391,3335,3380,3408,3390,864,382,171,81,74,76,97,120,127,119,116,108,115,111,115,100,109,94,91,96,103,110,111,110,125,160,169,172,158,169,180,173,152,159,172,193,204,205,211,227,240,252,263,264,260,248,244,240,274,278,309,317,310,297,280,299,335,335,334,344,354,354,383,385,417,442,471,469,508,558,591,609,637,706,744,806,856,861,813,799,800,896,910,936,970,966,1012,1083,1091,1145,1170,1240,1298,1377,1415,1396,1342,1330,1394,1448,1491,1566,1680,1743,1790,1844,1886,1922,1957,2010,1980,2054,2019,2062,2071,2092,2105,2143,2217,2168,2258,2322,2316,2338,2338,2282,2243,2293,2365,2424,2435,2387,2360,2323,2313,2307,2327,2402,2346,2312,2250,2266,2214,2217,2186,2185,2102,2088,2131,2077,2005,2022,2049,2061,2082,2077,2084,2065,2016,2013,2029,2040,2054,2061,2144,2173,2187,2198,2176,2190,2289,2280,2273,2277,2281,2272,2235,2236,2201,2073,2016,1925,1875,1848,1916,1852,1786,1772,1747,1700,1670,1657,1679,1667,1635,1604,1548,1577,1598,1583,1627,1669,1616,1568,1527,1546,1544,1537,1500,1466,1516,1498,1475,1439,1367,1346,1302,1290,1270,1283,1252,1242,1285,1332,1345,1257,1248,1249,1239,1269,1281,1301,1279,1278,1303,1280,1286,1300,1319,1329
9907,17291,18440,12921,12610,11464,10601,9692,8726,7953,7298,6606,5836,5281,4865,4556,4244,4007,3864,3655,3532,3351,3211,3170,3004,2993,2863,2806,2780,2680,2703,2590,2533,2469,2416,2415,2414,2401,2425,2438,2423,2362,2377,2417,2476,2540,2585,2590,2568,2600,2580,2625,2581,2585,2643,2728,2813,2847,2842,2849,2983,3086,3144,3145,3116,3037,3122,3203,3242,3282,3315,3366,3388,3436,3424,3443,3465,3492,3460,3513,3458,3381,3304,3210,3217,3199,3240,3243,3166,3086,3135,3111,3150,3129,3210,3144,3115,3120,3000,2869,2822,2777,2797,2741,2756,2734,2704,2693,2691,2681,2705,2681,2712,2727,2840,2890,2895,2885,2774,2753,2691,2665,2782,2833,2863,2917,2967,2913,2951,2942,2949,2972,2973,3027,2990,3043,3052,3091,3126,3152,3101,3067,3064,3125,3133,3072,3020,2940,2978,2952,2974,2908,2897,2906,2917,2939,2942,3036,3007,3035,2996,2985,3037,3111,3168,3157,3139,3242,3296,837,367,147,73,65,70,65,71,71,74,76,67,78,83,85,102,113,126,127,128,139,152,149,157,172,172,181,182,192,191,207,228,256,258,263,251,274,265,246,255,284,310,333,344,369,411,409,426,459,460,446,447,405,393,380,374,355,375,405,420,418,404,428,452,451,458,469,495,496,546,574,627,663,681,679,669,663,673,711,689,700,722,794,809,864,849,881,881,860,869,930,952,971,1008,1049,1105,1108,1135,1152,1164,1207,1237,1272,1253,1284,1330,1358,1390,1422,1442,1421,1398,1346,1364,1391,1410,1435,1463,1512,1525,1591,1663,1731,1739,1847,1877,1884,1924,1972,2003,2025,2024,2059,2046,2049,1965,2006,2086,2096,2057,2068,2080,2029,2001,1958,1934,1883,1896,1916,1900,1929,1965,1978,1948,1911,1878,1832,1847,1866,1937,1887,1812,1874,1853,1889,1849,1749,1782,1833,1845,1874,1894,1891,1865,1810,1767,1750,1750,1746,1764,1719,1653,1573,1566,1624,1632,1682,1608,1612,1563,1525,1523,1459,1489,1439,1497,1562,1540,1592,1586,1634,1724,1772,1872,1911,1917,1923,1940,1897,1881,1842,1850,1906,1780,1724,1674,1621,1530,1534,1513,1509,1461,1500,1541,1573,1587,1617,1618,1608,1627,1616,1614,1618,1591,1591,1592,1602,1663,1673,1717
9791,17071,17954,12456,12244,11014,10145,9048,8355,7544,6950,6335,5865,5287,4877,4479,4263,3970,3729,3509,3346,3150,2993,2897,2766,2729,2608,2549,2472,2389,2392,2346,2395,2349,2323,2220,2148,2222,2187,2242,2207,2235,2238,2237,2231,2264,2320,2305,2246,2229,2196,2214,2293,2334,2423,2503,2586,2673,2723,2747,2793,2854,2859,2929,2931,2965,2896,2929,2920,2967,2961,2958,2973,2960,3003,3070,3116,3132,3117,3125,3040,2993,2868,2925,2852,2897,2911,3030,3104,3168,3203,3145,3178,3214,3249,3283,3311,3332,3265,3328,3314,3363,3453,3468,3536,3574,3538,3495,3491,3464,3453,3514,3492,3421,3354,3252,3219,3235,3154,3183,3204,3250,3301,3360,3362,3377,3354,3367,3366,3365,3342,3339,3263,3209,3158,3054,3049,3101,3035,3079,2998,3086,3014,2972,3007,2956,2980,3013,2974,2919,2872,2930,2943,2960,2951,2890,2986,2983,2997,3017,3119,3235,3282,3247,3229,3152,3148,3033,3006,686,322,149,85,61,61,72,78,77,79,85,92,91,91,90,99,91,108,106,135,149,175,179,204,212,232,252,285,305,303,334,329,341,361,376,417,452,445,453,479,483,505,513,536,564,588,581,579,610,593,603,690,684,707,703,729,766,804,891,906,922,947,969,994,1043,1121,1136,1157,1173,1203,1192,1267,1290,1327,1352,1390,1386,1384,1370,1388,1401,1409,1435,1462,1535,1527,1501,1513,1534,1578,1641,1655,1709,1697,1832,1850,1932,1915,1894,1871,1836,1873,1976,2001,2018,2106,2168,2241,2218,2269,2323,2292,2266,2225,2180,2187,2242,2264,2265,2289,2312,2328,2305,2292,2255,2276,2250,2248,2199,2272,2264,2262,2300,2276,2241,2215,2225,2209,2204,2217,2309,2302,2321,2331,2289,2312,2353,2271,2245,2203,2198,2153,2125,2181,2157,2128,2115,2123,2133,2152,2196,2188,2155,2138,2095,2164,2151,2116,1998,1991,1891,1886,1870,1888,1816,1817,1845,1905,1933,1924,1858,1909,1985,2006,2079,2143,2223,2250,2242,2265,2189,2172,2173,2262,2248,2297,2314,2334,2363,2418,2458,2566,2580,2624,2677,2672,2635,2577,2614,2712,2778,2895,2874,2885,2930,3023,3027,2987,2922,2960,2953,3033,3071,3077,3094,3157,3133,3117,3168,3158,3127,3129,3069,3032,3066,3076,3216,3282,3334,3377
9840,17126,17997,12420,12056,11006,10136,9379,8558,7772,7062,6442,5782,5158,4753,4480,4089,3813,3588,3348,3149,2972,2866,2758,2664,2605,2502,2337,2232,2226,2140,2151,2056,2039,2087,2044,2013,1962,1955,1989,1954,2022,2002,2040,2068,2120,2128,2110,2182,2257,2206,2238,2324,2345,2444,2464,2430,2510,2514,2614,2659,2709,2778,2882,2867,2861,2905,2921,2989,2986,2963,2929,2865,2885,2873,2918,3028,3043,3040,2966,2976,3039,3023,3083,3134,3208,3200,3158,3266,3313,3359,3435,3468,3457,3482,3529,3492,3452,3453,3505,3520,3573,3479,3555,3562,3697,3687,3643,3661,3607,3655,3696,3546,3460,3456,3495,3505,3460,3526,3508,3531,3499,3400,3369,3305,3332,3349,3339,3277,3302,3308,3333,3324,3306,3293,3270,3266,3282,3260,3306,3228,3262,3264,3296,3236,3296,3267,3214,3171,3160,3118,3142,3173,3086,3085,3045,3075,3118,3086,3118,3130,3009,3010,2960,3035,3009,3032,2972,2961,743,324,136,74,51,50,64,64,70,82,86,96,105,113,108,112,108,107,100,107,117,107,106,92,93,91,92,105,107,112,112,116,115,102,116,122,113,94,100,103,120,151,156,145,129,124,133,130,118,112,111,106,113,112,99,98,97,87,88,102,104,108,110,124,134,130,134,134,130,153,145,145,153,147,142,121,124,131,167,186,210,225,223,229,218,229,244,239,230,231,220,220,210,198,190,187,177,191,207,204,209,202,211,202,192,201,183,172,193,193,185,178,177,173,169,169,176,186,182,192,183,195,229,228,224,244,243,262,287,310,338,337,334,333,360,381,378,389,402,423,407,410,405,440,439,453,451,456,478,474,469,494,510,527,536,539,552,533,511,508,535,573,597,643,636,633,629,675,689,695,644,638,647,716,745,744,776,770,773,803,813,802,823,866,880,944,1018,1079,1106,1148,1189,1211,1255,1353,1349,1370,1392,1459,1471,1531,1539,1558,1557,1527,1598,1631,1709,1739,1782,1820,1830,1851,1897,1878,1909,1951,2061,2097,2153,2141,2186,2218,2272,2348,2437,2542,2606,2644,2642,2698,2697,2707,2789,2819,2867,2911,2906,2876,2902,2881
9761,17296,18151,12747,12310,11106,10208,9420,8827,8040,7383,6698,6003,5354,4892,4420,4116,3782,3510,3296,3105,3055,2976,2897,2814,2756,2697,2663,2642,2658,2560,2559,2492,2389,2322,2299,2324,2381,2344,2272,2262,2306,2322,2387,2448,2431,2409,2401,2441,2526,2551,2655,2718,2728,2769,2807,2915,2969,2970,2973,2963,2974,2984,2942,3020,3003,2972,2985,2968,2956,2920,2869,2876,2915,2903,2903,2851,2858,2943,2969,3066,3071,3069,3114,3092,3070,3024,3034,3051,3070,3085,3000,3037,3110,3057,3071,3115,3072,3126,3075,3078,3079,3180,3150,3153,3153,3177,3196,3258,3268,3329,3286,3316,3230,3263,3222,3261,3306,3308,3352,3298,3286,3264,3279,3446,3454,3436,3485,3511,3455,3501,3590,3547,3530,3574,3544,3608,3451,3453,3436,3403,3375,3351,3318,3361,3329,3277,3184,3286,3303,3357,3343,3325,3366,3358,3342,3318,3347,3303,3316,3308,3374,3430,3505,3483,3381,3224,3198,3188,789,363,181,102,86,85,80,93,101,121,123,127,132,139,141,156,158,173,186,198,202,233,226,213,191,184,176,164,159,179,181,193,209,204,201,200,193,195,189,204,206,209,211,226,229,214,206,216,208,233,241,238,264,272,305,313,337,333,333,349,343,342,357,384,382,408,427,448,473,492,516,524,505,508,490,540,606,646,609,603,593,620,647,652,649,672,699,696,751,757,793,816,835,855,876,916,945,991,1078,1083,1102,1104,1132,1157,1183,1199,1223,1208,1202,1217,1212,1240,1188,1218,1242,1215,1195,1179,1195,1195,1238,1299,1328,1311,1331,1319,1306,1275,1316,1360,1379,1365,1409,1459,1431,1444,1419,1468,1485,1503,1479,1459,1413,1384,1415,1418,1417,1394,1354,1388,1393,1424,1416,1438,1388,1457,1493,1483,1552,1522,1552,1560,1519,1543,1454,1469,1417,1446,1427,1380,1330,1307,1331,1286,1258,1276,1255,1253,1298,1217,1182,1186,1183,1205,1205,1203,1204,1179,1183,1118,1091,1044,1014,1060,1046,1030,965,935,894,900,903,932,888,880,886,892,867,855,840,823,828,852,863,889,896,895,919,955,911,926,939,944,924,908,880,858,843,833,819,823,837,866,845,829,797,804,831,852,918,924
9798,17209,18155,12442,12041,10835,10060,9370,8514,7696,6887,6248,5710,5249,4955,4566,4278,4047,3768,3629,3482,3374,3176,3008,2855,2763,2715,2575,2539,2491,2437,2423,2473,2445,2443,2378,2301,2263,2343,2326,2393,2387,2413,2459,2422,2427,2465,2516,2540,2488,2481,2528,2497,2462,2503,2542,2521,2653,2594,2492,2476,2469,2476,2523,2520,2558,2572,2593,2643,2652,2735,2804,2923,2967,2939,2894,2829,2758,2789,2833,2830,2828,2882,2932,2989,3027,2983,3087,3055,3020,2989,2952,2924,2884,2834,2878,2875,2828,2875,2809,2798,2884,2924,2981,3088,3177,3164,3155,3105,3094,2996,2935,2922,2951,2932,2997,2930,2895,2867,2858,2848,2845,2888,2849,2922,2906,2862,2911,2884,2865,2960,3034,3119,3084,3043,3149,3059,3067,3053,3129,3081,3065,2970,2898,2849,2841,2782,2808,2802,2823,2837,2928,2991,2982,3006,3045,3043,3061,3175,3199,3137,3140,3079,3044,3067,3059,3073,3093,3109,724,324,138,82,63,60,60,68,77,89,107,115,115,108,105,124,151,163,169,177,166,180,183,194,186,190,197,182,185,169,194,194,218,216,206,223,238,255,244,250,245,240,242,262,243,223,220,239,227,232,230,238,222,223,241,234,237,245,270,272,279,284,273,253,242,254,255,243,254,251,275,288,299,321,352,352,368,384,390,405,407,403,381,402,409,399,439,471,453,455,446,439,434,458,478,537,553,565,615,618,666,682,707,727,749,763,787,824,834,818,871,890,862,908,914,919,939,949,970,995,1005,1032,1078,1119,1168,1216,1239,1259,1332,1342,1378,1365,1424,1475,1520,1600,1570,1537,1527,1593,1642,1696,1702,1765,1781,1766,1863,1933,2020,2051,2018,2062,2066,2125,2186,2134,2134,2143,2187,2287,2311,2374,2358,2433,2417,2502,2579,2706,2695,2688,2707,2681,2682,2681,2585,2599,2711,2701,2769,2797,2810,2822,2780,2824,2880,2920,2992,2877,2854,2828,2854,2950,2964,2919,2932,2839,2817,2779,2826,2802,2852,2873,2943,3010,3025,3003,2995,3002,2978,3080,3217,3333,3419,3424,3467,3438,3568,3615,3691,3645,3731,3801,3894,3968,4100,4210,4258,4222,4285,4222,4277,4343,4298,4308,4265,4215,4230,4272,4359,4432
9673,17336,18175,12569,12235,10721,9882,8923,8261,7650,6991,6291,5611,5116,4727,4343,4007,3595,3443,3287,3165,3031,2851,2801,2784,2706,2660,2580,2494,2477,2447,2384,2314,2248,2227,2276,2269,2290,2314,2278,2268,2213,2242,2252,2269,2304,2366,2444,2491,2549,2612,2737,2861,2901,3058,3083,3111,3183,3185,3110,3100,3010,2950,2895,2922,2930,3021,3003,2989,2917,2955,2957,3145,3217,3210,3197,3158,3152,3116,3132,3170,3153,3200,3163,3064,3076,3074,3128,3190,3195,3201,3215,3218,3224,3117,3024,2977,2918,2931,2898,2868,2922,2984,2963,2939,2885,2928,2929,2961,2996,2923,2920,2969,3024,3103,3107,3134,3194,3281,3233,3237,3158,3144,3190,3217,3143,3109,3062,3090,3095,3073,3076,3029,3101,3058,3155,3190,3196,3250,3211,3195,3189,3101,3107,3079,3031,3062,3026,3043,3110,3106,3151,3180,3195,3236,3169,3103,3150,3148,3169,3147,3150,3107,3090,3117,3042,3039,3013,2977,704,298,137,76,60,65,65,73,71,95,89,93,110,115,116,116,127,135,150,157,163,157,171,187,212,211,235,248,255,261,309,314,324,322,354,368,365,385,387,392,385,332,363,383,376,377,370,379,351,356,334,372,385,397,389,401,388,407,449,486,512,560,610,626,631,635,691,742,780,772,785,813,816,812,812,792,774,839,824,833,818,836,844,831,833,811,830,839,838,798,813,830,830,836,866,876,872,856,909,941,975,960,998,1011,1009,992,989,984,1003,1025,1080,1112,1137,1174,1201,1190,1154,1132,1080,1103,1055,1078,1103,1159,1145,1171,1183,1202,1211,1260,1263,1299,1308,1283,1241,1200,1194,1180,1170,1138,1173,1143,1187,1174,1188,1194,1193,1165,1150,1133,1156,1184,1245,1219,1228,1234,1263,1243,1250,1263,1290,1308,1334,1425,1422,1446,1501,1510,1545,1544,1555,1585,1596,1576,1595,1567,1538,1539,1534,1516,1438,1399,1345,1380,1360,1354,1371,1352,1324,1304,1299,1280,1213,1211,1257,1263,1240,1224,1224,1239,1316,1367,1312,1280,1305,1317,1318,1325,1310,1283,1210,1187,1155,1180,1159,1225,1248,1264,1270,1283,1193,1217,1257,1198,1167,1055,987,939,965,938,954,969,949,925,852,817,774,766,768,798
9688,17035,18017,12516,12121,11003,10148,9236,8473,7700,6943,6352,5814,5290,4908,4597,4162,3785,3446,3235,3117,2982,2818,2727,2591,2576,2554,2421,2338,2301,2276,2305,2225,2227,2202,2227,2229,2172,2169,2228,2281,2360,2378,2406,2417,2427,2404,2448,2501,2591,2692,2712,2740,2809,2808,2818,2801,2833,2901,2912,2964,2915,3057,3089,3117,3067,3102,3141,3134,3157,3118,3152,3115,3137,3224,3275,3291,3337,3334,3416,3430,3439,3430,3477,3624,3633,3720,3646,3584,3563,3529,3549,3504,3528,3517,3462,3489,3457,3495,3401,3462,3448,3517,3504,3530,3592,3586,3544,3451,3411,3331,3310,3326,3393,3428,3446,3466,3459,3420,3370,3411,3406,3376,3273,3320,3278,3226,3215,3226,3216,3171,3185,3282,3242,3235,3167,3145,3188,3191,3145,3111,3194,3213,3230,3248,3349,3340,3294,3323,3266,3224,3297,3416,3405,3367,3306,3378,3314,3260,3168,3149,3173,3215,3168,3149,3071,3061,3128,3118,824,343,154,73,53,60,67,77,88,93,91,94,91,97,110,137,133,140,147,156,163,153,163,185,217,240,239,233,268,268,280,289,288,290,280,283,287,317,326,369,407,406,380,420,442,473,465,449,452,436,420,416,411,417,463,488,522,511,514,506,551,561,595,580,621,636,628,638,623,632,634,653,653,697,721,767,773,792,793,778,765,753,832,902,939,920,941,935,946,968,979,993,983,1012,976,1054,1053,1032,1041,1071,1078,1104,1129,1114,1104,1134,1145,1162,1177,1167,1177,1167,1193,1238,1269,1245,1170,1149,1147,1208,1202,1198,1207,1166,1182,1184,1194,1152,1171,1155,1091,1103,1077,1043,1055,1034,1067,1055,1036,1095,1103,1134,1154,1174,1138,1108,1072,1036,1048,1030,1026,1021,1005,1055,1059,1137,1134,1164,1176,1142,1142,1138,1198,1171,1231,1268,1276,1250,1270,1304,1319,1300,1301,1369,1424,1477,1475,1476,1473,1462,1505,1488,1604,1658,1692,1768,1759,1771,1714,1686,1699,1685,1675,1681,1736,1783,1762,1736,1793,1823,1797,1789,1772,1795,1714,1673,1697,1642,1689,1694,1684,1662,1665,1643,1643,1634,1557,1509,1508,1483,1527,1563,1570,1555,1657,1666,1690,1691,1697,1688,1671,1713,1742,1767,1778,1853,1963,1957,2035,2038
9767,17130,18174,12826,12386,11303,10307,9359,8554,7779,7105,6443,5904,5439,4914,4471,4032,3709,3497,3231,3107,3002,2909,2835,2649,2591,2501,2453,2352,2324,2369,2432,2399,2435,2456,2471,2457,2466,2396,2460,2512,2512,2466,2438,2376,2376,2412,2430,2456,2474,2477,2530,2614,2609,2710,2670,2738,2811,2817,2890,2830,2777,2783,2762,2738,2787,2821,2870,2862,2908,3012,3095,3022,3038,3004,3102,3207,3306,3346,3401,3345,3357,3282,3318,3344,3341,3395,3309,3335,3377,3336,3337,3339,3399,3449,3512,3590,3601,3633,3659,3619,3541,3529,3561,3508,3492,3366,3346,3250,3195,3178,3061,3074,3032,2960,2974,2967,2938,2966,2905,2925,2988,2888,2951,2933,2908,2905,2917,2955,2931,3002,3077,3056,3055,3089,3103,3099,3203,3326,3422,3433,3444,3443,3350,3310,3353,3450,3521,3556,3515,3505,3532,3553,3524,3545,3437,3548,3498,3480,3410,3308,3403,3343,3423,3506,3400,3386,3475,3428,853,355,150,66,53,63,72,80,82,77,71,56,63,56,69,69,68,68,59,53,39,35,33,40,39,35,35,42,35,37,36,31,35,44,59,62,58,65,73,87,85,74,71,76,81,84,83,101,102,109,116,124,116,110,102,92,92,97,94,85,77,79,77,75,77,75,64,65,65,54,60,54,53,50,54,63,74,76,79,96,90,88,96,97,107,102,100,98,105,112,127,132,117,128,129,142,147,128,131,133,138,155,173,190,192,188,184,172,192,212,238,268,319,351,364,397,387,409,401,389,375,392,395,393,405,391,396,377,402,427,462,489,509,520,502,478,493,496,490,483,472,492,532,554,537,512,506,530,527,598,648,672,688,661,710,739,726,763,797,832,848,911,899,895,963,989,1070,1045,1074,1073,1094,1110,1115,1131,1174,1187,1197,1187,1233,1261,1264,1293,1293,1357,1370,1390,1393,1402,1378,1388,1413,1425,1461,1451,1466,1512,1449,1406,1428,1438,1426,1442,1486,1559,1623,1672,1682,1770,1736,1762,1757,1751,1790,1820,1823,1841,1858,1810,1795,1737,1704,1667,1676,1658,1665,1646,1625,1603,1637,1639,1617,1627,1657,1605,1606,1595,1577,1588,1559,1552
9638,17167,18329,12840,12424,11186,10255,9265,8314,7647,6897,6319,5887,5402,5097,4658,4249,3918,3657,3334,3133,3011,2864,2709,2585,2483,2415,2354,2308,2371,2338,2376,2299,2252,2319,2294,2337,2354,2335,2403,2494,2527,2603,2580,2571,2497,2445,2494,2465,2502,2632,2696,2728,2751,2730,2695,2680,2713,2803,2850,2829,2874,2825,2886,2877,2949,2934,2974,3111,3111,3141,3102,3090,3179,3162,3179,3215,3193,3198,3228,3295,3344,3405,3471,3489,3459,3389,3417,3387,3355,3344,3261,3184,3197,3238,3204,3168,3162,3189,3262,3155,3228,3183,3203,3245,3144,3189,3206,3202,3169,3110,3058,3113,3176,3207,3121,3051,3018,2981,2943,2859,2854,2859,2915,2963,2975,3023,3021,3053,3122,3194,3197,3228,3169,3192,3116,3081,3050,3052,3113,3102,3106,3062,3031,3076,3110,3084,2983,2967,3054,3058,3067,3070,3068,3202,3280,3320,3265,3230,3083,3064,3171,3169,3227,3299,3265,3341,3277,3331,871,416,183,93,76,82,101,113,125,145,179,179,175,187,201,176,172,170,191,207,227,281,294,318,320,363,408,425,473,523,544,555,539,548,543,578,601,642,701,744,782,799,819,821,821,887,891,929,942,954,1029,1088,1176,1169,1199,1167,1197,1227,1269,1293,1329,1327,1349,1362,1404,1408,1509,1591,1657,1677,1693,1727,1788,1869,1933,1926,1941,1993,2075,2206,2209,2164,2182,2116,2121,2109,2134,2181,2294,2341,2378,2400,2388,2356,2345,2305,2366,2379,2442,2398,2462,2494,2527,2578,2510,2498,2438,2434,2429,2410,2426,2441,2386,2387,2381,2386,2405,2467,2496,2395,2471,2439,2457,2450,2466,2519,2520,2554,2518,2543,2518,2540,2616,2666,2741,2768,2727,2771,2764,2637,2607,2627,2663,2644,2633,2637,2672,2674,2693,2756,2731,2772,2795,2829,2851,2784,2720,2651,2620,2647,2595,2602,2579,2628,2611,2574,2489,2515,2446,2469,2517,2467,2452,2463,2301,2259,2292,2368,2456,2418,2354,2409,2544,2556,2604,2549,2540,2475,2530,2417,2431,2432,2453,2570,2584,2544,2631,2695,2732,2774,2807,2852,2801,2801,2858,2866,2847,2830,2808,2826,2795,2707,2644,2609,2642,2663,2699,2754,2698,2743,2793,2846,2831,2867,2903,2875,2923,2989,3077,3114,3229,3278,3309,3351,3367,3424,3410,3490,3594,3521
9429,16951,17842,12412,12063,10907,10033,9141,8368,7792,7091,6456,5905,5337,4962,4510,4203,3848,3601,3401,3142,2977,2825,2679,2558,2466,2432,2362,2296,2274,2229,2170,2177,2184,2148,2167,2170,2153,2182,2197,2213,2245,2295,2342,2338,2270,2136,2093,1989,1995,2024,1950,1962,1994,2043,2097,2039,2049,2035,2101,2127,2097,2207,2199,2244,2240,2311,2380,2463,2537,2627,2686,2724,2790,2809,2816,2812,2792,2885,2960,2962,2898,2960,2929,3006,2896,2877,2903,2944,2958,2982,3015,3022,3058,3040,3054,3087,3090,3191,3322,3463,3586,3643,3751,3694,3642,3600,3630,3700,3721,3797,3768,3912,3905,3900,3816,3708,3644,3589,3620,3582,3434,3392,3388,3400,3378,3360,3357,3436,3414,3424,3539,3601,3602,3661,3670,3646,3610,3531,3403,3424,3317,3219,3061,2958,2871,2801,2768,2687,2704,2654,2707,2712,2661,2616,2727,2759,2755,2736,2778,2734,2718,2714,2725,2655,2749,2684,2675,2688,713,310,145,88,89,83,80,98,96,111,114,103,102,93,106,84,89,77,96,94,90,87,74,81,76,82,86,88,95,85,79,91,99,88,87,73,70,74,72,72,75,73,60,44,47,49,63,65,74,85,91,103,91,85,95,93,86,94,96,101,105,103,105,106,124,140,154,183,213,231,245,266,264,297,289,282,294,279,312,308,298,303,310,305,332,317,321,315,309,314,327,337,334,363,374,398,417,421,473,478,490,488,512,520,543,588,608,623,626,637,625,613,666,662,674,700,706,711,711,713,723,743,737,785,805,804,826,839,871,850,876,866,868,867,869,864,899,935,999,1027,1068,1045,1070,1143,1155,1187,1177,1205,1177,1232,1235,1310,1370,1386,1475,1432,1450,1446,1465,1511,1584,1674,1765,1811,1809,1742,1727,1728,1773,1826,1886,1903,1891,1911,1870,1904,1895,1992,2066,2072,2151,2151,2080,2095,2113,2171,2216,2295,2279,2285,2307,2414,2506,2526,2592,2670,2905,3044,3053,3183,3342,3389,3419,3531,3587,3515,3554,3593,3693,3799,3885,3991,4032,4102,4223,4195,4137,4171,4146,4129,4073,4026,4009,4031,4001,4070,4103,4150,4202,4251,4283,4261,4340,4277,4281,4359,4461,4534,4505,4635
9645,17254,18233,12705,12273,10949,10112,9331,8603,7812,6941,6338,5803,5151,4798,4423,4006,3729,3401,3161,2993,2815,2692,2645,2595,2539,2492,2437,2369,2265,2254,2196,2206,2254,2286,2305,2404,2505,2554,2510,2453,2355,2366,2385,2410,2365,2348,2328,2306,2371,2424,2481,2552,2617,2626,2591,2584,2650,2717,2787,2875,2907,2914,2932,2889,2991,3031,2992,3010,3015,3035,3080,3062,3078,3146,3215,3207,3237,3236,3195,3282,3315,3314,3293,3297,3273,3331,3365,3376,3362,3334,3318,3294,3309,3326,3276,3267,3283,3291,3236,3249,3275,3317,3321,3235,3240,3233,3286,3353,3366,3339,3322,3335,3340,3345,3430,3346,3298,3307,3199,3137,3204,3254,3200,3222,3118,3081,3039,2945,2926,2892,2871,2940,3017,3035,3075,3095,3135,3145,3119,3227,3226,3298,3306,3242,3260,3290,3269,3255,3154,3135,3114,3136,3069,3015,3003,2957,3028,2982,2978,2974,2988,3038,3085,3077,3007,3099,3111,3101,776,348,147,86,73,60,69,74,89,94,98,106,128,124,141,159,136,126,127,159,174,195,206,209,209,208,229,227,219,231,204,218,206,196,206,211,223,266,281,285,303,301,324,308,307,322,314,325,318,305,325,335,353,368,360,397,422,439,429,450,445,436,432,448,453,483,497,480,493,512,533,505,459,453,478,484,466,471,455,443,437,441,415,399,421,447,460,457,447,426,407,409,403,445,465,513,574,582,609,613,632,666,645,674,686,699,688,688,728,738,810,822,854,939,959,948,924,909,936,987,1006,1057,1045,1035,981,994,1005,1050,1037,1028,1067,1092,1074,1125,1118,1114,1139,1115,1152,1189,1226,1278,1261,1255,1280,1309,1361,1373,1423,1452,1463,1510,1585,1630,1707,1749,1820,1795,1846,1791,1839,1872,1862,1896,1874,1907,1909,1950,2014,2044,2104,2138,2183,2238,2233,2293,2307,2372,2421,2392,2387,2379,2401,2447,2528,2546,2541,2518,2529,2643,2662,2672,2706,2748,2729,2797,2832,2933,2919,2836,2909,2925,2966,2952,2996,3021,3091,3147,3250,3212,3137,3178,3225,3316,3452,3524,3632,3700,3709,3746,3728,3694,3766,3788,3734,3802,3785,3872,3894,3945,3955,4056,4101,4238,4324,4392,4314,4344,4363,4376
9647,17265,18285,13014,12474,11135,10318,9449,8704,7975,7049,6426,5793,5064,4638,4231,3971,3693,3518,3326,3101,2946,2748,2707,2567,2454,2381,2336,2326,2244,2161,2176,2151,2082,2078,2117,2129,2133,2111,2052,2079,2066,2099,2075,2138,2151,2114,2152,2194,2236,2325,2389,2440,2493,2574,2574,2606,2650,2724,2759,2849,2925,3018,2989,2991,3052,3089,3165,3228,3207,3226,3211,3165,3235,3214,3200,3119,3125,3134,3124,2984,3025,2991,2937,2969,3069,3085,3118,3097,3054,3102,3093,3109,3141,3114,3190,3107,3119,3153,3096,3089,3072,3157,3181,3210,3181,3157,3151,3144,3145,3177,3121,3247,3236,3252,3303,3379,3339,3338,3312,3341,3329,3284,3248,3168,3182,3235,3258,3150,3073,3044,2978,3035,3084,3136,3086,3093,2976,2875,2855,2913,2896,2984,3039,3143,3180,3094,3082,3136,3145,3106,3093,3071,3043,3077,3072,3051,3015,3062,3093,3077,3095,3113,3099,2909,2854,2855,2868,2861,718,309,134,74,66,67,71,57,78,94,116,121,137,149,137,154,165,153,125,115,107,115,104,101,93,88,92,94,78,66,76,75,91,100,105,90,90,85,106,109,119,131,131,141,154,157,152,149,147,143,155,163,176,199,204,238,258,283,298,300,278,284,305,296,294,287,288,283,263,266,258,268,254,262,259,270,288,276,289,295,270,287,313,312,340,358,393,400,437,453,488,540,547,565,545,543,590,599,616,660,635,635,603,615,659,677,719,748,754,808,822,866,868,846,850,871,900,917,932,997,1048,1102,1123,1185,1215,1196,1170,1202,1209,1228,1235,1224,1225,1237,1307,1303,1306,1268,1277,1293,1326,1269,1206,1224,1241,1266,1228,1225,1217,1175,1157,1139,1177,1158,1159,1159,1131,1135,1126,1100,1115,1131,1167,1206,1231,1176,1124,1101,1069,1040,980,1037,1089,1069,1111,1105,1138,1113,1115,1115,1147,1130,1188,1222,1208,1190,1200,1184,1213,1199,1149,1154,1142,1102,1136,1102,1054,969,998,970,974,994,1015,1014,1077,1099,1060,1025,990,1021,1030,1044,1013,988,912,912,923,925,952,981,1006,1006,1083,1052,1100,1095,1164,1196,1238,1226,1249,1253,1313,1306,1335,1342,1365,1338,1364,1400
9775,17090,18061,12815,12456,11278,10276,9346,8559,7722,7044,6446,5894,5361,5007,4637,4345,4007,3835,3594,3401,3114,2925,2846,2674,2609,2515,2583,2519,2477,2477,2502,2401,2406,2354,2265,2282,2299,2337,2426,2497,2540,2508,2623,2606,2681,2786,2817,2905,2916,2997,2998,3027,2987,2923,2895,2898,2876,2873,2863,2915,2920,2958,2910,2987,2936,2917,2817,2741,2808,2867,2838,2869,2993,3086,3186,3234,3248,3220,3265,3275,3249,3168,3234,3305,3324,3311,3242,3304,3260,3240,3192,3156,3144,3128,3124,3250,3256,3284,3239,3210,3116,3082,3088,3115,3001,2980,2928,2988,2911,2911,2843,2856,2918,2900,2901,2860,2906,2920,2871,2918,2901,2969,3024,3037,3138,3111,3059,3045,3054,3027,3000,3004,3008,2980,2999,3009,3104,3169,3226,3219,3185,3304,3267,3275,3360,3293,3199,3171,3143,3120,3013,2985,2995,3034,3026,3089,3052,3062,3050,3054,3081,3123,3113,3054,2916,2943,2948,2932,729,323,152,74,59,52,68,69,69,74,83,91,100,104,107,108,107,101,90,97,110,122,119,126,129,129,135,123,136,146,154,165,162,186,194,185,173,167,171,168,179,183,202,195,194,207,226,248,259,255,281,293,327,360,359,352,339,350,384,408,418,444,486,485,502,535,552,573,571,583,586,594,621,665,674,726,746,773,846,838,846,893,883,862,810,842,872,881,900,895,931,950,938,1005,1098,1135,1129,1084,1082,1088,1120,1184,1206,1166,1152,1146,1135,1155,1159,1156,1172,1224,1251,1273,1339,1422,1455,1443,1479,1464,1498,1439,1420,1385,1373,1426,1437,1491,1509,1562,1543,1514,1491,1455,1571,1626,1576,1545,1612,1627,1596,1643,1663,1645,1649,1708,1656,1583,1585,1594,1636,1662,1714,1719,1690,1646,1697,1725,1771,1825,1835,1854,1918,1941,2027,2050,2042,2049,1985,2015,1959,2005,2029,2081,2087,2116,2143,2122,2114,2178,2180,2194,2147,2209,2202,2232,2178,2150,2096,2137,2164,2124,2140,2146,2171,2192,2193,2264,2232,2295,2317,2265,2203,2160,2209,2220,2169,2120,2131,2128,2097,2021,2074,2112,2165,2146,2141,2138,2065,2111,2118,2150,2152,2182,2185,2198,2195,2236,2343,2324,2373,2340,2315,2306,2330,2312,2351,2424,2436,2559
9681,17148,18170,12835,12452,11166,10229,9007,8118,7368,6574,5924,5361,4890,4522,4121,3749,3572,3362,3081,2906,2840,2741,2733,2610,2493,2445,2372,2381,2357,2307,2436,2415,2375,2345,2400,2410,2401,2388,2408,2380,2351,2346,2405,2463,2536,2609,2678,2578,2554,2593,2605,2652,2702,2824,2854,2834,2848,2812,2834,2856,2903,2879,2847,2781,2797,2843,2890,2957,2921,2920,2940,3010,2989,3124,3211,3281,3319,3287,3238,3248,3297,3392,3402,3439,3444,3441,3491,3513,3401,3346,3338,3295,3217,3131,3012,3017,2886,2895,2931,2945,2956,2979,3011,2994,2951,2996,3088,3100,3088,3072,3187,3177,3138,3045,3029,3099,3130,3118,3109,3115,3109,3152,3138,3171,3177,3129,3156,3161,3151,3166,3197,3265,3274,3164,3129,3081,3127,3229,3243,3142,3061,3006,2973,3056,3040,3111,3144,3142,3170,3228,3281,3311,3300,3302,3254,3265,3311,3185,3217,3211,3282,3288,3240,3220,3175,3104,3030,3014,709,305,140,77,55,49,58,66,81,82,90,83,82,93,110,118,114,102,95,90,96,97,93,97,97,97,108,129,145,141,151,154,171,154,138,128,125,142,164,172,173,184,189,192,195,222,257,258,274,289,311,333,348,345,324,316,310,316,326,352,356,349,389,410,411,389,372,376,399,440,468,502,547,555,546,551,542,538,563,559,609,638,648,660,662,671,712,713,760,738,732,709,745,727,718,734,737,763,784,832,882,881,852,855,875,883,951,965,991,962,976,973,951,906,886,893,924,907,906,973,965,974,977,977,992,983,1040,1046,1087,1079,1140,1145,1169,1150,1180,1199,1209,1242,1285,1322,1395,1412,1388,1383,1408,1437,1419,1471,1488,1601,1672,1750,1793,1865,1894,1946,1976,2023,2062,2123,2155,2182,2202,2281,2329,2372,2418,2547,2609,2627,2641,2649,2711,2763,2754,2812,2870,2893,2891,2886,2801,2742,2715,2697,2691,2699,2689,2759,2819,2738,2752,2669,2637,2588,2666,2673,2642,2602,2673,2673,2667,2649,2699,2689,2777,2892,2948,2942,2964,3006,2950,2982,2977,2956,2929,2899,2839,2928,3075,3081,3083,3162,3164,3220,3195,3158,3143,3224,3163,3224,3240,3252,3364,3408,3499,3526,3525,3647,3743,3758
9728,17325,18289,12896,12489,11422,10485,9692,8862,8050,7281,6501,5951,5341,4970,4591,4334,4014,3762,3444,3250,3126,2965,2900,2837,2750,2678,2685,2640,2609,2567,2499,2527,2538,2582,2582,2547,2463,2586,2562,2504,2483,2428,2326,2409,2363,2343,2394,2404,2337,2274,2284,2267,2258,2285,2325,2344,2382,2408,2450,2472,2524,2601,2638,2689,2772,2789,2839,2896,2961,2965,3060,3176,3245,3244,3290,3241,3292,3322,3344,3468,3570,3614,3614,3596,3628,3560,3540,3517,3548,3490,3492,3550,3600,3514,3582,3479,3527,3577,3568,3557,3524,3408,3387,3319,3361,3347,3370,3331,3315,3288,3321,3336,3426,3496,3443,3408,3452,3497,3586,3617,3652,3704,3609,3488,3419,3409,3349,3383,3509,3485,3412,3392,3356,3351,3294,3308,3247,3277,3367,3358,3271,3311,3278,3214,3180,3155,3148,3150,3154,3184,3362,3386,3535,3476,3437,3478,3401,3308,3216,3037,3048,3012,3014,2997,2972,2992,2930,2888,705,293,147,83,71,86,92,105,120,131,118,134,136,165,194,222,227,223,211,223,252,268,285,298,301,292,299,318,324,295,289,276,250,257,259,257,280,286,293,334,376,398,396,430,422,487,496,550,554,569,580,575,576,559,553,571,582,612,636,642,672,737,774,785,852,890,905,928,976,926,925,933,936,952,955,958,993,1027,1050,1029,1005,1049,1106,1120,1186,1180,1168,1159,1201,1251,1252,1323,1332,1362,1449,1516,1537,1522,1494,1515,1526,1565,1548,1575,1658,1677,1676,1703,1638,1598,1598,1598,1637,1678,1667,1702,1734,1824,1904,1970,1940,1970,1914,1866,1910,1880,1905,1957,2012,2041,2041,2057,2125,2102,2185,2169,2168,2221,2179,2192,2178,2180,2187,2133,2063,1998,2050,2115,2059,2006,1865,1894,1913,1986,1983,1978,1977,1937,1998,1970,2055,2004,1995,2053,2108,2111,2110,2069,1984,1902,1906,1867,1881,1890,1803,1800,1811,1807,1839,1813,1799,1829,1885,1919,1967,2040,2034,1973,2007,2001,2090,2101,2169,2102,2088,2047,2054,2017,2044,2007,1965,2010,1955,1952,1871,1833,1875,1928,1999,1948,1911,1786,1797,1774,1734,1745,1700,1683,1638,1640,1629,1618,1605,1589,1570,1596,1536,1523,1497,1504,1534,1583,1675,1657,1599,1536,1543,1538,1451,1451
9626,17269,18258,12758,12259,11150,10276,9480,8634,7855,7270,6582,5949,5325,4869,4401,3954,3713,3565,3384,3240,3082,2961,2914,2939,2922,2911,2897,2906,2869,2766,2688,2685,2641,2638,2647,2641,2635,2648,2581,2575,2531,2508,2505,2446,2429,2494,2565,2633,2666,2711,2692,2670,2646,2607,2675,2692,2712,2702,2690,2734,2845,2885,2989,2985,3023,3058,3073,3123,3130,3155,3228,3279,3349,3321,3271,3261,3248,3301,3436,3458,3488,3454,3378,3251,3359,3290,3282,3264,3283,3278,3349,3304,3287,3161,3248,3296,3319,3201,3153,3139,3110,3196,3239,3368,3368,3398,3360,3429,3414,3416,3333,3362,3410,3471,3480,3384,3304,3290,3283,3288,3264,3274,3206,3195,3119,3058,3049,3103,3158,3210,3228,3213,3215,3248,3251,3201,3245,3329,3368,3421,3390,3372,3390,3360,3375,3361,3403,3366,3416,3486,3440,3447,3534,3592,3454,3448,3442,3398,3294,3201,3185,3174,3255,3243,3241,3106,2997,2922,725,302,134,88,75,86,85,87,84,106,109,105,99,103,107,111,100,92,83,79,91,90,97,91,77,77,86,86,82,74,58,60,59,70,66,71,73,84,88,90,83,76,66,68,69,74,86,87,91,101,121,118,121,129,155,165,170,186,185,191,186,188,202,208,233,221,233,248,225,219,228,225,244,244,231,235,209,216,226,218,223,228,247,245,227,231,244,243,219,234,256,260,266,269,282,312,297,298,300,282,298,308,296,287,304,321,353,360,372,413,416,382,386,401,402,402,388,381,398,426,450,460,506,495,532,614,672,649,687,727,736,774,775,768,791,831,852,891,897,868,854,897,912,955,957,990,1003,1019,985,1015,977,1042,1062,1046,1020,973,988,983,948,936,941,924,972,974,994,969,1022,987,990,987,954,931,945,956,984,970,974,1021,1041,1096,1127,1163,1170,1166,1160,1144,1147,1143,1188,1242,1195,1234,1176,1224,1209,1246,1236,1251,1319,1356,1377,1389,1385,1391,1404,1479,1511,1519,1535,1570,1639,1580,1561,1559,1465,1479,1474,1469,1478,1442,1427,1436,1463,1492,1478,1483,1491,1502,1496,1446,1459,1483,1549,1592,1584,1572,1605,1598,1606,1613
9726,17240,18202,12630,12157,10930,10057,9111,8278,7596,6899,6117,5447,4896,4521,4110,3769,3437,3154,2899,2748,2599,2462,2382,2339,2339,2303,2207,2087,1955,1972,2010,2041,2101,2093,2140,2159,2170,2175,2237,2260,2253,2230,2305,2371,2322,2399,2431,2509,2478,2490,2512,2580,2605,2705,2776,2757,2737,2766,2716,2852,2823,2770,2812,2874,2937,2952,3028,3156,3174,3311,3298,3289,3316,3334,3283,3237,3314,3334,3398,3344,3328,3335,3224,3220,3304,3269,3248,3228,3266,3277,3212,3107,3164,3135,3201,3211,3265,3353,3369,3428,3373,3400,3387,3329,3330,3359,3307,3204,3092,3121,3151,3220,3250,3290,3303,3428,3454,3380,3367,3346,3357,3359,3334,3325,3290,3275,3251,3149,3255,3231,3265,3153,3110,3064,3158,3237,3249,3305,3252,3339,3301,3346,3313,3354,3295,3265,3212,3160,3158,3155,3166,3197,3241,3222,3201,3200,3223,3187,3194,3282,3303,3355,3272,3266,3216,3184,3182,3191,780,339,154,84,73,80,84,88,95,84,85,91,91,92,97,92,89,85,94,105,107,116,120,154,163,177,159,177,183,215,242,247,253,240,252,262,259,267,267,289,313,328,344,354,373,357,394,404,447,451,434,443,430,450,491,482,493,498,506,519,516,518,516,505,504,496,512,522,551,565,558,604,642,680,670,669,666,695,723,730,734,740,814,814,820,843,860,868,870,878,869,895,923,963,1028,1008,1035,1070,1028,1052,1066,1048,1095,1160,1161,1158,1176,1212,1245,1258,1273,1335,1292,1320,1377,1370,1432,1417,1483,1458,1478,1473,1427,1444,1379,1371,1361,1359,1320,1332,1342,1337,1344,1292,1318,1336,1334,1384,1370,1389,1364,1377,1364,1437,1443,1480,1441,1413,1419,1441,1479,1467,1504,1482,1453,1374,1399,1401,1414,1477,1510,1556,1563,1585,1583,1546,1589,1669,1627,1634,1674,1730,1701,1735,1786,1807,1854,1869,1879,1899,1903,1956,1980,2008,2002,2071,2019,1933,1925,1957,1966,2027,1931,1883,1795,1779,1746,1730,1704,1692,1638,1567,1518,1498,1431,1523,1574,1580,1598,1610,1646,1661,1658,1672,1706,1685,1666,1644,1667,1714,1660,1619,1553,1604,1599,1659,1659,1635,1652,1638,1655,1650,1711,1713,1696,1672,1735,1739,1837,1863
9643,17134,18075,12835,12644,11309,10329,9467,8392,7586,6970,6393,5750,5249,4918,4617,4337,4000,3784,3573,3391,3209,3102,2990,2875,2819,2760,2623,2498,2412,2312,2256,2245,2259,2247,2286,2261,2196,2196,2275,2325,2357,2345,2417,2420,2458,2432,2518,2541,2577,2562,2639,2569,2614,2620,2746,2735,2732,2737,2809,2808,2842,2833,2909,2911,2897,2880,2856,2797,2777,2807,2853,2923,2974,3027,3009,3032,3163,3145,3154,3246,3207,3323,3358,3381,3485,3491,3581,3560,3518,3470,3417,3391,3369,3354,3398,3374,3370,3311,3265,3200,3156,3162,3113,3160,3173,3250,3160,3201,3189,3195,3204,3215,3221,3261,3191,3170,3156,3041,3018,3063,3140,3136,3170,3234,3194,3172,3087,3104,3091,3151,3128,3117,3106,3021,3020,3035,3076,3128,3156,3105,3083,3052,2979,2962,2984,3010,2997,3060,3094,3048,2987,2994,3058,3092,3034,3016,3010,2998,3000,2928,2996,3004,2952,2976,2946,2970,2990,2983,779,335,158,80,57,64,76,100,107,107,142,155,179,187,203,237,242,243,253,227,237,253,246,252,252,268,257,267,261,273,282,271,262,259,253,245,259,254,258,266,264,263,273,290,328,337,366,380,375,374,377,390,411,416,461,494,498,508,513,568,577,583,589,631,674,732,722,705,737,755,760,801,791,798,816,885,916,942,992,1026,1107,1122,1168,1177,1177,1226,1195,1257,1256,1273,1282,1305,1272,1292,1322,1367,1341,1304,1347,1396,1441,1522,1545,1524,1549,1542,1419,1368,1329,1357,1398,1344,1341,1360,1403,1420,1401,1338,1325,1340,1394,1387,1417,1453,1457,1530,1617,1699,1777,1737,1768,1750,1801,1786,1758,1799,1796,1807,1909,1905,1869,1866,1888,1874,1890,1957,1965,2027,2009,2028,1993,2001,2029,2025,2066,2084,2142,2145,2127,2186,2230,2125,2039,2013,1997,1991,2001,2027,2052,2090,2120,2121,2099,2147,2107,2045,2037,1998,1986,1999,2024,1950,1936,1865,1892,1844,1822,1780,1766,1756,1670,1661,1603,1519,1549,1673,1672,1657,1615,1515,1470,1425,1422,1433,1448,1530,1562,1613,1620,1623,1601,1576,1508,1518,1448,1448,1449,1430,1453,1512,1522,1503,1431,1349,1360,1340,1362,1347,1370,1392,1382,1394,1389,1417,1380,1377,1344,1306,1326,1381
9543,17225,18186,12770,12197,10948,9962,9143,8374,7691,7000,6472,5947,5421,5020,4669,4267,3964,3819,3722,3470,3192,3016,2906,2829,2671,2595,2500,2436,2447,2386,2278,2277,2257,2240,2281,2263,2310,2197,2213,2143,2117,2180,2214,2252,2239,2270,2291,2284,2275,2246,2271,2259,2318,2382,2440,2570,2617,2603,2672,2794,2910,2939,2919,3043,2996,3058,3142,3145,3124,3152,3197,3327,3318,3303,3285,3230,3181,3238,3262,3228,3230,3225,3220,3206,3231,3180,3102,3112,3001,3085,3022,3029,3054,3079,3008,2987,2990,3007,3064,3018,2958,2970,2847,2873,2795,2880,2922,2987,2979,2993,2956,2895,2941,2929,2997,3043,3094,3202,3237,3211,3165,3159,3184,3185,3109,3052,2956,2856,2872,2852,2884,2801,2768,2702,2733,2793,2827,2916,2861,2861,2886,2952,3054,3093,3095,3063,2961,2913,2851,2792,2829,2832,2767,2775,2787,2794,2704,2665,2690,2700,2746,2735,2748,2806,2860,2849,2820,2808,717,321,161,103,93,77,90,91,91,94,102,94,85,85,75,75,93,86,85,83,80,85,76,94,88,106,105,101,92,83,84,105,99,86,89,79,79,78,85,94,103,102,112,112,96,103,92,102,116,110,130,161,180,186,188,193,172,187,201,199,199,213,238,249,250,238,228,233,246,266,292,292,318,336,360,371,345,325,305,315,305,313,324,330,315,321,302,306,295,325,313,326,336,341,370,369,374,402,420,455,500,518,542,540,525,555,548,542,574,559,564,554,557,568,583,619,622,651,628,629,608,660,708,756,803,789,789,776,779,828,840,907,961,980,1017,1001,978,978,1003,984,1005,1042,1045,1064,1072,1093,1118,1092,1133,1172,1176,1171,1172,1199,1245,1236,1274,1281,1261,1305,1372,1337,1393,1450,1462,1492,1480,1481,1482,1431,1441,1443,1442,1495,1546,1558,1581,1607,1724,1728,1742,1748,1797,1782,1895,1908,2042,2169,2197,2287,2251,2262,2229,2251,2272,2304,2363,2422,2385,2443,2458,2540,2499,2521,2461,2552,2566,2669,2677,2713,2806,2834,2838,2856,2848,2899,2869,2859,2850,2829,2820,2811,2906,2941,2911,2845,2874,2906,2929,2907,2925,3028,3126,3181,3189,3270,3300,3223,3252,3321
9722,17298,18303,12902,12428,11081,10094,9265,8426,7763,7069,6442,5734,5185,4810,4521,4196,3919,3700,3488,3375,3161,2955,2872,2761,2641,2613,2540,2477,2435,2377,2305,2348,2323,2325,2267,2212,2166,2155,2198,2180,2206,2250,2333,2358,2384,2343,2327,2456,2439,2510,2599,2651,2714,2750,2674,2740,2727,2734,2768,2805,2826,2935,3027,3097,3055,3079,3057,3091,3108,3057,3074,3101,3106,3200,3276,3418,3456,3582,3560,3573,3497,3443,3506,3459,3528,3526,3505,3579,3511,3519,3469,3542,3461,3431,3448,3460,3457,3391,3354,3307,3321,3315,3303,3380,3347,3402,3537,3620,3667,3630,3592,3499,3456,3413,3431,3420,3444,3388,3400,3395,3421,3439,3425,3492,3392,3437,3347,3245,3200,3121,3142,3120,3099,3073,3081,3095,3081,3005,3004,3040,3028,2972,2920,2942,2882,2849,2850,2892,2982,2984,2945,2927,3007,3078,3139,3226,3246,3253,3294,3370,3422,3379,3412,3428,3362,3291,3184,3153,747,346,151,101,82,73,84,89,113,111,120,131,136,150,177,198,190,203,230,235,255,258,236,245,221,207,200,215,230,233,249,250,270,296,330,369,370,378,387,394,382,379,374,401,406,425,454,466,481,489,519,520,546,542,571,590,618,642,687,749,787,828,817,825,824,883,916,984,1013,1040,1055,1136,1188,1196,1150,1172,1195,1271,1259,1291,1290,1320,1415,1457,1511,1500,1533,1579,1636,1579,1571,1656,1673,1687,1770,1844,1950,1892,1945,1959,1990,2048,1999,1992,2070,2221,2221,2229,2173,2235,2313,2301,2387,2367,2311,2315,2352,2349,2373,2437,2446,2378,2375,2325,2280,2247,2261,2209,2189,2162,2158,2197,2227,2174,2242,2218,2231,2210,2275,2250,2269,2264,2265,2262,2247,2267,2319,2369,2356,2377,2434,2443,2361,2302,2281,2284,2218,2198,2233,2200,2182,2148,2157,2129,2128,2159,2106,2043,2052,2073,2007,2083,2016,2008,1985,2024,2061,2141,2173,2179,2159,2127,2002,2021,1990,2028,2006,2050,2102,2163,2177,2060,1933,1864,1821,1806,1853,1837,1860,1821,1817,1818,1821,1894,1892,1901,1898,1875,1849,1830,1873,1899,1899,1916,1843,1885,1934,1960,1932,1851,1864,1864,1862,1903,1823,1792,1768,1768,1829,1859,1892,1887,1912,1943,2050,2121,2209,2161,2157,2137
9794,17426,18450,12971,12509,11162,10191,9307,8407,7605,6791,6076,5566,5028,4702,4286,3944,3773,3468,3329,3176,3084,2937,2839,2672,2746,2686,2601,2415,2369,2305,2246,2276,2315,2322,2344,2313,2299,2260,2239,2262,2255,2235,2240,2175,2191,2166,2223,2267,2317,2325,2369,2372,2389,2478,2534,2613,2691,2695,2658,2680,2681,2727,2658,2790,2862,2904,3029,3080,3116,3119,3098,3066,3044,3061,3041,3017,3063,3157,3218,3217,3191,3247,3091,3003,2954,2926,2931,2881,2856,2949,3086,3159,3207,3175,3113,3119,3030,2983,2959,2895,2941,2887,2944,2963,2855,2894,2909,2858,2862,2947,2963,3002,2969,2975,3075,3130,3084,3141,3178,3237,3251,3250,3269,3193,3204,3146,3150,3079,3092,3153,3156,3181,3187,3223,3249,3204,3238,3258,3355,3294,3228,3221,3173,3122,3139,3144,3188,3154,3181,3171,3191,3200,3231,3225,3146,3183,3285,3359,3355,3390,3374,3318,3351,3353,3397,3351,3253,3246,839,348,175,97,73,80,100,108,120,131,126,141,166,172,186,194,203,220,221,239,240,224,191,200,204,229,250,279,268,279,248,263,272,265,263,258,274,265,311,354,392,389,385,403,391,433,462,450,478,509,538,564,577,586,642,667,678,727,741,749,762,796,789,763,739,736,726,756,752,791,804,829,905,939,1019,1090,1177,1289,1286,1334,1390,1404,1438,1453,1519,1524,1594,1640,1650,1693,1769,1779,1789,1859,1917,1897,1975,1970,2008,1962,1930,1985,2008,2066,2098,2179,2172,2222,2121,2106,2107,2109,2106,2073,2124,2163,2142,2211,2196,2179,2158,2166,2185,2121,2204,2179,2243,2227,2248,2337,2308,2303,2349,2366,2382,2403,2429,2434,2381,2405,2358,2422,2396,2358,2371,2344,2357,2312,2356,2396,2443,2495,2475,2435,2454,2439,2359,2408,2414,2402,2413,2390,2375,2334,2266,2288,2232,2236,2231,2187,2168,2169,2201,2117,2152,2110,2124,2138,2160,2184,2155,2168,2185,2232,2191,2168,2127,2113,2135,2120,2090,2117,2154,2159,2202,2229,2248,2185,2231,2279,2378,2384,2395,2443,2401,2414,2416,2387,2378,2311,2296,2286,2335,2364,2379,2443,2530,2547,2553,2622,2640,2641,2710,2687,2711,2777,2884,2918,2887,2933,2901,2890,2862,2841,2798,2855,2775,2836,2783,2784
9757,17227,18194,12651,12443,11314,10438,9642,8789,8019,7185,6507,5828,5352,4956,4510,4213,3882,3600,3409,3279,3091,2995,2813,2647,2468,2366,2287,2266,2265,2276,2299,2257,2265,2295,2314,2311,2304,2275,2281,2263,2298,2300,2320,2401,2420,2512,2528,2593,2606,2619,2675,2727,2736,2794,2913,2900,2983,3033,3100,3236,3214,3205,3192,3225,3286,3368,3536,3558,3523,3406,3391,3431,3470,3492,3516,3603,3548,3581,3593,3596,3629,3668,3626,3641,3607,3583,3587,3548,3506,3449,3383,3425,3485,3569,3576,3593,3611,3524,3472,3418,3457,3328,3340,3233,3221,3146,3109,3049,3088,3140,3169,3138,3053,3060,3078,3063,3078,3117,3102,3103,3116,3150,3151,3201,3170,3233,3187,3152,3138,3173,3121,3236,3300,3246,3254,3276,3300,3390,3425,3488,3466,3460,3433,3375,3383,3299,3355,3325,3307,3196,3119,3120,3063,3190,3247,3246,3199,3248,3256,3214,3222,3173,3156,3150,3091,3105,3080,3195,973,450,199,124,99,112,129,151,134,129,138,141,146,141,154,174,176,165,133,120,101,115,106,114,114,121,154,174,176,210,220,232,245,246,266,273,293,293,307,331,365,372,400,423,413,427,475,518,553,585,603,630,665,664,697,716,731,695,681,691,706,696,712,718,748,752,773,780,810,820,855,854,844,843,854,881,906,946,910,899,858,889,901,974,1004,1038,1002,974,948,1018,1013,1035,1060,1154,1188,1177,1193,1268,1368,1439,1500,1560,1676,1694,1706,1754,1795,1814,1807,1772,1742,1766,1784,1831,1788,1791,1744,1775,1832,1851,1873,1900,1899,1897,1950,1912,1903,1880,1928,1952,2007,2002,2009,2027,2012,2045,2084,2158,2132,2145,2137,2178,2204,2166,2190,2168,2154,2191,2145,2091,2097,2084,2058,2053,2007,2066,2067,2091,2118,2104,2073,2000,2031,1978,1955,1875,1948,1988,1969,1943,1880,1847,1772,1811,1846,1843,1848,1796,1826,1774,1767,1729,1747,1777,1801,1867,1917,1974,1956,1972,1936,1988,2048,2131,2162,2161,2127,2102,2177,2170,2221,2151,2109,2134,2158,2122,2124,2078,2116,2215,2272,2268,2202,2213,2206,2304,2334,2400,2445,2401,2397,2408,2468,2546,2585,2663,2625,2714,2735,2766,2851,2867,2909,2881,2856,2783,2782,2825,2995,3109
9749,17344,18148,12613,12043,10778,9916,9059,8283,7531,6873,6337,5677,5172,4863,4540,4325,4071,3696,3475,3279,3147,3019,2878,2679,2577,2431,2422,2374,2352,2364,2345,2409,2414,2450,2424,2415,2417,2405,2370,2323,2259,2288,2262,2157,2194,2223,2192,2225,2268,2292,2262,2282,2266,2288,2264,2317,2542,2537,2628,2717,2732,2720,2706,2683,2733,2700,2698,2656,2677,2705,2727,2800,2762,2724,2705,2705,2674,2800,2856,3011,3014,3020,2999,2935,2959,3032,3047,3108,3117,3098,3072,3119,3105,3169,3157,3204,3247,3340,3280,3356,3303,3272,3298,3312,3363,3242,3257,3300,3349,3351,3337,3307,3363,3360,3326,3313,3257,3236,3151,3203,3213,3261,3303,3383,3411,3366,3342,3292,3280,3314,3260,3226,3216,3153,3106,3103,3082,3089,3189,3217,3209,3205,3260,3234,3214,3198,3086,3102,3039,2982,2985,3037,3066,2977,2946,2954,2968,2879,2888,2931,2931,3021,3015,3042,3105,3168,3099,3022,727,274,136,88,63,65,62,73,78,89,107,133,136,146,162,194,190,208,197,215,220,223,216,201,190,209,235,227,258,277,274,279,295,315,310,329,339,352,369,389,403,407,393,395,411,424,434,464,431,465,469,482,481,482,481,507,517,536,551,549,533,578,615,627,617,625,605,616,581,593,640,665,725,721,712,738,742,750,776,813,817,854,844,791,755,762,850,897,982,1054,1063,1057,1047,1046,1045,1026,1056,1112,1150,1215,1217,1215,1214,1198,1225,1222,1213,1218,1244,1273,1272,1260,1270,1318,1367,1397,1467,1492,1519,1538,1497,1544,1574,1601,1655,1685,1704,1723,1753,1749,1712,1661,1642,1630,1639,1634,1573,1571,1513,1536,1518,1516,1573,1559,1587,1560,1623,1587,1688,1740,1729,1703,1696,1688,1679,1655,1627,1647,1647,1643,1614,1589,1609,1585,1607,1616,1570,1476,1487,1446,1406,1409,1398,1344,1305,1313,1319,1373,1356,1241,1214,1156,1166,1180,1173,1176,1142,1157,1132,1082,1089,1099,1084,1040,1024,1048,1020,993,1027,975,977,924,924,915,950,955,931,942,926,922,909,951,1017,1055,1041,1090,1133,1083,1084,1078,1133,1162,1202,1159,1133,1098,1086,1065,1053,997,976,930,925,901,885,823,789,778,785,811
9598,17209,18275,12923,12573,11367,10254,9248,8428,7815,7067,6529,6001,5487,5049,4674,4289,3976,3692,3462,3213,3003,2866,2703,2652,2491,2421,2298,2260,2209,2187,2136,2109,2150,2130,2043,1993,1929,1936,1984,2032,2011,1988,2012,1940,1942,1822,1854,1880,1892,1837,1855,1901,1980,2047,2137,2150,2181,2259,2316,2343,2416,2520,2538,2562,2610,2584,2580,2580,2613,2662,2704,2679,2634,2636,2657,2704,2756,2777,2813,2840,2957,2984,3081,3076,3041,3114,3157,3172,3240,3324,3410,3440,3447,3456,3441,3410,3433,3395,3429,3404,3481,3504,3432,3551,3661,3670,3632,3594,3583,3507,3407,3339,3291,3214,3189,3101,3101,3084,3099,3122,3095,3159,3211,3275,3308,3321,3299,3223,3175,3107,3069,3027,3009,2938,2935,3059,3123,3114,3172,3096,3061,2899,2930,2935,3023,2969,2954,2960,2941,2920,2831,2801,2912,2776,2801,2806,2846,2825,2723,2761,2726,2818,2794,2820,2873,2857,2862,2886,767,345,165,76,60,65,78,89,89,78,84,73,93,83,91,76,78,79,86,100,103,112,103,89,90,90,78,82,86,86,97,95,98,92,90,92,92,88,91,89,105,104,120,137,159,172,168,182,188,189,193,208,217,227,225,209,213,191,179,166,149,154,149,154,180,187,192,209,216,244,256,265,284,309,316,322,344,342,365,349,377,380,434,436,446,450,483,437,466,518,554,579,555,568,602,627,630,627,646,670,655,666,671,648,611,624,589,612,639,660,660,640,641,653,646,642,638,645,662,658,688,757,785,814,835,810,852,840,857,860,858,876,867,836,819,825,809,819,821,795,761,781,785,837,896,919,936,900,996,1011,1060,1035,1014,1002,973,970,980,944,937,932,944,975,929,965,1017,1023,989,1043,1078,1121,1143,1144,1118,1134,1140,1137,1143,1121,1082,1077,1055,1063,1044,1062,1101,1078,1082,1118,1160,1137,1170,1147,1117,1058,1049,1033,1017,1014,982,989,960,1004,962,924,902,924,936,868,828,836,844,867,900,866,792,746,788,836,868,916,900,910,932,893,882,863,842,838,856,846,896,886,911,959,920,882,866,867,832,814
9817,17225,18270,12741,12344,11325,10451,9398,8459,7787,7116,6543,5924,5471,5055,4727,4500,4176,3837,3667,3533,3331,3183,3117,2975,2790,2770,2672,2514,2425,2349,2388,2404,2368,2378,2298,2257,2253,2247,2316,2413,2462,2489,2516,2533,2551,2575,2567,2575,2612,2674,2677,2615,2641,2679,2702,2740,2752,2764,2719,2712,2661,2660,2643,2634,2630,2601,2617,2639,2618,2687,2737,2758,2782,2827,2830,2812,2796,2848,2937,2971,3084,3091,3174,3216,3109,3153,3187,3321,3335,3331,3283,3301,3311,3355,3416,3379,3384,3472,3554,3585,3547,3562,3494,3573,3631,3620,3602,3677,3663,3676,3697,3646,3721,3764,3764,3700,3628,3620,3561,3531,3479,3405,3344,3211,3198,3144,3088,3142,3220,3185,3179,3098,3126,3156,3157,3212,3259,3304,3355,3367,3364,3346,3373,3355,3435,3434,3448,3407,3384,3405,3431,3300,3349,3304,3250,3288,3265,3178,3238,3246,3264,3332,3283,3272,3293,3360,3349,3426,851,364,161,92,68,54,77,80,87,89,113,122,115,123,127,120,144,156,196,197,201,172,174,159,147,141,139,140,161,163,181,190,210,219,253,277,293,306,345,359,398,455,492,508,526,544,589,596,639,694,707,678,689,653,662,678,692,651,705,729,770,787,806,821,837,871,871,919,973,1007,1020,1031,1007,1045,1034,1098,1141,1225,1246,1257,1300,1366,1410,1448,1478,1475,1454,1516,1578,1657,1654,1781,1773,1812,1799,1802,1848,1860,1854,1873,1858,1890,1960,2026,2027,2019,2049,2058,2039,2082,2086,2117,2133,2136,2226,2296,2331,2276,2248,2183,2131,2081,2028,2071,2075,2108,2042,2005,1936,2054,2105,2120,2141,2177,2172,2212,2174,2122,2144,2204,2214,2263,2181,2153,2085,2055,2135,2128,2156,2125,2146,2091,2109,2101,2119,2165,2183,2189,2265,2257,2234,2215,2110,2116,2158,2173,2284,2384,2458,2453,2437,2376,2318,2372,2413,2504,2551,2574,2523,2559,2630,2674,2709,2684,2718,2849,2916,2849,2860,2924,2986,3011,2998,3087,3023,3123,3052,3026,3025,2989,2989,2983,3014,3117,3108,3104,3108,3067,3043,2955,3008,3115,3220,3218,3217,3217,3279,3309,3330,3367,3359,3362,3379,3303,3313,3224,3275,3348,3399,3405,3377,3419,3462,3513,3527,3497,3517,3497,3522,3538
9777,17403,18469,12886,12466,11244,10328,9352,8522,7667,6952,6359,5848,5425,5056,4592,4191,3820,3536,3257,3101,2957,2822,2684,2711,2555,2533,2511,2520,2439,2420,2364,2329,2290,2297,2295,2279,2319,2306,2254,2267,2350,2385,2499,2497,2463,2466,2443,2442,2515,2654,2727,2708,2709,2726,2845,2847,2892,2901,2923,2985,3052,3133,3149,3184,3243,3300,3413,3368,3362,3373,3364,3385,3369,3347,3398,3503,3589,3654,3725,3646,3625,3619,3603,3589,3651,3550,3491,3470,3389,3298,3264,3343,3291,3371,3453,3487,3406,3390,3334,3326,3303,3335,3422,3475,3517,3476,3448,3442,3406,3456,3434,3453,3514,3482,3506,3493,3481,3451,3385,3386,3378,3406,3432,3407,3383,3362,3430,3345,3395,3442,3458,3409,3481,3389,3415,3333,3240,3266,3320,3388,3420,3423,3446,3538,3586,3600,3689,3674,3643,3695,3725,3747,3690,3551,3423,3497,3521,3503,3588,3540,3503,3560,3557,3395,3368,3409,3325,3257,793,351,158,80,69,85,83,89,80,76,81,89,109,115,123,107,112,124,131,106,113,128,121,115,128,138,144,143,163,165,207,203,218,201,207,214,200,195,206,211,187,200,225,254,250,262,271,270,266,283,328,346,328,324,287,277,288,303,322,344,324,308,300,342,375,415,437,447,454,480,486,522,565,611,643,668,663,690,723,752,810,795,821,868,870,926,899,910,934,909,901,905,949,995,1008,1064,1147,1207,1272,1281,1291,1331,1304,1319,1346,1370,1427,1470,1538,1554,1557,1556,1559,1523,1523,1516,1501,1572,1539,1604,1541,1550,1558,1512,1561,1556,1560,1591,1651,1683,1715,1701,1696,1718,1792,1816,1887,1962,1929,1968,1971,1968,1923,1960,1951,1952,1980,1986,1937,1909,1944,1927,1943,1889,1864,1817,1798,1834,1856,1876,1842,1833,1889,1890,1916,1953,1941,1930,1981,1955,1968,1900,1880,1854,1807,1700,1670,1656,1632,1670,1660,1699,1649,1564,1531,1524,1537,1522,1515,1500,1417,1403,1399,1389,1431,1439,1452,1436,1396,1313,1211,1177,1169,1131,1098,1087,1038,1030,1052,1036,1119,1134,1165,1155,1117,1138,1142,1130,1164,1180,1190,1151,1116,1127,1098,1086,1069,1072,1037,1043,1041,1062,1030,994,924,942,899,906,918,938
9702,17241,18289,12601,12326,11211,10233,9408,8500,7840,7017,6355,5852,5177,4739,4266,3895,3759,3536,3397,3284,3168,3030,2922,2757,2600,2505,2441,2442,2343,2326,2336,2408,2427,2473,2405,2393,2360,2362,2492,2451,2454,2470,2497,2570,2510,2575,2596,2660,2698,2754,2796,2787,2742,2763,2785,2781,2809,2824,2831,2917,2968,3094,3182,3256,3228,3265,3299,3398,3394,3459,3458,3540,3523,3450,3317,3217,3196,3220,3162,3154,3080,3099,3143,3164,3180,3133,3188,3244,3294,3298,3278,3221,3275,3267,3278,3338,3390,3527,3530,3548,3491,3486,3482,3633,3743,3813,3847,3814,3859,3808,3831,3789,3699,3625,3531,3510,3486,3446,3366,3318,3314,3327,3319,3347,3358,3313,3242,3221,3278,3328,3345,3376,3414,3327,3193,3183,3184,3172,3204,3219,3167,3153,3176,3202,3195,3100,3171,3214,3167,3144,3193,3175,3168,3086,3016,2973,2993,2950,2953,2892,2891,2827,2919,2901,2899,2964,2961,3053,814,373,161,89,78,85,110,120,136,138,149,145,141,137,152,150,149,149,147,151,175,194,203,209,206,215,221,239,237,233,232,259,277,295,294,291,304,313,310,321,317,339,375,423,468,483,514,517,488,449,427,427,458,488,525,546,583,598,632,665,726,769,791,768,819,864,868,869,894,928,966,1015,1025,1052,1066,1115,1167,1255,1326,1381,1386,1416,1479,1567,1568,1499,1524,1541,1552,1541,1575,1577,1659,1777,1849,1905,1980,1993,2035,2044,2087,2048,2008,2023,2039,2083,2069,2108,2121,2128,2165,2143,2251,2271,2299,2269,2271,2236,2253,2246,2205,2170,2223,2269,2353,2310,2276,2341,2238,2320,2244,2257,2275,2268,2302,2284,2321,2306,2332,2361,2384,2388,2402,2391,2365,2310,2310,2362,2330,2229,2262,2268,2289,2276,2334,2367,2355,2366,2408,2412,2387,2401,2422,2420,2401,2397,2463,2457,2496,2428,2464,2559,2605,2559,2519,2464,2413,2432,2385,2324,2352,2281,2275,2311,2283,2247,2287,2252,2269,2212,2204,2161,2152,2223,2174,2139,2079,2018,2027,2059,2114,2161,2152,2107,2144,2123,2113,2079,2049,2064,2079,2100,2032,2036,2099,2068,1995,1965,2000,2056,2033,1982,1981,1993,2025,1953,1875,1963,1954,1915,1902,1886,1868,1804,1746,1724,1672,1678,1726,1782
9752,17415,18487,12957,12588,11324,10374,9554,8810,8018,7239,6556,6022,5468,4963,4674,4274,3938,3661,3436,3245,3119,3072,2943,2789,2739,2640,2621,2637,2564,2647,2594,2550,2489,2455,2365,2370,2419,2435,2415,2290,2283,2291,2348,2345,2450,2434,2472,2549,2693,2724,2758,2767,2759,2784,2839,2862,3006,3074,3069,3162,3115,3050,3032,3081,3082,3108,3138,3210,3155,3169,3131,3222,3237,3268,3362,3340,3292,3367,3403,3302,3191,3178,3117,3173,3237,3292,3316,3250,3295,3369,3324,3273,3265,3255,3300,3318,3330,3353,3293,3339,3337,3381,3479,3512,3466,3449,3383,3378,3517,3563,3539,3548,3590,3628,3656,3706,3708,3834,3847,3762,3678,3675,3600,3584,3526,3520,3442,3402,3350,3305,3274,3263,3213,3152,3134,3147,3129,3100,3142,3215,3274,3313,3288,3228,3140,3232,3267,3281,3319,3345,3364,3396,3412,3393,3407,3422,3417,3477,3432,3426,3385,3324,3324,3242,3337,3292,3275,3204,786,326,153,96,84,86,92,88,85,89,106,112,110,104,116,128,123,108,100,102,104,101,113,110,140,156,169,172,192,227,252,268,297,280,319,317,316,294,279,278,293,311,309,314,306,321,336,361,375,362,366,359,336,340,350,395,436,459,506,498,493,518,527,547,538,543,542,543,535,573,607,631,645,656,630,622,643,666,693,673,709,716,711,737,767,797,861,908,967,1012,1040,1089,1097,1093,1064,1097,1109,1134,1147,1123,1177,1191,1204,1218,1254,1273,1285,1300,1320,1304,1360,1379,1379,1419,1374,1382,1461,1491,1567,1653,1689,1699,1692,1777,1753,1733,1739,1746,1779,1688,1695,1640,1623,1602,1577,1567,1544,1558,1599,1611,1589,1625,1585,1582,1679,1657,1674,1719,1747,1816,1844,1892,1940,1938,1936,1970,1996,2029,2012,2092,2089,2086,2104,2080,2088,2019,2014,2095,2031,1996,1915,1937,1887,1890,1847,1891,1951,1972,1996,1988,1940,1890,1838,1918,1897,1907,1963,1961,2035,2050,2145,2081,2093,1973,1971,1984,2001,1968,1957,1887,1904,1884,1857,1781,1708,1718,1723,1647,1640,1624,1606,1654,1685,1704,1781,1775,1755,1776,1774,1761,1756,1741,1812,1784,1861,1810,1825,1837,1834,1852,1906,1909,1999,1966,1935,1916,1903,1867,1886,1826
9747,17321,18241,12832,12487,11345,10385,9510,8572,7749,7008,6445,6009,5561,5187,4701,4354,4028,3730,3455,3258,3023,2947,2754,2520,2345,2295,2195,2180,2067,2052,1923,1960,2031,2060,2162,2266,2332,2277,2266,2284,2281,2347,2398,2366,2357,2363,2385,2386,2476,2542,2536,2613,2601,2664,2654,2594,2639,2686,2770,2835,2841,2743,2702,2729,2786,2811,2897,2939,2965,2991,3099,3182,3259,3424,3494,3521,3463,3410,3389,3416,3461,3372,3446,3368,3323,3284,3310,3298,3377,3333,3333,3376,3336,3441,3463,3532,3603,3632,3723,3665,3638,3638,3644,3600,3609,3626,3554,3554,3491,3547,3549,3547,3519,3541,3619,3608,3609,3655,3609,3653,3570,3586,3568,3523,3443,3387,3471,3368,3340,3276,3215,3172,3199,3171,3047,3026,3074,3062,3099,3097,3010,2988,2916,2960,2870,2901,2857,2846,2787,2746,2753,2736,2792,2709,2777,2693,2733,2674,2743,2785,2765,2685,2690,2802,2745,2740,2719,2668,654,276,119,72,54,43,48,57,70,87,97,85,87,88,70,76,79,90,87,90,84,93,87,80,75,77,67,64,74,85,95,104,106,108,111,104,106,108,116,124,116,112,116,105,98,92,87,94,106,103,116,106,108,114,117,117,135,143,134,147,150,161,158,158,168,156,161,171,185,176,184,170,182,197,200,195,188,189,199,212,205,215,226,251,250,235,254,270,263,264,289,305,335,348,352,334,346,333,315,304,325,367,374,399,428,461,450,468,516,558,547,540,505,503,563,570,576,582,573,575,595,611,590,611,593,639,679,708,716,696,706,668,669,671,654,689,697,732,746,705,689,702,666,660,678,702,692,707,705,710,687,671,686,668,674,657,686,665,673,650,647,631,593,569,572,521,530,545,551,568,553,580,596,578,567,567,558,579,588,559,548,549,572,590,587,626,580,595,618,594,593,574,567,579,594,610,616,658,657,653,644,593,591,579,590,574,512,509,514,511,511,498,493,495,507,501,512,514,489,493,492,482,482,516,548,532,576,582,614,613,589,574,549,542,518,514,492,529,490,487
9813,17258,18225,12619,12284,11080,10092,9036,8146,7438,6762,6179,5570,5051,4720,4461,4105,3811,3527,3447,3260,3173,3009,2875,2739,2614,2510,2474,2317,2246,2174,2178,2191,2146,2165,2213,2196,2230,2232,2286,2353,2289,2288,2289,2300,2419,2412,2441,2487,2417,2470,2494,2462,2535,2509,2528,2613,2763,2860,2958,2985,3043,3124,3067,3225,3265,3307,3267,3223,3310,3324,3404,3482,3418,3384,3369,3489,3534,3569,3629,3638,3681,3657,3659,3705,3796,3748,3710,3612,3667,3676,3742,3793,3808,3853,3903,4020,4029,4010,3999,4045,4006,4006,4020,3927,3867,3766,3683,3639,3618,3675,3598,3576,3537,3597,3649,3554,3597,3562,3558,3572,3492,3477,3488,3553,3542,3488,3539,3500,3519,3567,3623,3564,3556,3491,3460,3516,3533,3540,3541,3501,3560,3501,3458,3443,3478,3550,3553,3516,3506,3520,3480,3465,3402,3468,3483,3468,3402,3419,3280,3250,3133,3164,3134,3082,3108,3144,3194,3208,779,356,177,108,97,106,120,126,139,130,123,124,120,124,142,165,199,211,236,245,257,243,229,231,267,315,324,320,325,347,387,396,428,452,453,480,504,551,572,609,627,643,635,647,655,673,725,751,836,906,977,1019,1084,1111,1110,1132,1129,1143,1149,1144,1184,1193,1258,1289,1300,1315,1339,1362,1343,1338,1355,1357,1380,1433,1526,1576,1581,1587,1636,1720,1712,1765,1807,1836,1891,1964,2009,2005,1955,2049,2075,2095,2118,2160,2254,2234,2226,2221,2222,2209,2255,2220,2235,2233,2222,2313,2400,2401,2384,2413,2498,2536,2552,2548,2502,2435,2420,2427,2415,2398,2385,2413,2482,2543,2657,2647,2699,2733,2747,2897,2876,2838,2748,2778,2783,2747,2852,2820,2789,2746,2680,2680,2686,2717,2667,2623,2602,2579,2520,2536,2574,2613,2551,2614,2579,2538,2501,2527,2423,2425,2484,2513,2550,2539,2565,2574,2519,2524,2497,2513,2506,2479,2487,2531,2503,2428,2485,2513,2524,2574,2549,2565,2604,2570,2560,2501,2556,2494,2500,2429,2403,2371,2412,2392,2427,2489,2534,2519,2483,2434,2435,2422,2393,2426,2410,2406,2393,2392,2446,2461,2589,2670,2763,2815,2732,2803,2787,2813,2819,2853,2870,2850,2848,2815,2780,2803,2806,2837,2864,2850,2901,2893,2859,2903,2928,2987,3079,3136,3190,3164
9564,17017,17999,12511,12220,11000,10084,9213,8269,7642,7066,6375,5840,5413,5103,4687,4255,3975,3678,3480,3303,3135,2958,2800,2704,2665,2677,2606,2615,2612,2611,2592,2543,2530,2572,2590,2595,2644,2673,2734,2721,2753,2819,2766,2878,2964,2921,2907,2789,2908,2940,2977,2995,3046,3024,3081,3038,3061,2991,2969,2920,3024,3015,3021,3021,3144,3256,3323,3249,3222,3323,3315,3354,3322,3312,3294,3315,3291,3306,3306,3230,3173,3235,3237,3219,3257,3279,3278,3264,3294,3248,3247,3347,3376,3499,3581,3585,3631,3676,3670,3621,3624,3653,3639,3661,3624,3536,3410,3380,3301,3346,3377,3389,3404,3405,3394,3326,3193,3186,3211,3262,3330,3283,3216,3234,3269,3286,3331,3322,3369,3426,3403,3343,3307,3336,3334,3360,3300,3307,3302,3358,3394,3392,3399,3343,3358,3266,3332,3394,3364,3275,3273,3235,3284,3264,3325,3312,3384,3475,3525,3446,3315,3274,3220,3248,3239,3280,3257,3200,787,313,150,94,68,69,83,70,75,64,71,71,75,76,95,98,95,95,116,118,131,140,142,138,143,153,143,136,133,145,150,151,142,130,137,141,133,144,147,176,197,209,225,226,227,219,220,245,267,275,285,279,273,256,274,266,256,278,288,266,268,251,234,218,213,247,251,269,291,301,314,301,324,332,383,394,409,461,435,446,443,476,496,529,540,538,526,530,534,519,513,530,549,604,643,630,640,641,664,644,645,682,678,752,785,836,861,870,868,905,875,900,981,1007,1037,1057,1071,1083,1086,1098,1080,1092,1055,1053,1063,1030,1056,1049,1068,1116,1134,1073,1045,1048,961,976,998,1033,1056,1068,1060,1028,1055,1072,1129,1181,1167,1128,1160,1126,1083,1086,1131,1230,1223,1251,1260,1251,1238,1278,1334,1271,1283,1239,1223,1264,1262,1337,1368,1323,1309,1290,1388,1326,1327,1316,1265,1185,1162,1098,1085,1053,1023,1078,1130,1203,1185,1172,1201,1156,1208,1181,1203,1221,1225,1207,1243,1270,1259,1305,1331,1374,1429,1444,1408,1384,1447,1461,1427,1459,1454,1513,1549,1634,1632,1638,1609,1620,1618,1616,1666,1672,1714,1708,1622,1617,1566,1614,1668,1743,1814,1888,1939,1943,1950,1993,2059,2123,2158,2186
9716,17031,18108,12502,12163,11042,10256,9400,8622,7797,7005,6416,5796,5305,4958,4529,4242,3899,3588,3320,3116,2968,2911,2869,2802,2746,2679,2661,2598,2480,2359,2318,2291,2269,2248,2220,2268,2274,2324,2277,2333,2410,2425,2468,2500,2472,2508,2533,2568,2637,2652,2660,2719,2716,2743,2802,2851,2880,2855,2881,2988,2955,3005,2964,2918,2952,3016,2990,2989,2995,3067,3087,3030,3002,3013,3011,3060,3069,3058,3050,3018,3126,3032,3067,3063,3121,3154,3167,3103,3164,3140,3153,3135,3231,3172,3248,3261,3261,3320,3326,3310,3375,3436,3513,3473,3387,3292,3310,3380,3338,3275,3310,3310,3348,3326,3360,3378,3458,3518,3477,3377,3399,3404,3394,3399,3490,3464,3440,3558,3600,3517,3569,3525,3577,3499,3506,3328,3329,3297,3284,3342,3326,3300,3301,3336,3310,3330,3377,3341,3236,3171,3160,3106,3201,3301,3279,3334,3346,3317,3406,3380,3355,3378,3403,3430,3412,3488,3454,3394,894,378,179,100,74,58,73,79,86,90,85,89,89,86,81,81,92,106,99,88,92,125,135,124,128,143,134,140,139,150,149,157,166,167,161,163,180,192,219,237,241,246,260,252,254,266,266,286,294,303,293,291,290,303,303,335,337,360,353,328,301,315,318,351,339,339,333,382,410,403,422,448,485,534,543,503,479,455,465,497,489,473,463,466,484,484,479,509,516,553,559,606,593,621,630,663,659,713,675,678,628,660,670,651,659,633,631,654,690,710,740,765,763,756,780,803,843,874,893,892,888,943,961,953,947,972,952,950,1009,1005,991,1008,1044,1053,1047,1041,1003,1033,1057,1080,1089,1090,1130,1110,1159,1185,1206,1280,1296,1283,1300,1333,1376,1416,1435,1437,1464,1484,1539,1541,1518,1533,1574,1602,1621,1588,1569,1590,1596,1642,1624,1683,1753,1796,1768,1737,1739,1677,1666,1690,1738,1798,1755,1749,1734,1760,1831,1952,1951,2012,2068,2057,2135,2116,2145,2136,2137,2168,2211,2206,2242,2241,2196,2171,2216,2268,2313,2306,2392,2385,2451,2367,2421,2411,2386,2485,2457,2422,2376,2425,2398,2452,2434,2440,2522,2580,2665,2759,2782,2833,2824,2884,2912,2977,2933,3037,3036,3128,3199,3252
9639,17086,18141,12580,12146,10847,9756,8903,8098,7394,6741,6188,5624,5125,4742,4380,3988,3741,3513,3339,3195,3058,2886,2711,2634,2510,2411,2245,2240,2154,2137,2102,2106,2176,2263,2222,2324,2291,2322,2278,2352,2366,2387,2384,2433,2453,2502,2449,2439,2348,2350,2397,2458,2521,2581,2612,2645,2651,2701,2741,2821,2820,2791,2809,2892,2944,2936,2971,3010,3003,2987,2982,3016,2970,2985,3046,3012,3125,3112,3200,3209,3267,3366,3360,3266,3282,3293,3304,3290,3197,3079,3038,3148,3242,3312,3273,3303,3279,3314,3301,3329,3330,3425,3414,3424,3386,3333,3292,3285,3352,3390,3452,3385,3290,3306,3219,3233,3257,3325,3289,3226,3096,3137,3137,3145,3174,3218,3215,3258,3325,3213,3209,3240,3297,3332,3343,3283,3241,3347,3385,3344,3392,3460,3542,3634,3590,3570,3506,3464,3432,3331,3383,3294,3277,3222,3308,3274,3130,3109,3206,3208,3185,3151,3120,3078,2978,2882,2904,2951,728,308,126,68,67,77,93,106,114,120,119,126,144,159,174,174,193,210,188,200,227,246,243,253,242,246,266,260,284,286,271,278,291,310,306,316,275,259,261,251,268,257,264,253,271,281,296,285,277,262,248,260,254,269,265,266,274,300,296,300,307,311,359,413,430,468,487,486,471,464,459,454,482,471,495,480,499,508,523,556,562,549,571,592,616,630,651,658,627,649,636,637,666,705,735,739,811,843,846,868,932,936,899,902,890,945,914,937,957,976,1027,997,972,1034,1001,1010,1087,1120,1163,1179,1182,1218,1230,1261,1267,1274,1265,1307,1272,1271,1297,1271,1331,1306,1367,1391,1351,1341,1368,1338,1392,1476,1452,1479,1516,1492,1481,1443,1457,1449,1444,1416,1487,1494,1572,1529,1564,1557,1551,1532,1506,1491,1483,1495,1460,1468,1478,1495,1452,1427,1401,1351,1288,1285,1300,1272,1323,1305,1302,1278,1236,1207,1181,1170,1199,1174,1184,1168,1202,1199,1197,1217,1248,1222,1211,1147,1102,1116,1161,1176,1175,1152,1131,1158,1186,1164,1166,1128,1151,1102,1096,1101,1077,1062,1049,1080,1095,1060,1020,1004,947,956,954,946,980,1000,1037,1048,1059,1041,1049,1020,1030,1028,1040,990,1021,1017,1026,1006
9706,17094,18105,12680,12159,10962,10089,9252,8285,7653,6880,6177,5602,5000,4657,4330,3991,3599,3387,3237,3059,2901,2814,2701,2591,2489,2417,2384,2340,2272,2227,2126,2105,1984,1942,1912,1866,1880,1818,1865,1927,1917,2004,2099,2053,2051,1977,2008,2044,2089,2110,2152,2184,2278,2302,2359,2341,2389,2484,2550,2592,2677,2715,2658,2646,2699,2729,2746,2742,2786,2917,2974,2984,2924,3004,2987,3048,2959,2921,2906,2812,2783,2765,2788,2768,2809,2825,2932,3020,2973,3002,3082,3133,3122,3158,3172,3246,3285,3257,3291,3308,3251,3371,3446,3506,3592,3502,3484,3375,3340,3316,3320,3285,3242,3239,3253,3254,3156,3163,3107,3109,3048,3143,3135,3168,3173,3146,3111,3142,3183,3177,3064,3126,3133,3144,3191,3183,3158,3148,3127,3037,3016,2927,3055,3100,3109,3113,3079,3135,3125,3193,3169,3100,3086,3014,3032,2994,2949,2961,2967,2967,3020,2981,3003,3036,3086,3163,3170,3198,801,332,170,94,83,80,86,91,98,95,103,115,115,110,87,94,83,89,90,91,72,68,66,66,68,78,93,103,110,133,127,128,130,121,132,145,126,130,132,145,157,153,158,165,170,179,161,157,125,136,142,152,171,175,205,223,238,259,272,267,273,270,291,287,279,270,264,269,282,324,339,333,342,351,383,388,420,405,414,439,487,494,525,565,599,621,634,651,668,666,659,664,670,718,725,741,752,731,718,727,745,784,811,801,773,823,817,848,879,883,957,999,1050,1040,1054,1089,1118,1163,1148,1199,1231,1243,1289,1324,1366,1397,1471,1539,1590,1596,1599,1586,1558,1536,1517,1494,1487,1519,1596,1657,1673,1672,1671,1599,1595,1641,1711,1708,1793,1796,1842,1897,1878,1889,1972,1951,2070,2136,2143,2175,2182,2215,2337,2426,2523,2485,2534,2555,2669,2724,2677,2648,2659,2716,2752,2877,2904,2857,2881,2900,2863,2864,2833,2915,3077,3141,3241,3279,3256,3270,3288,3382,3375,3465,3455,3553,3493,3486,3356,3394,3392,3404,3492,3473,3461,3493,3436,3409,3416,3414,3358,3350,3336,3369,3358,3381,3351,3368,3420,3393,3439,3385,3373,3360,3306,3276,3314,3353,3346,3324,3383,3381,3368,3367,3260,3308,3341,3344,3307,3393
9671,17022,17966,12514,12167,10935,9995,9166,8449,7623,6994,6291,5672,5151,4671,4259,3879,3548,3329,3081,2896,2766,2627,2472,2351,2244,2262,2172,2178,2048,2054,2011,1945,1924,1800,1818,1810,1903,1958,2005,2040,2025,2060,2143,2154,2264,2332,2420,2478,2478,2477,2462,2408,2421,2414,2424,2416,2404,2376,2386,2420,2434,2433,2391,2361,2457,2481,2531,2534,2491,2474,2518,2563,2561,2587,2615,2668,2635,2575,2639,2677,2780,2772,2767,2748,2716,2731,2737,2857,2957,2991,2935,2978,2952,2964,3057,3067,3183,3282,3243,3213,3241,3296,3294,3234,3228,3187,3131,3124,3328,3331,3322,3235,3216,3238,3286,3241,3298,3322,3285,3388,3373,3442,3513,3500,3459,3355,3243,3242,3273,3295,3274,3298,3287,3387,3369,3408,3363,3261,3284,3193,3157,3146,3180,3130,3113,3117,3102,3033,3033,3067,3066,3082,3141,3160,3272,3290,3187,3126,3105,3085,3107,3165,3179,3233,3102,3127,3015,2995,757,324,159,97,71,65,59,78,74,79,67,70,72,86,88,83,83,74,82,92,116,120,153,151,179,175,192,206,211,230,252,283,284,300,279,277,284,297,297,309,344,325,312,317,310,329,363,389,423,437,470,459,473,454,475,499,524,554,557,580,597,593,638,624,623,603,601,652,687,696,711,740,710,735,750,766,734,754,774,808,812,852,862,861,900,906,936,992,968,945,929,955,974,986,1027,1083,1124,1182,1182,1285,1314,1359,1358,1378,1425,1465,1477,1493,1550,1608,1573,1605,1576,1625,1610,1633,1616,1706,1721,1776,1837,1837,1875,1854,1873,1932,1999,1971,2017,2054,2114,2101,2133,2169,2095,2121,2156,2171,2159,2137,2096,2085,2060,2118,2063,2116,2152,2223,2243,2236,2295,2275,2354,2396,2468,2468,2568,2633,2583,2520,2515,2509,2486,2583,2588,2638,2642,2594,2531,2561,2547,2569,2642,2628,2587,2579,2597,2585,2656,2647,2681,2691,2661,2625,2565,2494,2480,2473,2419,2464,2408,2483,2492,2506,2533,2547,2499,2472,2457,2371,2293,2300,2349,2372,2363,2459,2458,2466,2511,2499,2492,2503,2502,2540,2526,2526,2462,2417,2381,2392,2413,2416,2461,2413,2384,2441,2564,2625,2728,2762,2835,2836,2818,2798,2765,2797,2774,2750,2718,2624
9573,17392,18493,13242,12784,11465,10466,9437,8575,7896,7051,6433,5849,5345,4874,4505,4160,3852,3671,3476,3266,3126,3019,2864,2751,2685,2632,2564,2517,2483,2497,2391,2442,2391,2501,2503,2462,2555,2526,2636,2634,2751,2770,2840,2890,2935,2897,2927,2933,2902,2841,2874,2923,2892,2853,2872,2971,2931,2997,3050,3190,3253,3260,3269,3344,3366,3402,3362,3440,3423,3416,3419,3467,3472,3491,3562,3643,3593,3538,3396,3290,3294,3265,3189,3078,3023,2980,2999,3013,3084,3079,3010,3064,2964,2927,2941,2907,2922,2995,3026,3082,3072,3123,3099,3106,3122,3013,2982,2987,3074,3086,3018,3026,3018,3046,3029,3027,3018,3038,3027,2942,2888,2891,3010,3048,3068,3087,3145,3199,3280,3237,3334,3384,3387,3407,3354,3433,3493,3467,3536,3507,3528,3523,3516,3558,3480,3466,3495,3567,3596,3592,3645,3675,3560,3537,3545,3527,3504,3455,3315,3241,3265,3254,3216,3127,3156,3191,3223,3249,875,384,154,101,70,77,97,99,99,101,105,107,111,117,120,115,118,125,104,99,109,124,146,157,144,165,169,178,190,211,201,229,230,254,257,261,288,289,294,297,281,317,350,366,385,420,452,474,469,502,530,524,566,585,619,636,615,615,643,678,745,770,866,916,985,983,1095,1158,1190,1268,1272,1326,1351,1367,1456,1497,1478,1513,1525,1604,1582,1689,1675,1728,1752,1775,1773,1765,1744,1730,1738,1809,1878,1928,1935,1933,1932,2020,2057,2050,2020,1974,1988,1974,2079,2121,2167,2236,2326,2380,2425,2464,2465,2490,2609,2719,2758,2806,2852,2872,2873,2872,2833,2847,2891,3026,3073,3065,3110,3045,3072,3109,3190,3137,3133,3208,3199,3199,3168,3210,3232,3164,3086,3121,3053,3114,3034,3018,2995,2987,3036,3010,3014,2983,3034,3086,3138,3101,3095,3055,3069,3169,3205,3182,3131,3212,3153,3155,3160,3163,3142,3117,3078,3005,2999,3038,3019,2951,2889,2848,2828,2870,2880,2962,3005,3030,3068,3104,3133,3152,3153,3127,3141,3120,3081,3024,3140,3085,3080,3013,3035,3083,3065,3126,3095,3116,3070,3117,3079,3139,3132,3104,3120,3100,3065,3013,3052,3098,3149,3143,3151,3149,3155,3146,3192,3216,3214,3295,3220,3214,3258,3249,3308,3312,3297,3257,3294,3255,3412,3450
