0,0,0,0,0,0,0,0,0,0,0,0,0,0,0,0,0,0,0,0,0,0,0,0,0,0,0,0,0,0,0,0,0,0,0,0,0,0,0,0,0,0,0,0,0,0,0,0,0,0,0,0,0,0,0,0,0,0,0,0,0,0,0,0,0,0,0,0,0,0,0,0,0,0,0,0,0,0,0,0,0,0,0,0,0,0,0,0,0,0,0,0,0,0,0,0,0,0,0,0
0,0,0,0,0,0,0,0,0,0,0,0,0,0,0,0,0,0,0,0,0,0,0,0,0,0,0,0,0,0,0,0,0,0,0,0,0,0,0,0,0,0,0,0,0,0,0,0,0,0,0,0,0,0,0,0,0,0,0,0,0,0,0,0,0,0,0,0,0,0,0,0,0,0,0,0,0,0,0,0,0,0,0,0,0,0,0,0,0,0,0,0,0,0,0,0,0,0,0,0
0,4.43302304e-05,4.36261979e-05,8.73247772e-05,4.41053038e-05,4.39908096e-05,0.000132251719,4.36661859e-05,4.41539846e-05,4.39695788e-05,4.39985865e-05,0,4.40917076e-05,8.77345795e-05,0,0.000130998601,4.43282094e-05,4.33802172e-05,8.73667826e-05,4.36453062e-05,0.000131885371,0,4.39328867e-05,0.000133511376,0,4.41969201e-05,8.76077862e-05,0,0.000265075969,8.8861202e-05,8.76078973e-05,0,8.82574232e-05,4.37062916e-05,0.000131538615,4.38270201e-05,0,4.37733074e-05,0,8.71650258e-05,4.41345012e-05,0.000221837641,4.36585886e-05,0.00013106167,4.44583121e-05,0,4.40120904e-05,8.78618189e-05,8.76578459e-05,0.000130236591,0,4.43262192e-05,8.71726499e-05,8.8908556e-05,0.00012969608,8.80629854e-05,0.000131446137,4.36604958e-05,8.80514484e-05,8.77308547e-05,0.000131885502,4.37044068e-05,8.67076853e-05,0,8.78347948e-05,8.75503388e-05,0.000172950443,0,4.35748799e-05,8.86761196e-05,4.36338265e-05,0.000174718429,8.85975797e-05,8.78077872e-05,0,8.77770461e-05,0,8.74968011e-05,0,4.39772885e-05,4.40062812e-05,4.35142157e-05,0,0.000177014533,8.82690128e-05,0.000132444579,0.000219221409,0.00013172344,0,0,0,8.80979567e-05,0,8.70169653e-05,8.68282232e-05,4.4216495e-05,0.000222786473,0.000176064007,0.000132030582,0.000131434745
7.97384581e-05,8.01122614e-05,3.93158916e-05,0.000118166124,3.96731125e-05,0.00015925458,0.000238426296,7.8256414e-05,7.97004705e-05,0.000119317479,7.95481746e-05,3.96478965e-05,0.000198043387,0.000118929605,0.000117693209,0.000196811582,0.000119932793,3.91619044e-05,0.000157890459,7.89204444e-05,0.000158786806,3.92895854e-05,0.000197386463,0.000160849054,9.94194786e-05,0.000119879978,9.9088345e-05,3.92018903e-05,0.00027956389,8.0115428e-05,0.000197573926,0.00015939451,0.000119636498,3.93576957e-05,0.000138773234,0.000118736644,0,3.93375861e-05,3.93452994e-05,0.000117702362,0.000119279631,0.00032122093,0.000118352515,0.000118301123,7.95733564e-05,7.87494005e-05,7.92958133e-05,0.000315943199,7.88115768e-05,0.000136798909,0.000117077787,0.000119412576,0.000158084024,0.00019914762,0.00015605487,0.000158856541,0.000196827031,7.87463707e-05,0.000198255508,0.000138285249,0.000196595047,0.000118680355,7.88611835e-05,0.000118254586,7.94785581e-05,9.88297439e-05,0.000214441681,7.89203839e-05,0.000157822142,0.0001203224,7.86194013e-05,0.000235543652,0.0001198848,0.000138630402,7.9336784e-05,9.93442902e-05,0,0.00011920385,3.92280314e-05,0.000197301136,0.000239616519,0.000195396498,7.80762047e-05,0.000199052416,0.00011927484,0.000158982331,0.00027584056,0.000138872321,7.8385264e-05,3.92511144e-05,0.000118184679,7.97733989e-05,0,0.000117637858,0.000214349799,7.98850097e-05,0.000201020817,0.00019907664,0.000238701668,0.000159121473
0.000149125734,0.000112811673,0.000109681253,9.22067642e-05,7.41428265e-05,0.00025986593,0.000297585659,0.000182535003,0.000111640483,0.000186198996,0.000111499197,7.41758115e-05,0.000185157788,0.000110701224,0.000145995966,0.000256203444,0.000223123291,0.000109657164,0.000184311454,7.40466417e-05,0.00016671599,3.66568714e-05,0.000296066323,0.000225005437,0.000204552115,0.000148748724,9.26234874e-05,7.31742515e-05,0.000334448245,0.000112296665,0.000221836178,0.000223372273,0.000186205969,0.000147754102,0.000167791372,0.000147869272,0.00011080737,7.34295647e-05,3.69425931e-05,0.000254925194,0.000222411646,0.000411815233,0.000110265668,0.000183917981,0.00014765045,0.000129390189,0.00011079929,0.000331064977,7.37844e-05,0.000238060418,0.000291439203,0.000222832822,0.000183722153,0.000186198956,0.000219169832,0.000186206072,0.000183485943,0.000110273706,0.000296230313,0.000220555934,0.000183270972,0.00011119352,0.000293470411,0.000110590835,0.000111719396,9.24077375e-05,0.000199709323,0.000183999464,0.000147400354,0.000168583391,0.000147574251,0.000219410389,0.000112216723,0.000222354143,0.000148252324,0.000223821955,3.72508995e-05,0.000186566991,3.66408091e-05,0.000221680251,0.000345097889,0.000200927655,0.00025613868,0.000241151217,0.000147830436,0.000296945163,0.000294182479,0.000130135542,0.000109966468,3.66905321e-05,0.000146891479,7.45045435e-05,0.000109669219,0.000257315192,0.000273363696,0.000111694453,0.000263435343,0.000259836465,0.000222717106,0.000260020014
0.000180544668,0.000219114126,0.000141467578,0.000195896705,7.19684232e-05,0.000376816576,0.000360881052,0.000211468591,0.000108022481,0.000163037789,0.000143698709,8.98181526e-05,0.000214807254,0.000107619529,0.000211357321,0.000318742316,0.000325720934,0.000213144129,0.00032020492,0.000143755605,0.000376924836,0.000106164642,0.000325391283,0.000363941063,0.000234234158,0.000144493215,0.000126035267,0.000178158174,0.000433588896,0.000145370044,0.000287098276,0.000252279628,0.000289132152,0.000251202144,0.000162466683,0.000143770804,0.000215084636,0.000106556691,0.000178877862,0.000228776421,0.000322222403,0.00050680508,0.000107338422,0.000178450563,0.000196225219,0.000179475146,0.000178750059,0.000391013742,0.000142995121,0.000285072899,0.000352958002,0.000252579635,0.000284504566,0.000251961642,0.000213098395,0.000272084204,0.000320079644,0.000124378036,0.000322916404,0.000259853202,0.000249146063,0.00014434716,0.000321405395,0.00017854607,0.000251988821,0.000195910937,0.000264521824,0.0002142018,0.000249661202,0.000199695121,0.000250662248,0.00024828864,0.000144922423,0.000322476017,0.000198512991,0.000272519387,0.00014392647,0.000217888737,0.000106742643,0.000357295986,0.000410151897,0.00023009659,0.000389312162,0.000340856666,0.000178897574,0.00028847574,0.000375254484,0.000234707829,0.000177342552,7.11390378e-05,0.000177550428,0.000180576996,0.000177468513,0.000285245507,0.000371261162,0.00016254284,0.000329067567,0.000215749647,0.000252725903,0.000377684439
0.000228041314,0.000308261614,0.00018401308,0.000204704531,0.000112578864,0.000541650914,0.000392435515,0.000402281692,0.000149053599,0.000237764752,0.000260261373,9.34650253e-05,0.000261310982,0.000223955974,0.000292045624,0.000367742297,0.000490066093,0.000222263345,0.000313006563,0.00029904322,0.000468603934,0.000293976776,0.000375009094,0.00041474944,0.000283629165,0.000187610066,0.000169236405,0.000258962446,0.000546819249,0.000341102875,0.000353805036,0.000301602407,0.000301727316,0.000298284716,0.000131911227,0.000224979992,0.000261496506,0.000146724512,0.000260426621,0.000348061933,0.000418698339,0.000563719275,0.000148191977,0.000185763127,0.000202959401,0.000186552976,0.000193416417,0.000426510577,0.000222758252,0.000297220633,0.000511939372,0.000299973329,0.000368894412,0.000337154373,0.000334212043,0.000412494303,0.000425327736,0.00020333457,0.000411353604,0.000270124473,0.0004027388,0.000227591996,0.000335145596,0.000223189315,0.000300063994,0.000390261698,0.000330772523,0.000259807882,0.000260252214,0.000258485827,0.000391017718,0.00025887534,0.000226843205,0.00032852275,0.00024467344,0.000321811193,0.000187581921,0.000266058645,0.000184815482,0.000370590281,0.00054059495,0.000333346174,0.000405171625,0.000366600302,0.000298596626,0.000448782643,0.000447677663,0.000356072077,0.000183756105,0.00011075015,0.00022092953,0.000226688707,0.000184590395,0.00037101599,0.000402061536,0.000225563882,0.000380923325,0.000297563917,0.000434191651,0.000430421727
0.000303305806,0.000354186212,0.000334015287,0.000253635648,0.000149158341,0.000736836501,0.000401742708,0.000617027992,0.000254549935,0.000314276663,0.000378739888,0.000171137583,0.000253914679,0.000340063966,0.000371424851,0.000419762368,0.000515596873,0.000484048018,0.000438102156,0.000466734732,0.000493372266,0.00045898372,0.0005174639,0.000489007568,0.000497577341,0.000341369582,0.000236589798,0.000423209673,0.000603968221,0.000386067534,0.000359134362,0.000430255646,0.000426347736,0.000513456529,0.000233982488,0.000213976501,0.000380195865,0.0001658719,0.000337966385,0.00060103668,0.000652677476,0.000555033701,0.000168456472,0.000359058521,0.000187258154,0.000254841986,0.000318918074,0.000610038112,0.000380534038,0.000338695867,0.000666944206,0.000403294043,0.0004726692,0.000340700581,0.00029478687,0.000442598401,0.00051498364,0.000355708062,0.000488820785,0.000377548027,0.000500144847,0.000347372337,0.000426585125,0.000254712228,0.00048292731,0.000692521677,0.000248180126,0.00042358533,0.000424429788,0.00037755724,0.000491360629,0.000167321973,0.000385769697,0.000545256212,0.000409358859,0.000367281408,0.000340411306,0.000390421715,0.000293808965,0.000485376075,0.000652769693,0.000420963725,0.000481977692,0.000489677946,0.000404427171,0.000641903693,0.000726061175,0.000401352275,0.000209458913,0.000167448017,0.00029497279,0.000261460642,0.000251266718,0.000420485807,0.000529864803,0.000384878359,0.000434102713,0.000421745136,0.000539537147,0.000491893985
0.000330141856,0.000387446609,0.000409910423,0.000277340786,0.000256613421,0.000784204941,0.000483581689,0.000878388661,0.000393118046,0.000303937543,0.000388838521,0.000186645529,0.000369993642,0.000326507971,0.000518860041,0.000502948785,0.000660096899,0.000563294159,0.00045632886,0.000693320338,0.000653412344,0.000546821846,0.000516529163,0.000650104241,0.000447711996,0.000463972543,0.000258835343,0.000512295352,0.000758796135,0.000517647044,0.000436480424,0.00037762541,0.000743978738,0.000560747763,0.000325294397,0.000419130645,0.000601990822,0.000316698911,0.000370370491,0.000700882391,0.000717525996,0.000601017222,0.000229599963,0.000462385098,0.000247291179,0.000325642224,0.000416705421,0.000642142611,0.000390517318,0.000461446025,0.000790304839,0.000484071284,0.000661316034,0.000391236714,0.000275052438,0.000458622827,0.000657745967,0.000432959458,0.000623470481,0.000483469955,0.000587358196,0.000476621809,0.000508225561,0.000372821314,0.000488350103,0.00085210273,0.000336987445,0.000553581558,0.000664103286,0.000536830826,0.00053471016,0.000273323274,0.000327347432,0.000751982522,0.000521870454,0.000446701386,0.000350156644,0.000615617346,0.000366467992,0.000570021592,0.000581991318,0.000460745105,0.000595319781,0.00063168996,0.000668634429,0.00056048547,0.000902653662,0.000484697235,0.000321395668,0.000274511393,0.00027522954,0.000286683515,0.000364879838,0.000458063897,0.000533826692,0.000534933895,0.000545955525,0.000529515562,0.000730925398,0.000443137837
0.000204907714,0.000425803855,0.000398962123,0.00040330714,0.000306952388,0.000804464099,0.000475546512,0.00130401829,0.000427049999,0.000328664081,0.000346483332,0.000202675655,0.000455488357,0.000534977547,0.000743347086,0.000544365767,0.000663637615,0.000515044427,0.00044943827,0.000804505691,0.000662690182,0.000594530035,0.000591685409,0.000856724874,0.000513056069,0.000453469155,0.000333282315,0.000611464894,0.000698829199,0.000565030115,0.000450495813,0.000572082925,0.000836417864,0.000663434587,0.000454706489,0.000452124468,0.00073243303,0.000342918511,0.000405556091,0.000958654882,0.000754147646,0.000656001064,0.000301416321,0.000552347437,0.000317166235,0.000407000581,0.000450067392,0.000602288257,0.000573394295,0.000525630739,0.000871721607,0.000527903839,0.000794163003,0.000449034187,0.000496845388,0.000594996551,0.000882742495,0.000519596552,0.000654746324,0.000692288809,0.000639040284,0.000631113939,0.000608460205,0.000609725486,0.000611776508,0.00107100419,0.000440528518,0.000453812518,0.000659328982,0.000655636961,0.00055625833,0.000297899989,0.000460924462,0.000839340284,0.000697242407,0.000537359472,0.000431362306,0.000768166777,0.000352201538,0.00069132376,0.000556765336,0.000405679448,0.0005983549,0.000842767632,0.00092852685,0.00070868128,0.0010131843,0.000578703602,0.000348779328,0.000347204973,0.000249339293,0.0004198152,0.00042175247,0.000401504964,0.000532612152,0.000633231275,0.000493609539,0.000704226389,0.00090458121,0.000481354275
0.000224315835,0.000468300983,0.00043924604,0.000601750275,0.000309475604,0.000821962694,0.000574146525,0.00183140256,0.00057876689,0.000414640345,0.000376263372,0.000331181434,0.000444197478,0.000644184615,0.0010813061,0.000540044803,0.000730419186,0.000710731755,0.00054504795,0.000871697074,0.000476857851,0.000596723096,0.000617457765,0.000879362272,0.000616004388,0.000494126001,0.000336303647,0.000672720531,0.000842648966,0.000615729689,0.000600403833,0.000657970459,0.000712406821,0.000779336543,0.000603070216,0.000467161197,0.000692789253,0.000426802937,0.00044777742,0.00102024332,0.000824039988,0.000820343166,0.000275816649,0.0004946409,0.000321870937,0.000501057743,0.000602310483,0.000495293944,0.000827997273,0.000569878156,0.000966103059,0.000551601998,0.00086970628,0.00059932392,0.000649139749,0.000851046859,0.000879952826,0.000430895607,0.00076128559,0.000813410166,0.000776230295,0.000838101104,0.000730091215,0.000611110999,0.000697389437,0.00105381759,0.00037226117,0.000499389277,0.000662250645,0.000852819227,0.000721421764,0.000434310306,0.000502176659,0.000719769458,0.000706295241,0.000668746825,0.000637755285,0.00082344165,0.000554509463,0.000806018355,0.000498559695,0.000501475947,0.000408475176,0.000966249353,0.0013294279,0.000692099324,0.00104685668,0.00071405025,0.000436539065,0.000484914143,0.000220409987,0.000522617427,0.000515156388,0.000440819922,0.000627340914,0.000771860796,0.000517212107,0.000964400122,0.00090023512,0.000414915071
0.00024310192,0.000639386088,0.000602882117,0.000834077767,0.000433490205,0.00101383619,0.000679508167,0.00197402206,0.000630062892,0.000389805142,0.00052542487,0.000513191693,0.000607053704,0.00070891416,0.00116182125,0.000355872159,0.000671304284,0.000659314519,0.000599879794,0.000648813754,0.000486381151,0.000738551588,0.000679851123,0.000856231842,0.000608235718,0.000657777382,0.000394704902,0.000915808305,0.000794183645,0.000634403121,0.000648660612,0.000721320167,0.000653751531,0.000671141841,0.00068640184,0.000630782002,0.000755288117,0.000577100942,0.000550695584,0.00102699476,0.000837771869,0.000835324143,0.000481000468,0.000658249661,0.000232815047,0.000609161963,0.00071761771,0.000542429946,0.00102619738,0.000681723739,0.000902146735,0.000477156104,0.00102582293,0.000709723288,0.000645766997,0.00114768931,0.00116624789,0.000410436847,0.000826314102,0.000831480303,0.00104681581,0.00100761981,0.000828219908,0.000755743826,0.000782281425,0.0011821033,0.000401929722,0.000487775298,0.000629799519,0.000952551197,0.000665658157,0.000353710892,0.000909585704,0.000753928868,0.000649672029,0.00084175082,0.000635439091,0.000869890256,0.000665818459,0.000756516537,0.000542952774,0.000795351485,0.000354316761,0.000877815151,0.0014342416,0.000813008846,0.00129755211,0.000834377623,0.000420395677,0.000527611975,0.000120620084,0.00063852936,0.000471698699,0.000540215553,0.000617031125,0.000779797643,0.000471195044,0.00117406433,0.0010153126,0.000270026932
0.00033012009,0.000771172158,0.000661244586,0.00103694045,0.000610956829,0.000779728397,0.000844594644,0.00234373528,0.000589351764,0.000391159934,0.000383778818,0.000595277664,0.000865684935,0.000680595774,0.00158635554,0.0005815837,0.000601805719,0.00072655193,0.000698508996,0.000706123574,0.000463239125,0.00079698496,0.00081361469,0.00100804288,0.000599800737,0.000590357973,0.000495246301,0.00101118887,0.000668985232,0.00065629712,0.000837899566,0.000687899553,0.000647081283,0.000806506392,0.000862385521,0.000492966722,0.000661376178,0.000692214966,0.00067562987,0.000835852758,0.000836874185,0.000846079476,0.000458325154,0.000785957302,0.000256607653,0.000793597288,0.000787194693,0.000530539491,0.00119999913,0.000680404192,0.000919058057,0.000714751064,0.00122509511,0.000907911702,0.000575263709,0.00154900611,0.00109023209,0.000545325624,0.00109713467,0.00101862367,0.00139020433,0.001375786,0.000807156407,0.000761337482,0.00105534471,0.00123206406,0.000436790197,0.00057039335,0.000690153955,0.000779728248,0.000691562519,0.00038642328,0.00112359736,0.000881834292,0.000807428089,0.000851564931,0.000564446683,0.000815382874,0.000664539678,0.000829663353,0.000656254797,0.00132526776,0.000450450421,0.000648340021,0.00147843338,0.000989119642,0.00156107054,0.000913541062,0.000394295986,0.000517063037,0.000199084203,0.000701310628,0.000582789621,0.000657677454,0.000632190316,0.000784826184,0.000546671745,0.00151655108,0.00099820724,0.000425587229
0.000285857312,0.000690078243,0.000802099817,0.000997008043,0.000666468965,0.000928173451,0.000995803218,0.00270640931,0.000861635895,0.000497088081,0.000494106146,0.00068473362,0.00110782738,0.000811807676,0.00169622866,0.000746375585,0.000728491459,0.000732278721,0.000587242244,0.000699203394,0.00057277906,0.00088339264,0.000971308484,0.000997284688,0.000690407016,0.0005019,0.000467827513,0.00103206665,0.000624586331,0.000931566746,0.000911703233,0.000711717771,0.000775685853,0.000780843138,0.000865619762,0.000787683206,0.0008985693,0.000720609502,0.000854192635,0.000840100633,0.000914978263,0.000996156895,0.000536441799,0.000856837343,0.000347753313,0.000930365699,0.000719010821,0.000607208569,0.000986336553,0.000849617962,0.00107442082,0.000955414222,0.00155984305,0.00112288705,0.000694493156,0.00176563849,0.00116459599,0.000879661744,0.00124919671,0.000948006421,0.00123847446,0.00183123108,0.00103336107,0.000726585422,0.00130465472,0.00106614958,0.000443292454,0.000662299948,0.000863495808,0.000841867636,0.000576036408,0.000489647142,0.00118816351,0.000997934938,0.000913742495,0.000788248138,0.000506182729,0.000891529688,0.00066084156,0.000968925121,0.000609931674,0.0014886505,0.000491124874,0.000524219356,0.00121135878,0.00102279303,0.00148472847,0.000851124326,0.000503560691,0.000778927046,0.000289435662,0.000685871652,0.000676012094,0.000646087567,0.000691754461,0.00086411818,0.000740302426,0.00167773238,0.000896520279,0.000393898488
0.000385237611,0.000667444839,0.000946670599,0.00100525847,0.000794976069,0.00131416115,0.00109059766,0.00276689938,0.00109366481,0.000458049924,0.000766517806,0.000740856202,0.00120598382,0.00103759404,0.0016907074,0.000776276069,0.000859709917,0.000630517084,0.000642261163,0.00082489681,0.000889059655,0.000951873823,0.00114341684,0.00119904193,0.000511690416,0.000389529645,0.000659169815,0.00104,0.000675944363,0.000928289131,0.0010652875,0.000811621118,0.000761615536,0.000519003931,0.000710570276,0.000856697476,0.000971628029,0.000858784782,0.00101288214,0.000758208039,0.000943467389,0.0010678063,0.000622276691,0.000889197675,0.000377158775,0.000689021844,0.00101546701,0.000733810571,0.00118896712,0.000765873466,0.00100479139,0.0011129882,0.00164172368,0.00128719552,0.000939779024,0.0015995634,0.00153716015,0.000798965694,0.0013199783,0.00114065506,0.00155118886,0.00224245978,0.00104174993,0.000862272501,0.00141815707,0.00127028462,0.000739480888,0.000797574712,0.00108350831,0.000913033067,0.000704667766,0.000603454663,0.00149534602,0.000823353424,0.000820440561,0.000847197217,0.000826056093,0.000881693072,0.000879857498,0.00097269054,0.000885978181,0.00181627536,0.000609709652,0.000529700802,0.00117798926,0.00111066981,0.00160243633,0.00106935589,0.0005447474,0.00076899474,0.000549667009,0.000694443955,0.000577145141,0.000818522023,0.000749625316,0.000779727464,0.000560762589,0.00173597424,0.00102249569,0.00038672733
0.000630675697,0.000998547697,0.00120347212,0.00109964504,0.000953452902,0.00135352225,0.00110581826,0.0029792332,0.00101137783,0.000584258521,0.000838925475,0.00089202196,0.00118744004,0.00144470666,0.00172771279,0.00101893638,0.00118503519,0.000596709563,0.000966184765,0.00122388905,0.00105440672,0.00099271926,0.00117604462,0.00132286459,0.000470487542,0.000508344138,0.000700162552,0.00096576028,0.000651720508,0.00121797624,0.000993541546,0.000928709969,0.00066750154,0.000568529171,0.000688649063,0.000682012224,0.00109170367,0.000771040952,0.0011963852,0.00091006836,0.000953406495,0.00141395744,0.000636996383,0.00118203453,0.000408696726,0.000782923863,0.00137303743,0.00080321238,0.00125302419,0.000675391095,0.0010930803,0.00125965617,0.00155071428,0.00148392312,0.000868557826,0.0016179849,0.00163043333,0.000711118512,0.00145100728,0.00102537762,0.00142970411,0.00290350101,0.000778681443,0.00093489802,0.00150214575,0.00121407222,0.00104991142,0.000917190623,0.00138760295,0.000918502403,0.000643776862,0.00082494549,0.00190151691,0.000975767295,0.00108868552,0.00092367086,0.00106509956,0.000947132985,0.00131567414,0.00155177915,0.00116725063,0.00176382416,0.00078870932,0.000823655312,0.00152867295,0.000866475853,0.0015938847,0.000953486749,0.000678655688,0.000837451555,0.000682244606,0.000892220154,0.000799999456,0.000901751249,0.000864696636,0.000684990366,0.000520923505,0.001693296,0.00110737114,0.000335795894
0.000947142489,0.00126903474,0.00124988475,0.000914244007,0.000945894791,0.00156106533,0.00111389478,0.00303851804,0.00108273946,0.000811688223,0.001018046,0.00114458258,0.00133984193,0.00166777747,0.00146033361,0.00119959518,0.00108725239,0.000737395584,0.000913549201,0.00166944715,0.00142123538,0.00107662021,0.00139151097,0.00134259149,0.000553659277,0.000734080448,0.00108324192,0.000815269721,0.000709957715,0.00113081181,0.000985839768,0.000909264755,0.000633026563,0.000856651906,0.000541467319,0.000836197868,0.00140602376,0.000618975698,0.00129434332,0.000806018064,0.00121315683,0.00169552128,0.000874285584,0.00124723019,0.000353356622,0.000660793293,0.00141723205,0.000979659874,0.00140278495,0.000740740628,0.00118278576,0.00160080512,0.00135587215,0.00152493701,0.0013590649,0.00148107083,0.00158185013,0.000874447649,0.00133986489,0.00110456499,0.0018001026,0.0025560824,0.000664831412,0.000920300772,0.00162669526,0.00136700156,0.000960029279,0.000944020517,0.00154784939,0.00100861817,0.000701655574,0.000891265598,0.00210154716,0.00106044555,0.000992690108,0.0010923985,0.00101804589,0.000699039813,0.00142504364,0.00178444091,0.00148769279,0.00190803226,0.000932172771,0.000713139411,0.00187785043,0.00111524135,0.00166444743,0.000991616458,0.000827206305,0.000907193974,0.000918695401,0.00104742024,0.00105272788,0.00130390337,0.000757103308,0.000421112102,0.000568450776,0.00140950958,0.000931620024,0.000455290309
0.00150905529,0.00146320986,0.00119916005,0.00107579534,0.000812015937,0.00158321732,0.00101224991,0.00320609039,0.00126054533,0.00116788296,0.00111777361,0.00145115982,0.00124287839,0.0015565034,0.00143325011,0.0009953208,0.00136147081,0.000996314273,0.00098999538,0.00186371001,0.00152544067,0.00141009551,0.00139649941,0.00165662707,0.000495637374,0.000700490004,0.00143507484,0.00109432102,0.000821439968,0.00120505049,0.000958681781,0.000982117678,0.000681729126,0.000921472327,0.00058588033,0.000606732351,0.00159667175,0.000770267993,0.0017080789,0.000979336074,0.00115852457,0.00143898662,0.001238482,0.00115253393,0.000573668062,0.000567752158,0.00185203743,0.00121346749,0.001715437,0.000505155131,0.000894454559,0.00174930021,0.00157433713,0.00141174235,0.00132013239,0.00130012961,0.00107004064,0.00100030015,0.00132545087,0.00118811956,0.00165304662,0.00318046067,0.000813671044,0.00107917158,0.0014986506,0.00138986601,0.00102430419,0.00102616749,0.00195388876,0.000893832952,0.000662182466,0.00116132812,0.00247763496,0.00138742727,0.00130991707,0.00127927507,0.000886874211,0.000906894687,0.00154862849,0.00203508095,0.0011653881,0.00138703158,0.00109284404,0.000725830373,0.00180083138,0.00104717234,0.00150150268,0.000977420794,0.000804829664,0.00103754908,0.0009994994,0.000925262393,0.00128623687,0.00131725383,0.000678359864,0.000566192058,0.000508905168,0.00151945311,0.00110131958,0.000586509954
0.00175112068,0.00225301586,0.00107619123,0.00126355432,0.000870984656,0.00160085576,0.00110963021,0.00439169228,0.00114273427,0.0012894252,0.00120284286,0.00124096468,0.00134228272,0.00199512109,0.00135115318,0.0012235322,0.00150711979,0.00115704402,0.00105849878,0.00232006573,0.00164928945,0.00152519447,0.0017271146,0.00167821706,0.000530392284,0.00118957274,0.0015183602,0.00106885584,0.000777085326,0.00133676219,0.00103157025,0.00144411905,0.000834808707,0.000881928608,0.000940931457,0.000976031805,0.00143428527,0.000836992233,0.00179191946,0.000847905672,0.00129038848,0.00175040956,0.00201484996,0.00130591101,0.000769861577,0.000814333793,0.00156092971,0.00108683925,0.00160239033,0.000329018956,0.00107504061,0.00157437788,0.00135670804,0.00121525937,0.00144648321,0.00117697677,0.0012477937,0.000978901834,0.00189014486,0.000745473014,0.00145942737,0.00323026136,0.000665777973,0.00104931916,0.00178629158,0.00130647708,0.00120192212,0.00105731932,0.00228215597,0.00117949663,0.000717755723,0.00136640588,0.00239104835,0.0021963394,0.00138251695,0.00105965977,0.0011658699,0.00118521705,0.00144782273,0.00225840245,0.00140201428,0.000992718274,0.00102659055,0.000788311181,0.00240133296,0.000914275436,0.00133659918,0.000958365374,0.000984680371,0.00143160293,0.00106112015,0.000993158876,0.00169133051,0.00142278608,0.000841573557,0.000614454799,0.000546625139,0.00134335749,0.00129087498,0.000634583525
0.00214158449,0.00305791733,0.00137362737,0.0013545568,0.00104130798,0.0019490945,0.000942727825,0.00493107184,0.0010923002,0.00165569377,0.00128805562,0.00134251816,0.00179490105,0.00137068175,0.00164280223,0.000983339997,0.00154082825,0.00213770955,0.00118217129,0.00235771164,0.00155333228,0.00169090287,0.00183935925,0.00197284466,0.000567859664,0.00151638569,0.00206469392,0.000908759288,0.00108774684,0.00153660041,0.0013188235,0.00165778407,0.000898168258,0.000940734708,0.0010211032,0.00128025887,0.00140253038,0.00101328321,0.0021309321,0.000916273829,0.001156639,0.00166057576,0.00215908863,0.00146301344,0.000934373574,0.0010952895,0.00169491305,0.0010498061,0.00176651234,0.000588094858,0.0012279262,0.00186523656,0.00112930877,0.00114338026,0.00162356678,0.00137174366,0.00121238883,0.0013120248,0.00151994119,0.000686970632,0.00104789002,0.00294293805,0.000847454808,0.00122699615,0.00162904279,0.00135789422,0.00128082083,0.000775932551,0.00215803179,0.000804783041,0.000540409175,0.00165998982,0.00268471981,0.0020849343,0.00114104253,0.0016093821,0.00113572012,0.00137174422,0.00145331041,0.0028460802,0.00139571265,0.00094921586,0.000989883317,0.00118805186,0.00290893342,0.00110017489,0.00148121625,0.00114810819,0.00105758103,0.00176396693,0.00100637151,0.000946071917,0.00148063566,0.0015408361,0.00103282255,0.000606719633,0.000471088236,0.00116198008,0.00160661249,0.000566444584
0.00266164569,0.00314702752,0.00135368295,0.00156100118,0.000667150863,0.00207139988,0.00101381358,0.00577496162,0.00104178517,0.00217864605,0.00161430404,0.000998751644,0.00219950577,0.00146180121,0.00162297152,0.00155492335,0.00134048271,0.00247345297,0.00137620022,0.00232504097,0.0014783778,0.00192400219,0.0019354825,0.00200803259,0.00072367635,0.0023399921,0.00229528165,0.00098193155,0.00127404816,0.00197950956,0.00128760529,0.00164348593,0.00059227517,0.00113150741,0.00250365915,0.00136324147,0.00126276779,0.0011425179,0.00238933976,0.000859213597,0.0012112732,0.00140679896,0.00265220284,0.00138017916,0.00100236032,0.00154412726,0.00148463691,0.00100112767,0.00221076088,0.000753959236,0.00163295915,0.00244054812,0.00143506454,0.00146932883,0.00137758337,0.0012178804,0.00140713042,0.00102210446,0.00207792116,0.000615460336,0.000997010119,0.00303452046,0.000914794796,0.00113297754,0.00117690692,0.00158207839,0.00137614766,0.000705942095,0.00229898841,0.000863450103,0.000959571445,0.00153978843,0.00300487736,0.0024404444,0.00120023453,0.00182348849,0.00108998148,0.00195622622,0.00167915718,0.00296682228,0.00137658493,0.00114271121,0.00104383942,0.0013823794,0.00286670518,0.00143534886,0.00155492467,0.00123716128,0.000930060552,0.0020200775,0.00107207074,0.00176012303,0.00146592094,0.00192356882,0.000992431599,0.00106143233,0.000762773764,0.000992680533,0.00158208635,0.000601830233
0.00292927695,0.00318091336,0.00154898478,0.00152168339,0.000707393914,0.00213564536,0.000949926598,0.00751979308,0.001338204,0.00284989677,0.00144622516,0.00145965877,0.00307250596,0.00174637178,0.00157583925,0.00166688825,0.00105120154,0.00294607137,0.00104876826,0.00246305681,0.0013278423,0.00218565098,0.00188526706,0.00200588612,0.000635484863,0.00268997876,0.00217477064,0.000907821981,0.0014067499,0.00229913276,0.00141242975,0.00132784095,0.000744233222,0.00134354286,0.00264725467,0.00139220368,0.00121051078,0.00145128688,0.0023197272,0.000905330033,0.00122910961,0.000991201638,0.00265017684,0.00160599461,0.00119317004,0.00139029176,0.00200636643,0.00106326348,0.00192802102,0.00133422224,0.00188476105,0.00329207106,0.00140073909,0.00157936609,0.001463154,0.00191473375,0.00197799938,0.00122933698,0.00277123407,0.000659455071,0.000944622551,0.00277704189,0.00125017228,0.0013219191,0.000910986038,0.00171538413,0.00132562086,0.00060926052,0.00244943688,0.00145291313,0.000813889638,0.00171165756,0.0026560398,0.00227384751,0.00115885814,0.00182102239,0.00116399491,0.00221845187,0.00151389769,0.00302522561,0.00141188341,0.00121523243,0.00147456182,0.00161498852,0.00292100196,0.00187846331,0.00123875269,0.00131735036,0.000727127208,0.00241388215,0.00100743156,0.0019755022,0.0014358437,0.00248756465,0.000999998369,0.000867299953,0.00107109405,0.00142968176,0.00117846837,0.000891492319
0.00302755489,0.00302198302,0.0014870908,0.00198991508,0.000742640941,0.00238549597,0.00102085337,0.00839477847,0.00141352258,0.00434496794,0.00166181959,0.00156294588,0.00365336776,0.00191652722,0.00178253178,0.00181412422,0.00111329631,0.00286494513,0.00125034436,0.00201980627,0.000783586066,0.00297742988,0.00196933864,0.00211984383,0.00107570407,0.00359867863,0.00222345603,0.000893124059,0.00184083953,0.00229152902,0.00233796522,0.00140115016,0.000894915198,0.00184397149,0.00347849857,0.00133090451,0.00113880648,0.00167965285,0.00266068754,0.000948892389,0.00102327951,0.0009128841,0.0025431673,0.00149657856,0.00168645312,0.00149680267,0.0019937988,0.00154191407,0.00228494782,0.00177936241,0.00258361076,0.00339664976,0.00146979923,0.00124154919,0.00167504451,0.00243572552,0.0037342192,0.00131348779,0.00337062772,0.000835535596,0.000991326697,0.00204054353,0.00131906697,0.00126869663,0.00111343264,0.00176522299,0.00130718856,0.00121584842,0.00233769982,0.00153054012,0.00115807839,0.00211446053,0.00253807038,0.00213178352,0.00109590661,0.00180279997,0.00095510876,0.00221452915,0.00117785607,0.00432277266,0.00189496733,0.00141843957,0.00167936714,0.00172627959,0.0033001076,0.00214396616,0.00116025097,0.00111856758,0.000771606246,0.00272460443,0.00106185325,0.00221637151,0.00180380213,0.00213927333,0.00115640105,0.00107461209,0.00113603983,0.00162711598,0.00152777917,0.000815219869
0.00326953908,0.00344827669,0.00183771889,0.00214562624,0.0010521894,0.00219391554,0.00154679098,0.0111475157,0.00162272492,0.0054830656,0.00181950297,0.00185707697,0.00475898305,0.00184801891,0.00186486556,0.00163180602,0.00133258355,0.00274170072,0.00132119947,0.00169744945,0.000675473366,0.00344726088,0.00218276941,0.00237247981,0.00141362767,0.00397371632,0.00235571025,0.000945479681,0.00220686183,0.00254487297,0.00245198125,0.0014777593,0.00105401729,0.00210748114,0.0039958612,0.00153553883,0.00106952045,0.00230221789,0.00305696163,0.000992487388,0.000864934901,0.000962465378,0.00237297776,0.00197238678,0.00157142891,0.00203458901,0.00183823443,0.00159097421,0.00210202091,0.00263593915,0.00273389854,0.00286491617,0.00126814277,0.00203844182,0.0016195508,0.00296819918,0.00499258361,0.00107675459,0.00445619165,0.000877577705,0.000912050561,0.00210408136,0.0012341843,0.00126404324,0.00102219602,0.00163220703,0.00176366596,0.000894988668,0.00181513796,0.00175978779,0.00107543066,0.00238095637,0.00297748785,0.00231639015,0.00140036226,0.00187671635,0.000992201989,0.00222882081,0.00168118523,0.00499428936,0.00202957695,0.00179452835,0.00148487939,0.00196021355,0.00339223588,0.0022512524,0.00156494542,0.000883651095,0.000968851166,0.00289446315,0.00112438379,0.00204588788,0.00203488585,0.00280855542,0.00138996036,0.00145914228,0.00162625885,0.00155940295,0.00159420314,0.001001
0.00264287987,0.00284218548,0.00161907994,0.00239339253,0.00109681252,0.00187687561,0.00162153218,0.0116315569,0.00172289864,0.00659681651,0.00174189555,0.00177524145,0.00501033376,0.00250039189,0.00192992747,0.00171526301,0.00119724836,0.00256875201,0.00155231218,0.00176703704,0.000633311921,0.00478838507,0.00134831582,0.00267927109,0.00190783737,0.00400527003,0.00233281426,0.00116047452,0.00212217524,0.00241271331,0.00229225944,0.00152462113,0.00122749325,0.00298976678,0.00385886702,0.00151699018,0.00140666883,0.0024038514,0.00305307782,0.00103184232,0.000902401163,0.00116076805,0.00205007942,0.00256533201,0.00173506302,0.00216149155,0.00175354485,0.00148721005,0.0016119596,0.00338050612,0.00288739744,0.00300102038,0.00205791476,0.00229427916,0.00140252366,0.00347581766,0.00574630518,0.00114416303,0.00539425253,0.00107858016,0.0010985994,0.0017398837,0.00127693633,0.00103581116,0.000920952265,0.0010612242,0.00192933464,0.00108258532,0.002121744,0.00182899196,0.00175859162,0.00377358619,0.00396944595,0.00274339188,0.00133471815,0.00162914344,0.00147907007,0.00204338071,0.00126622326,0.00579382915,0.00183261666,0.00206415077,0.00160659575,0.00199111753,0.00405007392,0.00237943794,0.00160140036,0.000612463978,0.00100510194,0.0031936497,0.00160419983,0.00181653401,0.00191365119,0.00307145133,0.00177591435,0.0015603301,0.00211201744,0.00147841987,0.00217898799,0.00128632006
0.00242887061,0.00297301071,0.00185213955,0.00276738883,0.00122963225,0.00170199657,0.00200000333,0.0116872397,0.00152601959,0.00709693328,0.00203857685,0.00202461926,0.0059288513,0.00261737385,0.00139707963,0.00164690008,0.00172928888,0.00220750439,0.0013177428,0.00154798576,0.00100150291,0.00546671273,0.00138717762,0.00328785708,0.00168247228,0.00551511011,0.00276377699,0.00121844734,0.00171232732,0.0022358057,0.00232105174,0.00126662476,0.000985914837,0.00360006231,0.00405159176,0.00189543589,0.00161574608,0.00233750889,0.00377296376,0.00107825242,0.00101170965,0.00105437493,0.00256681324,0.00310819996,0.00145231501,0.00194931508,0.00195727093,0.00137909773,0.00182648437,0.00384427011,0.00264812692,0.00308921052,0.00247869955,0.00239615905,0.00194143309,0.00395287152,0.00799407556,0.00153872079,0.00577176643,0.0011328662,0.000931499825,0.00148964819,0.000996510701,0.00123781591,0.000964319846,0.00159342552,0.00188670101,0.0014485767,0.00273389746,0.00221204083,0.00188401025,0.00451189914,0.00415946816,0.00249486387,0.00123437517,0.00152951928,0.00153515732,0.00203114366,0.00178687345,0.00681431607,0.00128762447,0.00231749968,0.00129571166,0.00253887409,0.00435323868,0.00216666653,0.00212927872,0.00111146607,0.00113839615,0.00308742557,0.00164645917,0.00172117114,0.00231555062,0.00418761022,0.00169262006,0.00164503803,0.00249758209,0.00156226021,0.00261437863,0.00166270797
0.00217706661,0.00320111663,0.00209171127,0.00310462527,0.00136414706,0.00174992172,0.00317814912,0.0127322874,0.00206808911,0.00737227356,0.00265316307,0.00243738427,0.00671438681,0.00292649374,0.000953286392,0.00204987558,0.00182209444,0.00179386904,0.00137127235,0.00161018514,0.00156494595,0.00639084413,0.00159058169,0.0036319638,0.00188738395,0.00664726067,0.00265076602,0.00126125982,0.00222930254,0.00171499941,0.00301763782,0.00114248421,0.000876168233,0.00440305185,0.00361134503,0.00165234695,0.00180968314,0.00245700359,0.00337545148,0.00142789429,0.00156366109,0.00092893885,0.00294345436,0.003195167,0.00170998627,0.0016849201,0.00258634996,0.00171687229,0.00157455951,0.00355510356,0.0027100318,0.00308593899,0.00226390769,0.00285481022,0.0025096189,0.00492173797,0.00989344734,0.00159151407,0.00805767258,0.00134839285,0.000901036621,0.000776999688,0.000856459301,0.000789015142,0.0013364493,0.00164530633,0.00224781446,0.00181848495,0.00280242389,0.00243072127,0.00273631493,0.00512604722,0.00466088019,0.00259107047,0.00161472758,0.00123380762,0.00190264766,0.00161812208,0.00212244879,0.00793776775,0.0013522641,0.00241546186,0.00133452059,0.00228720782,0.00523855433,0.0028099725,0.00219952617,0.00114867164,0.00100738738,0.00384808153,0.00168659841,0.00144555228,0.00233255368,0.00473484616,0.00194381012,0.00208491599,0.00271471014,0.00162153266,0.0034616679,0.00209846924
0.00296460825,0.00374740818,0.00216558066,0.00296950627,0.00140985253,0.00163079083,0.00413818637,0.0138839519,0.0024801606,0.00770110798,0.00270713463,0.00348917665,0.00834190873,0.00348588083,0.000974183903,0.00214707633,0.00189003278,0.00220863188,0.00204298933,0.0019920344,0.00253211119,0.00641927545,0.00181219221,0.00378514676,0.00179211652,0.00710227183,0.00223483074,0.00149114426,0.00229132406,0.0017628176,0.00419354853,0.00117666438,0.000898740823,0.00476106601,0.00316789571,0.0018923084,0.00259924683,0.00230268463,0.00317143843,0.00130017634,0.00145571428,0.00112287578,0.00302644055,0.00386968992,0.00214899523,0.00229034365,0.00236846294,0.00161160064,0.00162813199,0.00312663071,0.00318133586,0.00340082583,0.00183608719,0.00217938351,0.00273411127,0.00522501181,0.0103672101,0.00220507357,0.00969162793,0.00132041955,0.000945030213,0.00112143559,0.00123827917,0.000977994029,0.00137292025,0.00158786122,0.00199255418,0.0017102812,0.00242326401,0.00282017792,0.0027857494,0.00595131432,0.00477760198,0.00276025578,0.00183915603,0.00158178119,0.00261994969,0.00142884218,0.00247974942,0.0101886302,0.00175592902,0.00234361189,0.00136260017,0.00250962015,0.00572613539,0.00245812035,0.00294213576,0.000846453938,0.000868054425,0.00364330632,0.00199712579,0.00133377641,0.0025371819,0.00500776711,0.00145932049,0.00198294709,0.00299400573,0.00151362155,0.00535088134,0.00218230736
0.00359916931,0.00432018778,0.00189786329,0.00338395645,0.00137835912,0.00152387299,0.00484893764,0.0144805799,0.00256104009,0.00737819505,0.00259718298,0.00391528599,0.00987260645,0.00379559641,0.00134115897,0.00223713511,0.00229560577,0.00262146145,0.00211435769,0.00195280818,0.00242673538,0.00689840132,0.00168491976,0.00314756649,0.00200904012,0.00799926034,0.0024734948,0.00191424158,0.00285570991,0.00166556026,0.00471460493,0.00104058066,0.00107692198,0.00459128078,0.00332435222,0.00229520161,0.00262553547,0.00254098185,0.00347026827,0.00151184522,0.00182134835,0.00140635298,0.00292683091,0.00402487007,0.00188323973,0.00345078038,0.00215183683,0.00199037997,0.00186156501,0.00301739685,0.00235336433,0.00259698012,0.00205444565,0.00186219896,0.00369068677,0.00512775754,0.0104626459,0.00268301761,0.0122405508,0.00193441348,0.00114435209,0.001136367,0.00162630863,0.00148833946,0.00211789556,0.00144901396,0.00174720082,0.00193355743,0.00275965675,0.00286871653,0.00300687321,0.00563354554,0.00544217294,0.00323782011,0.00208876968,0.00256286562,0.00315300717,0.00149640813,0.00261206305,0.0107394562,0.00145164006,0.00187829063,0.00170252611,0.00217846227,0.00591361251,0.00263454769,0.00349127415,0.00121107223,0.00125358014,0.00356442692,0.00319045334,0.00101505661,0.00326975276,0.00541580498,0.00111337778,0.00226710841,0.0033339174,0.00223483002,0.00650759598,0.00262237873
0.0043697781,0.00422955605,0.0019600876,0.00340078075,0.00177999104,0.00121295956,0.00514677562,0.0147821077,0.00279183677,0.00750428409,0.0027383214,0.00459475077,0.0112171067,0.00331942208,0.00202258705,0.00231570897,0.00188577895,0.00263588293,0.00265654134,0.00259457659,0.0027058349,0.00703838388,0.00224680328,0.0028371462,0.00241088475,0.00951112981,0.00256880437,0.00203409238,0.00309065667,0.00225342074,0.00596177343,0.00124955583,0.00112287607,0.00438916731,0.00359778543,0.00253164798,0.00320242763,0.00243043642,0.00417313541,0.00155655603,0.00194710741,0.00178237696,0.00294117846,0.00457221991,0.00216877153,0.00453257283,0.00274724935,0.00187074736,0.00174003979,0.00273472863,0.00279798334,0.00298408215,0.00214056267,0.0020422064,0.00379129916,0.0049194966,0.0104342012,0.00255955499,0.015038232,0.00191277873,0.00118865677,0.00132868067,0.00176056236,0.00153688543,0.00240513166,0.00266691167,0.00199853319,0.00178667057,0.00258442497,0.00275901017,0.00336033274,0.0040183812,0.00449204925,0.00354729975,0.00180538163,0.00261224228,0.00332612387,0.00219389847,0.00271785805,0.0113448246,0.00149225804,0.00305868953,0.0016053912,0.00243506269,0.00625882633,0.0025867045,0.00341355549,0.00141292699,0.00127713815,0.00291598603,0.00326687281,0.00137009625,0.00299457329,0.00627127046,0.000961909752,0.00304811989,0.00324149335,0.00210896378,0.00696508094,0.00266240981
0.00477042135,0.00536282858,0.00180897351,0.00403438028,0.00256551293,0.00122915001,0.00565521957,0.015530601,0.0024778735,0.00743820341,0.00323483012,0.00466766915,0.0119841867,0.00344168705,0.00241587786,0.00188380099,0.00220791585,0.00261096426,0.00271160209,0.00250778642,0.00257885046,0.0067630238,0.00282187175,0.0024752482,0.00236096134,0.0114199904,0.00225098485,0.00186861055,0.00252569511,0.00177557017,0.00641965673,0.00146199036,0.0016520698,0.00414976457,0.00344378089,0.00240295968,0.00366620321,0.00197289529,0.00451897948,0.00177620089,0.00174534132,0.00162476531,0.00260628896,0.00571849351,0.00282714442,0.00456013609,0.00331303428,0.00165476474,0.00162366998,0.00306919667,0.00246026031,0.00354969383,0.00198771003,0.00276529619,0.00339104027,0.00409388772,0.00851285264,0.00279832084,0.0163133345,0.00217047595,0.00176709695,0.00167195894,0.00256459223,0.00190344154,0.0019752184,0.00327899275,0.00207057198,0.00220385735,0.00322119,0.0026251235,0.00323992867,0.00431457236,0.00405715665,0.00334388696,0.00146172057,0.0033305573,0.00372312608,0.00225660905,0.00238460885,0.00952301197,0.00191240896,0.00269542143,0.00147564964,0.00238707262,0.0069885605,0.00280247397,0.00330032964,0.00126857572,0.00112549133,0.00277726428,0.00426766731,0.00141517667,0.00315705861,0.00650678614,0.000780336504,0.00380058555,0.00390057951,0.00233141993,0.00749951331,0.00291971369
0.00465899573,0.0056808584,0.00162454836,0.00393208057,0.00301488015,0.00123326068,0.00618022079,0.016045066,0.00303246579,0.00695550006,0.00348338333,0.0067377944,0.0118835606,0.00327489837,0.0025156164,0.00256042491,0.00276497743,0.00286040669,0.00339806058,0.00281393023,0.00250551389,0.0055913567,0.00322580097,0.00303317325,0.00276194381,0.0121496523,0.00266565267,0.00177060585,0.0024167564,0.00218698764,0.00960441401,0.00131307332,0.0020301121,0.00355273282,0.00451297693,0.00285931773,0.00412556372,0.00175531012,0.00507184936,0.00236063003,0.00176737919,0.00204081553,0.00297865399,0.00566499006,0.00272479802,0.0045657705,0.00365096727,0.00172132279,0.00139043249,0.0029157238,0.00307043073,0.00426839601,0.0020332739,0.00338741313,0.00363570145,0.0042584696,0.00767172044,0.00267599663,0.0176338387,0.00246103107,0.0018251498,0.00169033016,0.00335057007,0.00210600105,0.00240213451,0.00409289784,0.00223713225,0.00231436819,0.0028927836,0.00281560639,0.00310448973,0.00341776781,0.00366726795,0.00401533093,0.00186358741,0.00355330134,0.00409346727,0.00258009338,0.00213894827,0.0102704542,0.00250192516,0.00272904749,0.0019986732,0.00241142499,0.00708501478,0.00320263685,0.00386847732,0.00131208832,0.00154619146,0.00266869677,0.0040301766,0.00178412156,0.00323624391,0.00655893658,0.00119545765,0.00342622372,0.00475842001,0.00271051576,0.00764671878,0.00279121636
0.00516795857,0.00539106903,0.00161030577,0.00445454276,0.0027084531,0.00123959541,0.00732301859,0.0168154586,0.00270904386,0.0069303271,0.00254037289,0.0064090666,0.0124126114,0.00327426505,0.00270075479,0.00323185841,0.00314116869,0.00253757671,0.00297619452,0.00251843705,0.00204540926,0.00399999451,0.00291173987,0.00324427269,0.00301149646,0.012416827,0.00249567907,0.00176574524,0.00226326195,0.00259403106,0.0113859465,0.00229840723,0.00224952104,0.00340909159,0.00473933044,0.00311769392,0.00389972472,0.00162191641,0.00538560272,0.00329127842,0.00162615303,0.00220264331,0.00293476676,0.00724638038,0.00276831378,0.00457376127,0.00356489984,0.00175018558,0.00152934344,0.00284252748,0.00312988726,0.00378722981,0.00112296698,0.00347095659,0.00330457237,0.00495142214,0.0073246684,0.00319080925,0.0172220191,0.00228737403,0.0018878595,0.0018200717,0.00493421503,0.00232142502,0.00306583082,0.00400860658,0.00211285088,0.00316581029,0.00255008754,0.00253092245,0.0030340885,0.00264496501,0.00324499538,0.00282486212,0.00204727446,0.00387931548,0.00363888025,0.00260529654,0.00221126362,0.0103824214,0.00230017287,0.00273972802,0.00183363402,0.00223131346,0.00672143547,0.00317208402,0.0038869268,0.000958955856,0.00197005829,0.00351151521,0.00497468934,0.00162984602,0.0036938211,0.00802397439,0.00179354514,0.00424929173,0.0050251254,0.00293416088,0.00804419453,0.00262614942
0.00574250396,0.00544699567,0.00125853681,0.00454546287,0.0026310677,0.00107161925,0.00742522148,0.0172122667,0.00255614326,0.00846479776,0.00292077276,0.00648147433,0.0136925323,0.00291318347,0.00256128424,0.00339991703,0.00296626007,0.00236826132,0.00220883451,0.00274725384,0.00231969011,0.0036218079,0.00304934861,0.00287521618,0.00260416854,0.011879738,0.00233781602,0.001780768,0.00228310391,0.0028000778,0.0129909288,0.00233372392,0.00244115221,0.00286532782,0.00571374689,0.00335570111,0.00354477092,0.00163457997,0.00555555901,0.00497420502,0.00173400204,0.00237610593,0.00272247974,0.00755960676,0.00256520227,0.00434610483,0.00195712863,0.0014118979,0.00165692073,0.00331628053,0.00335437759,0.00318745498,0.00133510966,0.00312500534,0.00283674724,0.00521129192,0.00619602426,0.00325168147,0.0173453955,0.0021312884,0.00259965495,0.00201471791,0.0071788909,0.00253164836,0.00309935856,0.0051173942,0.00268714082,0.00294775104,0.00313017396,0.00283651159,0.00321026703,0.00285189577,0.00399419043,0.00213675097,0.0018511674,0.00452288825,0.0039138885,0.00261723143,0.002175732,0.00909089418,0.00210204501,0.00259170601,0.0022225971,0.00226116231,0.00722433054,0.00274887089,0.00442638072,0.0011804046,0.0024,0.00312310977,0.00511644193,0.0022087213,0.0046102292,0.00884244264,0.00236452854,0.00408163029,0.00509625049,0.00245190229,0.00807234756,0.0024691398
0.00592078155,0.00564432209,0.00160313382,0.00502512925,0.00246499999,0.00162837008,0.00797648567,0.0209044156,0.00217904395,0.00895116249,0.00277008147,0.00631852669,0.0124436457,0.00311587243,0.00221565457,0.0034393765,0.00410524056,0.00221416988,0.00202388094,0.00296956308,0.00194342442,0.00430375122,0.00358220359,0.00302000248,0.00241546426,0.0104806225,0.00217822091,0.0023612748,0.00221116772,0.00342988407,0.0141691893,0.00274509794,0.00267141194,0.00344761392,0.00579114382,0.00198767573,0.0036827207,0.00243811046,0.00539529139,0.00647279119,0.00120877267,0.00270682006,0.00205233627,0.00887516825,0.00308248345,0.00411200552,0.00198487673,0.00134512091,0.00167751962,0.00337186593,0.0047234825,0.00319571171,0.00175029338,0.00345213572,0.0028341602,0.00592394459,0.0055683485,0.0043383971,0.016572513,0.00192307629,0.00267486122,0.00185873184,0.00882179577,0.00289719911,0.00274675026,0.00482348299,0.0031847132,0.00341332399,0.00279589917,0.00349405706,0.00353708811,0.00227178602,0.00405081628,0.00195312782,0.00111982183,0.00478894109,0.00381471791,0.00261267202,0.0019811761,0.0101986911,0.00243856506,0.00280168056,0.00246870159,0.0018807608,0.00616688537,0.00252329016,0.00428910365,0.00162733636,0.00183748504,0.00295135556,0.00523049677,0.00241815722,0.00464723524,0.0104722786,0.00252869426,0.00485554609,0.00425883691,0.00297447623,0.00716952023,0.00286369351
0.00525358737,0.00565762463,0.00141843947,0.00532709524,0.00228627956,0.00145931896,0.00828201201,0.0221258105,0.00185631973,0.00794439043,0.00258875457,0.00737599706,0.012566009,0.0035176849,0.00204803496,0.00301984535,0.00449102195,0.00201491287,0.00224902599,0.00365579467,0.00176756667,0.00484120917,0.00323440312,0.003051683,0.00206650486,0.0107278052,0.0015869841,0.00217822098,0.00205032454,0.00268610974,0.0138015804,0.00293772126,0.00305480902,0.0028631382,0.0055980627,0.00220088044,0.0036245716,0.00286477424,0.00454545416,0.0072092522,0.00052640798,0.00220525411,0.0018968812,0.0094067918,0.00318471113,0.0035163074,0.00144871433,0.00156250289,0.0017889095,0.00360905086,0.00416501382,0.00334018979,0.00174995113,0.00357143082,0.00289179049,0.00614394548,0.00498562202,0.0055798642,0.0154850934,0.00150602532,0.00281860081,0.00187970014,0.00983090144,0.00320875157,0.0028684111,0.00538747849,0.0038492708,0.00306489438,0.00264350687,0.00407702775,0.0035832468,0.00187148847,0.00423027098,0.00220353014,0.00186184981,0.00472370905,0.00361446329,0.00269512623,0.00237627213,0.00965665496,0.00245237147,0.00221061127,0.00267904896,0.0016857096,0.00638381005,0.00211701593,0.00449788433,0.00145954869,0.00204332153,0.00274669494,0.00572450768,0.00244591006,0.00569860648,0.0140245118,0.00290023364,0.00488400147,0.00462259796,0.00304518744,0.00708799747,0.0023081378
0.00529893968,0.00513898831,0.0015881395,0.00484422583,0.00152376899,0.0016694482,0.00861706379,0.0221648615,0.00151171221,0.00807737866,0.00313075472,0.00842281115,0.0124907478,0.00338780738,0.00217145227,0.00290760462,0.005393646,0.00222897523,0.00182778189,0.00477706976,0.00180627841,0.005457682,0.00366441113,0.00285931798,0.00224972261,0.010034155,0.00179140392,0.00219736116,0.00214112776,0.00230061581,0.0154913706,0.00274617395,0.00286328037,0.00328629128,0.00530430515,0.00221863469,0.00348634802,0.00248899265,0.0043994796,0.0083462655,0.000522284203,0.00268321907,0.00156033091,0.00936365896,0.0029215323,0.00465116066,0.00156433402,0.00177130604,0.00261411894,0.00361257497,0.00415676866,0.00246430742,0.00213633367,0.00429907175,0.0028858665,0.0076699069,0.00382775482,0.00598997884,0.0126955333,0.00149957254,0.0034322652,0.00170863219,0.0110628103,0.00432086581,0.00289383458,0.00501463266,0.00412796887,0.00349946626,0.00190548916,0.00448817065,0.00333580283,0.00168385553,0.00560662228,0.00161063307,0.00223588692,0.00461648217,0.00386792043,0.00363825308,0.00194269373,0.0118258384,0.00300019054,0.0022066212,0.00309372393,0.00149476864,0.0051834134,0.00226628661,0.00618406808,0.00169025791,0.0028653254,0.00248138999,0.00606060711,0.00263157921,0.00645564436,0.0166420668,0.0033981453,0.00506511521,0.00441752114,0.00327251134,0.00918790353,0.00233644703
0.00400078216,0.0051005876,0.00159772458,0.00480491976,0.00164575167,0.00311850152,0.00854344254,0.023243263,0.00153256703,0.00776366902,0.00278344792,0.0102726951,0.0130068871,0.00304630495,0.00209444101,0.00312163479,0.00527046872,0.00223850038,0.00164237536,0.00642817203,0.00184928125,0.00517043785,0.0038189756,0.0021917277,0.00185977136,0.00764169321,0.0024713339,0.00219912106,0.00234301407,0.00247855344,0.016470302,0.00314156948,0.00306693204,0.00388500098,0.00451043449,0.0022199796,0.00389180478,0.0025228044,0.0040992632,0.0106983082,0.000689062338,0.00332834146,0.00158060799,0.0109294845,0.00237799572,0.00358180553,0.0016861725,0.00199561063,0.0029655987,0.00483425019,0.00393623394,0.00293623771,0.00237201529,0.0030360513,0.00223546828,0.00709564433,0.00290247423,0.00586153883,0.0129467885,0.0023712004,0.00304321327,0.00125493153,0.0117272954,0.00363060567,0.00235678169,0.00505363077,0.00464723336,0.00289823683,0.00231303412,0.00529411859,0.00299009971,0.00210128151,0.00562005578,0.00160998386,0.00147874459,0.00446667491,0.00425284461,0.00394190589,0.00194900504,0.0130778047,0.00317342155,0.00203624631,0.00258875483,0.00129870303,0.00450360032,0.00199430482,0.00632682391,0.00171269622,0.00290999761,0.00263638621,0.00650507548,0.00207351079,0.00793651127,0.0185304129,0.00398739283,0.00432380727,0.00387371851,0.00290873004,0.00978648339,0.00197316291
0.00469888062,0.00444744212,0.00196009136,0.0042315862,0.00162899693,0.00395142662,0.0086944617,0.0239281038,0.00133308032,0.00716303091,0.00273074958,0.0105666717,0.0144632152,0.00318602486,0.00289240159,0.00328111666,0.00470862435,0.00265468946,0.00183823236,0.00881497791,0.00209986158,0.00582951022,0.00379506356,0.00262646209,0.00148011188,0.00831202218,0.00245821286,0.00201653889,0.00234962473,0.00277777915,0.016850246,0.00332031572,0.00359065959,0.00392079686,0.00411676317,0.00224077945,0.00372257384,0.00255503111,0.00456672272,0.0131056827,0.00102862966,0.00328622962,0.00206718212,0.0115406332,0.00314465412,0.00388651373,0.00229403561,0.00179033248,0.00329968894,0.00565302462,0.00410637644,0.00402211713,0.00276844288,0.00264051105,0.00209285001,0.00770881892,0.00328820516,0.0054029749,0.0132886792,0.00278492116,0.00342465206,0.00143781554,0.0127874751,0.00382035264,0.00250850806,0.00521812709,0.00448910331,0.00268874906,0.00173913259,0.00581009317,0.00300243428,0.00229933023,0.00507099701,0.00119000375,0.0018178512,0.00466618381,0.00433754607,0.00474618468,0.00177447938,0.0128998942,0.00279850414,0.00225918987,0.00281689957,0.000751740192,0.00416836729,0.00236384133,0.00562801962,0.00171196026,0.00316714621,0.00241935461,0.00679370908,0.00244222973,0.00851107531,0.0187189105,0.00408845848,0.00532429809,0.00390396369,0.00282542822,0.00882236509,0.0023795377
0.00478194441,0.00362195168,0.00212502007,0.00366865054,0.0021982413,0.00578318023,0.00839016045,0.0243556306,0.00114657078,0.00724783025,0.00306472081,0.0108118349,0.0142630746,0.00280315264,0.00350603766,0.00363749675,0.00488897956,0.0026373541,0.00162667934,0.00857908853,0.00211864353,0.00565025327,0.00474743265,0.00165112476,0.00102573913,0.00857448687,0.00273330543,0.00241838207,0.00247194939,0.00324427628,0.0173595891,0.00389483875,0.00376884634,0.00500687258,0.00282965861,0.0018337413,0.00376520194,0.00239616939,0.0042957226,0.0125593236,0.00135501563,0.00349026191,0.00187681193,0.0116214225,0.00347981824,0.00385876783,0.00259740171,0.00215982902,0.00325359221,0.00599380923,0.00367646754,0.00376190847,0.00231660012,0.00267073547,0.00207979065,0.00972194528,0.00295799842,0.00613915502,0.0149321469,0.0027677258,0.00446881591,0.00177588278,0.0129188527,0.00374976904,0.0026785676,0.00581033651,0.00449198008,0.00224358982,0.00172380645,0.00572082381,0.00226244455,0.00270326305,0.00537933953,0.000986579807,0.00233981799,0.00511508879,0.00514037254,0.0062219507,0.00177105275,0.012748476,0.00273972355,0.00249687637,0.00251959862,0.00149981468,0.00341403196,0.00275298669,0.00633928196,0.00161952007,0.00314401863,0.00239330229,0.00673548453,0.00281109409,0.00836735425,0.0199472796,0.00497787817,0.00503114415,0.00474438339,0.0030266352,0.0086601646,0.00239760096
0.00386573735,0.00285618085,0.00245743495,0.00230193584,0.00298686016,0.0062811598,0.00783545019,0.0238200204,0.00133156083,0.00632485875,0.00340136113,0.0132861855,0.0148177645,0.0034714851,0.00342935105,0.00413308559,0.00559475682,0.00301306912,0.00142450023,0.0107649256,0.00211118777,0.00666666265,0.00477261026,0.00194552594,0.00148093442,0.00833508875,0.00276032606,0.00239568856,0.00292839807,0.00382702064,0.0173749705,0.00425861155,0.003035564,0.0048333032,0.00323808818,0.00185720339,0.00424956947,0.00242032829,0.00434087426,0.0131708588,0.00149625896,0.00378300107,0.00240674032,0.0118630554,0.00384615567,0.00404079297,0.0027838553,0.00288517001,0.00398557365,0.00519431019,0.00391083028,0.00370797298,0.00248044121,0.00258274275,0.00208688774,0.011571373,0.0023823727,0.00506413832,0.0146235297,0.00357292666,0.0049898156,0.00212577736,0.0126190495,0.00515184631,0.00229357619,0.00536842087,0.00432245716,0.00128177724,0.00265907449,0.00704340739,0.00227229645,0.00313021441,0.00489381389,0.00138312255,0.00302652637,0.00361714495,0.00570529047,0.00654785293,0.00192616757,0.0133285308,0.00349200877,0.00273856802,0.00325157882,0.00102861464,0.00314663775,0.00312086253,0.00646318798,0.00180582462,0.00324611203,0.00257885123,0.00745749772,0.00284145071,0.00920998532,0.0191457682,0.00564605924,0.00511865443,0.0042996318,0.00262149957,0.0100019988,0.00205296875
0.00374251347,0.00305886806,0.00241629101,0.0021113289,0.00254652024,0.00683142595,0.00685858817,0.023521506,0.00190006024,0.00474173392,0.0032321745,0.0130016874,0.0176616485,0.00273453475,0.00449219113,0.00612244911,0.00492144604,0.00289679171,0.00142334383,0.0133102946,0.00188679147,0.00613861765,0.00541483744,0.00257987514,0.00128605446,0.00806619881,0.0028312514,0.00177374709,0.00333651297,0.00467379014,0.0172738644,0.00426274471,0.00266889233,0.00527467683,0.00313049964,0.00230222217,0.00401221755,0.0020028018,0.00414555379,0.0142968805,0.00148343355,0.00436785072,0.00309490478,0.0125988633,0.00342264904,0.00442811402,0.00336633548,0.00359711914,0.00347352471,0.00500188535,0.00406976415,0.00379037469,0.00242537124,0.00247949054,0.00207782293,0.0128155285,0.00296559984,0.00516738323,0.0159090903,0.00393455954,0.00539934975,0.00193015954,0.0105951143,0.00499732334,0.00226126243,0.0051557244,0.0049590339,0.00124094942,0.00272761251,0.00676791196,0.00224929472,0.00341332322,0.00382320451,0.00137985422,0.00316789468,0.00349650209,0.00565082176,0.00783290357,0.00162892906,0.0135981301,0.00354279291,0.00276477867,0.00264308949,0.000746129032,0.00431487711,0.00357277663,0.00515557087,0.0021843146,0.00317307803,0.00273438018,0.00719300846,0.00264951258,0.00920058827,0.0226608481,0.00600546083,0.007268115,0.00469257956,0.00282714094,0.0100020046,0.00186683358
0.00351331195,0.00386385956,0.00256805777,0.00191497767,0.00229182044,0.00606918987,0.00600915961,0.0252262054,0.00227445343,0.00537852751,0.00376479374,0.0138167694,0.0180584625,0.00268152371,0.00467661383,0.00752106999,0.00500094755,0.00291150371,0.00140028084,0.0140162754,0.00186306485,0.00573787835,0.00539009762,0.00217735627,0.00181586996,0.0068266493,0.00324374597,0.00175199402,0.00299574632,0.00501229772,0.0202261645,0.00349582287,0.00242561579,0.00625630539,0.00275374099,0.00354832156,0.00415093902,0.00215644017,0.00416666575,0.0147087141,0.00179357397,0.00452811876,0.00380359468,0.0122508682,0.00301263289,0.00475391285,0.00257936666,0.00428864968,0.0032540006,0.0045734607,0.00337368606,0.00440888241,0.0027788086,0.0027524672,0.00205070807,0.0137765382,0.00194931986,0.00462754407,0.0154109679,0.00327667244,0.00563640113,0.00208586463,0.00952185208,0.00501054854,0.0018675722,0.00470908186,0.0049579694,0.00140505798,0.00385628444,0.00750500697,0.00223380201,0.00366972866,0.0034183332,0.00174995135,0.00365280658,0.00273378679,0.00554259384,0.00875971125,0.00130484581,0.0147637688,0.00408618394,0.00302637208,0.00232724736,0.00119970544,0.005659186,0.00466679053,0.00533068418,0.00252729746,0.00295575656,0.00327049023,0.00676589885,0.00247383506,0.00963131253,0.0230425502,0.00628759441,0.00836196927,0.00527224436,0.00318788509,0.0115950767,0.00167224032
0.0035590434,0.00433219632,0.00272758283,0.00189501936,0.00232774717,0.00611495614,0.00517013703,0.0265013769,0.00191901941,0.00537099944,0.00354924628,0.0137011351,0.018909781,0.0024595203,0.00476853486,0.0089992101,0.00476903369,0.00292397419,0.00219823971,0.0167473343,0.00230202831,0.0050978892,0.0054132037,0.002587579,0.00181257945,0.00673744047,0.00357012282,0.00247336717,0.00261020873,0.00578198535,0.0212765609,0.00425448689,0.00206480284,0.00639203874,0.00317902176,0.00441176604,0.00328084109,0.00232648466,0.00487238857,0.015649322,0.00176508264,0.00487958184,0.00454467493,0.0111691644,0.00278417467,0.00420920957,0.00239760148,0.00412293946,0.00361378402,0.00462192608,0.00408719196,0.0046386703,0.00333394363,0.00327837967,0.00273174182,0.0130072115,0.00213509006,0.00456570375,0.0165880857,0.00344408117,0.00563178563,0.00204952811,0.00790554965,0.00612136561,0.00184471095,0.00433494666,0.00388182187,0.0011952174,0.00561798222,0.00787727268,0.00222345645,0.00375196867,0.00287944091,0.00124640798,0.00329175099,0.00295801447,0.00481602903,0.00920973782,0.00212418249,0.0165568896,0.00367107986,0.00329960498,0.00245527902,0.00146118779,0.00644490025,0.00495049908,0.00556053599,0.00316205438,0.00225606282,0.00339622897,0.00637522649,0.0030668976,0.0102296478,0.0241309644,0.00632338949,0.00832002909,0.0052440855,0.00323974042,0.0126443641,0.00189553618
0.00393841815,0.00427971951,0.00255493302,0.00132575751,0.00237096658,0.00648548669,0.00534007709,0.0267295495,0.00247855207,0.00521969179,0.00347102261,0.0135998596,0.0200679556,0.00182629855,0.00494559798,0.00911252408,0.00425454011,0.00271903342,0.00227272658,0.0173474261,0.00271370445,0.00491198488,0.00626791279,0.00316455884,0.00159744585,0.00601918096,0.00328707182,0.00185185056,0.00254453056,0.00637540067,0.0231207811,0.00492753799,0.00187003163,0.00494030365,0.00298151744,0.00539643616,0.00344827294,0.00323500896,0.00441552283,0.0132398681,0.00190416103,0.00547474033,0.00477326928,0.0103454514,0.00295293851,0.00407008023,0.00140675411,0.00390698088,0.00271936525,0.00543774525,0.00494569246,0.00405712481,0.00317104818,0.00503168706,0.00215710719,0.0131399184,0.00230547731,0.00463371274,0.0167190439,0.00322905954,0.00458434946,0.00205832164,0.00699157076,0.00715420142,0.00198642974,0.00388329089,0.00270914573,0.000587889009,0.00620067812,0.0088737757,0.00201464967,0.00385951747,0.00310150469,0.00190875943,0.00310988155,0.00243143419,0.00420569483,0.00868970344,0.00198708538,0.0179007903,0.00346778857,0.00333037271,0.00291196186,0.00126216989,0.0072330951,0.00550540712,0.00598214429,0.00370442918,0.00225479053,0.00318173014,0.00592788024,0.00305868992,0.0105874966,0.0233944685,0.00739486533,0.00977089504,0.00563744517,0.00333791641,0.0137320549,0.00191285832
0.00384816857,0.00426799823,0.00273504381,0.00168760609,0.00268768445,0.00748596196,0.0049375754,0.0267996884,0.00287411494,0.00502661372,0.00345125406,0.0132402961,0.0213738322,0.00218210522,0.00444312626,0.00884181804,0.00418943811,0.00219517258,0.00309717342,0.0163867256,0.00376939532,0.00612869831,0.0060014285,0.00392310568,0.00193627657,0.00643514116,0.00292879875,0.00126696454,0.00312500374,0.00648388495,0.0219338547,0.00597805678,0.00214657854,0.00618811625,0.00321801408,0.0058981744,0.00354213658,0.00373692717,0.00370885014,0.0132444054,0.00157380921,0.00505049994,0.0055922754,0.00995694351,0.0026996869,0.00523013309,0.000992455254,0.00475194794,0.00292558354,0.00544860098,0.00530171795,0.00454397951,0.0037516399,0.00557309861,0.00248183182,0.0131835583,0.00227101264,0.00417674608,0.0171554798,0.00280055894,0.00456481683,0.00205550208,0.005530518,0.00696281165,0.00185497298,0.00377913546,0.0029057256,0.000770416231,0.00736822797,0.00846888829,0.00199891051,0.00320090348,0.00263257305,0.00237146286,0.00386597644,0.00222609176,0.00291299128,0.00807394258,0.00216558319,0.0179192632,0.00322639325,0.00271309238,0.00383205949,0.00125853808,0.00763665975,0.00568079728,0.00655060867,0.00369528353,0.00203666057,0.00352569999,0.00653060895,0.00264400157,0.0105306569,0.022538129,0.00916771059,0.0104166695,0.00559326495,0.00272214408,0.0149872062,0.0016888332
0.00337428398,0.00451021409,0.00325008206,0.002035527,0.00238306037,0.00741351236,0.00480413848,0.0254481171,0.00372137603,0.00480580967,0.00321869669,0.0130304549,0.0205422275,0.00234420886,0.00418136425,0.00911882719,0.00404166661,0.0017761987,0.00289407428,0.0166237998,0.00417123824,0.00567721968,0.00572284156,0.00441262863,0.00157673767,0.00609632428,0.00308361868,0.00105355801,0.00212068886,0.007179672,0.0222170431,0.0070963915,0.00197178764,0.00633041321,0.00376833942,0.00653660435,0.00374531828,0.00453062969,0.00292595088,0.0138651829,0.00140933632,0.00599968546,0.00590518083,0.0095574122,0.00307025182,0.00538921565,0.000996610459,0.00458190629,0.00288495946,0.00475855429,0.00524808566,0.00438239724,0.00378214525,0.00477677377,0.00229236556,0.0132436737,0.00222511219,0.00347977894,0.0150333563,0.00197511033,0.00453262846,0.0017829836,0.00441678164,0.00664916668,0.00167363878,0.00404396567,0.00222410648,0.000960061621,0.00818900389,0.00797648664,0.0014492715,0.00275735576,0.00187898978,0.0027592754,0.00437018807,0.00204399247,0.00290099797,0.0070107125,0.00237047138,0.018058891,0.00249376262,0.00274851208,0.00331768407,0.00117753427,0.00766932435,0.00596679596,0.00856936092,0.00405049332,0.00285031163,0.00311184439,0.00644897754,0.00245051508,0.00995851824,0.021708703,0.0107047268,0.011925801,0.00670910228,0.00309059303,0.0127575959,0.00189154743
0.00302663761,0.00412632544,0.00350058038,0.00258684612,0.00216976206,0.00751647578,0.00468975974,0.0268793426,0.00330687383,0.00487519156,0.00286677278,0.0120547864,0.0196940878,0.0019230793,0.00346480233,0.00865677236,0.00353857472,0.00211497828,0.00287466208,0.0164826035,0.0052276074,0.0057539671,0.00510653188,0.00551790873,0.00171584941,0.00422875703,0.00238794726,0.00119637768,0.00132500259,0.00686184081,0.0236447665,0.00776184264,0.00211129799,0.00605003588,0.00392849764,0.007277739,0.00334324502,0.00566772826,0.00264608385,0.0149112829,0.00127226327,0.00617188704,0.00600329241,0.00907131417,0.00359776351,0.00487231307,0.000990885851,0.00577367287,0.00270709467,0.00446898096,0.00465248892,0.00355929258,0.00412757699,0.00595565786,0.00156494668,0.0115795699,0.00276497878,0.00300042553,0.0139192173,0.00154798392,0.00410246016,0.00196111876,0.00317586411,0.0064791204,0.00168407031,0.0039591574,0.00276537014,0.00171330428,0.00807636643,0.00716666959,0.00181290997,0.00253623163,0.00170325841,0.00311849853,0.00481663464,0.00219047411,0.0025139673,0.00649477432,0.00222336365,0.0168451899,0.00265816266,0.00276434081,0.00351324817,0.00134843521,0.0081149863,0.00571574052,0.00981981498,0.00367692218,0.00308194599,0.00399201461,0.00580635341,0.00246305853,0.00992631757,0.0203919638,0.0121131673,0.0113636309,0.00897554593,0.00321421976,0.0133294858,0.00272937534
0.00298787972,0.00374860331,0.00267290023,0.00287890539,0.00187680966,0.00774566988,0.0043035333,0.0289496684,0.00243947887,0.00451489332,0.0035323817,0.0107691314,0.0215409968,0.00187722953,0.00438764667,0.0102549704,0.00314520833,0.0020637908,0.00320030058,0.0171704515,0.00579274263,0.00469851512,0.00552049911,0.00585974561,0.00184967225,0.00399679944,0.00331370087,0.00134363294,0.00169363814,0.00727272555,0.0243483765,0.00935491053,0.00258949193,0.00553505035,0.00488853955,0.00732851681,0.00330821474,0.00634431114,0.00193923936,0.014805071,0.00143129747,0.00661355471,0.00629964152,0.00860523519,0.00450449542,0.00547117753,0.00128509378,0.00712360065,0.00275380741,0.00404196705,0.00389733884,0.00402770366,0.00353356649,0.00606663774,0.00155145647,0.0117133259,0.00295694046,0.00314399829,0.0143910398,0.000762920008,0.00503525086,0.00231879034,0.00293140533,0.00693051667,0.00199833623,0.00351821566,0.00314531708,0.00225479061,0.00779531004,0.00563192639,0.00218738405,0.0021299262,0.00152671988,0.00308642131,0.00575296739,0.00188572999,0.00259163434,0.00567071592,0.00256585597,0.0152923311,0.00262880783,0.00254865555,0.00323973706,0.00179051156,0.00934579403,0.00635378607,0.0108405871,0.00305228521,0.00399563976,0.00413967741,0.00592398248,0.00284954898,0.0103504779,0.0190318217,0.012877049,0.0119199634,0.00844563664,0.00310843371,0.01493557,0.00258051228
0.00265047812,0.00208366718,0.00249169375,0.00258684567,0.00151489711,0.00941942122,0.00475053026,0.0286631369,0.00293644868,0.00422507668,0.00367769801,0.00926848479,0.0216311346,0.00239234226,0.00534809224,0.00987884272,0.00242971323,0.00191606004,0.00352505176,0.0176619559,0.00614927091,0.00495819258,0.00548016506,0.00615880695,0.00148662036,0.00389066345,0.00337015997,0.00114510135,0.00167723122,0.00611536814,0.0227732056,0.00952111383,0.00183177845,0.00534598265,0.00566436435,0.00691376421,0.00290012647,0.00758459626,0.00209908025,0.0166853316,0.00111500182,0.00696299357,0.00758680317,0.00947823836,0.00461592237,0.00647067929,0.00188829565,0.00738636074,0.00241142655,0.00384024494,0.00284144858,0.00373075062,0.00443213264,0.00515744247,0.00189198356,0.0117519214,0.00274876456,0.00335289335,0.0143827159,0.000376151953,0.00455806932,0.00264504598,0.00289574855,0.00679415793,0.00216522562,0.00269821268,0.00346302141,0.00242401866,0.00635093915,0.00531827158,0.00256645167,0.00207935942,0.00189501834,0.00298372603,0.00713930763,0.00222965834,0.00216567653,0.0056365332,0.00338009631,0.0136780559,0.00191804849,0.00280242908,0.0035993245,0.00194828562,0.00925579588,0.00658449738,0.011774218,0.00284363193,0.0046703811,0.00446110192,0.00577799112,0.00226244372,0.0114697582,0.0174071665,0.014036619,0.0131894484,0.00891216361,0.00217233483,0.0149776343,0.00303397695
0.00288625185,0.00240076559,0.00262985333,0.00275938512,0.00131212024,0.00874404632,0.00517739274,0.027411852,0.0035775957,0.00418888164,0.00294960412,0.00996274393,0.0219406633,0.00259252705,0.00593251942,0.0112173632,0.0020404683,0.00205871819,0.00316514481,0.0165521082,0.00564381011,0.00409524328,0.00555748388,0.00627376802,0.00178600299,0.00295566743,0.00353094395,0.00126943962,0.00191152472,0.00559162008,0.0212789362,0.0100368313,0.00170410543,0.0057052907,0.00664669992,0.00571054836,0.00251120613,0.00804634948,0.00123890307,0.0164026487,0.00111146658,0.00796510573,0.00888460176,0.0100036037,0.00466483041,0.00621166892,0.00229770161,0.00784571879,0.00188430254,0.00295858013,0.00265603748,0.00378967505,0.00454714089,0.00441521141,0.00136448937,0.0137695492,0.00273473078,0.00315523697,0.0148291356,0.000555351148,0.00514240739,0.00214850167,0.00316031669,0.00704225352,0.00215053881,0.00239035556,0.00383064824,0.00201798069,0.00594594179,0.00450160582,0.00309879469,0.00153374365,0.00170487016,0.00328596809,0.00892125773,0.00164053888,0.00204844937,0.00620034889,0.00357617806,0.0126064199,0.00224952107,0.00236071843,0.00394477492,0.00191737711,0.010909087,0.00796547791,0.012434679,0.00191638651,0.00448075489,0.00370239811,0.00541694159,0.00167848245,0.0125075,0.0177559858,0.0149783674,0.0145197958,0.0100310091,0.00181191985,0.0145082384,0.00357639989
0.00295059803,0.00224431098,0.00243506681,0.00311926606,0.00113617758,0.00907428921,0.0049839452,0.0300085377,0.00309038441,0.00437095907,0.00211077633,0.0095520937,0.0214471813,0.00273513177,0.00672164486,0.0120580283,0.00249833681,0.00191404265,0.00314348739,0.017473349,0.00539083748,0.00368550379,0.00502947631,0.00534758712,0.00142540167,0.0044710851,0.00485708623,0.00139319136,0.00260276583,0.00485174651,0.0203111708,0.00886332075,0.00199631553,0.00522952928,0.00765259389,0.00486417598,0.0022851122,0.00864508276,0.00080742875,0.0155468902,0.000946073498,0.00889063792,0.00973489363,0.0103598626,0.00535259626,0.00614295541,0.003086414,0.00829479534,0.00211416545,0.00174331691,0.0020572293,0.00394570937,0.00450119052,0.00332973375,0.00152568211,0.0172851272,0.002503129,0.00312370387,0.0160955244,0.000547145905,0.00528686646,0.00282243926,0.00355290975,0.00801701935,0.00196947642,0.00145077821,0.00378184869,0.00235379215,0.00613164742,0.00502312618,0.00396324975,0.00168975886,0.00168729065,0.00452307295,0.00994264733,0.00223214033,0.00288391744,0.00428348715,0.00414455816,0.0104917367,0.00172860999,0.00258155505,0.00431491151,0.00189393692,0.0102623663,0.00792080798,0.0136655805,0.00179554001,0.00458477385,0.00352796156,0.00449786886,0.00165868144,0.0134946005,0.0182652995,0.0158082543,0.0151854919,0.00976632845,0.00178412101,0.0123733933,0.00473652121
0.00262046082,0.00160359098,0.00241896369,0.00307803637,0.000966959234,0.0100638734,0.00591666863,0.0293200145,0.00264598949,0.00394930432,0.0020144378,0.0102838045,0.0212935369,0.00267010913,0.00752345061,0.0123302286,0.00195439226,0.00244026035,0.00292932562,0.0183890427,0.00523665935,0.00372717639,0.00546779717,0.00496183882,0.0017217075,0.00432982094,0.00580416324,0.00119778418,0.00272551591,0.00431421386,0.0195453629,0.00958061221,0.00183682882,0.00458802752,0.0068629141,0.0054125969,0.0021126757,0.00865131464,0.00118906226,0.0156790259,0.000784559649,0.0099212544,0.00991970946,0.0112999308,0.00568856944,0.00585425604,0.00292696518,0.00856498106,0.00232738787,0.00146866606,0.00184979771,0.00299778461,0.00519410191,0.00342588828,0.00186725395,0.0180101207,0.00259484746,0.00290757721,0.0148432994,0.000542298094,0.0050892984,0.00293356604,0.00386772636,0.00948688665,0.00177935972,0.00164035279,0.00369003276,0.00268865729,0.00507401419,0.00415230247,0.00461956253,0.00183823476,0.00167941685,0.0047935667,0.0110087444,0.00244157324,0.00286225707,0.00498728951,0.00479674998,0.0101397133,0.00206896656,0.00332304999,0.00472830929,0.0022048874,0.00963540875,0.00778179003,0.0149727927,0.00180117399,0.00534390648,0.0036919779,0.0041288162,0.00166419844,0.0153001096,0.0186346878,0.0165046941,0.0153800363,0.0101265782,0.00141542959,0.0137924696,0.00513123639
0.00258721252,0.00127734415,0.00256904319,0.00356125606,0.000643396582,0.0107423679,0.006378398,0.0258437766,0.00251256341,0.00366792314,0.00200233194,0.00908087087,0.019683237,0.00281233937,0.00772301851,0.0133811426,0.00237154566,0.00327180969,0.00272529133,0.017703327,0.00449569778,0.00368460079,0.00657666733,0.00487012938,0.0016878961,0.00417594675,0.00609299513,0.00117353655,0.00337311473,0.00419493121,0.0192429061,0.0086406588,0.00168375965,0.00531006445,0.00770747715,0.00545359891,0.00223099469,0.00925084598,0.00203134097,0.0136203225,0.00106496515,0.0116030602,0.0096320816,0.010016543,0.00624584497,0.0052519377,0.00312415191,0.00858305918,0.00233326801,0.00144787445,0.00211008555,0.00297666105,0.00501882866,0.0033964913,0.00166749924,0.0189341512,0.00381003224,0.00267160083,0.0137663921,0.000537249321,0.00504281052,0.00238826204,0.00418092303,0.00938621278,0.00161420931,0.00182001762,0.00326233175,0.00286225374,0.00482314869,0.00369913825,0.00405843769,0.0012859686,0.0020415734,0.00478365145,0.0115666136,0.00281282186,0.00342034593,0.00562124144,0.00518378918,0.00991662184,0.00191504421,0.00399811744,0.00449455049,0.00199104024,0.00907702901,0.00853241352,0.0153379638,0.00120731246,0.00588435176,0.00348917929,0.00400851108,0.00166821222,0.0196926162,0.0185458307,0.0164835238,0.0178297478,0.00964484652,0.00123827897,0.0139926709,0.00432442784
0.0031296345,0.00127918501,0.00237454608,0.00350017433,0.000486066295,0.0114026765,0.00707353959,0.02500002,0.00270220085,0.00423948282,0.00201072125,0.00821744174,0.0184581914,0.00272526214,0.00731497505,0.0132147115,0.00280373505,0.00301794215,0.00248138627,0.0190376748,0.00342140499,0.00345831579,0.00763162772,0.00360873632,0.00221374286,0.00405471189,0.00900224652,0.00127986269,0.00407490457,0.00321027484,0.0192228279,0.0095933732,0.00185242694,0.00512625466,0.00753546165,0.0057212104,0.00218965365,0.00884026743,0.00244590871,0.0135216178,0.00105756032,0.0114933826,0.00983323082,0.00955240525,0.00556738873,0.00527926576,0.00339592158,0.00911620999,0.00177270055,0.00234521885,0.00210045072,0.00286288955,0.00544642126,0.00230496486,0.00182209489,0.0216031083,0.00484410576,0.00286064912,0.0125786257,0.000709975522,0.00436154564,0.00282631653,0.00488537355,0.00982318798,0.00144973858,0.00196155141,0.00302571742,0.00195104722,0.00333509197,0.0032864547,0.00433917177,0.00109683506,0.00235166334,0.00574893812,0.0113266244,0.00266399933,0.00367251808,0.00555129554,0.00534055321,0.00933615105,0.0020629192,0.0044012036,0.00459384741,0.00245821146,0.00827951816,0.00915331537,0.0163585038,0.00121569886,0.00549637055,0.00277199826,0.00407365398,0.00204309743,0.0217768365,0.0185890347,0.0154300845,0.0170454459,0.0107862438,0.00177462169,0.0142130986,0.00405583567
0.00309244063,0.00158529049,0.00262791238,0.00359897736,0.000645787718,0.0119114013,0.00712969801,0.0212716342,0.00232948447,0.00421584783,0.00207709987,0.00793146988,0.0160365475,0.00255797934,0.00617389541,0.0134536728,0.00321297593,0.00286396045,0.00212954444,0.0188195892,0.00334137766,0.0035180231,0.00922130212,0.00316927561,0.0024397462,0.00468898836,0.00954162131,0.00124757191,0.00406434366,0.00444050164,0.0191972388,0.00924149939,0.0018404884,0.00472678947,0.00887834866,0.00601168176,0.00212383693,0.0103000392,0.00249629714,0.013658288,0.00103949948,0.0114230199,0.00987096403,0.00762111909,0.00542438024,0.00550458019,0.0028644766,0.00970873703,0.0019747208,0.00237620872,0.00243068102,0.00250836283,0.00559223888,0.00315125794,0.00230187754,0.0239613508,0.00484496389,0.00285423247,0.0131176713,0.00157013125,0.00406136952,0.00227311328,0.00521901365,0.00954692225,0.00127795206,0.00248804247,0.00258397938,0.00158394582,0.00345482782,0.00340548121,0.00482695016,0.00107263128,0.00266998811,0.00534453567,0.0121573693,0.00301204548,0.00348027667,0.00594339456,0.00610315128,0.00938132328,0.00239890051,0.00488258327,0.00439734479,0.00276692724,0.00719542073,0.00870135418,0.0164335553,0.00123304374,0.00494965744,0.00356708091,0.00292302251,0.00203968383,0.0207745785,0.0167947056,0.0150741754,0.0190896008,0.0133249885,0.00215517449,0.0153349161,0.00467901992
0.00319539917,0.00158528966,0.00299355644,0.00359411996,0.00130569671,0.0112425343,0.00834675054,0.0192136284,0.00261096774,0.00406571286,0.00174187449,0.0071236318,0.0153946659,0.00236048035,0.00615358048,0.0139824798,0.00303766354,0.00237679646,0.00212352111,0.0176876574,0.0032229189,0.00335512942,0.009708752,0.00295475145,0.0028868378,0.0046198904,0.0112930701,0.00137118067,0.00477978441,0.00593989819,0.0184745507,0.0102199899,0.00181543235,0.00427746998,0.0093613216,0.00533930219,0.00199744033,0.0098360567,0.0020668605,0.0126961734,0.00102174806,0.0122010841,0.00911319778,0.00726979999,0.00474634478,0.00518608685,0.00328947003,0.0120293027,0.00272056114,0.00266119133,0.00329298213,0.00230483246,0.00554179828,0.00292397945,0.00210697277,0.0258821293,0.00557521293,0.0022776792,0.0143617279,0.00205938045,0.00371090107,0.00184718647,0.00366367168,0.0101708732,0.00150316592,0.00336574826,0.00199419947,0.00136775336,0.00358974222,0.00390395295,0.00427505238,0.00119635193,0.00300884818,0.00647373381,0.0115323651,0.00271435488,0.00412687016,0.00476279179,0.00619148309,0.00994588624,0.00256147573,0.00501596153,0.00515755493,0.00358014422,0.00627615179,0.00829807632,0.017720681,0.00192307588,0.00536746822,0.00403502631,0.00275616052,0.00165684741,0.0234585916,0.0149753015,0.0152328361,0.0216833738,0.0139725745,0.00253899443,0.0171276889,0.00446927663
0.00304354196,0.00124707909,0.00381447152,0.0030223861,0.00198085126,0.010926474,0.0090778769,0.018965822,0.00243856672,0.00416939325,0.00205457454,0.00616211266,0.0156490225,0.00167504041,0.00507833146,0.0121318556,0.00319489273,0.00171982755,0.00277344204,0.0174973482,0.00277344221,0.00266710886,0.0107563643,0.00236665024,0.00276870899,0.00425374225,0.0109890193,0.00108049626,0.00489450721,0.00620475167,0.0172280602,0.0102805293,0.00181598208,0.00413754645,0.00959337479,0.00513259582,0.00193342556,0.0096479647,0.00194037817,0.0113063051,0.00101097416,0.0123555353,0.0071974932,0.00667146863,0.00436313705,0.00412025278,0.00311733028,0.0115684178,0.00286916618,0.00473613721,0.00360851616,0.00230689292,0.00609502705,0.00284996159,0.00192092386,0.023112237,0.00615521245,0.00192827037,0.0152277072,0.00184657,0.00329004206,0.0016655578,0.00378651161,0.00907765057,0.00212631851,0.00310843166,0.00160829114,0.00136822455,0.00329336245,0.00465454699,0.00371511776,0.00147884998,0.0037181327,0.00564588229,0.0122020121,0.00243557648,0.00344183977,0.00444609567,0.00604747982,0.011504174,0.00258086802,0.00476082875,0.00478647,0.00341518664,0.00532083637,0.00772733643,0.0171108824,0.00243182592,0.00538971523,0.00444705227,0.00252813916,0.00203628347,0.0251191771,0.0142610359,0.0135113781,0.0239990256,0.0155112603,0.00256597826,0.0165538884,0.00404188424
0.00315287814,0.00124378318,0.00393082413,0.0034920585,0.00248550174,0.010640836,0.010101002,0.0165107284,0.00223380181,0.00433873735,0.00228273028,0.00521481737,0.0147237327,0.00180950834,0.00402811163,0.0115180541,0.00403708379,0.00155279878,0.00310291304,0.0158321654,0.00325844284,0.00322893469,0.0101172399,0.00215014698,0.00304705512,0.00314308027,0.0122803603,0.00134030066,0.00414869004,0.00607565392,0.0179924748,0.0113583739,0.00135808153,0.00350719392,0.0108601295,0.0054017609,0.00204561737,0.00997634774,0.0018761709,0.0109656581,0.00127550812,0.0119132188,0.00697503351,0.00654708536,0.0039215811,0.00443085794,0.00284456,0.0129156586,0.00234521601,0.00580693995,0.00526500263,0.00213172994,0.00586279625,0.00280528301,0.00143220722,0.022348637,0.00684810636,0.00207821828,0.0156521031,0.00197986927,0.0028214759,0.00164257919,0.00341052366,0.00888243265,0.00266082346,0.00303030258,0.00182926925,0.0015295685,0.00247361802,0.00484607246,0.00400570109,0.0011614399,0.00403367017,0.00534316695,0.0115686507,0.00219642195,0.00276069602,0.00431667929,0.00624265592,0.0123236867,0.00303746234,0.00423069038,0.00409068184,0.00352846676,0.00438939881,0.0067977006,0.0174329668,0.00322637101,0.00565389246,0.00490440875,0.00261224554,0.00237703502,0.0258040909,0.0150943106,0.0127642885,0.0258261835,0.0186508449,0.00257922064,0.0181784441,0.00309372354
0.0029345367,0.00120736739,0.00392740868,0.00311235713,0.00273178742,0.00905635562,0.0114628865,0.0145265399,0.0022288281,0.00517268562,0.00211725946,0.00375058389,0.014638231,0.00179621087,0.00348225336,0.0112261263,0.00396068399,0.00136529141,0.00405816736,0.0142225394,0.0029463437,0.00277865941,0.00925305834,0.00195869267,0.00313719814,0.00357316449,0.012160354,0.00146218524,0.00343249425,0.00702928168,0.0166144007,0.0129873597,0.00167274739,0.00492277365,0.0130441936,0.00529767996,0.002184063,0.00910024566,0.00200836871,0.00898006243,0.00111141613,0.0107067826,0.00739988403,0.00588970086,0.00374028015,0.0044581132,0.00269106212,0.0120430469,0.00221035118,0.00642594456,0.00556909201,0.00224150065,0.00743137112,0.0032362435,0.00157604133,0.0203550959,0.00635929711,0.00244361012,0.0163617492,0.00194143177,0.0023438796,0.00162179898,0.00409107346,0.00807233445,0.00310848484,0.0031617779,0.00161895261,0.00135570498,0.00324886014,0.00513578287,0.00369068852,0.00128314798,0.00515194069,0.00655119795,0.0109360158,0.00215882733,0.00302311148,0.00340261384,0.00683513993,0.014418581,0.00237167326,0.00395343609,0.00423323766,0.00397203156,0.00492459727,0.00761047673,0.015323716,0.00351810581,0.00573206646,0.00536586253,0.00164176805,0.00341910867,0.0248364961,0.0159855171,0.0129920749,0.0248135309,0.0199291167,0.00327630621,0.0183184056,0.00211528716
0.00258875714,0.00074239054,0.00490990031,0.0032342506,0.00359411202,0.00789832715,0.0139017608,0.0131095947,0.00220183233,0.00584795133,0.0017845521,0.00343588956,0.0151088435,0.00167758499,0.00335795881,0.0109151292,0.00425071948,0.000822738881,0.00386489811,0.01202895,0.00413224059,0.00300462153,0.00830693379,0.00175130972,0.00312847471,0.00357596439,0.0116482707,0.00132960978,0.00369033777,0.00712273349,0.0150117274,0.0139944344,0.00151721943,0.00638690937,0.0131874049,0.00532534658,0.00236197138,0.00880798867,0.00221275383,0.00805670611,0.00110665391,0.0101668755,0.00775528249,0.00619797457,0.00298062293,0.00396946293,0.00322131136,0.0113307226,0.00235209098,0.00795734319,0.00546820612,0.00213705402,0.00775803436,0.00257731541,0.00141531451,0.0184470054,0.00577730904,0.00186012121,0.0174002837,0.0020566396,0.00245941719,0.00160179082,0.00387323495,0.00707623306,0.00345568429,0.00381002904,0.00124647035,0.00101027351,0.00306007766,0.0058147536,0.00312500273,0.00141502985,0.0052531845,0.00609663662,0.010271206,0.0016730023,0.00307657737,0.00298210964,0.00597619116,0.0154342443,0.00233022593,0.00384944392,0.00392687978,0.00406249888,0.00455373628,0.00698959337,0.0157211701,0.00395356773,0.00611147807,0.0053352497,0.00182845577,0.0030427768,0.023734454,0.0187008081,0.0121055965,0.0255316675,0.0232678021,0.00288444323,0.0184171906,0.00156358825
0.00212922383,0.0010027217,0.00532426922,0.00363747263,0.00392254676,0.00643201982,0.0145037041,0.0131489088,0.00218062882,0.00693455927,0.00160281971,0.00237041604,0.0167607593,0.00180165829,0.00356491222,0.0113158737,0.00373563112,0.00141791101,0.00478389427,0.0110679064,0.00507825226,0.00390505089,0.0069272621,0.00223060578,0.00334242833,0.00362776612,0.010029182,0.00148208359,0.00368369211,0.00605267967,0.0151997573,0.0162691789,0.00120664097,0.00765465334,0.014018662,0.0043282786,0.00196506175,0.00898597107,0.00202003615,0.00772351351,0.00123490744,0.00915394985,0.00750707296,0.00675558376,0.00309233251,0.00365798167,0.00308325192,0.011105459,0.00230414524,0.00883391407,0.0053862935,0.00227790363,0.00821821643,0.00205015089,0.00172901535,0.0165184245,0.00533172103,0.00175276933,0.0174194465,0.00265376809,0.00240615707,0.0014139811,0.00299559116,0.00613100334,0.00356709241,0.00468363795,0.00138256706,0.00116240434,0.00286032357,0.00642778926,0.00255841679,0.00125348441,0.00613337997,0.00634632668,0.0107641204,0.00106286029,0.00371416796,0.00212426685,0.00615624255,0.0167546405,0.0021438021,0.00394354161,0.00314676608,0.004453313,0.00387134715,0.00794809741,0.0151315673,0.00468519727,0.00571148666,0.00467144819,0.00168011026,0.00342218804,0.0227745068,0.0189583815,0.0107778801,0.0235482267,0.0259511554,0.00502692424,0.0180788547,0.00155709294
0.00182375054,0.000973707321,0.00499358068,0.00315695189,0.00373072767,0.0050983943,0.0156467575,0.0114827799,0.00199275237,0.00704480168,0.00143380604,0.0029262888,0.0188509223,0.00192990395,0.00422077249,0.0122225785,0.00345174984,0.00141137762,0.00595529499,0.0115485947,0.00552622029,0.0032288987,0.00570189848,0.0020342411,0.00341235678,0.00373890491,0.00933260124,0.00134734797,0.00330965717,0.00594951051,0.015538444,0.016120799,0.00120645565,0.0081103616,0.0163158727,0.00421278208,0.0019263695,0.00815177844,0.00245059437,0.00798554284,0.0012350779,0.00806780756,0.00815443949,0.00683060526,0.00293169434,0.00372737383,0.00389963231,0.0113352204,0.00262467168,0.0100389037,0.00552024088,0.0022922611,0.00961371437,0.00218306515,0.00186712446,0.0154733606,0.0055479245,0.00155364568,0.0160701358,0.00292261905,0.00285171125,0.00109374931,0.00355408973,0.00512246224,0.0041778602,0.00501937287,0.00143403183,0.00130783092,0.00258256347,0.00546779389,0.00218194445,0.00163554193,0.00719736163,0.00661799139,0.0107761514,0.00135910688,0.00412796812,0.00155790093,0.00575034626,0.0170330877,0.00179503651,0.002822582,0.00244160375,0.00398855611,0.00367316178,0.00787465044,0.0162311345,0.00491775891,0.00586605531,0.00498389686,0.00185497446,0.00343517621,0.0209014301,0.0189863488,0.00988855508,0.021869287,0.0271880042,0.00529007604,0.0177266867,0.00137315225
0.00181474857,0.00108992066,0.00554229542,0.00355555558,0.00398869785,0.00444919595,0.0178818413,0.0104451307,0.0019848402,0.00794146721,0.00174492075,0.00326536799,0.0204936436,0.00191658864,0.00543478505,0.0133642861,0.00388881206,0.00147188713,0.0068971045,0.0106566204,0.00639084395,0.00444175529,0.00451807033,0.00215875285,0.00439595084,0.00397371595,0.00940483959,0.00189214502,0.00304340701,0.005711984,0.0152679956,0.0157859188,0.00150965903,0.00839428283,0.016475599,0.00467750338,0.00218432642,0.00827576157,0.00217966218,0.00781136572,0.0014982315,0.00723472355,0.00770607358,0.00681474491,0.00252450226,0.00373475589,0.00417153014,0.0105956947,0.00190410188,0.0114169661,0.00582556377,0.00169707389,0.0101250067,0.00230911224,0.00207039276,0.0137036356,0.00578567648,0.00182049882,0.0143985196,0.00242755308,0.00343803383,0.00107924643,0.00392424179,0.00362727601,0.00427163427,0.00524015961,0.00141687827,0.00130868751,0.00250940694,0.0059467375,0.00189893924,0.00190372129,0.00787605149,0.0064876259,0.0104071235,0.00135297777,0.00406305368,0.00119821849,0.00559675472,0.018068292,0.00122129961,0.00274456011,0.00250924833,0.00311434492,0.00319797726,0.00641745556,0.0152623362,0.0052772546,0.00508112972,0.00555472241,0.00168237002,0.00403300129,0.0195483716,0.0187579233,0.00959874504,0.020076674,0.0298022411,0.00564872634,0.0183914074,0.00169692957
0.00165563121,0.00120465872,0.00617798288,0.00291120159,0.00349301951,0.00420388577,0.0175795515,0.00974126901,0.00194932126,0.00870510279,0.00155884887,0.00432761277,0.0225513791,0.00244274996,0.00636192822,0.0130525295,0.00306660787,0.0016004662,0.00792095892,0.0106959301,0.00623314711,0.00503003249,0.00426893985,0.00229282508,0.00461963741,0.00416792849,0.00967047358,0.00190761619,0.00279374278,0.00527914807,0.0162298451,0.016418451,0.00151698961,0.00988422108,0.0173610731,0.00459242054,0.0023719821,0.00863177126,0.00244686212,0.00792863601,0.00169675306,0.00528330927,0.00726524957,0.00701782045,0.00315837207,0.0039133114,0.00508248473,0.00911048221,0.00206932222,0.0109136207,0.00641447662,0.00224498287,0.010454783,0.00274390145,0.001590581,0.0154724604,0.00567901063,0.00200363931,0.0146189016,0.00300435878,0.0044227592,0.00107033547,0.0036844715,0.00331179741,0.00388881204,0.00510028194,0.00154918825,0.000976242825,0.00287490301,0.00585386071,0.00144264855,0.00153825295,0.00903147863,0.00680272256,0.0094193551,0.00166238422,0.0037958348,0.000672380063,0.00581958898,0.0185281786,0.000887094953,0.00230680885,0.00204001374,0.00324484497,0.00273668499,0.0062076711,0.0174615882,0.00489296329,0.00477964842,0.00566655793,0.00150300696,0.00396240682,0.0187206218,0.0184452391,0.00767423324,0.0176450951,0.0287440407,0.00717912738,0.017563551,0.00135662254
0.00150861843,0.00133422295,0.00632475933,0.00361690118,0.00389421628,0.00368292457,0.0171551266,0.00949027356,0.00193935326,0.00986133091,0.00196315615,0.00451613282,0.0238825969,0.00285371021,0.00769349502,0.0121640959,0.00347675481,0.00215300746,0.00937297763,0.010647071,0.00742533136,0.00491730202,0.00450117397,0.00276602538,0.00472845649,0.00447783951,0.00915293597,0.00165425991,0.0024405643,0.00493316043,0.0162530067,0.0149859852,0.00121858379,0.0100886485,0.0186265701,0.0050296868,0.00274499548,0.00900326629,0.00241327637,0.00876103295,0.00184956867,0.00429855366,0.00770479221,0.00720484373,0.00343145008,0.00424929363,0.00478626898,0.00926543548,0.00283359089,0.0101802892,0.00659087035,0.00208246466,0.0115249739,0.00332527683,0.00178137337,0.0162964312,0.0063836541,0.00219498969,0.0147559503,0.00349078754,0.00461231548,0.000906072184,0.00489870615,0.00263999913,0.00461910306,0.00585298968,0.00184530166,0.00145419185,0.00311478057,0.00575335284,0.00156507091,0.00138797183,0.00870373796,0.00713851379,0.00802796734,0.00164695241,0.00364254924,0.000496524279,0.0055770664,0.0194841342,0.000964163568,0.00208176069,0.00210166804,0.00275163068,0.00203666234,0.00594951489,0.0181899719,0.0047396902,0.00573876156,0.00526623878,0.00148245952,0.00466156868,0.0173542914,0.0177760883,0.00850020476,0.0173067642,0.0284591733,0.00690439007,0.0167063942,0.00135112096
0.00142612848,0.00145753358,0.00735194146,0.00357654309,0.00338599943,0.0033345,0.0194612879,0.00845822293,0.00208550307,0.0115871258,0.00208302162,0.00577385676,0.0244490572,0.00277777961,0.00774184916,0.0116242547,0.00334788617,0.00235680848,0.00997492814,0.0104842027,0.00800197974,0.00474495877,0.00466016713,0.00289295931,0.0046615272,0.00382137152,0.00888925584,0.00179532747,0.00274123215,0.00457918596,0.0168154007,0.015089572,0.00138397585,0.00962414171,0.0194102049,0.00545454499,0.00251529888,0.00830402089,0.00238166373,0.0089455068,0.00157318868,0.00398252925,0.00700187242,0.00753281401,0.0027027004,0.0046035011,0.00412950029,0.00870584226,0.00302877096,0.0107775252,0.00714402794,0.00182682955,0.0120902487,0.00314136545,0.00162022084,0.0153677111,0.00722475276,0.0023448757,0.0146246319,0.00407770008,0.00488623082,0.000447694037,0.00569569445,0.00223143198,0.00573586901,0.00641244979,0.0024790848,0.00180594361,0.00358087102,0.00531262339,0.00168167243,0.00190514035,0.00824038409,0.00699513213,0.00778334948,0.00222882107,0.00363255023,0.000978791908,0.00478446275,0.0190124867,0.00143357585,0.00148754499,0.00196823905,0.00271855348,0.0021069481,0.00628080702,0.0202364005,0.00381564704,0.00730164626,0.00580046976,0.00230870911,0.00497185282,0.0165883226,0.0159128711,0.00897415507,0.0190073047,0.0276340985,0.00878250937,0.0171054734,0.0013353356
0.00173385558,0.00144698585,0.00702417705,0.00369108828,0.00319081173,0.00285510397,0.0206177915,0.00719058256,0.00187970141,0.0126601376,0.0023018247,0.00679238505,0.0257399042,0.00339572247,0.00886470043,0.0111831018,0.00365336689,0.00297576665,0.0118171831,0.0100547245,0.00899659901,0.0058918803,0.00523085243,0.0026638694,0.00504155754,0.00327967131,0.00918170741,0.001522917,0.00265749614,0.00437090646,0.0178487998,0.0149444311,0.00169831471,0.00840759152,0.0200503027,0.00558384063,0.00256791066,0.00913788955,0.00204201182,0.00862870312,0.0014389506,0.00273398051,0.00694444774,0.00757455058,0.00280810478,0.00558866684,0.00390171257,0.00878356454,0.00315509785,0.0105406996,0.00692407508,0.00156547931,0.0134464976,0.0044889919,0.00113415354,0.0162594244,0.00922934951,0.00197734788,0.0156398011,0.00498140793,0.0048499587,0.000739863877,0.00578872336,0.00204627859,0.00629106252,0.00729988547,0.00308024501,0.00264331797,0.0041200258,0.00472845036,0.00129219103,0.0021851414,0.00739875031,0.00750341094,0.00771901415,0.00213203624,0.00369359649,0.0011323195,0.00551969186,0.0191676685,0.00158906758,0.00163785528,0.00238948407,0.00270501013,0.00159605649,0.00636435646,0.0214899861,0.0033141844,0.00793651247,0.00729980405,0.0027850583,0.00512868558,0.015097492,0.0149132647,0.00938373237,0.0188977501,0.0278336901,0.00939528486,0.0179714,0.00149328024
0.00185317544,0.00131943938,0.00658690949,0.00309902521,0.00314317184,0.002855105,0.0222438251,0.00704025505,0.00167813339,0.0128638534,0.00240282893,0.00666667737,0.0281241121,0.00359602143,0.0099834839,0.0115821349,0.00406565087,0.00389754616,0.0113618629,0.00947382204,0.00966183527,0.00675081179,0.00405331528,0.00254412594,0.00475735155,0.00294768003,0.0100514639,0.00139762068,0.00369738472,0.00360219171,0.0182179765,0.0138888667,0.00203761984,0.00698984148,0.0199380272,0.00522449006,0.00319738633,0.00858570997,0.00215146566,0.00819673158,0.00171868738,0.00274059829,0.00603961577,0.00763182276,0.00280854993,0.00617375233,0.0039618384,0.00831670457,0.00325149841,0.00926931307,0.0075830987,0.00170369093,0.0143789025,0.00476971533,0.00113987986,0.0186702276,0.00992003033,0.00265957528,0.0168574319,0.00473512785,0.00512136366,0.00101375971,0.00581951077,0.00170146868,0.00661375529,0.00785513847,0.00322085815,0.00295761311,0.00465911038,0.00508680611,0.000985271003,0.00204782977,0.00735092521,0.00747960254,0.00620476463,0.00200862474,0.00289762049,0.00190869882,0.00537710747,0.0190451693,0.00126602412,0.00143061582,0.00266347777,0.0022104999,0.00173310052,0.00631573794,0.0235400226,0.00300586999,0.00846492671,0.00698179263,0.00273708422,0.00601740432,0.0151758954,0.0132250075,0.0123184943,0.0194751352,0.0273958643,0.0100984318,0.0191383936,0.00147929224
0.00156472856,0.00131734958,0.00623052701,0.00334471468,0.00281734223,0.00303788388,0.0223104027,0.0065576079,0.00174245147,0.0132488466,0.00243258395,0.00653337692,0.0306730696,0.00437183329,0.0117419719,0.0122977439,0.00396824359,0.00417129697,0.0112695477,0.00955199904,0.0104778576,0.00670666392,0.00389238398,0.00165641445,0.00448248153,0.0029133294,0.0104487326,0.00140134904,0.00407699934,0.00314862143,0.0197408258,0.013610947,0.00195403816,0.00644046452,0.0200019285,0.00512112331,0.00346291316,0.00852935169,0.00181361718,0.00934763271,0.00165654204,0.00275676795,0.00616953633,0.00807434736,0.00300253252,0.00683912816,0.00466162463,0.00867648407,0.00351886971,0.00845957937,0.00805411105,0.0016949137,0.0143331892,0.00540980831,0.00145489515,0.021307873,0.0111658223,0.0028373807,0.0179070289,0.0050132677,0.0049409832,0.000719009774,0.00636291924,0.00167504425,0.00683497875,0.00915782207,0.00340805967,0.00295178321,0.00482715813,0.0049072329,0.00128106681,0.00226455307,0.00591093395,0.00718281582,0.00550233781,0.00186289002,0.00293637872,0.00269627162,0.00363670803,0.0186031199,0.00173529058,0.00157425379,0.00334896451,0.00231384328,0.00185740968,0.00618831594,0.0267737477,0.00282445331,0.00855885636,0.00790984118,0.00265708125,0.00622445656,0.0138489315,0.0104295727,0.0122655103,0.0186954645,0.0263758195,0.0108585889,0.0183891362,0.00130250457
0.00184239992,0.00144584928,0.00594674397,0.00345988037,0.00271317884,0.00321371953,0.0239954425,0.00611621216,0.00165343896,0.012833248,0.00225163765,0.00543309465,0.0333904273,0.00514356114,0.0108890236,0.0132882147,0.00467148856,0.00553020568,0.0111981574,0.00947805275,0.0108322993,0.00705904928,0.00450696801,0.00180222431,0.00448308592,0.00362003324,0.0106434859,0.00169037919,0.00401263051,0.00305450962,0.0216894548,0.01288,0.00246571188,0.00682276241,0.0205874179,0.00456950218,0.00316797135,0.0103041494,0.00190605846,0.00959529374,0.00151202668,0.00238125861,0.00638432179,0.00776413363,0.00217933104,0.00729383484,0.00495682766,0.0079722222,0.00372306878,0.00858076118,0.0077836663,0.00161269013,0.0149163595,0.00585098459,0.00127469631,0.0216846633,0.0109546091,0.00261232986,0.0191072737,0.00530347311,0.00416611391,0.00100214774,0.0059254765,0.0013424853,0.0064199855,0.0100450027,0.00396647293,0.00262510327,0.00529018112,0.0041130437,0.000918696709,0.00265780339,0.00505374546,0.00681852127,0.00459618885,0.00176730094,0.00246022626,0.00301826757,0.0030784,0.0179370568,0.00157753771,0.00154479732,0.00341410891,0.00222469056,0.00155148212,0.00646115786,0.0277064266,0.00232086083,0.00825568202,0.00879028255,0.00215252534,0.00652813521,0.0155939221,0.00886551439,0.0122619932,0.0180852933,0.0272616655,0.0118829987,0.0195416336,0.000962616757
0.00198412237,0.00183992519,0.00602244795,0.00374638455,0.00259344076,0.00291438332,0.0246684344,0.00738612548,0.0016363924,0.0131985419,0.00158541648,0.00509416602,0.0374548342,0.00482040356,0.0108189412,0.0122021628,0.0048258233,0.00646346494,0.0120113409,0.0097974337,0.00969112747,0.00607191124,0.00370869659,0.00161513455,0.00490921557,0.00348735789,0.0112798155,0.00168539179,0.00500903298,0.00264797039,0.021646985,0.0115181128,0.00308641989,0.00776445812,0.0213421597,0.00421705258,0.00367794139,0.0120551299,0.00202210594,0.00942028338,0.00165677094,0.002249068,0.00590268263,0.00787440197,0.00259899373,0.00732791204,0.00575437558,0.00760214549,0.00370370861,0.00843411088,0.00774949005,0.00148367994,0.0145123511,0.00658185847,0.00109683702,0.02253947,0.0123531609,0.00276100488,0.0203537573,0.00504533326,0.00385381704,0.00114662427,0.0075676367,0.00103857627,0.00680743781,0.01176097,0.00433696558,0.00245298162,0.00577673534,0.0038703765,0.00167427765,0.00254520495,0.00471924346,0.00626865739,0.00395517042,0.00226177886,0.00318417491,0.00299165992,0.00304172063,0.0175571844,0.00157158775,0.00151108233,0.00383631387,0.00222006303,0.00182175254,0.00753266837,0.0288655874,0.00231985039,0.00721933926,0.00967785951,0.00226894573,0.00694695494,0.0154767575,0.00775967521,0.012366166,0.0165157733,0.0291590695,0.0122371983,0.019592549,0.00158102968
0.00200631124,0.00144337885,0.00557927911,0.00324956003,0.00247104035,0.00218778063,0.0281581966,0.00797981167,0.00143930789,0.0132683816,0.00141880342,0.00460122358,0.0415259519,0.00507336339,0.00938099768,0.0130695946,0.00570057628,0.00734994136,0.0114066626,0.00965327305,0.00901663814,0.004807232,0.00370021576,0.00189854234,0.00571959854,0.00398054047,0.0121050415,0.00211864425,0.00596160659,0.00292038022,0.0222001291,0.0106029428,0.00297929659,0.00793894802,0.0218940085,0.00418150495,0.00407787126,0.0132455427,0.00193953834,0.0114464248,0.00124792275,0.0019402378,0.00515498543,0.00843391623,0.0030211406,0.0079553952,0.00625297299,0.00703187889,0.00368742706,0.0106474716,0.00762170992,0.00149294142,0.0147961784,0.00706922054,0.00107841392,0.0236831496,0.0129321263,0.0033921368,0.0215379752,0.00537477416,0.00352206437,0.00128626207,0.00874125627,0.00132587031,0.0077301986,0.0150569386,0.0042484625,0.00303727258,0.00636792351,0.00405767029,0.00241436751,0.00241189655,0.00453266766,0.00649350903,0.00375486462,0.00213454731,0.00307587133,0.00333015708,0.00234431929,0.018863879,0.00156055014,0.00115587614,0.0040203663,0.00238940185,0.00237231412,0.00719925492,0.0311411519,0.00246698914,0.00702314849,0.0100451014,0.00171565018,0.00661186277,0.0186398011,0.00725301131,0.0129503124,0.0147147631,0.0299086085,0.0121157911,0.0202880701,0.00243748544
0.00201845113,0.00169956801,0.00510061972,0.00347725991,0.00169674859,0.00235891615,0.0293090073,0.00892449727,0.00141087808,0.0124029935,0.00179694354,0.00380692269,0.0426799327,0.00477159075,0.0102940545,0.012361128,0.00567494482,0.00748095423,0.0106169287,0.0103187046,0.00861806159,0.00513841974,0.00357818449,0.00213057496,0.00490715994,0.00459804157,0.0139535913,0.0023926833,0.00655839468,0.00229112556,0.0228972613,0.00991877762,0.00298508067,0.00865133405,0.0220775409,0.0046993889,0.00393081787,0.0136489096,0.00153722813,0.0137552754,0.0012398398,0.00220263994,0.00512224944,0.00864038619,0.00270717787,0.00847582574,0.00663116735,0.00616083497,0.00350795137,0.0117086638,0.00672988359,0.00149476871,0.0144510363,0.00665384373,0.00107378543,0.0263490809,0.0134234954,0.00434129596,0.0219951357,0.00493703625,0.00323304266,0.00143492938,0.00993176369,0.0011547366,0.00998222297,0.0150393416,0.00369405297,0.00303278302,0.00577440764,0.00370654592,0.00301704591,0.00230790273,0.0042852798,0.00583260014,0.00354752464,0.00163301526,0.00346320047,0.00301014041,0.00204618233,0.0192656911,0.00169465079,0.00065189195,0.00512060082,0.00237352492,0.00223619648,0.00897927654,0.0322099153,0.00244428302,0.00563939179,0.0110706834,0.00162241966,0.00618483776,0.0202608411,0.00582980555,0.0119169687,0.0147998969,0.0307078855,0.0114466634,0.0192664291,0.00335413134
0.00188761365,0.00171007326,0.00424076441,0.00334642804,0.00184843251,0.00323276091,0.0302906612,0.00963364463,0.00216316399,0.0110073863,0.00187781938,0.00323600384,0.0445801386,0.00445879398,0.00921944568,0.0126975484,0.00534351739,0.00834237582,0.00951299734,0.0110995696,0.00838574628,0.00567790472,0.00350662002,0.00181296114,0.00505836156,0.00426407599,0.0146449979,0.00295150988,0.00622471877,0.00229955834,0.0228540082,0.00947027008,0.00287610918,0.00893958793,0.0231647887,0.00394447967,0.00329840956,0.0128484842,0.00199920064,0.0144029747,0.00124361106,0.00245890926,0.00463154061,0.0099887488,0.00234089572,0.00938100067,0.00699247428,0.00510692141,0.00364397606,0.0111418318,0.00673630898,0.00163844396,0.0136492115,0.00666764977,0.00106772391,0.0265977389,0.0145333626,0.00539127716,0.0221874287,0.00526833161,0.00291623114,0.00185661035,0.0111194525,0.00107805102,0.0104967036,0.0164122059,0.00402993709,0.00260416042,0.00545023975,0.00335145615,0.00288228096,0.00203279871,0.00481709774,0.00520236614,0.00306994307,0.00140408035,0.00355429695,0.00253204665,0.0016013997,0.0189226433,0.00167964519,0.000799870192,0.00515878007,0.00196930372,0.00248207375,0.00955510336,0.0317780762,0.00271972336,0.00542972361,0.0119111209,0.0011559034,0.00540177474,0.0219873081,0.00476622424,0.0103142513,0.0135780616,0.0314450466,0.010640014,0.0188611323,0.00453905609
0.00247813733,0.00157253096,0.00466341983,0.00335864914,0.00233426933,0.0026676135,0.0302866273,0.00927793245,0.0021208928,0.0105979838,0.00172307826,0.00335020031,0.0470092642,0.0048558601,0.00980673117,0.0134523004,0.00520990707,0.00894298448,0.00917624066,0.0108890619,0.00835427847,0.00686700848,0.00328606774,0.00241436412,0.0047478486,0.00444050213,0.0160423945,0.00330381123,0.00700346339,0.00154130948,0.0245546524,0.00856319837,0.00259965164,0.00889980144,0.0229008077,0.00388432743,0.00339482742,0.014818031,0.00233147014,0.0152514398,0.00137005081,0.00193598588,0.00422203592,0.010071344,0.00260379016,0.00959126008,0.00713851244,0.00506569982,0.00438936661,0.011601679,0.00604386745,0.00177450177,0.0130881403,0.00709324494,0.00149120075,0.0268484939,0.0138866998,0.0068514909,0.0228323996,0.00653230122,0.0027202757,0.00184606458,0.0121319726,0.00143225348,0.0110294155,0.0177451164,0.0038549439,0.00195758349,0.0048665599,0.00357276728,0.00303030059,0.00216274817,0.00506933471,0.00540819899,0.00279218075,0.00169018036,0.00416515603,0.00236854539,0.00166763626,0.0192930286,0.00151492016,0.000782594678,0.00562392562,0.00189907304,0.00280207988,0.0110232612,0.0305130645,0.00228115094,0.00544323908,0.0124648127,0.000993895261,0.00454465941,0.0242084648,0.00428635888,0.00955934624,0.0118257455,0.029462502,0.0120453119,0.0180235813,0.00727244012
0.00263929946,0.0014384702,0.00419832122,0.00327368199,0.00208978693,0.00280259372,0.032050369,0.00991350127,0.00225360045,0.00949901569,0.00191731305,0.00336454296,0.0501746842,0.00516656333,0.00882395414,0.0141470036,0.00574973427,0.0106627017,0.00859343429,0.0097174313,0.00664107852,0.00730581096,0.00340181853,0.00277319876,0.00542022842,0.00480556051,0.016821265,0.00305701972,0.00779404333,0.00170860621,0.0231891972,0.00796154161,0.00245557867,0.0104740083,0.0226383349,0.00416785369,0.0031818728,0.0136153354,0.00248055564,0.0178450709,0.00162074543,0.00206238697,0.00400220329,0.0108483996,0.0024914567,0.0102613286,0.00737552163,0.00547302727,0.00478810462,0.0125259246,0.00574543751,0.0016422592,0.0131142506,0.00768699008,0.00148038229,0.0272404724,0.0147470049,0.00861387871,0.0223726907,0.00748730571,0.00252827495,0.00199657941,0.0133313816,0.00212705587,0.0130466194,0.0205417735,0.00352112667,0.00197922003,0.00492187931,0.00347652978,0.00302159994,0.00196131209,0.0056022395,0.0050055577,0.00243325135,0.00174774109,0.00423105332,0.00191449012,0.00181002259,0.0206233532,0.00134449131,0.00061031593,0.00516487687,0.00224245158,0.00240616123,0.0115559,0.0319873517,0.002104378,0.0056301113,0.013624871,0.00127244446,0.00427351359,0.024557336,0.00473470011,0.00940278445,0.0110605643,0.0274375566,0.0120056463,0.0177288684,0.00851748663
0.00264666785,0.00143415849,0.00427238361,0.00320280391,0.00223765525,0.00216976249,0.0314682798,0.00975318574,0.00279411296,0.00900836389,0.00199741334,0.0029787286,0.049612935,0.00567034443,0.00839294454,0.0129285719,0.00627172158,0.0104655827,0.00713386545,0.0107830637,0.00657317817,0.00803346629,0.00310224087,0.00321423292,0.0047774657,0.00469028962,0.0167948069,0.00291069223,0.00810768458,0.00169883954,0.0229692348,0.0073196509,0.00272011906,0.0110705713,0.0220721812,0.00444242717,0.00332565867,0.0129009865,0.00203224435,0.017687416,0.00148187896,0.00220350288,0.00290697015,0.0105111181,0.00216934737,0.0115482094,0.0078969855,0.0060006225,0.00564079605,0.0121561066,0.00581395317,0.00150912253,0.0126946791,0.00793770216,0.00175208147,0.0277777369,0.0147871861,0.0112092573,0.0200758698,0.00764819051,0.00279144047,0.00227628283,0.0133392053,0.00244789693,0.0155028406,0.0219403057,0.0028069687,0.00214840723,0.00469263027,0.00337373518,0.00333282526,0.0022843287,0.00664815206,0.00496598164,0.00271317837,0.00158844698,0.00450450936,0.00159235699,0.00187238985,0.0214297515,0.00118764805,0.000900629847,0.0054004272,0.00250677307,0.00250556629,0.0120061694,0.0309708828,0.00181058659,0.00590037948,0.0140620674,0.0012642203,0.00450841309,0.0255813905,0.00451050188,0.00905395537,0.0114725812,0.0250673194,0.010582017,0.0160926303,0.00969613555
0.0029705891,0.00143042789,0.00386647588,0.00290107624,0.00229955676,0.00188744093,0.0306593941,0.00823744907,0.00268856576,0.00761932157,0.00208261315,0.00246271049,0.0486135614,0.00602967857,0.0082528729,0.0115973794,0.00644428171,0.0109061546,0.00627205001,0.0100563639,0.00637681182,0.009197059,0.00278003914,0.00326022549,0.00515719696,0.00470360173,0.0168284131,0.00302348065,0.00847990055,0.00169569549,0.0248167505,0.0068944793,0.00200803608,0.0102443525,0.020886867,0.00458116253,0.0027040933,0.0117818198,0.00249341829,0.0182548892,0.00133297981,0.00221498312,0.00193771678,0.0115248261,0.00234256228,0.0122240393,0.00807899651,0.00655840065,0.00559451242,0.0129921006,0.00553001888,0.00175699002,0.0107076308,0.00752445713,0.00173235376,0.028516766,0.0145402972,0.0135128387,0.0199128443,0.0078537626,0.00249572873,0.00206200277,0.0131138101,0.00208535946,0.0180384509,0.0235671139,0.00288267695,0.00220336021,0.00379617927,0.00324554152,0.0025796662,0.00211920182,0.00610983253,0.00587832353,0.00291582685,0.00188488096,0.00475104338,0.00126602409,0.00258360776,0.023199501,0.00103519494,0.000741620004,0.00574636987,0.00231670969,0.00223152164,0.0118190929,0.0301242449,0.0018013019,0.00569230679,0.0150072202,0.00153417016,0.00495896178,0.0251353702,0.00417155129,0.00738688757,0.0112075737,0.022912473,0.0117647116,0.0169243798,0.0120102101
0.00271467685,0.00182911088,0.00380325063,0.0024774084,0.00228658511,0.00202088307,0.0308106944,0.0075520124,0.00331794958,0.00644740393,0.00183929184,0.00243325919,0.050602456,0.00600647018,0.00695212391,0.0109032308,0.00727634407,0.0116828639,0.00548862409,0.0099180979,0.00719216161,0.00958556919,0.00265306142,0.00408401864,0.00632435312,0.00442943028,0.017378433,0.00257382044,0.00812046637,0.00169257049,0.02321912,0.00713339799,0.00213796974,0.0104680807,0.0186828743,0.00492138328,0.00219666687,0.011729392,0.00263925239,0.0196304729,0.00143509371,0.00270583088,0.00180355117,0.0125862784,0.00205732674,0.0117690679,0.00924146322,0.00854232257,0.00568601838,0.0119543514,0.00567772931,0.00189573816,0.0103554911,0.00731631192,0.00206611835,0.0306233901,0.0156747381,0.0164371844,0.01813328,0.00837950961,0.00236905122,0.0020984883,0.0122288548,0.00219148327,0.0198428539,0.0279961999,0.00271961172,0.00177076849,0.00371965407,0.00226188065,0.0025579247,0.00196206193,0.00674715717,0.00607177078,0.00342679831,0.00208333073,0.00471964563,0.00156616961,0.00407615463,0.0249939086,0.00146885887,0.00101803158,0.00565492165,0.00246744103,0.00247454985,0.0119083407,0.0294582141,0.00148267913,0.00557901133,0.014931324,0.00206100336,0.00473692296,0.0244631785,0.0036418185,0.00681536583,0.0105395615,0.0201278226,0.013269554,0.0146811085,0.0141196092
0.00288326388,0.00169425074,0.00403276834,0.00278651379,0.00246002815,0.00196721211,0.0285035565,0.00608966098,0.00350902208,0.00747568192,0.00169933385,0.00237513445,0.0496582014,0.00589329999,0.00609026889,0.0104473719,0.00789756067,0.0121753237,0.00524314813,0.00928089515,0.00783221192,0.0107803974,0.00248655716,0.00418832902,0.00706089864,0.00414781886,0.0173427951,0.00212977454,0.00874290392,0.0015316293,0.0244072901,0.00678406979,0.00232689144,0.00941985831,0.0169934204,0.00560811103,0.00233251339,0.0109261015,0.00253735021,0.0187406054,0.00155059132,0.00330482501,0.00165425981,0.0134746876,0.0017720818,0.0119012363,0.00814021679,0.010265516,0.00496277613,0.0117306476,0.00656111652,0.00188399655,0.00902554221,0.00669290746,0.00205498643,0.0292015978,0.0140766982,0.016866202,0.016669056,0.00786693329,0.00264095808,0.00180907121,0.0100715113,0.00210226377,0.0195809923,0.0308632822,0.00265996146,0.00189573647,0.00451192682,0.00196202881,0.00314984595,0.00206531323,0.00679747882,0.00626768845,0.00411751181,0.00183046964,0.00410065223,0.00184473725,0.00548354951,0.0279296422,0.00144508957,0.00143246014,0.00593510566,0.00233195738,0.00198892124,0.00963565113,0.0280712259,0.00106581576,0.00600961452,0.0162676752,0.00193076773,0.00463041648,0.0257903866,0.00381625928,0.00636550644,0.00892145593,0.017888448,0.0150788983,0.0145515845,0.0155955222
0.00264219143,0.00169868146,0.00329192784,0.00253950428,0.00257966648,0.00159058164,0.0298428259,0.00449697368,0.00360373603,0.00696763322,0.00204638397,0.0018949674,0.047752942,0.00559179627,0.00575499839,0.0109734058,0.00750077434,0.0121586668,0.0049517851,0.00994430554,0.00855740757,0.0119243016,0.0030417689,0.00416307887,0.00801839727,0.00419663773,0.0171344709,0.00206641083,0.00846385327,0.00150195129,0.0247004737,0.00693560051,0.00244174242,0.0101979999,0.0165132813,0.00613606535,0.00243277837,0.0105674177,0.00255319238,0.019883407,0.00166262127,0.00365201496,0.00137495028,0.0142099509,0.00204526697,0.0113268554,0.00842532895,0.0116818826,0.00469414433,0.0119715152,0.00623337549,0.00160621082,0.0078101304,0.00670819522,0.00160480219,0.030249155,0.0130797668,0.017675349,0.0163968885,0.00771167153,0.002523582,0.00182302783,0.0104320825,0.00208951034,0.0203116629,0.0323327722,0.00297188132,0.00236630449,0.00418877599,0.00230178752,0.00368587876,0.00220950828,0.0071617283,0.00613455867,0.00452101604,0.00188258629,0.00439641442,0.00179372469,0.00730440303,0.0313725387,0.00180401272,0.00182558931,0.00514172243,0.00170764914,0.0019923186,0.0105922797,0.026927931,0.0007925999,0.00490561187,0.0164587659,0.00195777079,0.00473736216,0.0264279699,0.00326978715,0.00570011307,0.00826246778,0.017537159,0.0158337491,0.0141661929,0.0168575177
0.00213881361,0.00168634454,0.00310559153,0.002518887,0.00228728532,0.00155448085,0.0325036799,0.00325836604,0.00404256016,0.00666860785,0.00192134058,0.00161899319,0.0456414286,0.00655431028,0.00500754786,0.0104518257,0.00805709218,0.0118528681,0.00476875229,0.00866818304,0.010330574,0.0119343803,0.00326971971,0.00381841607,0.00872274046,0.00500448375,0.0156555036,0.00156851365,0.00893846692,0.00171564988,0.0252141663,0.00631068249,0.002976606,0.0117233359,0.0163993321,0.00729466232,0.00262786919,0.0100455935,0.00186674659,0.020092248,0.00127796035,0.00388802565,0.00136593286,0.0139228479,0.00176080102,0.0104580966,0.00900769294,0.0119047587,0.00363478182,0.0129173116,0.00556025306,0.00161052018,0.00636895482,0.0066580081,0.00143953784,0.0281582052,0.0143641548,0.0194172247,0.0173308999,0.00762161326,0.00213134399,0.00194633645,0.0103345655,0.00178571413,0.0201433421,0.0306357878,0.00240279732,0.00234374921,0.00418551969,0.00193249399,0.00434889341,0.00203665578,0.00753582495,0.00722169801,0.00466723124,0.00261283491,0.00463623634,0.00190643753,0.00808136909,0.035195065,0.00192664134,0.00193637938,0.00511016913,0.00150954024,0.00180037408,0.00980104027,0.0249187826,0.000648594706,0.00404173794,0.0165637232,0.00168184748,0.00426999867,0.0287106856,0.00361864823,0.00533711457,0.00688482525,0.0157913364,0.0156298061,0.0137822334,0.0178466559
0.00166574302,0.00203092048,0.00293132423,0.00264034972,0.00214954558,0.0013769904,0.0327176237,0.00241239135,0.00421822558,0.00588928205,0.00157764438,0.00188552011,0.0429619698,0.00599748121,0.0057557963,0.0100182066,0.00834608921,0.0111050546,0.00480705368,0.0091958686,0.0101819735,0.0126300399,0.00286247264,0.00387758115,0.00830853345,0.00503182083,0.0149945627,0.00142632977,0.00928118168,0.00134027997,0.0254331492,0.00482492094,0.00282058274,0.0126516678,0.0143450698,0.00751879367,0.00231988571,0.0121667103,0.00158137153,0.0197078729,0.00126246823,0.00493905806,0.00122682622,0.013141771,0.00175984934,0.0101351375,0.00911178975,0.0119322568,0.0034843169,0.0125283297,0.00523560699,0.00147750003,0.00584707889,0.00882947319,0.0011556778,0.0271804098,0.0144492193,0.0199542142,0.0192997582,0.00737482742,0.00238822242,0.00220750575,0.00939765791,0.00145714843,0.0216858392,0.0296659646,0.00217580703,0.00262426831,0.00394757187,0.00206691369,0.00551451388,0.0020809654,0.00799721104,0.00705850584,0.00429210659,0.00306876645,0.00574912364,0.00201555056,0.00971743893,0.040470462,0.00208183737,0.00245232041,0.00477262999,0.000945434066,0.00173235481,0.00983105352,0.0227135177,0.000901600019,0.0040626783,0.0166951771,0.00166551481,0.00468875753,0.0281651867,0.0038551548,0.00513722018,0.00589294471,0.01426699,0.0150211011,0.014500616,0.0180732129
0.00166504906,0.00205871098,0.00228793088,0.00246036146,0.00214625291,0.00120282427,0.0319346999,0.00190549009,0.00463091348,0.00604719493,0.00156845185,0.00208557431,0.0416206314,0.00682974694,0.00620821294,0.00909563002,0.00817647911,0.0108323056,0.00401421251,0.00909090855,0.0106307133,0.0118328582,0.00308153355,0.00445764969,0.00936811063,0.00480697302,0.0164928071,0.00142551707,0.00949283907,0.00132411627,0.0244460629,0.0040595434,0.00254086171,0.0134223478,0.0134288222,0.00749112758,0.00297581011,0.0138574808,0.00173010186,0.0199524358,0.0010145837,0.00554139929,0.000819784675,0.0126547714,0.00156059376,0.0100715165,0.00923820063,0.0127374046,0.00317964661,0.0122504587,0.00503073953,0.00156207803,0.00495644416,0.0101410977,0.00108548041,0.0280435823,0.0137362734,0.0192157751,0.020021467,0.00786328815,0.00186096122,0.00206896458,0.00950791534,0.00105638483,0.0214118196,0.0297300592,0.00222893299,0.00285113997,0.00429594017,0.00219893481,0.0059677901,0.00168792069,0.00943662061,0.00730073658,0.00460360949,0.00295858033,0.00653932143,0.00257916655,0.0101314344,0.0435989638,0.00192747307,0.00255033394,0.00490657515,0.00122382094,0.00144655005,0.010137114,0.0209689198,0.00108418319,0.00402429166,0.0175150567,0.00166204772,0.00446215306,0.0277493712,0.00406119235,0.00492710877,0.00445103585,0.0139511713,0.0159366168,0.015480484,0.0190702298
0.00138236018,0.00166733556,0.00163742586,0.00282296117,0.00214954639,0.00119545593,0.0314932609,0.00209284462,0.00549828485,0.00458308224,0.00147358956,0.00253536018,0.0394999228,0.00597278236,0.00594993145,0.00867649563,0.007426118,0.0101080074,0.00329858671,0.00826812072,0.0103361013,0.0120304532,0.00315789915,0.0048770636,0.0101544501,0.00498606959,0.0176575381,0.00184763732,0.00826359688,0.00103184139,0.0252525689,0.00345928155,0.00280975419,0.0140119221,0.0118767246,0.00706643926,0.00397894142,0.0140850277,0.00139500834,0.0203468919,0.00114678846,0.00628405255,0.00108843214,0.0132358291,0.00155426242,0.00737759511,0.00794325987,0.0126533086,0.00307318316,0.0110962182,0.00486651483,0.00130890065,0.00464488112,0.00991735914,0.000678610285,0.0261829187,0.0135253145,0.020762047,0.0223430407,0.00834646596,0.00160621161,0.00195393903,0.0092365423,0.000915389532,0.0215787716,0.0316084528,0.002380951,0.00284644055,0.00432662386,0.00179325964,0.00725978486,0.00180438043,0.0094353024,0.00649092596,0.00462304529,0.00294323615,0.00717540589,0.0027259681,0.011182677,0.0440202983,0.00213461914,0.00250395338,0.00501739056,0.00121539621,0.00189780599,0.0100214704,0.0205992765,0.00120711721,0.00377043266,0.018070681,0.00172223733,0.00322225344,0.0288681752,0.00367646927,0.00459956135,0.00405293364,0.0142134128,0.014394959,0.0139846642,0.018505481
0.00104369268,0.00175249077,0.000940402032,0.00299520403,0.00279676641,0.00103950052,0.0306882545,0.00220708747,0.00634725357,0.00422222102,0.00161123099,0.00248488654,0.0401365525,0.00539466642,0.0067123285,0.00678557804,0.00784313791,0.0102069217,0.00385822719,0.00769061479,0.0100342283,0.0112763629,0.00302155086,0.00527651676,0.00973353632,0.00402820063,0.0191114861,0.00200400743,0.00866104735,0.00117941638,0.0252190082,0.00278884288,0.00267673056,0.0142177192,0.0110170452,0.00712964521,0.00427731853,0.0139681326,0.00155994446,0.0189523196,0.00115074934,0.00624681048,0.0010874006,0.0136253979,0.00121852062,0.00700459334,0.00850914807,0.0128521264,0.00208602762,0.0104803138,0.00439698366,0.00130208049,0.0040047484,0.0102593577,0.00107267252,0.0253653108,0.0148589235,0.0205654401,0.0228620629,0.00886432486,0.00174006227,0.00191597536,0.0100578926,0.00117263721,0.019983191,0.032498379,0.00239791045,0.00266745685,0.00414385813,0.00180342446,0.00826972986,0.00160751712,0.00968347813,0.0064127995,0.00524047694,0.00334262337,0.00691230957,0.00268021331,0.0116864003,0.0439438756,0.0025524673,0.00208062412,0.00475870891,0.00121146908,0.00160326201,0.00985996782,0.0201351881,0.00151018936,0.00356408067,0.0177268008,0.00193370519,0.00315919721,0.0293130819,0.0040515343,0.00349040025,0.00271783951,0.0135016679,0.0151538463,0.0140984384,0.0190100855
0.00111684854,0.00148628612,0.000823046589,0.00337972039,0.00354882882,0.00104743199,0.0301095049,0.00232821424,0.00706157297,0.004023246,0.00110247431,0.00258895581,0.040062961,0.00559440211,0.00792890599,0.0060866242,0.00732574347,0.0102264857,0.00383243177,0.00660908486,0.00830375769,0.0101152548,0.0030295057,0.00612794166,0.00901116955,0.00410241318,0.0191943431,0.00284414186,0.00852141657,0.00163011162,0.0238585477,0.00315208649,0.0029854797,0.0142510521,0.0100741676,0.00737641774,0.00429873473,0.0144090422,0.00180777495,0.0163955421,0.00114766413,0.00765272774,0.00158555157,0.0154090381,0.00122699646,0.00689703426,0.00735606598,0.0131980362,0.00193854408,0.00912291431,0.00334699375,0.00117144395,0.00357858014,0.0121172476,0.00134318187,0.0236849185,0.0150163824,0.021630835,0.0259913371,0.00892621748,0.00186841088,0.00195851225,0.00998849885,0.00117035066,0.0205430662,0.0352258775,0.00304304429,0.00220620313,0.00421742871,0.0017951051,0.00987585533,0.0012220476,0.0103090355,0.00682640065,0.00582871088,0.00447364754,0.00751136216,0.00267341727,0.0117704865,0.0444919948,0.00281968072,0.00270757371,0.00446229611,0.00185479334,0.00234294645,0.011065696,0.018789925,0.00167848089,0.00385760669,0.0171234305,0.00278590565,0.00301295625,0.0304494051,0.00380029018,0.00403443123,0.00186385844,0.0142402857,0.0127672677,0.0146231927,0.0172413674
0.00112644076,0.00143149578,0.0011824506,0.00404911525,0.00360650459,0.00105453534,0.0291303449,0.00229985055,0.00619807421,0.00336323009,0.000816709851,0.0025188886,0.0386544379,0.00522375838,0.00882232311,0.00565552954,0.0064520789,0.00913243055,0.00335747325,0.00616403455,0.00791427878,0.00842799975,0.00335217869,0.00592360512,0.00807520966,0.00378840761,0.0206337504,0.00267191347,0.00788595708,0.00207530391,0.0228260664,0.00291854491,0.00316370152,0.0143844267,0.00924662302,0.00797307848,0.00503697987,0.0142041608,0.00150943027,0.0153895863,0.00128090118,0.00809167145,0.00229008209,0.0154819508,0.00135409917,0.00749583308,0.00760135087,0.0141703333,0.00206082768,0.00741723043,0.0032750173,0.00146423322,0.00334231874,0.0139024303,0.00187165837,0.0235306808,0.0160456727,0.0245084899,0.0269394951,0.00860256931,0.00185014185,0.00214432927,0.00941108393,0.00116534681,0.021479687,0.0373016894,0.00289813345,0.00175850056,0.00415100383,0.00154043846,0.0114429281,0.00147583255,0.0126073166,0.00700280771,0.00585533863,0.00447489825,0.00761949558,0.00292764629,0.012714203,0.044264519,0.00238362167,0.00266802492,0.00471166214,0.00168853036,0.00236161775,0.0128330404,0.0169602335,0.00212182124,0.00407046483,0.0175051592,0.00303113611,0.0034154999,0.0311957869,0.00419012646,0.00460329887,0.00194017433,0.012725718,0.0116129569,0.0142987536,0.0167253225
0.00112406992,0.00151202841,0.00129549196,0.00428181816,0.00396583309,0.00113207318,0.0284241293,0.00222496641,0.00641865424,0.00288931544,0.000941728943,0.0026514588,0.0385887304,0.00541346416,0.0102096075,0.00558695288,0.00670757199,0.0105003241,0.0033490974,0.00594238544,0.00713099312,0.00778115948,0.00315955892,0.00705902209,0.00801698433,0.00369440783,0.0192765076,0.00212194362,0.00747161322,0.00222651109,0.0214891788,0.00266737678,0.00246831324,0.014095314,0.00862918834,0.00840874286,0.00522027565,0.0134584324,0.00136322298,0.0150946232,0.00167009345,0.00915656296,0.00271360563,0.0147612027,0.0012191851,0.00719125092,0.00686509706,0.0164060284,0.00261447248,0.00555636979,0.00247709137,0.00170067661,0.00374615719,0.0137967556,0.00234270342,0.0206572598,0.015925516,0.0264092075,0.0268550208,0.00740400876,0.00185577967,0.00209048534,0.00842135343,0.00116489763,0.0225738672,0.0394829384,0.00330601845,0.00146929061,0.00377358528,0.00153022028,0.0129202558,0.00159568164,0.0138033615,0.00657333833,0.00621679336,0.00571415294,0.00765216152,0.00305386034,0.0123764474,0.0450145228,0.00206583024,0.0022570561,0.00535803158,0.00244278578,0.00222683906,0.0123254622,0.0137085006,0.00197652853,0.00375791163,0.0166601983,0.00345762757,0.00380171688,0.0305072114,0.00463324534,0.00430995427,0.0011160736,0.0127951408,0.0100878489,0.0139161735,0.0191142929
0.0012508651,0.00150623039,0.00165817508,0.00472859308,0.00409400771,0.00113618948,0.0271382756,0.00205019802,0.00718632502,0.00399645103,0.0010663478,0.0020557031,0.039683699,0.00514740558,0.0108734613,0.00660988711,0.00681977104,0.00994574925,0.00380378505,0.0058397822,0.00572808709,0.00701647308,0.00318218265,0.00784874827,0.00760055773,0.00312543244,0.0190039085,0.0025309276,0.00714601826,0.00235988319,0.0192254775,0.0027721459,0.00232743524,0.0136642351,0.0083343662,0.00928241381,0.00520569499,0.0125653716,0.00121988723,0.0133371981,0.00195109334,0.00909906318,0.00344004576,0.0149682229,0.00148287739,0.00841681265,0.00717714561,0.0184705069,0.00317527763,0.00438913513,0.00240563293,0.00192994969,0.00344801283,0.0134028633,0.00268781218,0.0212074877,0.0149732271,0.0273425902,0.0263964391,0.00690971781,0.00184769406,0.00216967923,0.00726909606,0.00129685039,0.022055672,0.0421599459,0.00359092784,0.00130966282,0.00344935887,0.0012732369,0.0139766773,0.00192021848,0.0143044184,0.00647358322,0.00709740349,0.00615896389,0.00739926819,0.00322218954,0.0124221531,0.0471276418,0.00218400054,0.00256474275,0.00621600609,0.0028219621,0.00237635191,0.0125382719,0.0137654707,0.00209127365,0.00403483959,0.0150161788,0.00297297672,0.00401088751,0.0303052203,0.0041601619,0.00454504295,0.00158303081,0.0114726786,0.00866264015,0.0129918444,0.0202262483
0.00150994901,0.00164677042,0.00251316011,0.00534724488,0.00412169975,0.00172802407,0.0268051933,0.00203728877,0.00726594957,0.0035836977,0.00119932918,0.00184113854,0.0374742897,0.00525160318,0.0111036606,0.00698816048,0.00580270718,0.00865234838,0.00414549091,0.00617283494,0.00476514577,0.00576182322,0.0035405129,0.00708166488,0.00646950414,0.00352259304,0.020385959,0.00215606842,0.00778952731,0.00267141505,0.0195376157,0.00365852805,0.00264375478,0.014558436,0.00733675499,0.0100953673,0.00463550234,0.0114668894,0.00154583165,0.0122416087,0.00197967185,0.00926402878,0.0033430826,0.0168975291,0.00134138051,0.00881699343,0.00673642317,0.0215321873,0.00318381364,0.003589373,0.00220245093,0.00214469693,0.00324530205,0.0131620347,0.0030943111,0.0197959044,0.016333421,0.0278250117,0.0269143695,0.00609276553,0.00197576573,0.00256139167,0.00646924285,0.00128616996,0.0222898507,0.0422435149,0.00461028633,0.000869946321,0.00289922908,0.00114416229,0.0150471149,0.00180707825,0.0156322881,0.00715131541,0.00656345334,0.0063602415,0.00704839531,0.00264992991,0.0128383387,0.0453447619,0.00202237663,0.00275068416,0.00596380736,0.00281042558,0.00254719461,0.0110962562,0.0133712681,0.00220913633,0.00433254409,0.0145567957,0.00323580481,0.00380067375,0.0291288977,0.0036012864,0.00472316087,0.00140778894,0.00887367818,0.00684205559,0.0120289672,0.0198162613
0.00179310133,0.00153075242,0.00221054301,0.00524387149,0.00418134298,0.00174058252,0.0265957315,0.00172011143,0.00809819695,0.00378058134,0.00120845982,0.00169226527,0.0368914583,0.00470483286,0.0120516572,0.00786123833,0.00587570136,0.00835873983,0.00440586978,0.00550632528,0.00401359808,0.00514566002,0.00337443648,0.00632911139,0.0066267045,0.00320381371,0.019549789,0.00236111163,0.00753033812,0.00249486357,0.018336405,0.0037769603,0.0028506991,0.0154148674,0.00653352574,0.0112224746,0.00386051427,0.0102744658,0.00215252485,0.013012453,0.00172139781,0.00945580648,0.00365921006,0.0168734658,0.00147078691,0.00989823243,0.00607402466,0.023307402,0.0042342935,0.00241271671,0.00141862244,0.00215084808,0.0032674879,0.0128265595,0.00378382809,0.0189474833,0.0174491844,0.0289060576,0.0266765067,0.00612325775,0.0014586904,0.00351796665,0.00627594512,0.00167460886,0.0216754003,0.0426392152,0.00556109693,0.000584968314,0.00211665207,0.000780335686,0.0154624803,0.00195140285,0.0162241546,0.00686234415,0.00640098246,0.00608773199,0.00637982031,0.00278901452,0.0138871017,0.0446715546,0.00212624344,0.00268615788,0.00580111416,0.00295706072,0.00223947335,0.0105689886,0.0114600952,0.00220913793,0.00401730065,0.0123813218,0.00356853648,0.00320468502,0.0270950114,0.00341714958,0.0048671767,0.00200709628,0.00747301064,0.00605361694,0.0107227047,0.0203241054
0.00179781117,0.000976017291,0.00233729222,0.00508922054,0.00405268246,0.0019534193,0.0254995856,0.00171295638,0.00712108137,0.00371611617,0.00171694718,0.00150622376,0.0383622321,0.00523121882,0.0133884849,0.00832306078,0.0055147891,0.00837199889,0.00429069814,0.00549242691,0.00319033339,0.00507623779,0.00336656351,0.00612270872,0.0066361495,0.00298953647,0.0170626373,0.00220446274,0.00781021838,0.00218881887,0.0195139937,0.00364912697,0.00298210212,0.0167390045,0.0050642282,0.011052481,0.00309997531,0.00914676664,0.00227583034,0.0127363473,0.00199946991,0.00864924235,0.00389503763,0.0172529356,0.001466279,0.0100477743,0.00621835588,0.0252762622,0.00505263291,0.00154386219,0.00115281123,0.00215486798,0.00303523337,0.0128006268,0.00371110959,0.0191420714,0.0177416362,0.030014614,0.0256895557,0.00524796459,0.00133779215,0.00372855711,0.00671157392,0.00180552179,0.0222858957,0.0431577235,0.00590914912,0.000725899913,0.00189244881,0.000785135913,0.0157082644,0.00259789818,0.016479813,0.00682354015,0.00568035134,0.00529555385,0.00669591027,0.00237099076,0.0140204786,0.0432862882,0.00264340079,0.0027929426,0.00554229921,0.00295629694,0.00238734225,0.009449024,0.0120073589,0.00222085414,0.00457540346,0.0133307615,0.00362864969,0.00303824654,0.0268092873,0.00293336746,0.00426834605,0.00200834331,0.00637879757,0.00521428636,0.00846410988,0.0206825075
0.0017832631,0.000987446883,0.00246098377,0.00566465239,0.00409130617,0.00191373299,0.0260070595,0.00170150358,0.00624948579,0.00360958017,0.00149439572,0.00123875254,0.0398848831,0.00446268055,0.0140505849,0.00987163986,0.00523247797,0.0087838956,0.0042191275,0.00596522729,0.00269432524,0.00504614927,0.00388732409,0.00567302196,0.00639634427,0.00303807945,0.0169323502,0.00179038689,0.00783485401,0.00220006235,0.0186140778,0.00387596484,0.0031158873,0.0167951485,0.00518252532,0.0121757738,0.00288637769,0.00930794283,0.00294873404,0.0125254285,0.00174496368,0.00948098312,0.00386260116,0.0173751052,0.0016129055,0.0105255703,0.00687807825,0.0260296176,0.00570871456,0.00153374144,0.00117233227,0.00227046575,0.00315694741,0.0130010819,0.00398246922,0.0186058303,0.0153962664,0.0291422405,0.0262930116,0.00629178205,0.00133994182,0.00364149944,0.00583494302,0.00220950948,0.0231965303,0.0394433271,0.00605670886,0.000287150031,0.00173556028,0.00078206421,0.0166549159,0.0024355851,0.0175111789,0.00762126472,0.00498192539,0.00488645916,0.00801281377,0.0019754459,0.0140754126,0.0436045004,0.00326498614,0.0032166772,0.00512568579,0.00311607135,0.0026239105,0.00843713431,0.0121203763,0.00200049891,0.00466563519,0.0131617966,0.00376043352,0.00261132272,0.0262125768,0.00288683497,0.00423080515,0.00161463857,0.00571147411,0.0042247578,0.00785634138,0.0195288476
0.00177256341,0.000992347284,0.00219428354,0.00530057594,0.00352011426,0.00190587811,0.0245335735,0.00192910308,0.00660531556,0.00364964136,0.0016173172,0.00108662571,0.0390827049,0.00276571471,0.0145449409,0.010327809,0.00549953875,0.00965985655,0.00335705365,0.0070727672,0.00282258035,0.0052232285,0.00388286953,0.00511194235,0.00664833123,0.00273000165,0.0142671956,0.00179434001,0.00785454936,0.00219394325,0.0182806355,0.00408598739,0.00302548694,0.0179091081,0.00460244287,0.0112911794,0.00252424588,0.00827026137,0.00346802821,0.0119926222,0.00175249047,0.0088680908,0.00355094279,0.0181754808,0.00121835689,0.0111934908,0.00796155149,0.0260939114,0.00633713148,0.00112978282,0.00109904175,0.00212134204,0.00335170868,0.0117302772,0.0038374968,0.0146511073,0.0155740576,0.0295245617,0.0277777401,0.00588313263,0.000801816006,0.00399703979,0.00569928052,0.00194124207,0.023278285,0.0377980872,0.00577664096,0.000578368544,0.00171312872,0.000791556256,0.0174314994,0.0026363197,0.0167465967,0.00885987993,0.00515295097,0.00415592065,0.00791995841,0.00197824182,0.0136346078,0.0410767198,0.00313820542,0.0034496137,0.00545379093,0.0032518242,0.00304083459,0.0063801173,0.0111204366,0.00163357776,0.00449225165,0.012279588,0.00356213087,0.00272368253,0.0268713948,0.00314910395,0.00402989194,0.00159440244,0.00560999688,0.00331386461,0.0063511899,0.0183216321
0.00162469528,0.000999571568,0.00177451553,0.00539903036,0.00343987384,0.00174494371,0.0251922703,0.00227354017,0.00656329757,0.00317548022,0.00188773673,0.00116944003,0.0392211713,0.00286264849,0.0141220338,0.0112332016,0.00474272286,0.0094004516,0.00357479736,0.00700279894,0.00307363213,0.00525459046,0.00346348117,0.00438310195,0.00635544626,0.00225102638,0.0138255355,0.00170602118,0.00892769994,0.00220848003,0.0195359701,0.00462384559,0.00330338335,0.0170654081,0.00539643378,0.0124610603,0.0023974408,0.00663901399,0.0041149144,0.0120473946,0.0017627103,0.00936353956,0.00315717642,0.0189932451,0.000961274933,0.0117544673,0.00786704131,0.025600677,0.00643955193,0.00125944407,0.000778919686,0.00222500546,0.00238198871,0.0115276684,0.00317922936,0.0138266113,0.0158708244,0.0278524632,0.0275378647,0.00615161278,0.00067649994,0.00445059832,0.00544148229,0.0021850944,0.0244463572,0.0360391516,0.00514083795,0.000717769658,0.00174215696,0.000800423811,0.0189575976,0.00215095916,0.0169656301,0.010722585,0.00449962906,0.00334044365,0.00818080325,0.00170964032,0.013823664,0.0411010017,0.00371818049,0.00378034044,0.00530206926,0.002620546,0.00358885751,0.00598842998,0.0106783945,0.00152013671,0.00445120657,0.012303826,0.00342982128,0.00243572512,0.0274094023,0.00343264517,0.00289718105,0.0018113166,0.00509697989,0.00326976859,0.00620960747,0.0171178156
0.00161138544,0.00100704816,0.00192423229,0.00659191746,0.00378031417,0.00145159115,0.0240395332,0.00226056292,0.00618334971,0.0027702679,0.00221462583,0.0016800177,0.0385114226,0.00270283728,0.0139784634,0.0116250431,0.00401606142,0.00874491754,0.00307486981,0.00764136627,0.00308393606,0.00592611311,0.00400601396,0.00497708474,0.00651390401,0.00226430715,0.0121500678,0.00138427104,0.00947024526,0.00193625698,0.0197386957,0.00447348621,0.00371402133,0.0175918451,0.00669763764,0.0118150966,0.00216187181,0.00575107029,0.00511414051,0.0124411797,0.00177256435,0.0105092756,0.00265363014,0.0192762484,0.000973980886,0.0112081522,0.00831437769,0.0251134908,0.00662251437,0.00153352973,0.00090264323,0.00249238625,0.00266302012,0.0106426045,0.00303590666,0.0126082176,0.0162778226,0.0279022598,0.0256319579,0.00612971152,0.000541124362,0.00579224405,0.00543504962,0.00266565368,0.0207935829,0.0356549909,0.00498315959,0.000860339605,0.00172901472,0.000673128602,0.0207459185,0.00244482429,0.0162606774,0.012168451,0.00399093223,0.00323170274,0.00949851999,0.00155609163,0.0139160337,0.0391388317,0.00387883982,0.00375314878,0.00561167159,0.00237341988,0.00394310648,0.0056345541,0.0104094513,0.00153845919,0.0048184268,0.0116822475,0.00342982488,0.0020900786,0.028305743,0.00354884829,0.00289643031,0.00165438882,0.00440841713,0.00297985489,0.00646027638,0.0168830984
0.0017386618,0.00115473585,0.00183418755,0.00737573263,0.00416784211,0.00173711845,0.022467108,0.00247904814,0.00668535236,0.00273844816,0.00208438174,0.00170045431,0.037618592,0.00263395603,0.0131205164,0.0131211664,0.00428906232,0.00906436774,0.00389104497,0.00788360541,0.00278772967,0.00570776147,0.00390279984,0.00598279252,0.00543732621,0.00274198137,0.01227124,0.00151640544,0.00935387279,0.00180804237,0.0210465338,0.00436640943,0.00356812435,0.0164207851,0.00681675964,0.0123374705,0.00175107507,0.00435315808,0.00448068539,0.0122877251,0.00204834089,0.0128045153,0.0023762954,0.020816849,0.00141442688,0.0114851022,0.00747743853,0.0257062498,0.00657264447,0.00146382477,0.000898009583,0.00273448073,0.00302518238,0.00813615966,0.00262536175,0.0115511643,0.0171153549,0.026924032,0.0252880468,0.00601883197,0.000538791926,0.00565828616,0.00589262762,0.00276729262,0.0203826589,0.0380639708,0.00517669746,0.000863808188,0.00201926145,0.000544143903,0.0217969933,0.00249966608,0.0155867445,0.0128453016,0.00362476155,0.00394533298,0.0097306509,0.00155984217,0.0143892386,0.0388901942,0.00445448268,0.00379718604,0.00538611719,0.00223920191,0.00383141348,0.00477471222,0.0102720692,0.00140827493,0.00509427656,0.01231337,0.00301617715,0.00222913043,0.0275311018,0.00355756442,0.00269595335,0.00133175657,0.0044649147,0.00260662239,0.00676192084,0.0156749781
0.00121000452,0.00145433063,0.00209307609,0.00959113927,0.00493374942,0.0014289812,0.0219047575,0.0024624788,0.00584690357,0.00259722927,0.00194461894,0.00260824003,0.0351437813,0.0028778071,0.0124602101,0.0141887083,0.00391644524,0.00854205751,0.00397520585,0.00850274687,0.00321986832,0.00645120601,0.0032418872,0.00657091693,0.00639658872,0.00294480497,0.0126671491,0.00124964968,0.00856652859,0.00152718179,0.0222680157,0.00358801101,0.0036399757,0.0178571166,0.00844593712,0.0097474488,0.00161529449,0.00439308233,0.00554258803,0.0114029013,0.00233132787,0.0135172706,0.00297029791,0.0209870033,0.00175772596,0.0118594554,0.00817016201,0.0242209727,0.00507442148,0.00131306216,0.00113837347,0.00265595572,0.00294447429,0.00798461552,0.00199760914,0.0109094893,0.0176483677,0.0269655582,0.0238094856,0.00548999854,0.000811139935,0.00590845125,0.00608607323,0.00377802547,0.0196821487,0.037658484,0.00419936858,0.00170527166,0.00219918608,0.000677690291,0.0227617467,0.00308768896,0.0149182829,0.014128167,0.00348301195,0.00321318813,0.0106383075,0.00155807227,0.0149378522,0.0366699563,0.00499037395,0.00377851306,0.00493055613,0.00211976394,0.00386756045,0.00420396306,0.00803769232,0.000905681266,0.00460394865,0.0123111867,0.00315284067,0.00264155776,0.0272071774,0.00337136813,0.00302273341,0.00119100844,0.00418024342,0.00201261114,0.00757284505,0.0135083363
0.00107918439,0.00158000681,0.00226671986,0.0116336959,0.0057730091,0.00113976161,0.0207365951,0.00234521813,0.0070126529,0.00226003423,0.0018688827,0.00221152706,0.0336731295,0.00281106751,0.0110393168,0.0157255631,0.00355618908,0.00883683114,0.00417008494,0.00785741914,0.00272691975,0.00679612159,0.00303555238,0.00692919677,0.00614606473,0.00300095554,0.0127680574,0.0015296939,0.0092316395,0.00180995813,0.0227244521,0.00337790379,0.0038081166,0.016622702,0.00851276561,0.0103412618,0.00188323931,0.00362076054,0.00626914188,0.0114756363,0.00245265167,0.0125278346,0.00256118556,0.023194167,0.00165016474,0.0119907532,0.00858607015,0.0252938774,0.00465963815,0.00186773882,0.00112163413,0.00237803945,0.0032688628,0.007139741,0.00159489593,0.00942282128,0.0171182237,0.0259740006,0.02097953,0.00509737057,0.00121114135,0.00586853865,0.0069724013,0.00359355971,0.0209208352,0.0355499718,0.0040032584,0.00237330512,0.00236854471,0.00108108023,0.022247503,0.00314245354,0.0137342752,0.0150816754,0.00273282607,0.00305980083,0.0105092441,0.00155807255,0.0151872495,0.0361973343,0.00523088407,0.00347125667,0.00536967952,0.00216766109,0.00379506195,0.0036417592,0.00681067308,0.000910986826,0.00478892627,0.0124690394,0.00311737243,0.00262732887,0.0293035381,0.00301205219,0.0033281089,0.00118151054,0.00408895037,0.00254487555,0.00857579001,0.0130666212
0.00120304737,0.00217927937,0.00240750585,0.0125495129,0.00651898831,0.00140468929,0.0198293312,0.002362395,0.00684312992,0.00271522861,0.0020979069,0.00315126202,0.0298610878,0.00281272652,0.00985915908,0.0174831168,0.00339565351,0.00853462618,0.00431094892,0.00691098532,0.002882404,0.00702941445,0.00284794924,0.00763726468,0.00566852317,0.00288738976,0.0134829771,0.00167177692,0.0104698417,0.0018301071,0.0227905447,0.00391225034,0.00390256127,0.0167927902,0.0088902912,0.0104182049,0.00166822502,0.00339005034,0.00654770194,0.0112062548,0.00315371049,0.0126909009,0.00313077966,0.0241183856,0.00198473181,0.0129560034,0.00928962373,0.0246621163,0.00420168105,0.00218310606,0.00161651236,0.00251255581,0.00278797717,0.00730135731,0.00120498174,0.00897035448,0.0179693026,0.0272676222,0.0201351593,0.00420767387,0.001199999,0.00536034827,0.00701928787,0.00456395098,0.0207830988,0.0354169221,0.00391732471,0.00273410581,0.0026087007,0.0012175295,0.0233128545,0.0042313095,0.013624744,0.0152618368,0.00262324065,0.00318207087,0.0115119893,0.00242027109,0.0149486007,0.0354322426,0.00521332666,0.00383849611,0.00501442733,0.00199813589,0.00380279249,0.00395972631,0.00628283791,0.000650869835,0.00450664442,0.0127273444,0.00326486608,0.00248555329,0.029327338,0.00239520703,0.00359758978,0.00117440072,0.00421368035,0.00240964305,0.00978770084,0.0134204434
0.000939595719,0.00217423242,0.00284900099,0.0137720352,0.00682736478,0.00195503188,0.0202808439,0.00202791335,0.00729860746,0.00218196035,0.00185564056,0.00328385442,0.0276971496,0.00283159153,0.0104497302,0.0182469643,0.00330482684,0.00933370468,0.00440340818,0.00765047683,0.00309421821,0.0064604521,0.00287391483,0.00764884991,0.005627919,0.00332778753,0.0140994833,0.00222903658,0.0113183406,0.00169910414,0.0211258974,0.00362622054,0.0041790243,0.0171002906,0.00865911451,0.0104384096,0.00181549402,0.00391922169,0.00751667173,0.0114602342,0.00367494657,0.0121846973,0.00388824895,0.0254184482,0.00215782577,0.0127965389,0.00948637995,0.0262177254,0.00337123075,0.0025266347,0.00185413871,0.00282676066,0.00240996206,0.00774538652,0.00107845573,0.00810607684,0.0178055605,0.0257554091,0.0190265505,0.00383865209,0.00164510411,0.00577058058,0.00695023659,0.0044631926,0.0214411374,0.0361524384,0.00356806467,0.00340544676,0.00278884704,0.00123507742,0.0242616369,0.00505689031,0.0131921129,0.015009116,0.00264813013,0.00347318806,0.0119760533,0.00287398117,0.0154835468,0.0347436654,0.00541151574,0.00380091899,0.00531914319,0.00193153101,0.00375785644,0.00393807426,0.00545851621,0.000794386952,0.00471416436,0.0123126152,0.00366648928,0.00243506328,0.030973616,0.00231575761,0.00370033484,0.00103320832,0.0036392171,0.00198465025,0.010297628,0.0130795765
0.000943012878,0.00291800233,0.00276935397,0.0127555365,0.00636238183,0.00210231074,0.0226799688,0.0017381905,0.00716901201,0.00231328521,0.00210271158,0.00382383788,0.027301206,0.00267937232,0.0101850605,0.0178631024,0.00362127948,0.00911622569,0.00486000318,0.00812644108,0.00302686059,0.00613538507,0.00231859108,0.00775407887,0.0055156551,0.00292316122,0.0141940009,0.00269809527,0.0116959027,0.00216953626,0.0201289055,0.0032825812,0.00392581346,0.0191186854,0.00848315447,0.00995509484,0.00172642537,0.00520416479,0.00778182393,0.011794584,0.00382262898,0.0111158303,0.00390625152,0.0262826652,0.00200803331,0.0136580483,0.00902234817,0.0271538421,0.00321564845,0.00300751633,0.00172371275,0.00302379022,0.00303270021,0.00834736466,0.00107584818,0.00747687883,0.0165229734,0.0244306278,0.0173850608,0.00353866999,0.00195329616,0.00634853601,0.00769015917,0.00534135696,0.021256044,0.0358496385,0.00315182402,0.00412838452,0.00330006937,0.00124001135,0.0254996115,0.00496503367,0.0127233,0.0152366255,0.00207213245,0.00386794241,0.0115279657,0.00327035209,0.0160357623,0.0328170545,0.00557466859,0.0040526837,0.00552933406,0.00204809633,0.00315847599,0.00407110697,0.00431092768,0.000664451009,0.00406893415,0.0119810638,0.00390358084,0.00257208641,0.0315392634,0.00219810702,0.00402179195,0.00103703627,0.00388418144,0.00237247648,0.011537991,0.0129673862
0.00109006603,0.0034028399,0.00265357622,0.0123272934,0.00721948022,0.00180756127,0.0226023303,0.00120612887,0.00737032518,0.00194188106,0.0026380191,0.00451227089,0.0267705734,0.00327478545,0.0108608732,0.0186331115,0.00342331101,0.00896754848,0.00608414515,0.0080152636,0.00266748962,0.0063008712,0.00228455925,0.00784940314,0.00661050045,0.00334028899,0.0133154936,0.00271080023,0.0120971612,0.00218170424,0.0198174501,0.0029540089,0.00463851435,0.0192438297,0.00775686121,0.0100803393,0.00186790925,0.00634687394,0.00803633546,0.0126912083,0.00397212778,0.0100211753,0.00421022194,0.0281437945,0.00200648482,0.0149597356,0.00809985786,0.0290990759,0.00284768118,0.00243671304,0.00158866116,0.003508299,0.00295508415,0.00745852599,0.00151099019,0.00738785666,0.015612865,0.0241310318,0.0167346189,0.00282449224,0.00259598409,0.00713586248,0.00802249267,0.00574641226,0.0214602006,0.0364510457,0.0041628102,0.00488771245,0.00268685914,0.00112787262,0.0244635527,0.0044535547,0.0135962235,0.0148090983,0.00199680414,0.00389321422,0.0125289448,0.00347222255,0.0155877945,0.0308891952,0.00585798659,0.00436808695,0.00563606522,0.00184696532,0.00339711743,0.00369458066,0.00404266392,0.000804936344,0.00414215628,0.0116944298,0.00390134923,0.00190320264,0.032276395,0.00152565782,0.00496133544,0.00117612519,0.00384724928,0.00226968836,0.0116518542,0.0122502042
0.00110147258,0.00325426728,0.00232187941,0.0129492618,0.00857026012,0.00165998279,0.024113943,0.000855953072,0.00759467354,0.00202784832,0.00234100738,0.00434840451,0.0254306399,0.00336826577,0.0106440387,0.0179602536,0.00367794124,0.00891365771,0.00621853029,0.00799642644,0.00256472987,0.00565988544,0.00176723148,0.00845665005,0.00704224849,0.00334122097,0.0138062957,0.00272167285,0.0123242771,0.00210641794,0.0191689113,0.00209966631,0.00434466319,0.0219855995,0.00789639875,0.00991171934,0.00171866576,0.007519805,0.00972011913,0.0132616493,0.00427770241,0.00955996128,0.00450909754,0.028190082,0.00217458632,0.0152600669,0.00768321958,0.0283527777,0.00255403111,0.00242718765,0.0014594991,0.00333912193,0.00319872154,0.00829760379,0.00135814046,0.00681711216,0.0143422023,0.023780809,0.0186098001,0.00308601726,0.00398157892,0.00812038041,0.00821823528,0.0050917829,0.022422163,0.0355239859,0.00466479963,0.00612138477,0.00236425793,0.00114612983,0.0242073358,0.00425894331,0.0141044452,0.0147935836,0.00216881582,0.00413861653,0.0120563484,0.00423603662,0.0157985617,0.0306303691,0.00571224038,0.00474496332,0.00608353469,0.00176332783,0.00358196278,0.00435373652,0.00386614977,0.00080364536,0.00444071318,0.0111941871,0.00427056222,0.00218132545,0.0331239597,0.00197433342,0.00614647789,0.00102249419,0.00339174941,0.00255204666,0.0110321162,0.0124968022
0.00111034278,0.00433964712,0.00224897475,0.0118678428,0.0099117341,0.00207756121,0.025152015,0.000973591799,0.00884336606,0.00202675581,0.00248788313,0.00480384091,0.0242980195,0.0033292956,0.00995530956,0.0180051332,0.00412673226,0.00890711393,0.00667576609,0.00761746104,0.00283610532,0.00529917098,0.00169917923,0.00948275584,0.0065264385,0.00335946785,0.0143079806,0.00269639836,0.0122082302,0.00192456269,0.0200436966,0.00236045541,0.00446428005,0.0220273094,0.00743896619,0.00857862505,0.00170335332,0.00761353401,0.0100776292,0.0125090293,0.00448556714,0.00889329092,0.0050401732,0.0294091942,0.00296366181,0.0145481606,0.00704317687,0.0306117726,0.00286532822,0.00233302835,0.00144613283,0.00361784798,0.00346159107,0.00854937062,0.00169693282,0.00675440115,0.013282623,0.0260572908,0.0187830663,0.00352159443,0.00469632795,0.00823959738,0.00954198526,0.00556117197,0.0220973267,0.0319123925,0.00514018572,0.00658404057,0.00279146369,0.00145179971,0.022184261,0.0048250064,0.0156903549,0.0145280564,0.00209681198,0.00418410402,0.0127014363,0.00400797292,0.0160615839,0.0283970429,0.00479970432,0.00432062258,0.00656532441,0.00195032953,0.00331827244,0.00512613013,0.00314061099,0.000938965651,0.00519135839,0.0114993299,0.00420574045,0.00204666307,0.0340251794,0.00240827329,0.00670967347,0.00103077612,0.00335383047,0.00281954728,0.0120149337,0.0103297736
0.00124481511,0.00417085961,0.00246141125,0.0123238672,0.0105058986,0.00217745919,0.0248408383,0.000977758798,0.00947504287,0.00177789512,0.00324633286,0.00439882527,0.0255491087,0.00334957421,0.00862660526,0.0166579709,0.00417771956,0.00827837103,0.00619171338,0.0078644419,0.00247553963,0.00462342313,0.00138748686,0.00919936653,0.00556003539,0.00468662366,0.012694635,0.00240210399,0.0127942212,0.00210051736,0.0202260224,0.00208536083,0.00547236747,0.0257300206,0.00664104495,0.00930083102,0.00195235831,0.00761763734,0.0104545984,0.012874302,0.0043036541,0.0088359047,0.00604630908,0.0305170132,0.00341508925,0.014494828,0.00743323002,0.0294678472,0.00230002448,0.00179640541,0.00145260802,0.0043396963,0.00329610591,0.00756233195,0.00184799945,0.0062027691,0.012161438,0.0269730639,0.0194842473,0.00456497309,0.0054191964,0.0104328105,0.00959069328,0.00528214554,0.0206880493,0.0277933839,0.00497743992,0.00628689143,0.00281270634,0.000884562786,0.0232279268,0.00414345211,0.0163232335,0.0145130277,0.00212069979,0.00404164555,0.0130470807,0.00396824888,0.0169596193,0.0267790022,0.00545735117,0.00378956431,0.00754486137,0.00193099618,0.00402088436,0.0052489954,0.00284090308,0.000798509991,0.00603209005,0.0121404294,0.0043304903,0.00206242491,0.0357395415,0.00260567654,0.00760211152,0.000890339947,0.0030504731,0.00295064458,0.0116778016,0.0102384742
0.000961800896,0.00469043453,0.00251888835,0.0121303744,0.0107775724,0.00189368363,0.023942285,0.00110851211,0.011251311,0.00178106583,0.00313602684,0.00417273513,0.0265269117,0.00346437067,0.00904697125,0.0153575927,0.0040699235,0.00870489072,0.00607319223,0.00880415978,0.00245009877,0.00525110774,0.00133757989,0.00993762332,0.00605001702,0.00537783233,0.0125186395,0.00303555969,0.0129831787,0.00224423675,0.0194580332,0.00220598517,0.00582221483,0.0262971801,0.00686135772,0.0088307335,0.00169138816,0.00824061467,0.0104527357,0.0141234642,0.00345849234,0.00801393903,0.00534440623,0.0312404917,0.00325078264,0.014026635,0.00695812828,0.0292872892,0.00204238144,0.00178973547,0.00120772946,0.00475298193,0.00319163083,0.0082281958,0.00200410118,0.0059047373,0.0102352771,0.029627184,0.0176284298,0.00435189748,0.00544771516,0.0107942957,0.00899086882,0.00505115941,0.0226194579,0.0258499668,0.00536912536,0.00634550197,0.00249376506,0.00104774598,0.0214710749,0.00486966131,0.0139965174,0.0145081161,0.00219458148,0.00429422657,0.0122884692,0.00426836139,0.0159702322,0.0268363677,0.00474873605,0.00358369996,0.00863160667,0.00199768119,0.00419570564,0.00503377978,0.00298426011,0.0010468478,0.00573241395,0.0121274306,0.00459481572,0.00223588586,0.0354070508,0.00304436447,0.00886157196,0.00103153467,0.00261348069,0.00325115583,0.0119763989,0.00924012184
0.00109304543,0.00565626938,0.002397306,0.00950342171,0.0106102601,0.00136017039,0.0230049857,0.00150301046,0.0123983017,0.00164902897,0.00276732705,0.00391869905,0.0273006307,0.00399517333,0.00858250078,0.014293974,0.00391403032,0.00800056903,0.00557166214,0.00872117395,0.00201064135,0.00573781367,0.000704314734,0.0100014457,0.00552773241,0.00578624561,0.0126775752,0.00347977841,0.0121650759,0.00225155887,0.0192057235,0.00192917281,0.00602108566,0.0283621734,0.00698069155,0.00931470627,0.00190014177,0.00810439146,0.0108138282,0.0135730013,0.00389463584,0.00837138749,0.00661022264,0.0329135343,0.00331806317,0.012539193,0.00593685281,0.0281871032,0.00163728227,0.00157088526,0.00108958603,0.00465775672,0.00349746545,0.00773443909,0.00184289285,0.00564782982,0.00832769342,0.0333831054,0.0171137175,0.00445632203,0.00512917832,0.0107366287,0.00797553799,0.00421606865,0.0234395864,0.023223091,0.00582875325,0.00709628368,0.00288779066,0.00136965526,0.0214761875,0.00471287912,0.0135798225,0.0141742945,0.00220804331,0.0042924428,0.0112593716,0.00455114096,0.0158335106,0.0262660905,0.00424397287,0.00358958933,0.00965993327,0.00199075395,0.00349396094,0.00496623414,0.00240351844,0.0010347927,0.00465401199,0.0126376215,0.00410291967,0.0025284438,0.0333565466,0.00313456931,0.00966815406,0.00117803158,0.00192997121,0.00311822364,0.0133186746,0.00814938121
0.00122783184,0.00650965634,0.00272021337,0.00935032033,0.0108610914,0.00121000396,0.0211600915,0.00215381182,0.0125627939,0.00177160116,0.00298669644,0.00385997372,0.0295939815,0.00399517512,0.00819522133,0.0111348168,0.00425363088,0.00726068378,0.00537221268,0.00932592302,0.00201087865,0.00602817314,0.000448889954,0.00997313068,0.00483553961,0.00675584322,0.0124433838,0.00350518169,0.0111736048,0.00211268186,0.0199223826,0.0017752265,0.00624236267,0.0275656878,0.00674448354,0.00936551239,0.00169712526,0.00858399057,0.0110547751,0.0148536718,0.00395144939,0.00880572136,0.00694755951,0.0335738875,0.00338050424,0.0111747914,0.00512853864,0.0266985431,0.00187781853,0.00167741757,0.00114789536,0.00367497206,0.00349455293,0.00708390998,0.00222779143,0.00630957249,0.0075757542,0.0355025638,0.0166965739,0.004582829,0.00464375697,0.00949742122,0.00673534435,0.00375424867,0.0238019711,0.0204703477,0.00610832196,0.00665813269,0.00280250485,0.00123039182,0.0226638115,0.00502256339,0.0122261617,0.0144762416,0.0020966947,0.00401217249,0.0127500699,0.00475904731,0.0154394467,0.0260501967,0.00313593826,0.00367096602,0.0109275283,0.00186710874,0.00341619468,0.00448489632,0.00199395089,0.00141953857,0.00533631688,0.0140054712,0.00477640917,0.00212464502,0.0353176548,0.00370531892,0.00983498689,0.00131597996,0.00176534688,0.00299523526,0.0140324929,0.00774351478
0.00109229725,0.00651658279,0.00309438199,0.010313594,0.012134048,0.00106143195,0.0190058335,0.0028909091,0.0126531254,0.00148208168,0.00347952017,0.00319958009,0.0296723152,0.00458922874,0.00830922811,0.0102110284,0.00478341738,0.00657057912,0.00511231807,0.00863699547,0.00177075007,0.00634812227,0.000321460073,0.0111473945,0.0050652961,0.00713131915,0.0114982459,0.00428280713,0.0103691686,0.00288296445,0.0199659084,0.00122783209,0.00608922428,0.0270519823,0.00805090606,0.00927029252,0.00156760549,0.00972736881,0.0119710875,0.0167682091,0.00532958272,0.00873788244,0.00851347981,0.0342000698,0.00389878745,0.0114454343,0.00442671044,0.0269056867,0.00199825233,0.00173165945,0.00140312393,0.00339765447,0.00335242015,0.0072724729,0.00209555875,0.00625000419,0.00754310278,0.0361230066,0.0150156324,0.00396718942,0.0047557901,0.00899748165,0.0058262694,0.00325965232,0.0249815032,0.0212636822,0.00581553176,0.00691678913,0.00232211114,0.00155255275,0.0222013287,0.0053044651,0.0106342342,0.0139070256,0.00198708487,0.00368550199,0.0126519606,0.00643143089,0.0136586665,0.0267631694,0.0031789828,0.00447026928,0.0111024242,0.00172678423,0.00302637269,0.00462046118,0.00210340887,0.00177102824,0.00655122869,0.0145691773,0.00530875288,0.00200057212,0.0353619693,0.00443119974,0.00996722843,0.00146584801,0.00135776963,0.00326263725,0.0173018219,0.00604403202
0.000944411973,0.00717773827,0.00349243293,0.00972845408,0.0132664819,0.00132415084,0.0179251977,0.00292137429,0.0109475919,0.00172117225,0.00436652997,0.00328256457,0.030063093,0.00398196833,0.00726730898,0.00932878553,0.00508768727,0.00583438874,0.0035128794,0.00974313875,0.00163953897,0.00619300105,0.000320225147,0.0101469584,0.00449305679,0.00727664914,0.0104814768,0.00500930048,0.009329449,0.00350931303,0.0180481137,0.000944413906,0.00552297708,0.0267011911,0.00777878721,0.00890760613,0.00163271036,0.00980125419,0.0134046963,0.0176677534,0.00550906763,0.00829221761,0.00771856039,0.0354118219,0.00443333546,0.0106896298,0.0040639596,0.0285805712,0.00185827462,0.00210110705,0.00129294651,0.00289757324,0.00337790517,0.00779166216,0.00243890747,0.00650141677,0.00682547855,0.0355867881,0.0131436221,0.00339489505,0.00461419759,0.00842496037,0.00650212565,0.0030918598,0.0258030095,0.0212562438,0.00548922899,0.00714164886,0.00184471224,0.00174353805,0.0237990614,0.00591203983,0.00968693875,0.0123214651,0.00160632965,0.00469963096,0.0127288227,0.00681192788,0.0137369831,0.0277111553,0.00396202808,0.00461309923,0.0125215894,0.00157034986,0.00257473833,0.00520696863,0.00187065303,0.00164307247,0.00678417559,0.0173896179,0.00458015278,0.00233134312,0.0346713192,0.00416965583,0.0089697967,0.0013113811,0.00135776899,0.00313736091,0.0175570502,0.00569693092
0.0013365407,0.00719584761,0.00347491883,0.00876324788,0.012075476,0.00131787025,0.0157731619,0.00364310252,0.0117876834,0.00142950363,0.00503070601,0.00362319332,0.031519394,0.00393291879,0.00637233969,0.00890179297,0.00520416,0.00497546829,0.00338369314,0.0103448275,0.00140647164,0.00706785113,0.00032463251,0.00973710219,0.00412080536,0.00729828329,0.0103890922,0.00471293546,0.0101575088,0.00412293344,0.0173191195,0.000675674523,0.00643599165,0.0262398469,0.0070610258,0.0077895138,0.00137705284,0.0113372361,0.0135099054,0.020492597,0.00586368805,0.00860200948,0.00665380488,0.0368618354,0.0042728244,0.0109121177,0.00366618178,0.0283435696,0.00171905922,0.00208966338,0.00129757933,0.00281652264,0.00293654421,0.00792976745,0.00200466179,0.00637634382,0.00563002311,0.0362914028,0.014186296,0.00260702605,0.00505509209,0.00756290832,0.00541897484,0.00255823217,0.0279649161,0.022692061,0.00542805809,0.00789317395,0.00169347961,0.00145607277,0.0241827402,0.00599742686,0.00762471014,0.0120060724,0.0014237941,0.00440104269,0.0120404606,0.00775194597,0.0133632,0.027749741,0.00437204972,0.00535077694,0.0119310019,0.00136256797,0.00262859007,0.00503912354,0.00198517569,0.00176566937,0.00642342814,0.018345591,0.00478402014,0.00190560232,0.0334078535,0.00372920412,0.00913060416,0.00116312796,0.0010891751,0.00247762855,0.0181297527,0.00580734924
0.00147789432,0.00817138651,0.00350877375,0.00905719765,0.0125213185,0.00145176021,0.0140241303,0.00383190406,0.0113116156,0.00140306139,0.00513158315,0.00372743957,0.0347045544,0.00337382351,0.00609482604,0.00839091333,0.00471635546,0.00413454791,0.00348928993,0.0113763517,0.00128025798,0.00663805217,0.000523903863,0.00883683035,0.00369137809,0.00742240346,0.011015266,0.00415544605,0.010367654,0.00364692098,0.0157890079,0.000821466987,0.00751930573,0.0251711288,0.00662878651,0.00635998662,0.00111082185,0.011482549,0.0132665468,0.021707369,0.0061193675,0.0086428166,0.00561631205,0.0384750246,0.00429769686,0.0108922703,0.00363685104,0.0306401265,0.00172989319,0.00226614493,0.00142556275,0.00214534695,0.00327273303,0.00758327092,0.00217648592,0.00591000575,0.00560908462,0.0371396668,0.0130985808,0.00193557167,0.00446898383,0.00661692351,0.00487355713,0.00275204371,0.0287125815,0.0235093287,0.00514826404,0.008901122,0.00136612089,0.00212522523,0.0267933068,0.00664123443,0.00691303333,0.0119469857,0.00130305198,0.00411353497,0.01226862,0.00902957941,0.0137752021,0.028482445,0.00495351959,0.00592329788,0.0112961339,0.00185482605,0.00174125683,0.00555918922,0.00158855887,0.00162195838,0.00593839394,0.0191955582,0.00577994106,0.00146777983,0.0346989723,0.00327821943,0.00759306706,0.00145306772,0.00095537342,0.0016574614,0.0178871149,0.00543067536
0.00186418376,0.0105597414,0.00375938805,0.00907242732,0.0138714391,0.00157957151,0.0119337846,0.0039390144,0.0106272961,0.00112880953,0.00534330931,0.00388515371,0.033941249,0.00281857384,0.00596737663,0.00717771237,0.00419552445,0.00315700996,0.00351943419,0.011291442,0.00139924938,0.00697517637,0.000660499715,0.00847230458,0.00295639851,0.00734699299,0.0116828575,0.00447865874,0.00835072601,0.00309506528,0.0142988862,0.00108533559,0.00765833308,0.0242970854,0.00647315435,0.00571823914,0.000979754117,0.0129502102,0.013273176,0.0230174889,0.00680225469,0.00866641201,0.00468540992,0.0380479927,0.00460782308,0.00940391186,0.00350215004,0.0332090713,0.00185689454,0.00252015903,0.00136646101,0.00167089988,0.00347977862,0.00828142791,0.00228147546,0.00497847133,0.00502479863,0.036064771,0.0135687613,0.00180480129,0.00462962715,0.00565247771,0.0042049884,0.0027553774,0.0262796595,0.025070291,0.00520337114,0.0104340089,0.00136170404,0.00232867484,0.0295490159,0.00705815824,0.00507152048,0.0101904162,0.00104384266,0.00437039243,0.0123677404,0.0101851811,0.0119747804,0.0283259824,0.00545093866,0.00636989275,0.0116606083,0.00186474497,0.0016934758,0.00467966825,0.00172413812,0.00199600467,0.00572493676,0.0197347799,0.005389311,0.00161693305,0.0349159816,0.00268285563,0.00684655761,0.00116532883,0.000680920464,0.00151598702,0.0170698606,0.00503144859
0.00198412629,0.0111160214,0.00386117711,0.00847167061,0.0144683838,0.00146393493,0.0110970259,0.00361721003,0.00939221498,0.00136206151,0.0062364368,0.00408217412,0.0360897078,0.00220426545,0.00599473229,0.00600338751,0.00429780154,0.00316545174,0.00450233155,0.0124923459,0.00162677141,0.00623259492,0.00120756571,0.00809061806,0.00294551007,0.00688259545,0.0109559151,0.00469613901,0.00776069678,0.00300058787,0.0122545788,0.000950054457,0.00666481499,0.0236297213,0.0072523793,0.00522438947,0.000848672981,0.0135734617,0.0146104219,0.0228991893,0.00741656327,0.00880140163,0.00432577816,0.0385227525,0.00389848326,0.00990024709,0.00343990399,0.0371275791,0.00212022757,0.0030275713,0.001621958,0.00151176757,0.00421573223,0.00812835576,0.00228734716,0.00453272676,0.00547637567,0.0356127063,0.012762254,0.00140627132,0.00442299274,0.00592004482,0.00373524952,0.00256548898,0.0248517425,0.0269045723,0.00466774179,0.0121034653,0.00135249502,0.00251931533,0.0310202026,0.00716820912,0.00507812053,0.00850491964,0.00165766406,0.00408663247,0.0135252397,0.0108847822,0.0107563761,0.0285390979,0.00592417445,0.0053545648,0.0113315096,0.00197457512,0.00168397177,0.00529896901,0.00198229519,0.00188964166,0.00578150253,0.0196159715,0.00631095244,0.00179426366,0.0346606382,0.00308988476,0.0066567028,0.00130321742,0.000411182711,0.0018005518,0.0179784358,0.00472886679
0.00205706541,0.0108983827,0.00340091333,0.00900633423,0.0159048795,0.00173125998,0.00929817802,0.00281672463,0.00785244909,0.00160019599,0.00649262643,0.00384245391,0.0376909738,0.00173988999,0.00617527774,0.00522837514,0.00351085883,0.00259795164,0.00446713848,0.0128359607,0.00139259828,0.00560940122,0.00134318185,0.00683794768,0.00245425979,0.00748987917,0.0103942299,0.004637871,0.00755743745,0.00292056193,0.0103364407,0.00149173125,0.00802878266,0.0229192074,0.00678157786,0.00421372379,0.000525899671,0.0132116584,0.0159278531,0.021558476,0.00730773832,0.00854245119,0.003036591,0.040753574,0.0036395805,0.0100273467,0.0030496046,0.03794899,0.00182389736,0.00317357781,0.00169683126,0.00165103597,0.00454677124,0.0079420431,0.00201758274,0.00342603804,0.00602249554,0.0363371173,0.0122484232,0.0016956354,0.00443368866,0.00719507819,0.00418519291,0.00230821482,0.0245385283,0.0283101743,0.00426061947,0.0134446216,0.00153583378,0.00208437526,0.034676482,0.00852068617,0.00362414283,0.00803061936,0.00153036133,0.0033930529,0.0142504137,0.0119324965,0.0102083306,0.0271196443,0.00640945542,0.00573148039,0.011192092,0.00209282028,0.00154256384,0.00471635905,0.00236530678,0.00213086143,0.00524051315,0.0192254403,0.0054277923,0.00192421834,0.037046213,0.00239234331,0.00678106683,0.001157577,0.000549375751,0.00180882054,0.0173369223,0.00486952566
0.00237655253,0.0115843999,0.00296827685,0.00847542926,0.015041392,0.00148448362,0.00889113699,0.00278763917,0.00715731751,0.00191713271,0.00590150794,0.00397557281,0.0405433887,0.0017167418,0.00742150669,0.00391979739,0.0029465789,0.0021410243,0.00436299905,0.0138543251,0.00161812165,0.00520697701,0.00160384918,0.00597062096,0.0023813059,0.00768491727,0.00935051169,0.00423127879,0.00713417939,0.00328803232,0.00900723022,0.00218698841,0.00815930737,0.0253408626,0.0078511862,0.00286533014,0.000781352091,0.0140795148,0.0175379408,0.0207130173,0.00711938035,0.00904288241,0.00212516424,0.0423606159,0.0029023429,0.0101252092,0.00353405474,0.0406093644,0.00165373304,0.0034790561,0.0013215848,0.00176840425,0.00525557005,0.00827844825,0.00229884756,0.00311990927,0.00567178642,0.0355379709,0.0121805977,0.00170672566,0.00401498708,0.00689926032,0.0036745476,0.00218072355,0.0249144776,0.0298384626,0.00491673573,0.0141721212,0.00151847253,0.00224140534,0.0372651343,0.00816618683,0.00323774038,0.00769346754,0.00121743218,0.00277928733,0.014468558,0.0141671689,0.0105677605,0.0257138929,0.00659749143,0.00474772917,0.00931555817,0.00233071434,0.00138140841,0.00508673188,0.00222630011,0.00203588577,0.0053271418,0.0193908421,0.0059184247,0.00191204184,0.0379782357,0.00222407668,0.00641919909,0.0011604322,0.000549752152,0.00168302558,0.0172375195,0.00421329697
0.00249572788,0.0121099853,0.00338944793,0.00941348613,0.0158405907,0.00134444927,0.00777791078,0.00254776998,0.00810712911,0.00253525089,0.00568258823,0.00374157905,0.0413496412,0.00254452926,0.00747848524,0.00313455356,0.00187653624,0.00214469827,0.00407843073,0.0136437613,0.00173973361,0.00472660159,0.0016198694,0.00535762807,0.00248083158,0.00761734639,0.00864307041,0.00369401783,0.00577367564,0.00434279246,0.00756479639,0.00232526197,0.00758198197,0.025732176,0.00836311301,0.00232983766,0.00105291004,0.0134718027,0.0196773955,0.0204214878,0.00698873426,0.0104615629,0.00189283807,0.0444868217,0.00325461976,0.00991393055,0.00378020648,0.0419701532,0.0020452504,0.00442419396,0.00113808572,0.00169425127,0.00581311078,0.00749290562,0.00193603802,0.00270562989,0.00653508945,0.036639874,0.0122909182,0.00155477182,0.00388375405,0.00818842609,0.00400262928,0.00212941674,0.0242709468,0.029303707,0.00454781892,0.0159791248,0.00214769315,0.00220877276,0.0377966467,0.00843820814,0.00314507749,0.00701569039,0.00158131877,0.00256999869,0.0135489404,0.015964128,0.010144528,0.0248438044,0.00593994889,0.00455321026,0.00827621322,0.00235615226,0.00150974927,0.00443227408,0.0024872314,0.0021963825,0.00435262788,0.0193057711,0.00639113125,0.00176005018,0.0389546158,0.00220598351,0.00687525515,0.00115356771,0.000690224829,0.0019463347,0.0164987667,0.00326004024
0.00221382642,0.0114804899,0.00294051489,0.0102415096,0.0167737571,0.00134825028,0.00770013594,0.00267481729,0.00760225541,0.00318949134,0.00577957664,0.00400792605,0.0420686961,0.00296149552,0.00747848605,0.00220063489,0.0018666325,0.00217454737,0.0037088565,0.0157961697,0.00184907115,0.00495368704,0.00188425634,0.0053595619,0.00209990075,0.0079037764,0.00782971116,0.00382536293,0.0058701841,0.00427165312,0.00630034075,0.00287750182,0.00780788364,0.0257972588,0.00959721335,0.00250083207,0.000923846906,0.0151475339,0.0195595619,0.0189067645,0.00668006911,0.0113458098,0.00161290626,0.0439004934,0.00337128956,0.00850966116,0.00501068619,0.0427344505,0.0024145115,0.0048485617,0.00138573604,0.00180598707,0.0065856166,0.00773036845,0.00215239317,0.00190372477,0.00696584088,0.0360492588,0.0110893232,0.00184632645,0.00378736066,0.00920314883,0.0034009118,0.00200193135,0.0223221098,0.0277966136,0.00393853519,0.0162684217,0.00244180454,0.00228908001,0.0402103246,0.00908567201,0.00335299895,0.00623195684,0.00145578025,0.00246036411,0.0136054326,0.0160576605,0.00927863277,0.0249882883,0.00673907811,0.00457424321,0.0068102189,0.00209747441,0.0015097494,0.00415369087,0.0023520198,0.00220607368,0.00429958849,0.0188195667,0.00627527676,0.0017582409,0.040947049,0.00186515683,0.00667509863,0.00137900987,0.000690609833,0.00223526168,0.0143265878,0.00284310958
0.00221671676,0.0112320322,0.002836787,0.0108324481,0.0173003108,0.00162403615,0.00741214187,0.00267754722,0.00795842305,0.00408651405,0.00595237827,0.00394869126,0.0396701116,0.0036111176,0.00783132103,0.00211097551,0.00223242631,0.00190504409,0.00356994075,0.0157583555,0.00185507214,0.00506735355,0.00214909045,0.00601586274,0.00211130029,0.00742562603,0.00685157877,0.00367578335,0.00478957198,0.00477956662,0.00554839516,0.00249307322,0.00809994461,0.0257193784,0.0105331879,0.00265119947,0.000925924934,0.0160880449,0.0207354488,0.0157501831,0.00681445859,0.0122186393,0.00175592498,0.0456601518,0.00305878787,0.00810935819,0.00490130526,0.0445902293,0.0027369808,0.00523419321,0.00151936909,0.0014685251,0.00665605307,0.00732792807,0.00220797622,0.00201416644,0.00630871813,0.0363188112,0.0108989459,0.00207498275,0.00357962438,0.00948323625,0.00341110495,0.00181361731,0.0201874771,0.0259117457,0.00486741977,0.0157591197,0.00242091359,0.00275750082,0.0399824652,0.00911964545,0.00379352718,0.00702826924,0.00145985601,0.00258468356,0.0129374824,0.0171472108,0.00815522934,0.022243651,0.00669938895,0.00410348867,0.00585133739,0.00195766509,0.00122716018,0.00430809881,0.00182576741,0.00217133575,0.00377200454,0.0184266711,0.00561329775,0.00146520001,0.0443371355,0.00142587645,0.00831675238,0.00153128123,0.000685685427,0.00224058129,0.0143709142,0.00201849055
0.0019677298,0.0106783979,0.00273638651,0.0126011862,0.0183228775,0.00121736707,0.0076747285,0.00254679994,0.00783493721,0.00457771608,0.00569414177,0.00399779546,0.0383508177,0.00397043208,0.00800485138,0.0017722655,0.00234890886,0.00191683736,0.00279851101,0.0164602154,0.00162281098,0.00478865987,0.00176894952,0.00593758009,0.0016674242,0.00860774067,0.00592926708,0.00331617223,0.00432457974,0.00517910795,0.00647806089,0.00261276539,0.00690834788,0.0264170406,0.0105991352,0.00247361669,0.00105680114,0.0153849374,0.0211927116,0.0149370737,0.00700521523,0.012889127,0.00152682697,0.0420418306,0.00342823808,0.00785582766,0.00609837395,0.0448806366,0.00300681379,0.005688734,0.00164286546,0.00126758961,0.00691243506,0.0079043541,0.00243448349,0.00175413693,0.00676864562,0.0361619113,0.00945870023,0.00249786215,0.00370268564,0.00972815786,0.00284880826,0.00253235989,0.0199741192,0.0252662859,0.0053701563,0.0167283784,0.00191509507,0.00265316137,0.0420121488,0.00903483989,0.0047651503,0.00819045287,0.00147130753,0.00246002379,0.0128038212,0.0166298025,0.00827270954,0.0219693154,0.00560822653,0.00356506687,0.00484058606,0.00158381917,0.00122549365,0.00350668479,0.00182911485,0.00245553719,0.00415857034,0.0175290837,0.00573144719,0.00130624147,0.0460817706,0.00143021804,0.00903097039,0.00167883073,0.000821130178,0.00252206861,0.0137819168,0.00177631618
0.00193923011,0.00934772881,0.00242852809,0.01376497,0.0184848079,0.00148228033,0.00874652778,0.00279472015,0.00684752876,0.00583164157,0.00678361886,0.00322942926,0.0369253067,0.00417294075,0.00755837461,0.00190225127,0.00264850185,0.00205609691,0.00224493208,0.0181740685,0.00163132128,0.00517392011,0.0017682228,0.00616855726,0.00230131749,0.00932306843,0.00527399461,0.00270547436,0.00455791347,0.00479651721,0.00792439238,0.0023428873,0.00641025792,0.0265924,0.0105332898,0.00204348753,0.00138012819,0.0154113457,0.0213467054,0.0133284409,0.00682106533,0.0138608483,0.00196678391,0.0438818417,0.00408011692,0.0071119269,0.00702652222,0.0447349512,0.00328329955,0.00612411057,0.00190912569,0.00139011534,0.00723379348,0.00805205434,0.00388253843,0.00171282065,0.00724838168,0.0377631154,0.00859831942,0.00208243488,0.00309831771,0.00905696529,0.00305658448,0.00413802227,0.020800685,0.0254877189,0.00574345937,0.0164134923,0.00172144241,0.00255958819,0.0427787352,0.00971428464,0.0052870171,0.00817270098,0.00184865723,0.00233773732,0.0128130915,0.0165526274,0.00787686895,0.021216017,0.00491367435,0.00295573393,0.00486949996,0.00134081251,0.00109349467,0.00379595492,0.00142801923,0.00253333285,0.00346020351,0.0180704987,0.00498048667,0.00130985165,0.0499441678,0.00129611813,0.00916438008,0.00228276581,0.00123338713,0.00265957663,0.0128621587,0.00182506455
0.00168371957,0.00895957865,0.00221790845,0.0148448776,0.0177825917,0.00134971083,0.00997754482,0.00228223884,0.00649097657,0.00731180883,0.00705903953,0.00276204039,0.0372807565,0.00461114554,0.00694631006,0.00158296339,0.00319989801,0.0019089605,0.00254393768,0.019591959,0.00153664214,0.00500556139,0.00140920556,0.00567675392,0.00214296566,0.00900474217,0.00498664236,0.00286638719,0.00383564176,0.0054214274,0.00863013387,0.0020839069,0.00677305552,0.0269276681,0.0101336378,0.00185663902,0.00125961532,0.0170148524,0.0221800687,0.0118995838,0.00725963388,0.014006345,0.00218849956,0.0430899386,0.00484510754,0.00804845351,0.00761387861,0.042917419,0.00319249707,0.00673469587,0.00219950849,0.00138104042,0.00715641552,0.00761648138,0.00453910428,0.00141422905,0.00765199769,0.0402700591,0.00780314935,0.00207735964,0.00342465607,0.00779591489,0.00259590688,0.00426469178,0.0202446049,0.0255477858,0.00629173727,0.0160103304,0.00184871078,0.00327633033,0.0432201795,0.0101880901,0.00605688897,0.00910774237,0.00161812215,0.00279955509,0.0132899755,0.0167483467,0.00760567472,0.019360836,0.00441118229,0.00230445574,0.00471881216,0.000730991888,0.00109860015,0.00352768152,0.00156453549,0.00227363589,0.00335476548,0.0186193855,0.00450211782,0.00130756705,0.0529950492,0.00201254269,0.00995739314,0.00298686087,0.00135704107,0.00294241156,0.0131219297,0.00151368989
0.00141661234,0.00854229318,0.00155323248,0.0162308005,0.0181754649,0.00133690076,0.0109047924,0.00192628573,0.00669788018,0.00856335292,0.00864647942,0.00221871706,0.0354352021,0.00467933413,0.00692156476,0.00127532858,0.00307018029,0.00161550633,0.0029334538,0.0216647544,0.00119160993,0.00504304615,0.0014901127,0.0059557608,0.00185787484,0.00985928599,0.00420928114,0.00355585698,0.00415929395,0.00493183289,0.0101106095,0.00207353993,0.00687491899,0.0258454282,0.00866627563,0.00152979121,0.00166068607,0.0178947265,0.0213295545,0.0112698957,0.00780132095,0.0149789895,0.00219812686,0.0421701559,0.00525164882,0.00707439288,0.00773024128,0.0430194269,0.00353693324,0.00786917171,0.00190663716,0.000880060541,0.00617374857,0.00730445809,0.00442805602,0.00155807239,0.00742849098,0.0405855721,0.00646045112,0.00214102561,0.0033236391,0.00716523517,0.00263929921,0.00403666634,0.0197712434,0.0254355998,0.00663181056,0.015093051,0.00151906165,0.00363548366,0.0453972345,0.0099755996,0.00660823089,0.00931677663,0.00137174244,0.00284333325,0.0129413445,0.0162311766,0.00749558885,0.0177231406,0.00426155065,0.00282866311,0.00458656077,0.000979911744,0.000816216608,0.00304635118,0.0010569433,0.00228095881,0.00323306402,0.0172134636,0.00414771063,0.00144321017,0.0572718739,0.00209599372,0.0114734326,0.00340547917,0.00187793183,0.00351349415,0.0128587007,0.00193530404
0.00182338886,0.00938966876,0.00170624473,0.016762477,0.0191742422,0.00148568236,0.0117545098,0.00178821989,0.00588851458,0.00976974419,0.00899441113,0.00254841736,0.0331157212,0.00432989878,0.00702758894,0.00127280468,0.00300299954,0.00177488558,0.00279937857,0.0227324992,0.000846329975,0.00455945984,0.00148128269,0.00539542191,0.0020462783,0.0102497935,0.00515442447,0.00362566673,0.00385902007,0.00442477753,0.0114430985,0.00125190897,0.00655781791,0.025198797,0.00822479971,0.0017687752,0.00180457264,0.0167692961,0.0209446098,0.0111773576,0.00791282982,0.0144158838,0.00175720982,0.0427963573,0.00598103711,0.00636845955,0.00782472357,0.042582274,0.00367947666,0.00890201092,0.00218311678,0.00138017859,0.00680172248,0.00745194836,0.00360398094,0.00170333689,0.00784673924,0.039993669,0.00562802781,0.00184397141,0.00375000189,0.00725339238,0.00283539428,0.00449019946,0.0206013806,0.0262110883,0.00641433253,0.0146116252,0.000914214599,0.00408653405,0.0441198598,0.00981093215,0.00621537796,0.0101977276,0.000881944725,0.00321749939,0.014250485,0.0143628429,0.00703708268,0.0184221247,0.00407754403,0.00283476888,0.00575456616,0.000983527291,0.000822594067,0.00259101608,0.00173402837,0.00190475873,0.0028498164,0.0164031849,0.00469328383,0.00144990839,0.0612111198,0.0017665355,0.0126094898,0.00465435963,0.00214017759,0.00371677355,0.0142336635,0.00200942456
0.00183871825,0.00936943612,0.0017030888,0.0181026254,0.0206892296,0.00137117882,0.0132082553,0.00194401412,0.00457875602,0.0111197177,0.0101906587,0.00271141804,0.029640038,0.00383824103,0.00719048472,0.00141783884,0.00377834099,0.00215838346,0.00321720259,0.0227545472,0.000856687719,0.00443350201,0.00120853941,0.00510782548,0.00159948749,0.00957490559,0.00516528675,0.00305415854,0.00425005378,0.00410979234,0.0127697709,0.001245331,0.00673623166,0.0245467433,0.0098025156,0.00160256155,0.00180650319,0.0155529324,0.0220591408,0.00923978708,0.00859172353,0.0144172095,0.0023450077,0.0427735357,0.00730139921,0.00608457369,0.00845051422,0.0445562171,0.00459407503,0.00921808278,0.00236358804,0.00100300909,0.00612618601,0.00796655522,0.00382177581,0.00134142932,0.00601302292,0.0402260116,0.00480215191,0.00185661108,0.00350287461,0.00628052715,0.0022455103,0.00423492958,0.0200427916,0.0277777163,0.00725563317,0.0133555779,0.000748949958,0.00481695363,0.0433192851,0.0105290969,0.00644012428,0.00964252159,0.00102067014,0.00375777191,0.0157945247,0.0136656339,0.00728155562,0.0180392156,0.00413223597,0.00331663714,0.00627344193,0.000857003521,0.000816323931,0.00227577194,0.00201126065,0.00219961519,0.00269925025,0.0149444352,0.00436912544,0.00130966239,0.0649015537,0.00212614847,0.0132118236,0.00409709278,0.00198098867,0.00415251606,0.01438898,0.0023219773
0.00171571531,0.00983338607,0.00157615744,0.0179392433,0.0195779272,0.00154429062,0.0138837514,0.0019483042,0.00430634837,0.0129529231,0.0107503904,0.00273466612,0.028315889,0.00334867716,0.00803212739,0.00129982445,0.00374888945,0.00244181831,0.0033625298,0.0252774207,0.00111069968,0.003850936,0.000670870321,0.00492786735,0.0016056518,0.00826841536,0.00568776348,0.00379455014,0.00466854306,0.00439882326,0.0143403493,0.0015105756,0.00663339411,0.0247442421,0.0104900077,0.00160436148,0.0016094411,0.0140190926,0.0219801268,0.00941406529,0.00740548539,0.0139826355,0.00192023295,0.0402073486,0.00859662469,0.00601956304,0.00843158054,0.0475502185,0.00476709045,0.00964013511,0.00221476316,0.00101227266,0.00681773307,0.00809715803,0.00379053318,0.00120158286,0.00522622765,0.0405263757,0.00421941298,0.00212194199,0.00348605727,0.00550752399,0.00226483377,0.00338866248,0.0204268349,0.0281172677,0.00790895457,0.0129243938,0.00120156087,0.00558392572,0.0415544573,0.0108451556,0.00583820078,0.0107476931,0.00077811035,0.00325568048,0.0167857467,0.0123238783,0.00811048922,0.0179822477,0.00486342822,0.00421367286,0.00678206449,0.000736284467,0.00123102013,0.00153476601,0.0025575476,0.00206157015,0.00198272317,0.0136280999,0.00432181524,0.0014858817,0.0663280703,0.00212675466,0.0142959782,0.00536797997,0.00183414025,0.005206841,0.0145608675,0.00244140855
0.0017363454,0.011338809,0.00145053824,0.01788447,0.0198943934,0.0016961167,0.0144695248,0.00170090227,0.00450510775,0.0160061869,0.0111444503,0.00259759506,0.02659809,0.00320825682,0.00891730277,0.000874763976,0.00364917147,0.00228106548,0.00381558722,0.0252943047,0.000866122806,0.00397317873,0.000804396037,0.0045532194,0.00146460618,0.00782304156,0.00594922766,0.0040344318,0.00534346918,0.00569093531,0.0161904919,0.00164383439,0.00584223064,0.0249267885,0.0115115051,0.00144624637,0.00182259751,0.0129929496,0.0226993136,0.0117638082,0.0061464784,0.013804942,0.00161598758,0.0387726488,0.0091702448,0.00535605969,0.00893227152,0.048302001,0.00486223322,0.010860961,0.00239104024,0.00112289364,0.00763642229,0.00838478236,0.00363992959,0.000925795524,0.00515981472,0.0422680384,0.0039117574,0.00225924752,0.00348605803,0.00625086365,0.00301977992,0.00259795043,0.0199915738,0.0282410218,0.00789746456,0.012488898,0.0012021049,0.00576645536,0.0403537954,0.0108037874,0.00535391872,0.0101802888,0.00053064429,0.00313274104,0.0160941295,0.0138686312,0.00842244668,0.0176131591,0.00591079324,0.00448065115,0.00723975639,0.00087227694,0.00169033482,0.00192614234,0.00291802339,0.00206185531,0.00170479093,0.0123997891,0.00410774048,0.0027694627,0.0688546708,0.00241511763,0.0152130795,0.00593471635,0.0023313064,0.00562284486,0.0140721052,0.0023422429
0.00163398859,0.0132957286,0.0018802432,0.0155562459,0.0205390536,0.00214316761,0.0146613695,0.00222425782,0.00417732788,0.01680618,0.0111221954,0.00193855981,0.0258748736,0.00237595783,0.0100103975,0.00102639481,0.00368421022,0.00227706874,0.00354096257,0.0260148464,0.00111441538,0.00313691178,0.000803965186,0.0037960222,0.00147419909,0.00854352616,0.00495912378,0.00345147445,0.00581680061,0.00671770864,0.0189930376,0.00180255318,0.0040980027,0.0268878559,0.0122259707,0.00177162573,0.00195601954,0.0137572993,0.0208363199,0.0113303634,0.00520087215,0.0127370979,0.0017301013,0.0385208815,0.00916346577,0.00569374334,0.009023502,0.0509991905,0.00477664068,0.0124733865,0.00259882327,0.000995889596,0.00827110241,0.00801174641,0.00355252607,0.000925002341,0.00420655589,0.0428008837,0.00378108025,0.00212434296,0.00333192133,0.00667223596,0.00298819817,0.00266779092,0.0198440519,0.027607376,0.00810319792,0.0117400868,0.00133809284,0.00559552167,0.0395409266,0.0103353658,0.00475990697,0.0106530924,0.000674854908,0.0030554297,0.0164341248,0.0136712748,0.0097601882,0.0165150965,0.00689003513,0.00512924887,0.00858145737,0.00101060764,0.00176271007,0.00192231043,0.00320245459,0.00208651947,0.00184554334,0.0114899271,0.00345014656,0.00394596661,0.0721911236,0.00227046741,0.015219602,0.00592510668,0.00262020034,0.00594720713,0.0139891354,0.00218908404
0.00165062375,0.0129999998,0.00161550574,0.015183846,0.021898065,0.00260115782,0.0141661546,0.00226154297,0.00372628331,0.0172501928,0.0112849777,0.00227203985,0.0245285854,0.00218957443,0.0118985715,0.00147929028,0.00393229461,0.00227773837,0.00327815345,0.0288409118,0.00112345247,0.0030883236,0.000956415285,0.00357397981,0.00141784954,0.00787563446,0.00498048561,0.00291159247,0.00661224834,0.00785601525,0.0205961016,0.00206668454,0.00394338855,0.0271562346,0.0141515742,0.00175971574,0.00180892096,0.013615646,0.0206155527,0.0115267236,0.00433600858,0.0114958423,0.00128791799,0.0361567312,0.00883392123,0.0052801415,0.00949852561,0.0511585106,0.00517959681,0.0137576482,0.00259527224,0.00123885007,0.00881175803,0.00781146044,0.00298901334,0.000851424895,0.00332250517,0.0436661484,0.00409941394,0.00198920438,0.00391180976,0.0071907285,0.00255447186,0.00263413525,0.0186624387,0.0259386112,0.00820640287,0.0117458343,0.00163470965,0.00576984362,0.0377293324,0.00952646822,0.00538091402,0.01017734,0.000951992762,0.00233474245,0.0171809647,0.0133268877,0.0115404428,0.0163279054,0.00677230694,0.00508591526,0.0102875307,0.00140629524,0.00183224705,0.00230172409,0.0030392954,0.0015241801,0.00211178684,0.0107648302,0.00341960937,0.00481430565,0.0716138043,0.00211894539,0.015018949,0.00784314926,0.00252100626,0.00525708803,0.0141283416,0.00192201919
0.00205902181,0.0154324805,0.00176730097,0.0137989144,0.0206671665,0.00263235171,0.014045065,0.00227121335,0.00373387602,0.0160766033,0.0115114434,0.00257614507,0.0225985025,0.00234808334,0.0121502594,0.00148412054,0.00442718743,0.00183365004,0.00297422089,0.0284416501,0.00125833819,0.00323423643,0.00055294387,0.00375885305,0.00101334045,0.00906983907,0.00487804862,0.00251722238,0.00750407579,0.00871662899,0.0229352216,0.0021893812,0.00354427316,0.0265156888,0.0147896536,0.00160101995,0.00120449727,0.0124902828,0.0235631849,0.0127316436,0.00314950659,0.0107466807,0.00113346426,0.0369176801,0.00820707888,0.00489479533,0.0109228322,0.0511579075,0.00503744237,0.0162020996,0.00275672364,0.00124023217,0.00988189776,0.0083468001,0.00394409459,0.00134484772,0.0032060834,0.0459173976,0.00418675593,0.00183979888,0.00413635524,0.0074140722,0.00226449084,0.00250277731,0.0175172272,0.0244984361,0.00841952537,0.0114720337,0.0019572417,0.00646014642,0.032479039,0.00892733389,0.00514955402,0.00983656123,0.00124653622,0.00175464275,0.0180566816,0.0152591405,0.0114918384,0.0151286608,0.0074124937,0.00491621049,0.011519223,0.00167503836,0.00247823074,0.0018503825,0.00284697301,0.00211834375,0.00202401056,0.010168469,0.00302175159,0.00464019672,0.0709988263,0.00196106025,0.0153463947,0.00754479383,0.00332724102,0.00489913107,0.0153779349,0.00191911908
0.00165722678,0.0159558602,0.0018398607,0.0134248649,0.0194074154,0.00252976658,0.0145270763,0.00254964714,0.00360397232,0.0162750518,0.0125705854,0.00241108887,0.0207674903,0.00221365096,0.0127951199,0.0017754125,0.00462196438,0.00158982743,0.0037487547,0.0288945623,0.00152535637,0.00347265429,0.00139899233,0.00412611461,0.00135984752,0.00932260847,0.00480007421,0.0027479748,0.00806846152,0.00964444628,0.0254323874,0.00258292461,0.00324085772,0.0279702764,0.01442128,0.00127469664,0.00101310208,0.0110823028,0.0252627281,0.0147479223,0.00287797588,0.00962889094,0.000977382069,0.0336860482,0.00719774582,0.0051961363,0.0108609563,0.0521687715,0.00423208656,0.0171423268,0.00302905093,0.000996638614,0.0101149032,0.00915898011,0.00409096818,0.00127804447,0.00304019144,0.0453187124,0.00445689647,0.00143286973,0.00426300355,0.00734789219,0.00198503537,0.00197572378,0.0172743571,0.0232616029,0.00904219091,0.0109989666,0.00225157552,0.00638363368,0.031741415,0.00830816378,0.00444572261,0.00853676849,0.00124533021,0.00147688765,0.0183256913,0.0152379194,0.0114654326,0.014776924,0.00724437287,0.00500480226,0.0118182829,0.00182648325,0.00261219025,0.00145195481,0.00304657171,0.00185184982,0.00160435333,0.00890140046,0.0028774114,0.00471053703,0.0750958577,0.00193905622,0.0139357406,0.00972639973,0.00363683759,0.00539723701,0.0161290291,0.00220113331
0.00165085041,0.0167303296,0.00186094939,0.0122708583,0.0183526016,0.00349286798,0.0128816076,0.00244565717,0.00392508442,0.0156842942,0.0125493649,0.00266705802,0.0198894908,0.00220797559,0.012386776,0.0016226549,0.00539643567,0.00172985782,0.00389847896,0.0291085067,0.00114634813,0.00349962225,0.00182022058,0.00366454994,0.00119883348,0.00970464848,0.00446284804,0.00208305883,0.00834970512,0.0107836126,0.0266529997,0.00285132355,0.00297042567,0.0273897981,0.0138596883,0.00126302365,0.00155699893,0.0106882174,0.0253125153,0.0165844631,0.00262450642,0.00816786687,0.000911001635,0.0333897995,0.00623441538,0.00473761451,0.0111385098,0.0542506351,0.00443928335,0.018589204,0.00299604864,0.00149514077,0.00937710669,0.0108001678,0.00475468348,0.00169371686,0.00291218934,0.0441239154,0.00475405066,0.00129087886,0.00427838187,0.00715649439,0.00214230862,0.00163724457,0.0170392815,0.0235405198,0.0103141394,0.0110352186,0.00240240087,0.00646683614,0.0301097527,0.00829847352,0.0046062992,0.00759267723,0.0013810202,0.00148610177,0.0181983101,0.0169879033,0.0111713815,0.0140480129,0.00647067692,0.00571806242,0.0117451884,0.00172619321,0.00284241241,0.0015777007,0.00251367471,0.00202399715,0.00159944253,0.00813687906,0.00282904141,0.00484627426,0.0766423525,0.00178448645,0.0142003033,0.0123098628,0.00415099172,0.00549529048,0.0170126545,0.0023403036
0.00166389525,0.0172119809,0.0021119292,0.0126209126,0.0193529127,0.00410557077,0.0137323459,0.00236242255,0.00357831241,0.0141396341,0.0115460278,0.0031679992,0.0176140265,0.00233545596,0.0128832353,0.00188679413,0.00593410113,0.00143843026,0.00373133491,0.0287746534,0.00152574993,0.00288758111,0.00203995855,0.00354962495,0.00120171835,0.00891102227,0.00389917664,0.00170290875,0.00693884097,0.0111902423,0.028922259,0.00271628098,0.00356247841,0.0255485737,0.0122905054,0.00154750916,0.00182580725,0.00989126227,0.0268132595,0.0182022179,0.00229240821,0.00803608012,0.000772040618,0.0299329952,0.00466879738,0.00399882972,0.0122404593,0.0550338497,0.00435967967,0.0176713201,0.0032921201,0.0019967542,0.0100995406,0.0112905325,0.00540990629,0.00214040703,0.00193107228,0.045049567,0.00497854131,0.00128406405,0.00345921474,0.00687823639,0.00198321869,0.00193826188,0.0147646946,0.0205466823,0.0105895055,0.0106214635,0.00181543129,0.00580989662,0.0299347579,0.00924570898,0.00518881667,0.00660165282,0.00138734936,0.00140428848,0.0201371217,0.0166585656,0.01132417,0.0130563942,0.00481791335,0.00577090905,0.0125116285,0.00256271836,0.00275337596,0.00130975966,0.00212024962,0.00248356425,0.00185210516,0.00745701501,0.00203032171,0.00417362781,0.0756574823,0.00204862068,0.0128396577,0.0151822313,0.00383564731,0.00431282514,0.0200250949,0.0025200897
0.00166158956,0.0170302753,0.00224652041,0.0122504479,0.0185279206,0.00348975011,0.0129639366,0.00224908718,0.00265029613,0.0129708126,0.0112091946,0.00317623916,0.0174908626,0.00247524907,0.0120892475,0.00215146603,0.00608946793,0.00129106022,0.00476034947,0.028420527,0.00152478019,0.00269541454,0.00234541528,0.00405463258,0.00138985612,0.00850735258,0.00357643209,0.0016993456,0.00613992181,0.0115869732,0.0300183078,0.00270745944,0.00420168732,0.0251981957,0.0106233186,0.00214592189,0.00224795773,0.00949492974,0.0272975913,0.0189967215,0.00167741944,0.00809361408,0.00105218962,0.0285181397,0.00402576282,0.00478123018,0.0129919969,0.0587656084,0.00396879581,0.0158411394,0.00319207293,0.00199476347,0.00981960372,0.0125344423,0.00599769983,0.00300472417,0.00162409363,0.0441540826,0.00472608767,0.00100272214,0.00316592464,0.00731974433,0.00182899263,0.00193160655,0.0133140285,0.0198379281,0.0104733348,0.00975401674,0.00197779259,0.00588554159,0.0304841752,0.010139583,0.00548498731,0.00462478853,0.00179632548,0.00118360853,0.0205261206,0.0182733663,0.0100054782,0.0128866168,0.00486966166,0.00647025827,0.0144013832,0.00294520241,0.00222193274,0.00131544253,0.0021302551,0.00248429114,0.00197898433,0.0070959909,0.00258257603,0.00363635948,0.0764113013,0.00204081283,0.012066924,0.0158460162,0.00439447029,0.00422575766,0.0224941144,0.00215516999
0.00154126548,0.0168954414,0.00257029898,0.0118102468,0.0185866604,0.00389305238,0.0130753386,0.00284778265,0.00280938332,0.0127689076,0.012401886,0.00368025519,0.0167044793,0.00182200509,0.0121199902,0.00227887957,0.00639551186,0.00128498175,0.00561707305,0.029168131,0.00152555011,0.00215207885,0.00330985646,0.00391737447,0.00159715982,0.00770897539,0.00343101893,0.00182911052,0.0064019483,0.0120841312,0.0302932665,0.00202949415,0.00409557178,0.0241716748,0.0109587176,0.00275946726,0.00259350065,0.00805184,0.0312365382,0.0218603597,0.00167374953,0.00790848867,0.00105425947,0.0259874196,0.00337738702,0.00460324623,0.0128223255,0.0620785086,0.00366147625,0.0158559973,0.00377664,0.00259772076,0.00995274204,0.0137697253,0.0066124755,0.00344976251,0.00146993992,0.0440757722,0.00511659305,0.00114171341,0.0027345951,0.00670406085,0.00150738947,0.0013553997,0.0124478018,0.0210893477,0.0114887817,0.0086597589,0.00227169403,0.00579432961,0.0300483222,0.0107414696,0.00611888853,0.00375055366,0.00193076855,0.00164769157,0.0214849302,0.0182348088,0.0104885422,0.0131203434,0.003597654,0.00684836342,0.0144447795,0.00249861492,0.00207791988,0.00132379949,0.0022300851,0.0021770703,0.00231481556,0.00764803704,0.00260559886,0.00285628792,0.0735726003,0.00176223124,0.0125337817,0.0184899757,0.00417917673,0.00408719583,0.0232337274,0.00202729851
0.00154581114,0.0158500047,0.00242607896,0.0109281399,0.0193685484,0.00427724215,0.0107866863,0.00311323859,0.00258380418,0.0129772927,0.0133518825,0.00375885038,0.0167562622,0.00197155301,0.0122051221,0.00211774443,0.00686833777,0.00169371909,0.005947722,0.0295383747,0.00140020119,0.00191646647,0.00346534384,0.00388637602,0.00160085661,0.00696466722,0.00345771565,0.00210249711,0.00693884187,0.011290821,0.0290860038,0.00209063925,0.00483960037,0.02435645,0.0111469413,0.00352274732,0.00356603866,0.00834093188,0.0338285794,0.0238724745,0.00142082313,0.00749434779,0.00113798283,0.023936401,0.00295420362,0.00454878784,0.0125885174,0.0638085356,0.0038715798,0.0167462012,0.00346759408,0.00257604995,0.0105141847,0.0153018649,0.00698056934,0.00336146866,0.00144508907,0.0430937754,0.00454342438,0.0008532416,0.00357756053,0.00570573996,0.00149992956,0.00135308482,0.0112447497,0.0211833959,0.0113060226,0.00745638089,0.00212701853,0.00623008305,0.0281851967,0.0117162003,0.00590929185,0.00294550932,0.00165243658,0.00166087927,0.0220372117,0.0163387558,0.00991343427,0.0127453702,0.00372023764,0.00810848217,0.0151184575,0.0029016288,0.00207737907,0.00134101944,0.00211832433,0.0023443193,0.00204331554,0.00806694547,0.0022117762,0.00209267724,0.0747835572,0.0018965094,0.0140950783,0.0186056828,0.00404699547,0.00411231234,0.0232101631,0.00164181093
0.00141663091,0.0157438777,0.00240601492,0.0113670604,0.0180014336,0.00439101682,0.0119225258,0.00329622548,0.00260088002,0.012402912,0.0130477819,0.00406977121,0.0155756287,0.00240452667,0.0112986664,0.00237695649,0.00696889261,0.0023883117,0.00622119609,0.0294992416,0.00140556872,0.00188602701,0.00336386929,0.00326149009,0.00153818478,0.00794939291,0.00363107863,0.00207630259,0.00627715919,0.0120463663,0.0305908493,0.00215025055,0.00469714011,0.0228802723,0.00975745326,0.004439682,0.00456963075,0.00920676217,0.0352591528,0.0259374774,0.00142155349,0.00684255449,0.000861946925,0.0225390464,0.00268817281,0.00468795921,0.0120279662,0.0660981605,0.00337838248,0.0163610069,0.00294157078,0.00255474871,0.0109085706,0.0160994536,0.00733378794,0.00410721933,0.00144717927,0.0426189519,0.00544926644,0.000994316382,0.00400973535,0.00572699749,0.00162721773,0.00169371923,0.010117724,0.0211576833,0.0104995982,0.00789259966,0.00198382587,0.00636624098,0.0306202556,0.0129087841,0.00541945268,0.0031492543,0.00152291451,0.00241582333,0.0231881496,0.0148222975,0.00928252245,0.0131453039,0.00313599562,0.00870858149,0.0176954665,0.00321750305,0.0013014097,0.00163198808,0.00196999495,0.0016284202,0.00245968179,0.00767841632,0.00268041131,0.00178147139,0.0779539135,0.00202867365,0.012942115,0.0194776476,0.00314548062,0.00450578561,0.0234667582,0.00109844853
0.00156094419,0.0144794035,0.00299043642,0.0111710851,0.0172903672,0.00407085861,0.0105248799,0.00320895691,0.00259503071,0.0117466085,0.0124773541,0.00449210431,0.016268179,0.00296735837,0.00945945886,0.00220203444,0.0081680307,0.00230093676,0.0063849242,0.0291581425,0.00143753514,0.00192731098,0.00310648694,0.00304964624,0.00117201522,0.00873233979,0.00353304305,0.00196927833,0.00489964401,0.012787114,0.0305717755,0.00189676264,0.00378517143,0.0207478382,0.00976809818,0.00513567567,0.00508267531,0.0112428555,0.0364051298,0.0284209301,0.00169447075,0.00623512147,0.000718700057,0.0211564358,0.0025575478,0.0050512542,0.0128364532,0.068286875,0.0026265822,0.0168920302,0.00389574507,0.00255412518,0.0107329482,0.0164352763,0.00707708594,0.00417571714,0.00187617248,0.0431984261,0.00515443053,0.00107418949,0.00432808124,0.00550631736,0.00175464105,0.00224309399,0.00879772015,0.0224925844,0.0092720707,0.00626113909,0.00151240147,0.00800643903,0.0337396261,0.0123896182,0.00608748022,0.00243614376,0.000971816775,0.002724801,0.0252479963,0.0147658206,0.00889854147,0.0124862821,0.00330717803,0.00957311706,0.0182572595,0.00327355402,0.00103305617,0.0016260143,0.00203099238,0.00162553636,0.00306246933,0.0074951358,0.00233452595,0.00191317075,0.076867587,0.0023079018,0.0123098915,0.0208550438,0.00300849996,0.00543089685,0.0246089606,0.00149618915
0.00185422894,0.0142826407,0.00332594489,0.0115979385,0.0164687821,0.00411056328,0.0111389582,0.00354770039,0.00248859019,0.0117577201,0.0126058297,0.00485294009,0.0162856638,0.0029445597,0.00894831447,0.00207612189,0.00960974662,0.00195012957,0.00564249039,0.029953056,0.00144870342,0.00261527609,0.00355176001,0.00235445159,0.0015084282,0.00998165584,0.00313058921,0.00186120375,0.00469998971,0.0132908971,0.0303987202,0.00149863967,0.00399128721,0.0199784052,0.00980118045,0.00517934902,0.00521468062,0.0122448576,0.0391327081,0.0282243757,0.00155662835,0.00627586419,0.000721499588,0.0219039833,0.00227651908,0.00603899751,0.0119227781,0.0708339839,0.00213738147,0.0178997599,0.00446308227,0.00297149948,0.00983285502,0.0157570303,0.00649084632,0.00430848262,0.00159120437,0.0419901572,0.00524147473,0.00107326728,0.00537330694,0.0055211402,0.00145581869,0.00206128781,0.00797100993,0.0212674592,0.00811415817,0.00505722722,0.00179157771,0.00829777448,0.0342435386,0.0123670184,0.00691936752,0.00235675263,0.00111794452,0.00288621988,0.0267255668,0.0113655585,0.00768379626,0.0124271002,0.00353086411,0.00935252773,0.0187139826,0.00386266411,0.000902292657,0.0017798473,0.00199999812,0.0013365006,0.00371972775,0.00701492753,0.00235652694,0.00163108127,0.0775455713,0.00238647497,0.0119242486,0.0202511612,0.00272409339,0.00596421223,0.0247236628,0.00172580213
0.00215239129,0.0131290001,0.00382915242,0.0120210343,0.0148476862,0.00394310784,0.0100852189,0.00411836584,0.00273785805,0.0126929403,0.0111831655,0.00514933862,0.0181349967,0.00346220755,0.00810297487,0.00187786706,0.00957602255,0.0018032947,0.00528245956,0.030333937,0.00171458542,0.00253424483,0.0045581513,0.00284414105,0.00167460241,0.00975975576,0.00301386181,0.00185824618,0.00434377951,0.0151775524,0.0280547602,0.00164744511,0.00419487497,0.0181873823,0.00934907914,0.00537299743,0.005817886,0.0122617013,0.0390913917,0.0293643529,0.00141588704,0.00669518932,0.000858984323,0.0207381912,0.00260575958,0.00771783386,0.0116407156,0.0707902864,0.00171975677,0.02070256,0.00540980057,0.00242101647,0.0100140977,0.0161428353,0.00548244923,0.00444063043,0.00174723623,0.0407293354,0.00571701688,0.0012216138,0.00619630891,0.00515324206,0.00136729841,0.00218072472,0.00824457277,0.0214030443,0.00847457968,0.00602968558,0.00192849823,0.00922396106,0.0354896404,0.0126481151,0.00701433368,0.00279001201,0.00139373029,0.00260976756,0.027355608,0.00941781039,0.00759793341,0.0129760232,0.0037861273,0.00999280968,0.0193490509,0.00360698318,0.00102907168,0.00218698833,0.00256598198,0.00103519501,0.00400434244,0.0079400468,0.00192096699,0.00147513981,0.0778518514,0.00231324084,0.0128100332,0.0197152868,0.00302088988,0.00728779487,0.0253307225,0.00186464332
0.00199487301,0.0125376925,0.00382634772,0.012683872,0.0148650755,0.00448996394,0.00913801119,0.00412655189,0.00271260022,0.0120201523,0.0112803133,0.00563129583,0.0194124264,0.00403283802,0.00820540862,0.0020094252,0.00997652288,0.00192308154,0.00531140688,0.0308314449,0.00148407735,0.00305167407,0.0039452089,0.00294984846,0.00147646446,0.0125103393,0.00240204365,0.00229698742,0.0041303353,0.0184634132,0.0285329545,0.00178865932,0.00485865508,0.0169375717,0.00974794197,0.00559353166,0.00586275969,0.012185634,0.0362485055,0.0277263094,0.00141642797,0.0076465022,0.000990380351,0.0216426002,0.0023158833,0.00902136861,0.0107118212,0.0726616566,0.00160771866,0.0233965223,0.0061711704,0.00275931295,0.00959611132,0.0155941451,0.00443806411,0.00564932534,0.00145117035,0.0399175473,0.00631296936,0.00122992425,0.00637969256,0.0050278528,0.00134579865,0.00229265414,0.00801282308,0.0215061208,0.00873924455,0.00598802189,0.00232558172,0.0102452352,0.0334482492,0.0118200076,0.00696890617,0.00261513838,0.00170019766,0.00243531247,0.0280474413,0.00759385719,0.00784151909,0.0135981749,0.0030139106,0.00869436896,0.0200814107,0.00421940963,0.000781453602,0.0021908809,0.00317484346,0.00132469849,0.00380278998,0.00845697899,0.00179285515,0.00147732049,0.0819606554,0.00218161816,0.0123355348,0.0202521249,0.00285974084,0.00929663177,0.0250888153,0.00215547297
0.00184109876,0.011425538,0.00389133289,0.0113517524,0.0134534665,0.00462172631,0.00936064171,0.0035050354,0.00257243012,0.0113522538,0.0113764805,0.00536922086,0.0201926478,0.003632138,0.00731093919,0.002509756,0.0101844941,0.00176127842,0.00399657583,0.0324213763,0.00153417047,0.00298872307,0.00358942867,0.00304016268,0.0011135864,0.0130718974,0.00227032148,0.00239332129,0.00371662125,0.0210970696,0.0277480968,0.00192598851,0.00520205242,0.0151080271,0.00947703489,0.00631528566,0.00642397971,0.0120555309,0.0360572937,0.0277862359,0.00142505066,0.00822607643,0.00126778495,0.0225397258,0.00281074097,0.00886678037,0.00970470568,0.0726751979,0.00254786757,0.0237329171,0.00602409876,0.00257321124,0.00928592715,0.0153254409,0.0037062489,0.00602750771,0.00160186455,0.0376461331,0.00594184417,0.00122725872,0.00730384262,0.00469644378,0.00134770846,0.00201072535,0.00905279505,0.0196467237,0.0088693361,0.00570022024,0.00188515308,0.0103948145,0.0355727474,0.0121687407,0.00739644987,0.0029411778,0.00185264332,0.00244760223,0.0279907384,0.0058554048,0.00790190843,0.0136996056,0.00342216032,0.00949837432,0.0197398464,0.00504046848,0.000654965071,0.00178865953,0.0035881715,0.00162601732,0.00397750999,0.00773947869,0.00165883267,0.00155532353,0.0855969449,0.00218937878,0.011894004,0.0216169312,0.00229990565,0.011705735,0.0255438008,0.00228058075
0.00196988561,0.010818122,0.00499782617,0.0107455155,0.0146072123,0.00541643723,0.00940122477,0.00287791208,0.00248036463,0.0115587791,0.0118397061,0.00561217408,0.0201324469,0.00329525742,0.00709365489,0.00270617143,0.0102115714,0.00135391174,0.00303758074,0.0318870452,0.00170575292,0.00350357544,0.00324574907,0.0034198788,0.00118885955,0.0147217771,0.00229077299,0.00222748423,0.00286879065,0.0224208092,0.025933867,0.00206839461,0.00611527756,0.0161314878,0.00840219832,0.00740273218,0.00639902173,0.0112432987,0.0355367966,0.0270727574,0.00155059085,0.007981542,0.00154755544,0.024773148,0.00250548114,0.0108277416,0.0103362744,0.0754864255,0.00243328344,0.0231761261,0.00716137054,0.00296662183,0.0087832854,0.0140894416,0.00292676734,0.00673493772,0.00116959269,0.0372394818,0.00545893358,0.00102624222,0.0071230939,0.00491334259,0.00176378968,0.00199335448,0.00937741542,0.0192825316,0.00951008784,0.00618796125,0.0017263689,0.00963108596,0.0343383382,0.0120597562,0.00605250829,0.00306793047,0.00185741073,0.00233172397,0.0293711309,0.00530392611,0.00761593581,0.0128676524,0.00297477874,0.010119315,0.0186826887,0.00575438729,0.000655824214,0.00123051594,0.00324483582,0.00160373314,0.00443651396,0.00655666011,0.00151223564,0.00215261225,0.0899863184,0.00274989916,0.011255931,0.0228157074,0.00360231052,0.0132003209,0.0251010245,0.00252387551
0.00172413836,0.0113122201,0.00447717635,0.0102086084,0.0155193214,0.00553686862,0.0101790195,0.0024532345,0.00221515061,0.0108724536,0.0111157257,0.0045608338,0.020340197,0.00337987232,0.00660042832,0.003163186,0.010410554,0.00120643223,0.0028149229,0.0299666625,0.00200200199,0.00303561528,0.00265128012,0.00379049077,0.00135501461,0.0135440199,0.00184077608,0.00203623103,0.00241327624,0.0239212413,0.0254928207,0.00304667017,0.00654307805,0.0154472629,0.00836906543,0.00773602992,0.00674348507,0.0108582508,0.0346662531,0.0273022094,0.00109254661,0.00923136578,0.00181463123,0.0245755237,0.00316455764,0.0120318871,0.0112098356,0.0754614971,0.0030636274,0.0236738831,0.00653190541,0.00309329347,0.0085586853,0.0144145601,0.00266466164,0.00694927384,0.00101024764,0.0348460733,0.00522715641,0.00132587094,0.0063213783,0.00469807362,0.00168468153,0.0017195755,0.00980536239,0.0188712085,0.00895521533,0.00701977336,0.0021105928,0.00922819327,0.0342304179,0.0122017813,0.00637537276,0.00233815409,0.00273106131,0.0016337342,0.0305869579,0.00435364535,0.00864631817,0.0133615581,0.00279387836,0.0083685172,0.0197478021,0.00667408756,0.000788435599,0.00108386439,0.00340841076,0.00175978846,0.00437926206,0.00574882939,0.00136314046,0.00254034447,0.0925925754,0.00279524823,0.0096993889,0.0236725988,0.0038887424,0.0148153923,0.0251203653,0.00257556822
0.00219840398,0.0119292467,0.00435540213,0.0103877163,0.0165869631,0.00569060225,0.0087508802,0.00202020016,0.00181996234,0.010553919,0.0111588608,0.00456084012,0.0207898795,0.00354139437,0.00700084209,0.00300600969,0.00916825796,0.00118906242,0.00253592584,0.0311361666,0.00216544171,0.00315224432,0.00253244625,0.00357781561,0.00151082728,0.0135578252,0.00167862276,0.00199316532,0.00289457646,0.0261596427,0.0231455772,0.00320468308,0.00675039333,0.0161906309,0.00878986212,0.00869015506,0.00738240219,0.00978213916,0.033323719,0.0271436991,0.0012101947,0.0100679941,0.0018260983,0.0241916079,0.0029458594,0.0116029235,0.00904638473,0.0771377061,0.00333333025,0.0230182844,0.006753035,0.00286890127,0.00907520426,0.0150530126,0.00239168904,0.00730079541,0.00130283783,0.0329371662,0.0057799776,0.00102941336,0.0063083683,0.00512040114,0.00168752535,0.00143509295,0.00841574062,0.0185048878,0.00936968239,0.00834182789,0.00234708762,0.00845811975,0.0339925519,0.0108245997,0.00686641354,0.00276725659,0.00329465779,0.00131355391,0.0311623378,0.00361545104,0.00962972981,0.0135980206,0.00261427733,0.00822393528,0.0192298834,0.00632734834,0.00107066357,0.00109080783,0.00287822025,0.00206672082,0.00611196001,0.00582888651,0.00107918368,0.00319370026,0.0929860556,0.00310120561,0.00863223271,0.0241214392,0.00374654977,0.0161479963,0.0231892586,0.0028032325
0.00205394925,0.0130701067,0.00466201115,0.00955601735,0.0167468336,0.00584835801,0.00986054372,0.00204627803,0.0015660592,0.0102917078,0.0111447411,0.00398465432,0.02015801,0.00293988201,0.00629988232,0.00317002725,0.00878466596,0.0011925265,0.0021477088,0.0321616168,0.0027600186,0.00279634411,0.00256204672,0.00319553657,0.00166889132,0.0133036178,0.00183261867,0.00236796713,0.00333383666,0.0278553109,0.0225869859,0.00360067904,0.00763418244,0.0153987003,0.00832537128,0.00970256025,0.00785305158,0.00909209497,0.0328856951,0.026360415,0.00113665393,0.0104753068,0.00168633959,0.0229699518,0.00278795967,0.0113619873,0.00870629765,0.0817114026,0.00369003327,0.0222770841,0.0069349049,0.00278844567,0.00964348932,0.0165265786,0.00250508117,0.00746060711,0.00145053749,0.0321394226,0.00542706209,0.00104306394,0.0063372117,0.00465148645,0.00182738377,0.00132012961,0.00885777574,0.0171206007,0.00932915158,0.0099872673,0.00286454579,0.00725344599,0.0332783284,0.0100572538,0.0066183462,0.0024677027,0.00328806313,0.00100061657,0.0326455769,0.00379538409,0.00907381129,0.0124693693,0.00214559674,0.00907999381,0.0208720005,0.00682926337,0.000946713863,0.000950697729,0.00329095729,0.00286132995,0.00704324352,0.0045484079,0.00200991133,0.00429948002,0.0936305495,0.00316592281,0.0079646077,0.024812302,0.00454066612,0.0172539423,0.0243040485,0.00302988607
0.00185388645,0.011748049,0.0046450865,0.00819067829,0.0176329444,0.00628531514,0.00926058069,0.00172170823,0.00144113032,0.0101192146,0.0109751633,0.00346862908,0.0225811193,0.00303433834,0.00554529161,0.00316546587,0.00869817734,0.00131926022,0.00167107327,0.0309226363,0.00216951135,0.00239693562,0.00228347896,0.00304589403,0.00143122034,0.0138818659,0.00198412366,0.00267999564,0.00288754123,0.0292470552,0.0232361175,0.00327728621,0.0065457498,0.0168753806,0.00970342759,0.0121737603,0.00824528602,0.00817834019,0.0317354682,0.0255384543,0.00124579921,0.0100157023,0.00196739482,0.0220177217,0.0030235517,0.0109850192,0.00974645482,0.0831793304,0.0038841177,0.021151752,0.00659722775,0.00270372729,0.0102560463,0.0177414563,0.0023748129,0.00860139929,0.00149466441,0.0323842292,0.00518258236,0.00104290871,0.00650730203,0.00381944798,0.00196023751,0.00132450276,0.00866626066,0.0173127766,0.00969705514,0.0101963689,0.00330634402,0.00666946767,0.0316224174,0.01075195,0.00709049943,0.00200458084,0.00342075123,0.000773515015,0.0328061206,0.00385182566,0.00945673288,0.0111601868,0.00212668724,0.0103525854,0.0210654374,0.00733767779,0.001504581,0.000809279838,0.00292749348,0.00338583083,0.0082176285,0.00398076883,0.00212230215,0.00443001284,0.0968064158,0.00305810796,0.00739863289,0.0250916047,0.00492967701,0.0182794472,0.025906641,0.00338444602
0.00247660628,0.0111126743,0.00410196273,0.00870720303,0.0188450942,0.00578115644,0.0100589278,0.00186133202,0.00131714145,0.0107863648,0.0120338637,0.00329188467,0.0245426999,0.00296383541,0.00566552004,0.00337255903,0.00751118187,0.00144794093,0.00165951892,0.0288771311,0.00304613094,0.00263048794,0.00196850397,0.00271517906,0.00180226361,0.0133152611,0.00167224168,0.00265385004,0.00256953007,0.0304089048,0.0224087498,0.00404975411,0.00486504557,0.0184328298,0.0102827771,0.0141770853,0.00722137562,0.00736587971,0.033764663,0.0271842409,0.0012313796,0.00916633155,0.00201193348,0.019607845,0.00223463781,0.0107337248,0.00894793682,0.0852183682,0.00406107387,0.0205426372,0.0065364082,0.00216340087,0.0091588558,0.0165893337,0.00248388592,0.00976835191,0.00249039266,0.033241563,0.0041309816,0.001192785,0.00644028019,0.00392075902,0.00172532622,0.00119505748,0.00837702074,0.0161538177,0.0091756072,0.0128059532,0.0042884003,0.00603521834,0.0310828637,0.010194303,0.00672969801,0.00213492431,0.00282445242,0.0010901725,0.0333385478,0.00378604542,0.00852119928,0.0121611257,0.00159768867,0.0119922165,0.0208636765,0.00730790888,0.00150912305,0.000747791004,0.00264670115,0.00359923866,0.00842775039,0.00417847793,0.00183510484,0.00462410234,0.0963912435,0.0025159118,0.00640930142,0.0243985837,0.0041512022,0.0179705209,0.0249796136,0.0036476236
0.00336076578,0.0118010696,0.00325829763,0.00875515031,0.0204010258,0.00563334,0.0111467294,0.00131619685,0.00144759986,0.0109837045,0.0127284475,0.0031856354,0.0271741282,0.00218233834,0.00564769516,0.00308111265,0.00789741022,0.00158730081,0.00138351026,0.0260195469,0.00301071373,0.00265103941,0.00131795824,0.00265775869,0.00188130711,0.013552429,0.0015302197,0.00254345191,0.00285972446,0.0289889308,0.023009578,0.00398897277,0.00446291789,0.0190461601,0.0111808001,0.0157654135,0.00682058653,0.00743527231,0.0361180768,0.0263158303,0.00152327433,0.00762115802,0.00171022253,0.0198567395,0.00253807124,0.0112016312,0.00998086165,0.0853154119,0.00411590133,0.018962054,0.00580146101,0.00255200026,0.00918733966,0.0160948171,0.00222611853,0.00941423381,0.00263645291,0.031769113,0.00420223961,0.00218471933,0.00636410724,0.00293315197,0.00144628041,0.00166933736,0.00986961699,0.014514578,0.00873392934,0.0146746721,0.00379454772,0.00489208275,0.0284845351,0.00825712943,0.0056433393,0.00214653507,0.00264511725,0.00139211018,0.0335209257,0.00431930329,0.00820002817,0.0127625526,0.0018295442,0.0133701926,0.0214543173,0.00806563979,0.00137570755,0.00101228248,0.00297301137,0.0030258262,0.00893629275,0.00447227757,0.00193999355,0.00450583581,0.0972353882,0.00283836742,0.00544547975,0.027172453,0.00406287048,0.0191550826,0.0247222527,0.003989922
0.0033524842,0.012713437,0.00310835074,0.00855638007,0.0208596309,0.00627151892,0.0114608963,0.00138525364,0.00123028092,0.0117338482,0.0135016971,0.00317780909,0.029589234,0.00268109659,0.00505049822,0.00273027751,0.00716434982,0.00146413042,0.001515151,0.0265478558,0.00329380565,0.00266256092,0.00132758392,0.00219870917,0.00227193184,0.013543583,0.00185701241,0.00224814035,0.00287965766,0.0287049743,0.0261235756,0.0034518199,0.00326846739,0.0181050104,0.0128222826,0.0176866824,0.00710540233,0.00756241417,0.0356732845,0.0238674326,0.00173819039,0.00688723896,0.00141719516,0.0186846014,0.00244056314,0.00953777612,0.0101772401,0.0850762469,0.00349185381,0.0175462857,0.00644180323,0.00278940162,0.00881862273,0.0143597576,0.00216099385,0.0114781619,0.00317976441,0.030637531,0.00378285318,0.00249244147,0.00666581669,0.003213015,0.00143619098,0.00192409249,0.0104781221,0.0136351976,0.00845127526,0.0136901073,0.00431802008,0.00484103885,0.0291185,0.00797327757,0.00491064513,0.00228604488,0.00233918127,0.00167122772,0.0337244325,0.00479463077,0.00799300672,0.0143545605,0.00181022606,0.014694917,0.0219023837,0.00767872053,0.00138773071,0.00102305294,0.00292712951,0.00261584514,0.0098507987,0.00437945636,0.00180784834,0.00420044269,0.0986725398,0.00243161419,0.00526959159,0.026610915,0.00369568826,0.0205459993,0.0230237076,0.00398349509
0.00335478993,0.0145868266,0.00282317773,0.00862068716,0.0202332201,0.00657330933,0.0129564248,0.00152091132,0.00165396427,0.0123803132,0.0135580242,0.00295985569,0.030646155,0.00319949046,0.0044165774,0.00229785904,0.0073456029,0.00166311448,0.00110041616,0.0268633258,0.00402740039,0.00308252608,0.00200100088,0.00220294455,0.00281938076,0.0137466275,0.00186046688,0.00204024065,0.00244535907,0.0285924156,0.0272866186,0.00305122012,0.00299940475,0.0187293867,0.0121510967,0.0171929173,0.00648907135,0.007694754,0.0371818376,0.0233323023,0.00161386861,0.00659496163,0.00100080055,0.0206267875,0.00195709963,0.00930503166,0.0097216489,0.0872585117,0.00325868892,0.0173473876,0.0100368956,0.00305032821,0.00940078502,0.0129508313,0.00228371663,0.0118532944,0.00435154948,0.0289387615,0.00381322215,0.00254529357,0.00689437254,0.00305291322,0.00134534993,0.00208025709,0.00972973477,0.01205936,0.00836876935,0.0136863924,0.00407303724,0.00526700499,0.0274072743,0.00800651745,0.0048909553,0.0025477714,0.00248538062,0.00208457092,0.0357694135,0.00484753629,0.00574169393,0.0146565982,0.00167427686,0.0174573302,0.0231936338,0.00753907192,0.00140528397,0.00103107036,0.0034380285,0.00249282107,0.00988313507,0.00440333901,0.00154858787,0.0042410057,0.0994645247,0.00200648227,0.00467576013,0.0251866399,0.00315224268,0.0208152857,0.0226806071,0.00417987909
0.0030699897,0.0155687802,0.00307300488,0.0079388675,0.0207500151,0.00733617715,0.0144661767,0.00182787614,0.00210193029,0.0133188481,0.0136688708,0.00334496168,0.032005447,0.00317575493,0.00488253992,0.0028240426,0.00681850632,0.0017335635,0.00102951117,0.0251966363,0.00491335285,0.00297454786,0.00200133791,0.00256090668,0.00350692591,0.0142921146,0.00174215907,0.00274107465,0.00277306488,0.0261225757,0.0284564024,0.00299849915,0.00275256303,0.0190447713,0.0139948862,0.0170532944,0.005974199,0.0069595019,0.0369350992,0.0224606439,0.00172783589,0.00716006653,0.00112777068,0.0224248298,0.00211764592,0.00960288889,0.009824711,0.0855062697,0.00257176036,0.0178843105,0.0117647068,0.00305654154,0.00810974641,0.0122154533,0.00242098022,0.0125017432,0.00465510056,0.0290100852,0.00334762046,0.00330479826,0.00690648724,0.0027796586,0.00118655085,0.00233739161,0.00972792833,0.0115485944,0.00807113344,0.0147235629,0.00410416161,0.00394111315,0.0275621011,0.00903086816,0.00491050254,0.0022666089,0.00219202169,0.00204917828,0.0345611298,0.00569055849,0.00513097957,0.0157223901,0.00152276746,0.0179676481,0.0244594138,0.00822845335,0.00184528066,0.000958116984,0.00445434374,0.00235133422,0.00973075241,0.0039102843,0.00141079651,0.00359867309,0.103248194,0.00170173225,0.00403789113,0.0245870484,0.0027590884,0.02115862,0.021964538,0.00334496321
0.00361873729,0.0171349873,0.00268977781,0.00728624359,0.0207494944,0.00785377982,0.0153632855,0.0024275511,0.00263936188,0.0137433627,0.0142259453,0.00329044003,0.0331727171,0.00289813621,0.00373909393,0.00246555552,0.00664773871,0.00146999801,0.0010984481,0.0247764586,0.00633062701,0.00364913164,0.00184781082,0.00243936066,0.00393288431,0.0142477045,0.00143449161,0.00259394239,0.00231839833,0.0248490421,0.0289410348,0.00272644464,0.0024147543,0.0202960062,0.0131845935,0.0169173336,0.00524451741,0.00716603027,0.0375594188,0.0200401142,0.00173548932,0.00706714216,0.00124655221,0.0239940285,0.00242415026,0.00846607016,0.00990167655,0.0836140323,0.00223879906,0.0173175616,0.0127875256,0.00371794836,0.00723744634,0.0103961744,0.0022982287,0.0136224747,0.00497198632,0.0266271105,0.00285403128,0.00328063917,0.00683497316,0.00261534249,0.00117432011,0.00269772273,0.00961394465,0.0138197374,0.00807445561,0.0136485249,0.00390253111,0.00375544273,0.0260497828,0.0090812761,0.00442827715,0.00205527708,0.00247885381,0.00231280031,0.0343268431,0.00509592132,0.00501763792,0.0168773863,0.00106577266,0.0192279628,0.0279536961,0.00809152355,0.00171722783,0.00123135974,0.00565647037,0.00222018316,0.00881704958,0.00387200246,0.00153944613,0.00312366948,0.104551074,0.00170754234,0.00383203125,0.0250323809,0.00285286693,0.0213965694,0.0211165721,0.00308687711
0.00361775214,0.0190720698,0.00241145461,0.00637415259,0.0216210161,0.00760807557,0.0178667827,0.00238806005,0.00313512917,0.0128887139,0.0163804665,0.00251926641,0.033039684,0.00293728465,0.00363561342,0.00289687464,0.00636293878,0.00119968201,0.000954590563,0.0268165369,0.00653782882,0.00382618566,0.00183486385,0.00246791798,0.00383075172,0.0149639995,0.000880142512,0.00259140351,0.0024821618,0.0245271761,0.0279059235,0.003060914,0.00232153367,0.0201631272,0.0129889421,0.016934158,0.00476585055,0.00761217266,0.0363369634,0.0193853911,0.00204155144,0.00706160956,0.00143509299,0.0260214906,0.0023533094,0.00782362048,0.00900070486,0.0827452982,0.00182029005,0.0165173387,0.0140661451,0.00414723247,0.00566594288,0.00865558529,0.00254282708,0.0137325269,0.00515032756,0.0257394763,0.00259102766,0.00292439956,0.00708623818,0.00266063653,0.00127942843,0.0035147076,0.0104212913,0.0134284904,0.00754553191,0.01472771,0.00384989676,0.00428184465,0.0241775362,0.00942774808,0.00380469474,0.00189580359,0.00249340175,0.002155169,0.0360625026,0.00442346981,0.00502649051,0.0177489421,0.00105200121,0.0186290297,0.0311652785,0.00741819906,0.00159281814,0.0019021758,0.00574155225,0.00206960142,0.00849784374,0.00314235923,0.0014631015,0.00322083488,0.107627556,0.00140646811,0.00427695478,0.0271242919,0.0027868393,0.0219440037,0.0205263592,0.00249595959
0.0034492232,0.0200430793,0.0020995802,0.00559450869,0.023063979,0.00766804377,0.0209809023,0.00256681339,0.00301418495,0.0141873206,0.0171233007,0.00219747925,0.0318863405,0.00308053481,0.00362865083,0.00321215093,0.00660345722,0.00153702007,0.000948639572,0.0293449679,0.00670728322,0.0047105322,0.00183547141,0.00258560186,0.00405732405,0.0151165726,0.000716787307,0.00204052815,0.00218887022,0.0258512153,0.0273069471,0.00345993387,0.00245416752,0.0207130779,0.0122081485,0.0154118774,0.00397655353,0.00817365453,0.0336590918,0.0208710235,0.00203812642,0.00736672154,0.00162887595,0.0266108735,0.00265791124,0.00623405983,0.00882892508,0.0829382038,0.00181040245,0.0153478975,0.0148883643,0.00428126598,0.00504971208,0.00764950997,0.00240320078,0.0140418679,0.00510415033,0.0218350482,0.00178179645,0.0025751104,0.00650974947,0.00243934756,0.00178344218,0.00349198021,0.0104197263,0.014220531,0.00686300591,0.0143067182,0.00400557107,0.0047148594,0.0227572502,0.0099612274,0.00386678913,0.00181690884,0.00219586852,0.00242960899,0.036452344,0.00405209978,0.00450265389,0.0176789034,0.00104806123,0.0185640447,0.0354671859,0.00764673576,0.00204618117,0.00201233971,0.00581014733,0.00224042181,0.00758415306,0.00322202818,0.00113967128,0.00323624684,0.109528137,0.000933563547,0.00455357807,0.0285308941,0.00326841486,0.022801889,0.021324784,0.00174418695
0.00317898901,0.020880931,0.00240638058,0.00461447067,0.022331797,0.00745841025,0.0215212629,0.00239413383,0.00392059275,0.0160295895,0.0184363436,0.00230004442,0.0312941755,0.00300586755,0.00387544019,0.003357173,0.00779535239,0.00140712678,0.00080742736,0.030351078,0.00784091501,0.00549892998,0.00167056097,0.00284880423,0.0034470788,0.0151121023,0.00119674463,0.00182892727,0.00187353648,0.0264340727,0.0266959614,0.00305787542,0.00260604903,0.022442006,0.0117809145,0.0156112381,0.00346485964,0.00750530486,0.0310089532,0.0197787401,0.00229302033,0.0074999985,0.00178382453,0.0277533267,0.0026430336,0.00576513084,0.00870469245,0.084473754,0.00115283082,0.0146535151,0.0156372486,0.00509470716,0.00453845509,0.00694059719,0.00235151548,0.0144947784,0.00471895019,0.0203885463,0.00149659569,0.00313882447,0.00639529788,0.00229930616,0.00184666203,0.00368122298,0.0125822125,0.0157075888,0.00713571126,0.014169947,0.00393740582,0.00432061861,0.0214342658,0.0091308952,0.00322225725,0.00174216188,0.00191288636,0.00213979583,0.0355764315,0.00351104141,0.00444744321,0.0177259425,0.00133610383,0.0182238524,0.036909987,0.00709855291,0.00219105868,0.00172734632,0.00626649359,0.00232162293,0.00795111718,0.00333188811,0.00166070797,0.0030770629,0.111001071,0.000934577625,0.00503574291,0.0284316971,0.00301948805,0.0242509544,0.0210160888,0.00130966174
0.00258820674,0.0218846498,0.00223280896,0.00409152478,0.0222695682,0.00680515067,0.0197765109,0.00210970326,0.00495532853,0.0162068948,0.0169634662,0.00186817913,0.0339075718,0.00287950616,0.00417294128,0.00486989068,0.00848527134,0.00115914572,0.00133653981,0.0305690339,0.00940783789,0.00721281026,0.00132648014,0.00288224647,0.00372101009,0.0155680592,0.00141598801,0.00210025472,0.00156494879,0.0262347717,0.0259968863,0.00381026492,0.00234432108,0.0234734271,0.0119469599,0.0141895885,0.00311924508,0.00679419988,0.030165697,0.0192880632,0.00195503565,0.00748783354,0.00178994887,0.0311563234,0.00248139116,0.00559781806,0.00879439033,0.0882088208,0.00131212001,0.0129825653,0.0161847851,0.00520632063,0.00374846885,0.0061001034,0.00227333802,0.0149091768,0.00488644036,0.0183418651,0.00190268936,0.00319875218,0.00551790127,0.0022762749,0.00182412871,0.00403855766,0.0119419993,0.0157048489,0.00630704888,0.0151979816,0.00401816115,0.00460486619,0.0218862251,0.00890466827,0.0024371076,0.00159257812,0.00206947689,0.00215331229,0.0355333828,0.00339702426,0.00352303373,0.0169274846,0.00160209585,0.0200173901,0.0384740549,0.00657253785,0.00294985573,0.00144546587,0.00625626138,0.0024953225,0.00754433508,0.00394887813,0.00190888397,0.00317417524,0.107911815,0.00108124875,0.00567901271,0.0282945267,0.00315803641,0.025241317,0.019610514,0.00116482269
0.00260095728,0.0208497655,0.00163156397,0.00422259165,0.0217487658,0.00636666636,0.0186073966,0.00226141878,0.00513979239,0.0173798589,0.0157945285,0.00195783161,0.035617272,0.00232697866,0.00304794097,0.00529216112,0.00902728801,0.00124103653,0.00146979951,0.0291699488,0.0104598014,0.00749211538,0.00133067201,0.00253911811,0.00437017594,0.0176622985,0.00109340617,0.00167691501,0.0012646236,0.0268994249,0.024239848,0.00444408919,0.00266983324,0.0225829989,0.0112915685,0.0146181599,0.00274367693,0.00613861237,0.0302365755,0.0200649012,0.00221838815,0.0074636048,0.00181554245,0.0344819002,0.00228833081,0.00549053419,0.00853108743,0.0862490218,0.000995687683,0.0129369763,0.0168178897,0.00620635292,0.0030845579,0.00619281824,0.00213276512,0.0150350402,0.00495183514,0.0166953076,0.0018113513,0.00346436891,0.00467309827,0.00237843153,0.00199277755,0.00388952982,0.012984245,0.0168480742,0.00637161627,0.0148008607,0.00392156547,0.00550095637,0.0214304201,0.008257744,0.00248562816,0.00199586711,0.00191995656,0.00175953476,0.0361796105,0.00294985358,0.0039786028,0.0164960584,0.00217297119,0.019073024,0.0388590818,0.00671444728,0.00254225267,0.00170895458,0.00662085417,0.00237191956,0.00781686405,0.00394661809,0.00256378007,0.0035945001,0.107850605,0.00136902741,0.0062929137,0.0278957374,0.00356603296,0.024522974,0.0168040217,0.000436681188
0.00312967196,0.0190488754,0.0022075035,0.00395738263,0.021043247,0.00603724147,0.0190669173,0.00256332844,0.00500540395,0.0194432615,0.0157408798,0.00195900981,0.0380637654,0.00202641865,0.00219453515,0.00713974217,0.0102285545,0.00141103322,0.00130599039,0.0287669545,0.011718187,0.00869564898,0.000976242213,0.00247627263,0.00360887085,0.0182974689,0.00108898329,0.00160323444,0.00140977546,0.0281736374,0.0236641098,0.00519031363,0.0034570854,0.0235828194,0.0105885998,0.0143947245,0.00296200043,0.00627476324,0.0284037696,0.0198813755,0.00261031748,0.00723656805,0.00157911929,0.0372534337,0.00254681451,0.00542840368,0.00678743302,0.0893874322,0.0011733119,0.0125652273,0.0163172033,0.00664430959,0.00258035982,0.00562192722,0.00244677167,0.0154426665,0.00470873116,0.0150130182,0.00211619114,0.00338218549,0.00408647465,0.00279292124,0.00198609522,0.00338806533,0.0129750479,0.0171856644,0.00605524285,0.0145631139,0.00356979999,0.00591498486,0.0214112422,0.00749140771,0.00235515614,0.00171727247,0.00111557204,0.00163107876,0.0381234291,0.0025463327,0.00470913905,0.0177104478,0.00199458169,0.0210617092,0.0410391787,0.00633832528,0.00286273018,0.0020106417,0.00667556696,0.00211313531,0.00671513236,0.00434658409,0.00383765034,0.00301638657,0.107662522,0.0012017438,0.00688523818,0.0255278329,0.00369558943,0.0228381169,0.0143250666,0.00029377187
0.00287120322,0.0178501748,0.00278756305,0.00336031457,0.0206738822,0.00474938215,0.0189573548,0.0023626707,0.00462838806,0.0200937685,0.0131782995,0.00134952883,0.0389238246,0.00205229702,0.00223375081,0.00829726174,0.0108882493,0.00113862505,0.00155905158,0.0278356801,0.0123051424,0.00883985802,0.00113839599,0.00274914019,0.0036076282,0.0187596475,0.00107874925,0.00194796082,0.00141821721,0.0301986084,0.0226502848,0.00500795435,0.00358560411,0.0235813369,0.0108915593,0.0144299327,0.00393982219,0.00592113822,0.0266552802,0.0216516081,0.00250909718,0.00802261214,0.00140351024,0.0380435083,0.00259991021,0.00625371135,0.00737183486,0.0881629079,0.00165507975,0.0115908405,0.0161189234,0.0073604651,0.00241404784,0.00523190078,0.00208114606,0.0159949757,0.00550852916,0.0144414999,0.00215991916,0.00337838381,0.00298527615,0.00331663612,0.00234944777,0.00275518052,0.0124019968,0.0172338266,0.00608355237,0.0141810369,0.00424469298,0.00621387221,0.0190683868,0.00753282921,0.00240795567,0.00168441027,0.000968701795,0.00118906115,0.0378641765,0.00255645206,0.00479254734,0.0177365187,0.00196850172,0.0205535553,0.0410285923,0.00628002361,0.0030252621,0.00173121384,0.00639746763,0.00314778077,0.00691373534,0.00489709077,0.00401190687,0.00326270661,0.104923797,0.00131868046,0.00789130019,0.0248568606,0.00329082957,0.0206177585,0.0132823312,0.000296736032
0.00272293495,0.0147253113,0.00261475276,0.00355651676,0.0196122077,0.00508250659,0.01836763,0.0022016711,0.00498405033,0.0202305048,0.0131566787,0.00192449745,0.0400481797,0.00206232793,0.00220750674,0.00926595997,0.0112326775,0.00130359492,0.00169226395,0.0271606656,0.014089884,0.00991188774,0.0014679513,0.00298304836,0.00498881779,0.0177865556,0.00123285563,0.00151744977,0.0012525442,0.0337556693,0.0221878623,0.00414474402,0.00378319414,0.0248045734,0.0114861742,0.0143489785,0.00436337429,0.00551742453,0.0287545192,0.0224954979,0.00251667409,0.00792166052,0.00114187983,0.0401561884,0.00264550013,0.0070786079,0.00709938919,0.0921835381,0.00201308379,0.0111020121,0.018682003,0.00921187174,0.00244674409,0.00551444729,0.00223831579,0.0148272252,0.00504846799,0.013402667,0.0026899478,0.00351370406,0.00227759756,0.00400964458,0.00172265526,0.00205925279,0.0132278999,0.018200354,0.00671550199,0.0139192146,0.00358101935,0.00561635243,0.0184730693,0.00741203625,0.00271486599,0.0017925856,0.000955181109,0.00133076976,0.0401699845,0.00299230431,0.0051581841,0.0193137165,0.00196133172,0.0219589813,0.0422343844,0.00539765121,0.00335980576,0.00183683307,0.00709688929,0.00387858069,0.00610793287,0.00521128464,0.00358026528,0.00449612184,0.104888927,0.00132042613,0.00758925878,0.0246305295,0.00295126485,0.0201251054,0.0120635734,0.000296912052
0.00249225264,0.0131061674,0.0021379639,0.00387057135,0.0198166481,0.00628512383,0.018323585,0.00210847502,0.00560464401,0.0195694122,0.0117620013,0.00176108169,0.0411722486,0.00176950258,0.00164621378,0.00996390401,0.0102389031,0.00159420696,0.00155803404,0.0273572994,0.0138849384,0.0100304644,0.00217953139,0.00281087169,0.00483542741,0.0184788566,0.00153893857,0.00164835411,0.0018761748,0.0349876239,0.0207415472,0.00419171042,0.0042128257,0.0249772185,0.0112202012,0.0129972576,0.00429922899,0.00583322375,0.0298811267,0.0234952621,0.00266328325,0.00934697028,0.00159443705,0.0410393018,0.0023272741,0.00712935547,0.00836962186,0.0963749081,0.00218671327,0.0107674705,0.0211234093,0.00881878859,0.00323214751,0.00578800925,0.00278071678,0.0133220004,0.00478207529,0.0120843789,0.00390642777,0.00391514411,0.00227181294,0.0059208279,0.00170523971,0.00134661942,0.0124335181,0.0185530039,0.00737462483,0.0139966353,0.0046521994,0.00517538916,0.0167544869,0.00718095736,0.0027438081,0.00230931709,0.00183931462,0.00135054003,0.0407295503,0.00290779839,0.00509080101,0.0180007866,0.00168255508,0.023364696,0.0416105599,0.00535200291,0.00352274445,0.00233792263,0.00862209479,0.00461696886,0.00553217599,0.00538931381,0.00378244672,0.00504446442,0.104387905,0.00131080534,0.0074091777,0.0255194275,0.00268743249,0.0194827215,0.00897285657,0.000600240102
0.00264655171,0.0112065216,0.00211446203,0.00416280964,0.0178945695,0.00824620856,0.0190333715,0.00249778971,0.00644991835,0.0185320852,0.0119473455,0.00176005018,0.0417542266,0.00179828012,0.0013624011,0.0105688717,0.00985110408,0.00144969684,0.00181558932,0.0279655258,0.0155979928,0.0110095701,0.0024768244,0.00260312899,0.00462091461,0.0183443766,0.00107609647,0.00177498286,0.00203093609,0.0356425249,0.022079603,0.00423995253,0.00450799491,0.0255608561,0.0109959241,0.0134258534,0.0047888625,0.00525669034,0.0285890926,0.0260901323,0.00238573524,0.00995464523,0.00130227313,0.0434136684,0.00245097699,0.00739131136,0.00865566184,0.0994276437,0.00223290702,0.0108972632,0.0210643161,0.00891947374,0.0032545677,0.00511993462,0.00270056166,0.0133560658,0.00435789268,0.0114314805,0.00488022901,0.00407747629,0.00240224418,0.00839793745,0.00157900879,0.00142546938,0.0110489275,0.0179224255,0.0067261497,0.013648466,0.00541622965,0.00430106834,0.016050195,0.0068219417,0.00275027682,0.00251256135,0.00197483744,0.00164301685,0.0387827253,0.00255355282,0.00540726351,0.0171565274,0.00141382909,0.0229810142,0.039536209,0.00531453366,0.00320170387,0.0021976654,0.0100698299,0.00452096004,0.00458359291,0.00534569322,0.00434039073,0.00558734073,0.107167619,0.00143987961,0.00736575654,0.0251885867,0.00237835894,0.0197291994,0.00820650384,0.000604412008
0.00243517217,0.00999435164,0.00222036766,0.00452871077,0.0186951125,0.00955320301,0.0195558985,0.0033953365,0.00771157522,0.017396441,0.0111952339,0.00220555648,0.0413840707,0.00188827246,0.00109323924,0.0110748312,0.00977248172,0.0015900526,0.00182267594,0.0306284266,0.0140926473,0.0117934679,0.00293977637,0.0026620558,0.00472096476,0.0192400015,0.00136425659,0.00177936154,0.00220160044,0.0360253391,0.0228488343,0.00487574583,0.00601468914,0.0242256663,0.0122609906,0.0133237118,0.00481400283,0.00451311843,0.0287276715,0.0253244734,0.00250062354,0.00969581732,0.000866299437,0.0439024412,0.00209658332,0.00637923392,0.00970017225,0.100000014,0.00225694288,0.0122903713,0.0219071532,0.0092768281,0.00331639595,0.00505680571,0.00302990418,0.011234331,0.00390080734,0.0103793792,0.00546186411,0.00393012923,0.00217448657,0.0100217867,0.00122414028,0.00124274907,0.011122275,0.0165269775,0.00706736281,0.0131702749,0.00688073747,0.00386597812,0.0150152226,0.00620314532,0.00289514875,0.00276352059,0.00336798267,0.00178917627,0.0386904274,0.00307934198,0.00517813067,0.015710273,0.00119651098,0.0252320154,0.0398429506,0.00574948077,0.00406076792,0.00226557521,0.0110843307,0.00473351878,0.00424316402,0.00526989806,0.00538198946,0.00639403835,0.108154606,0.00114744813,0.0064965864,0.0253337334,0.00233612186,0.0188651654,0.00817438833,0.000910470492
0.00229027412,0.00955872557,0.00190866069,0.00453171984,0.0178708062,0.00941717205,0.0209077303,0.00336011484,0.00848896648,0.0151001759,0.0119438377,0.00188406172,0.0419457533,0.0014016513,0.000798085105,0.0113006491,0.00967545043,0.00172240685,0.00199760697,0.0328823644,0.0134323734,0.0120910148,0.00299637535,0.00271594962,0.00437268132,0.0184561741,0.00167734428,0.00149883871,0.00250116824,0.0348534476,0.02497114,0.00442827712,0.00617856403,0.0244582044,0.0124981107,0.0125505556,0.00424411466,0.00457379679,0.0254955057,0.026332572,0.00216156423,0.00920166538,0.00100430428,0.0442060683,0.0021748615,0.00630498933,0.011023949,0.107053225,0.00246608807,0.0125599167,0.0247201202,0.00912954357,0.00309597623,0.00453359889,0.00389284972,0.0118483376,0.00386376289,0.00965941866,0.00598432764,0.00339350092,0.00220470208,0.0129898996,0.00111330867,0.000983836478,0.0123865749,0.0182321176,0.00684021754,0.013520746,0.00781366201,0.00355639616,0.0133034719,0.00583129357,0.00383591244,0.00276716376,0.00380172346,0.00180641106,0.037354314,0.00413931272,0.00435624774,0.0134047467,0.00107743555,0.0289189964,0.0400757988,0.00618850717,0.00516376547,0.00252493648,0.0116352762,0.00404167591,0.00347598058,0.00618260472,0.00538340811,0.0058651079,0.104305265,0.00120499296,0.00608599067,0.023039367,0.00245700124,0.018831152,0.00938894901,0.0010670732
0.00207361688,0.00927135669,0.001666001,0.00414094735,0.0154476828,0.0100710829,0.0217817932,0.00383169093,0.00853642607,0.0140482503,0.0125755828,0.00187834305,0.0429831253,0.00155448343,0.000814464759,0.0109905724,0.00895179426,0.00199458252,0.00159130007,0.0340660083,0.012945473,0.0117507415,0.00298366462,0.00286132511,0.00408606362,0.0194289057,0.00233572453,0.00190969889,0.00299212234,0.0335403804,0.0274683463,0.00357653581,0.00634169196,0.0233027897,0.0130089763,0.0116131284,0.00393873011,0.00396494634,0.0223671106,0.0280478163,0.00123731955,0.00943030775,0.0011415527,0.0424651594,0.00188542506,0.00629944931,0.0118387241,0.108834855,0.00247787684,0.0124820592,0.0283517176,0.00865117908,0.00309162365,0.00402945493,0.00453827783,0.0109536118,0.00356727171,0.00831674668,0.00651260296,0.00292022876,0.00193902223,0.0154570637,0.00111289502,0.00141442811,0.0134978791,0.019685029,0.00718144694,0.0129264454,0.00908136309,0.00298833656,0.0118969336,0.00701754584,0.00415686606,0.00288448763,0.00422095479,0.00285028821,0.0362049929,0.00458124005,0.00331445514,0.0127527914,0.00136927213,0.0299955997,0.0409069902,0.00624806424,0.00569573999,0.00276834107,0.0124405652,0.0035224009,0.00309119722,0.00677135421,0.00516214989,0.00763767676,0.100529911,0.00149253483,0.00547967468,0.0230945526,0.00218638805,0.0206117948,0.00871052108,0.00139124747
0.00205365633,0.00855203582,0.000997867705,0.00460168829,0.0147877335,0.00997506477,0.0220053409,0.00434719879,0.00900131157,0.0123447757,0.0129869986,0.0023114714,0.0434520428,0.0012326649,0.000998171913,0.0135609906,0.00796079702,0.00198272208,0.00172277012,0.0353080846,0.0112318934,0.0125339143,0.00310125943,0.00238253217,0.00342751692,0.0200118492,0.00236518544,0.00206270974,0.00346783799,0.0329761823,0.029413258,0.00365195116,0.00649846611,0.024541187,0.0143928509,0.011412837,0.00322817452,0.00368208712,0.020567886,0.0254883353,0.0012451715,0.00851755043,0.000983697584,0.0421319014,0.00203844048,0.00603029388,0.0115914418,0.113970566,0.00263898424,0.0118980614,0.028420763,0.0101317097,0.00258020026,0.00369132154,0.00496342667,0.00981508138,0.00358292412,0.00718208361,0.00643928786,0.00272831941,0.00187140836,0.0165974073,0.0010000003,0.00197880145,0.0121757936,0.0201889952,0.00753604559,0.0127341351,0.00952452914,0.00248066009,0.0117899925,0.00832999775,0.00402780271,0.00315540103,0.00455439705,0.003662184,0.0370857414,0.00581395907,0.00238128683,0.0103630736,0.00108680104,0.0332425341,0.0379616504,0.00686658142,0.00554292442,0.00212420154,0.013230863,0.00336976128,0.00314561948,0.00743764549,0.0061095846,0.00711256771,0.100082833,0.00163654344,0.00589530682,0.0219905888,0.00273000037,0.0233115609,0.00878569583,0.00156397047
0.00192703232,0.00824212124,0.000970148211,0.00440956367,0.0129745325,0.00918635865,0.0216478447,0.00478222397,0.00799684718,0.0104151414,0.0137697263,0.0024727297,0.0441431006,0.00108258511,0.00135685602,0.0141298231,0.00833590959,0.00204254319,0.00176702362,0.0384500877,0.010109719,0.0120291288,0.00246343662,0.00276708313,0.00327676134,0.0210619714,0.00236704821,0.00168302621,0.00336699531,0.0358646303,0.0325386464,0.00322834597,0.00633878022,0.0244500516,0.0142495022,0.00991418016,0.00221631274,0.00355252953,0.0196018207,0.026370889,0.00161190572,0.0082617309,0.000983695754,0.0420364319,0.00206124887,0.0057613775,0.0116751015,0.11745601,0.00285153905,0.0128803949,0.0321958161,0.0108542979,0.00265585769,0.00365476971,0.00600697221,0.00938165608,0.00340036131,0.0066518368,0.00664855884,0.00215207703,0.00185897727,0.0184157648,0.00100300795,0.00199999787,0.0141717609,0.0205095057,0.00812687926,0.0136432273,0.0112520759,0.00234158203,0.0117584885,0.00882665057,0.0051867253,0.00302790719,0.00493954286,0.00430124046,0.0335935512,0.00588572929,0.00231675972,0.00867679603,0.00110375239,0.0344950796,0.0375907372,0.00818248207,0.00453257989,0.00188584526,0.0144604851,0.00249445811,0.00361872359,0.00703079003,0.00542902269,0.00742231512,0.0988666911,0.00129776487,0.00540752961,0.0218674533,0.00327779709,0.0236845568,0.008671916,0.00192338448
0.00195873267,0.00827266585,0.000845006046,0.00412170091,0.0120396103,0.00836635091,0.0204840277,0.00509903261,0.00734320692,0.00930232968,0.0144291059,0.00265760872,0.0443021035,0.00123001556,0.00104184609,0.0142945769,0.00819546115,0.00215757138,0.00163822693,0.039263818,0.00973253607,0.0104546092,0.00231732056,0.00308517452,0.00318470833,0.0210159877,0.00219918776,0.00157728643,0.00323467864,0.0362038014,0.0346712514,0.00299778867,0.00662705741,0.0252070104,0.0130641313,0.0102111914,0.00147907126,0.00284131791,0.0179016155,0.0252854913,0.00137844603,0.00744779542,0.00112723929,0.0381102302,0.00234983001,0.00608415025,0.0124039548,0.120845821,0.00367910933,0.0125125082,0.0316245623,0.011968717,0.00252313002,0.00324582075,0.00636694426,0.00867807263,0.00310283651,0.00604371351,0.00682429792,0.00180531023,0.00166289815,0.0204554929,0.00100515234,0.00268544331,0.0169711282,0.0219676049,0.00878112286,0.0126475522,0.0124582344,0.00208706095,0.0116673557,0.00845666544,0.00509473338,0.0040225218,0.00485364758,0.00540373809,0.0314755202,0.00572409993,0.00287759955,0.00765306528,0.00112342722,0.0389312287,0.035974929,0.00810425619,0.00435638275,0.0018992134,0.0152873862,0.00205607742,0.00367703417,0.00760399559,0.00565047219,0.00756077122,0.100065415,0.00144009112,0.00564793951,0.0207824433,0.00392832844,0.0247625618,0.00949418666,0.00212835837
0.00172688476,0.00834672333,0.00134481062,0.00356331169,0.0109349495,0.00737118666,0.0202642452,0.00518365042,0.00712653302,0.00776728799,0.0156360629,0.00301477604,0.0446763282,0.00108898379,0.00142475219,0.0152710771,0.00833719641,0.00231806969,0.0015326729,0.0399749419,0.00834948334,0.00918197016,0.00192692896,0.00381575996,0.00298259914,0.019872587,0.0018918481,0.00216982569,0.00293686129,0.0348483109,0.0365949079,0.00276461691,0.00607039233,0.0257439726,0.0125205077,0.00897474407,0.00118535974,0.00229324746,0.016784874,0.0246438705,0.00126951982,0.00745267287,0.00155609286,0.0364241514,0.00223880803,0.0065069447,0.0114236843,0.124278948,0.003939121,0.0130613541,0.035962671,0.0121604565,0.00256264321,0.00355660331,0.00662208233,0.00690249893,0.00315552271,0.0066826551,0.00677388264,0.00170770149,0.00127550949,0.0223533415,0.00113450353,0.00318424064,0.0185051765,0.0215300358,0.00864230998,0.0124706891,0.0123702377,0.00193683053,0.0121593316,0.00880999544,0.00570281314,0.00423555186,0.00478287665,0.00528640987,0.0311819935,0.00617643147,0.00320741256,0.00567925959,0.00100603714,0.0388048635,0.0356324367,0.00843578189,0.00390680426,0.00192208963,0.013818886,0.00167816872,0.0037389091,0.00801815654,0.00615763411,0.00775421073,0.100678988,0.00115058447,0.00545972388,0.0177610842,0.00359104109,0.0270143402,0.00876460237,0.00217500414
0.00148488042,0.0074678427,0.00164835376,0.00308880099,0.0104202408,0.00613405519,0.020127578,0.0057410516,0.0061534301,0.00702685921,0.0178726617,0.003447569,0.0448481345,0.00111340712,0.00182814996,0.0156367954,0.00717853039,0.00248614618,0.0019931649,0.0448467312,0.00789194653,0.00898633307,0.0022431916,0.00431334008,0.00229395663,0.0186567299,0.0019190767,0.00254110758,0.00299152615,0.0347427377,0.0367670596,0.00238473966,0.00633504965,0.0275678603,0.0126391734,0.0077748423,0.00170349153,0.0020630709,0.0155155989,0.0238890752,0.00116792126,0.00856590459,0.00199288618,0.036992045,0.00244648162,0.00643967757,0.0119757734,0.127240635,0.00392479157,0.0136810231,0.0365366268,0.0118719174,0.00247164706,0.00355037932,0.0062282388,0.00686853301,0.0031331225,0.00711091118,0.00603207211,0.0017261212,0.00143266262,0.0229105024,0.000879284261,0.0030924709,0.0196035697,0.0205949398,0.00890364799,0.0111769525,0.0137408875,0.00213838579,0.0123465594,0.00813922512,0.00537461333,0.00394573229,0.00432098388,0.00602699976,0.0306484,0.00633910927,0.00348584461,0.00486617842,0.00120909052,0.0395806212,0.0365997845,0.00843517261,0.00319257502,0.00249638839,0.0130971989,0.00188537065,0.00394508242,0.00901108386,0.00545607219,0.00659663442,0.101716521,0.00144404089,0.00600768401,0.0187967841,0.0025289035,0.0264437832,0.00840836047,0.00206824961
0.00224498069,0.00799377248,0.0022646869,0.00360897847,0.0101451884,0.00445536466,0.0202863852,0.00625293023,0.00588977141,0.00675895445,0.0193562675,0.00311750379,0.0458687984,0.00115037178,0.00209204682,0.0159615303,0.00669962215,0.00275402628,0.00175182148,0.0453431165,0.00624511977,0.00829100355,0.00203252339,0.00407841439,0.00249251983,0.0175005055,0.0013173044,0.00259383737,0.00304054346,0.0357775033,0.0384988506,0.00277414801,0.00558926429,0.0273044425,0.0123910114,0.00682482564,0.00137153385,0.00164154389,0.0154361391,0.0239288427,0.00119712577,0.00925134887,0.00277413362,0.0385580092,0.00263688814,0.00566572049,0.0114578588,0.125438921,0.00368689871,0.0138715761,0.0382522045,0.0131048895,0.00268176462,0.00414321638,0.00699252466,0.00613864486,0.00390015242,0.00719878992,0.00597398372,0.00218881598,0.00174629875,0.0240097513,0.000892745372,0.00363552108,0.0187975167,0.0204011175,0.00910808264,0.0085407548,0.0146848323,0.00187822775,0.0115706132,0.00725929101,0.00536924339,0.00430608471,0.00421437881,0.00748848293,0.0294264869,0.00680272748,0.0037302231,0.00350358051,0.00133133742,0.0407075983,0.0409902582,0.00805900876,0.00239056035,0.00204694176,0.0137261448,0.00228006881,0.00380999036,0.00838389843,0.00505488001,0.00630990185,0.106843981,0.00146198969,0.00759431821,0.0181861006,0.00276697345,0.0263075496,0.00737846895,0.00233897238
0.00204738291,0.009227825,0.00236721489,0.00241196552,0.0102682725,0.00425531268,0.019943254,0.00694109151,0.00581732588,0.00646733675,0.0215471444,0.00367463031,0.0494071107,0.0013619347,0.00269645708,0.0166991335,0.00588427705,0.00270595734,0.00182398605,0.0478820804,0.00567720643,0.00740511439,0.0021056059,0.00409530228,0.00218892674,0.017328186,0.00119433403,0.00234558205,0.0026082443,0.0392574709,0.0363315545,0.00325542993,0.00545183508,0.0271829535,0.0116729487,0.00749411366,0.00155496961,0.00214230974,0.0145850722,0.0236220354,0.00138408115,0.0111535175,0.00317124501,0.0397538934,0.00238246493,0.00504365766,0.0104410059,0.127416792,0.00317980063,0.0128267162,0.0399558708,0.0139083234,0.00171073012,0.00418813979,0.00708965703,0.00530917992,0.0037319466,0.00840547977,0.00510684336,0.00238521803,0.00240419907,0.0266319798,0.00117555207,0.00356069244,0.0188304165,0.0203058433,0.00871128427,0.00949320275,0.0153846116,0.00256451126,0.0122925157,0.0069826463,0.00613601531,0.00446690833,0.00515295936,0.00672834891,0.0283307956,0.00699736041,0.00325329313,0.0035845205,0.00120192186,0.0422065902,0.0410572155,0.00785854633,0.00198079997,0.00213219208,0.0138135723,0.00193162009,0.00545724746,0.0085287827,0.00542577663,0.00694327726,0.108925229,0.00177645749,0.0101419824,0.0189553747,0.00220368362,0.0255681811,0.00722827211,0.00262319463
0.00206138177,0.0102528532,0.00276795145,0.00198774145,0.0110470666,0.00586606193,0.0210054226,0.00668672381,0.00537554684,0.00568787265,0.0232106548,0.00342165192,0.0505720955,0.00161463807,0.0025829551,0.0171742442,0.00537813058,0.00296597209,0.0022489988,0.046790045,0.00527530029,0.00636174023,0.00254021889,0.00420231892,0.0030722007,0.0186717305,0.00160199325,0.00210321944,0.00232641557,0.039406669,0.0366760968,0.0038350064,0.0059880298,0.0266057087,0.010713897,0.00709281904,0.00192647457,0.00267674658,0.0151070467,0.0242087331,0.00215982387,0.0137255246,0.00390343664,0.0376406693,0.00260162821,0.00489895211,0.0107125895,0.125848471,0.00281180667,0.0132980201,0.0398982866,0.0136896115,0.00212002715,0.0041045392,0.00679367612,0.00517966271,0.00361831441,0.00865051618,0.00498041332,0.00237839633,0.00204142909,0.0270993854,0.00106808863,0.00332630283,0.0194712736,0.0178327537,0.00818155236,0.00880172417,0.0164001933,0.00232867515,0.0113430841,0.00542442009,0.00669485274,0.00530142361,0.00465785926,0.00800417757,0.0271175702,0.00834402437,0.00306897136,0.00275482101,0.00143010392,0.0436774698,0.0437942583,0.00725373636,0.0012600394,0.00220945896,0.0129203366,0.00176886939,0.00508130103,0.00803586326,0.0057589187,0.00593866523,0.112064321,0.00166691762,0.010464917,0.018964489,0.00254098232,0.0253739137,0.00737736043,0.00419839143
0.00245136996,0.0101795363,0.00289157034,0.00147364576,0.0117257962,0.00626566097,0.02046897,0.00680509461,0.00564228974,0.00595903488,0.0238599167,0.00302253436,0.0504181492,0.00282965563,0.00263370963,0.0175226073,0.00503929237,0.00306183261,0.00280852356,0.0471775364,0.00586136625,0.00622372147,0.00279622338,0.00446784243,0.0033032041,0.0197689602,0.00182481877,0.00185716595,0.00222510819,0.0371685425,0.0339358604,0.00432481016,0.00601976592,0.026590546,0.010979678,0.00631655467,0.00225225434,0.00331554557,0.0154402671,0.0247830727,0.00210811761,0.0166298791,0.00374383247,0.0388945512,0.00333388467,0.00477690117,0.0110288101,0.122763162,0.00309469571,0.016321721,0.0388314093,0.0152495233,0.0025742238,0.0046223659,0.00622215808,0.00394626533,0.00420535589,0.00786111466,0.00584844423,0.00313504876,0.00216035107,0.027258689,0.00110268762,0.00292837924,0.0204234943,0.0184923133,0.0082304466,0.00869769372,0.0152236747,0.00257599228,0.0121422376,0.00453172023,0.00643891842,0.00482114962,0.00426903507,0.00866535203,0.0273088437,0.00925614469,0.00339673844,0.00185560149,0.00168224401,0.0459702225,0.0464912014,0.00807053645,0.00115645034,0.00227894921,0.0112091816,0.00202265194,0.00488486149,0.00972461144,0.00529057152,0.00673432518,0.114013527,0.00185013605,0.0125797165,0.0179988041,0.00257421898,0.0258273053,0.00791259063,0.00507304383
0.00230794489,0.0101518696,0.00320296381,0.00163398555,0.0115255707,0.00651353544,0.0207686718,0.00732600405,0.00657894082,0.00684388401,0.0251678125,0.00297390763,0.0505308894,0.00377283142,0.00270608097,0.0191687618,0.00483728526,0.00313712107,0.00346380187,0.0478303385,0.0069751036,0.00653825316,0.00298396699,0.00411794095,0.00338018297,0.0198419882,0.00265503123,0.00210452447,0.00172844166,0.0374823043,0.0315436673,0.00342212533,0.00628930753,0.0266401831,0.0093880751,0.00650436685,0.00315807576,0.00370682685,0.0161437396,0.0242145029,0.00203825789,0.0189449351,0.00326196,0.0401234744,0.00396414278,0.00584270539,0.0107343739,0.124763163,0.00275482417,0.0171412134,0.0369369011,0.0159333349,0.00340075754,0.00459045829,0.00554127887,0.00402097847,0.005035706,0.0070220626,0.00542800717,0.00386165624,0.00219075995,0.025246314,0.000703334784,0.00257820311,0.0182399304,0.0165526297,0.00808767575,0.00874799737,0.0135822413,0.00303354816,0.0123535708,0.00408098455,0.00567661529,0.00524786565,0.0041644584,0.00980392743,0.0271777433,0.00993144281,0.00334154239,0.00207325411,0.00326420555,0.0463938518,0.0494839464,0.00677276561,0.00138384055,0.00221799829,0.0105877982,0.00208550755,0.00445712601,0.00975695571,0.00439634841,0.00569607763,0.115077088,0.00175971549,0.0125409185,0.0188177002,0.00268048189,0.0244257757,0.0080504317,0.00547598251
0.00169175869,0.0110959334,0.0031567876,0.00131110696,0.0132984458,0.00749691511,0.0218327484,0.00810861895,0.0064988548,0.00797817718,0.0257515643,0.0030674813,0.0495736744,0.0049545807,0.00214915039,0.0195752776,0.00537924548,0.00328377892,0.0033171973,0.0459254045,0.00670961418,0.0072331048,0.00331752915,0.00415183775,0.0039840634,0.0232216548,0.00273812192,0.0023602025,0.00139414538,0.0378178339,0.0324727409,0.00284791745,0.00792873207,0.0283890159,0.0101321444,0.00816522104,0.00383208764,0.00454779799,0.0153657634,0.0264025981,0.00262510393,0.0206254944,0.00368615544,0.04347063,0.00403225425,0.00552563664,0.0118665312,0.125827667,0.0028096003,0.019404569,0.034132158,0.0154384439,0.00357883237,0.00501764789,0.00568562046,0.00383982535,0.00579077226,0.00776498555,0.0040846641,0.00455501944,0.00230332766,0.0274874078,0.000578119931,0.00246870275,0.0200424238,0.0160330275,0.00737255556,0.00894947964,0.0132150772,0.00318054569,0.0122634227,0.00450893,0.00549762814,0.00516224658,0.00388226736,0.010751638,0.0264729431,0.0108736455,0.00320395274,0.00241502733,0.00365788533,0.0487970934,0.0539114355,0.00633985991,0.00125134139,0.00248344123,0.0095282097,0.00257732197,0.00442314437,0.0111255377,0.00338659303,0.00494848976,0.113390513,0.00231558191,0.0123593171,0.0179249635,0.00281849339,0.0246107025,0.00641286907,0.00684327261
0.00142832008,0.0110124363,0.00289750481,0.00154679175,0.0133470346,0.00804534993,0.0231892754,0.00735726445,0.00608029792,0.0107010361,0.0254407801,0.00259875032,0.0497811735,0.00559500172,0.00177501634,0.0206730673,0.00593141353,0.00384517883,0.00327960975,0.050075424,0.00747452847,0.00607556359,0.00369433981,0.00447997316,0.00392817159,0.0271683284,0.00298151851,0.00210889894,0.00121926457,0.0355540947,0.0329568469,0.0032964895,0.00884326014,0.0309631091,0.00939474416,0.00874092118,0.0034154194,0.00499553678,0.0162204428,0.0297255765,0.00285862911,0.0209740266,0.00330456948,0.045388159,0.00403298593,0.00560344998,0.0120997672,0.128146972,0.00321405427,0.0196644718,0.0309137072,0.016914655,0.00428432575,0.00567525505,0.00490196016,0.00440107042,0.00659318646,0.00749878902,0.00367362513,0.00436840647,0.00187195933,0.0243218557,0.000896327728,0.00195869108,0.0185430905,0.0154814129,0.00685266831,0.00916320564,0.014666691,0.00357972075,0.0120565989,0.00476271332,0.00497417423,0.00606112361,0.00379067876,0.0107317908,0.025880087,0.0118102383,0.00370089227,0.00246711093,0.00561029988,0.056578239,0.0566615603,0.00602737346,0.00148011286,0.00239070976,0.00866452888,0.00225073083,0.00482067017,0.0113462871,0.0035160513,0.00400168552,0.116191797,0.00357751336,0.0131303464,0.0161828426,0.00410556587,0.0235737287,0.00707497626,0.00645310102
0.00241008528,0.00994343323,0.00279694272,0.00138394864,0.0138658547,0.00862229947,0.0262284475,0.00627912045,0.00608378244,0.011225659,0.0262819407,0.00317392535,0.0486311206,0.00612522153,0.00183234321,0.0229312018,0.00634128015,0.00400577921,0.00338491618,0.0504553753,0.00773652108,0.00582749988,0.00421094543,0.0044072682,0.00485899642,0.0290296001,0.00286591479,0.0023691996,0.00107712,0.0372291754,0.0298883799,0.00261201513,0.0101041563,0.0335164772,0.00948355382,0.00837988368,0.00336952693,0.00770087254,0.0165046591,0.0335133026,0.00398984801,0.0215083976,0.00322764026,0.0465051015,0.00355471752,0.00622518842,0.0114324906,0.13049737,0.00265134883,0.0201888895,0.0271966739,0.0153239261,0.00492759826,0.00667996457,0.00520374238,0.00445433929,0.00703364798,0.00651090034,0.00384537896,0.00345954633,0.00177936199,0.0270531301,0.00100153934,0.00162513946,0.0183813244,0.0144897497,0.00774672016,0.0103074462,0.0145971523,0.00365423794,0.0110949879,0.00494088191,0.00498144115,0.00604230723,0.0031978897,0.0104408242,0.0260818712,0.0137823907,0.00364891673,0.0023692218,0.00669802574,0.0581144315,0.06005832,0.00651438149,0.00171723009,0.00210747625,0.00892857421,0.0018613275,0.00465023224,0.0111903348,0.0029951335,0.00403841943,0.109886077,0.00490625429,0.0127244024,0.0163647607,0.00409751807,0.023373105,0.00575086684,0.00688835724
0.00172051125,0.00943574418,0.0032560803,0.00163465644,0.0130093292,0.00872316065,0.024930466,0.00555898531,0.00704098496,0.012614935,0.0269274133,0.0033433956,0.0479246577,0.00710226428,0.00185056839,0.0239302304,0.00565587806,0.00427785147,0.00290115988,0.0510686495,0.00893785857,0.00578958699,0.00389264665,0.00416049993,0.00447448649,0.0283696025,0.00352623984,0.00237016007,0.00158013727,0.0357864549,0.0316291602,0.00287947397,0.0108765146,0.0344046804,0.0101763912,0.00783766745,0.00291658583,0.007313317,0.015980771,0.0354012403,0.00487622294,0.0218526724,0.00295100797,0.0481345097,0.00369793804,0.00650436754,0.0113613484,0.123394805,0.00267439286,0.0189921662,0.0251178163,0.0146892683,0.00606948427,0.00664485646,0.00485882421,0.00442012146,0.00694590931,0.00509914339,0.0037649018,0.00401606307,0.00143648548,0.0256687297,0.00111005269,0.00109609176,0.0167593469,0.0139338905,0.00673369927,0.01098597,0.0131525796,0.00363001155,0.0112299505,0.00453802716,0.00494071052,0.00663961743,0.00289966722,0.0101021195,0.0245078328,0.0177281881,0.00356053255,0.00246257117,0.00934098573,0.0624550203,0.0583294932,0.00615785051,0.00216024753,0.00291385812,0.00895813443,0.00168878512,0.00536525032,0.0128807865,0.00211335218,0.00429184539,0.107943035,0.0048339993,0.0147383116,0.0146781403,0.00398448903,0.0225757985,0.00596443736,0.00796373096
0.00215348272,0.00880078091,0.00402576341,0.00207856965,0.0128973543,0.00794429093,0.0265242265,0.00533162553,0.00678862243,0.0137154055,0.0263670003,0.00302351519,0.0471837415,0.00681367681,0.00211020277,0.0246964231,0.00534703599,0.00508474195,0.0031985162,0.05206071,0.0101213205,0.00560398942,0.00399831146,0.00302915293,0.00491255701,0.03023154,0.00324674704,0.00339919484,0.00215982831,0.0339983678,0.0299575338,0.00271625388,0.0109464853,0.0365681825,0.0112211916,0.00760153826,0.00335305843,0.00873362328,0.017057815,0.0349308059,0.00479569899,0.0218384151,0.00286591622,0.0497242726,0.00296736115,0.00693240617,0.0116474253,0.123314635,0.0027069713,0.0167227258,0.0211425337,0.0142383517,0.00703463106,0.00679318897,0.00411798471,0.00503428,0.00914174771,0.00453917108,0.0036630093,0.00409082442,0.00171931987,0.0253945926,0.000970246614,0.00112212645,0.0145115709,0.0121157733,0.00673639887,0.0107796019,0.0117277396,0.00295312121,0.0104120547,0.00542563221,0.0050968431,0.00534249146,0.00295566367,0.00854227455,0.0256436159,0.0197055243,0.00351213528,0.00253858722,0.0104866383,0.0666804083,0.0577698975,0.00729278485,0.00259947843,0.00303778001,0.00846603672,0.00249812882,0.00535562009,0.013430625,0.0022399694,0.00497276695,0.113132813,0.00532927403,0.0156346762,0.0149013667,0.00368220904,0.0215253156,0.00733923772,0.00858973816
0.00220706248,0.00843798126,0.00356319867,0.00273972497,0.0124966374,0.00765820388,0.0269135732,0.00506273362,0.00584567893,0.0152756939,0.0291089073,0.00286631451,0.0504284273,0.00701709898,0.00166746054,0.027613805,0.00549213783,0.00593538058,0.00316321588,0.05475218,0.0108530325,0.00538560942,0.00389188777,0.00343380442,0.00446339544,0.029994707,0.0033844802,0.00495158253,0.00283320849,0.035484038,0.0308988478,0.00235394791,0.00984560294,0.0405047625,0.0125553799,0.0079136641,0.00325600197,0.00961735716,0.0165909091,0.0307596173,0.00434353506,0.0223585476,0.00255319334,0.048883807,0.00308261454,0.00664786413,0.0113885213,0.121174285,0.0022758279,0.0132956354,0.0186653664,0.0134808942,0.00617700093,0.00650065006,0.004734082,0.00565159096,0.00879121257,0.00399345043,0.00358342379,0.00384040427,0.00175708013,0.0280559401,0.00101385553,0.00168919087,0.0142570384,0.0125319199,0.00653716193,0.0110822667,0.0109411508,0.00329350261,0.0106789542,0.00547866797,0.00416044749,0.00567728939,0.00285423625,0.00813287472,0.0244986901,0.0204733187,0.00404637043,0.00262384459,0.0122062426,0.0664335685,0.0570206823,0.00679772133,0.00224261122,0.0033790522,0.00856377555,0.00255297039,0.00543960955,0.0126169306,0.00286901343,0.00471230477,0.111283427,0.00613253955,0.0190476039,0.0128093791,0.00467822963,0.0186400935,0.00783888732,0.00832662142
0.00268928365,0.00905250686,0.00393098427,0.00301529178,0.0117416781,0.00831600008,0.0254193503,0.00415799995,0.00577804574,0.0137509438,0.0313773356,0.00322349188,0.0526061577,0.00738007638,0.00171191104,0.0266838456,0.00476085355,0.00658642376,0.00191979854,0.0552243151,0.0115735884,0.00674308609,0.00465012891,0.00332876792,0.00582702465,0.0291819521,0.00418215124,0.00574324254,0.00376232629,0.031524033,0.0343832164,0.00301529001,0.00903063101,0.0423266735,0.0106077208,0.00786402096,0.00297113587,0.0101608873,0.0171000336,0.0314367293,0.00549114879,0.0226293597,0.00275938419,0.0473220142,0.00322648001,0.00871952349,0.0117381578,0.123227766,0.00209692571,0.0106034197,0.0158182267,0.0122967844,0.00891409509,0.00600498338,0.00526202264,0.00656681591,0.0100091079,0.00360704033,0.00370369738,0.00476930343,0.00250912126,0.0292353403,0.0015501233,0.00182201538,0.0137772638,0.0147023046,0.00669512735,0.0109786781,0.0114304365,0.00395384281,0.0133394761,0.00478850326,0.00401998663,0.00638609134,0.00252100449,0.007549769,0.0276248313,0.0210448011,0.0044776164,0.00218914151,0.0115970007,0.0699650716,0.0578532891,0.00782427972,0.00209512045,0.00364811612,0.00837396266,0.0026490111,0.00562958932,0.0132833744,0.00291867667,0.00485436506,0.104228088,0.00765253502,0.0208597906,0.0131637782,0.00409643915,0.0170558992,0.00800600656,0.00882271797
0.00321061307,0.00820681433,0.00449640036,0.00304546233,0.0103642215,0.00848355638,0.0257648733,0.00290697682,0.00506826941,0.0128171896,0.0333543031,0.00356440457,0.058661812,0.0068568206,0.00198265037,0.0283499697,0.00491091965,0.00639203931,0.00262812024,0.0545554192,0.0121600723,0.0061570643,0.00523918386,0.00326065221,0.00630252543,0.027449164,0.00409737262,0.00661559025,0.00393381075,0.0327850893,0.0349068198,0.0035203507,0.00674261708,0.0500132178,0.0118120725,0.00784365522,0.00261608694,0.0115042276,0.018808781,0.0313673069,0.00501253284,0.024514195,0.00261780138,0.0467731209,0.00265674891,0.011456116,0.00974703976,0.123830914,0.00281558192,0.0103479695,0.0171254167,0.01150785,0.00899621015,0.00548041257,0.0049695086,0.00623382088,0.0106778031,0.00306748585,0.00384616158,0.00475196969,0.00283085763,0.0305092266,0.00144587148,0.00117508761,0.0127618667,0.0163056929,0.00701824799,0.0109067635,0.0112422061,0.00385647115,0.013765858,0.00498544936,0.00416385487,0.00739232808,0.00409218778,0.006788396,0.0267350188,0.022164918,0.00490078587,0.00272294022,0.0126592915,0.0696152384,0.0591892329,0.00838796543,0.00191611692,0.00359086148,0.00990098463,0.00274951935,0.00627218523,0.0121612246,0.00318013745,0.0043561138,0.105619363,0.00832799672,0.0222464467,0.0126525044,0.00381861374,0.0160458701,0.00787097217,0.00935374807
0.00384784778,0.00807822758,0.00583021859,0.00328012521,0.0106157076,0.00804850405,0.0256375021,0.00304800593,0.00497354029,0.010466995,0.0327280604,0.00365700237,0.0619048295,0.00631457674,0.00331294651,0.0260674098,0.00436115304,0.00654862447,0.00250512808,0.0552154079,0.0132753512,0.00630052085,0.00529660484,0.00230077303,0.00656620214,0.0252870551,0.00356687561,0.00700546141,0.00377833735,0.0325571019,0.0372727914,0.00364049966,0.0063950716,0.0528444012,0.011076842,0.0111940277,0.00223413845,0.0114776107,0.0200693854,0.0317855433,0.00490510128,0.0268319938,0.00330579103,0.0463483279,0.00317009254,0.0134176079,0.0100743482,0.123947294,0.00291261744,0.00973178049,0.0179693433,0.0106359134,0.0107895921,0.00466842168,0.00490769111,0.00591216433,0.0115858118,0.00341841307,0.00391388701,0.00531914781,0.0031423739,0.031881436,0.00222758467,0.00183973519,0.0114684537,0.017068778,0.0074921978,0.00993158245,0.00866727055,0.00424573137,0.0153751528,0.00370611621,0.0042353531,0.00689195116,0.00573825327,0.00672010752,0.0263098809,0.0224197611,0.0048640561,0.003191494,0.0129581147,0.0669123102,0.0595900157,0.00779707593,0.00197715388,0.00410022305,0.0113998979,0.00374376099,0.00498540665,0.0119990582,0.00300331299,0.00394477584,0.105562985,0.00917636812,0.0263860815,0.0109393529,0.00490436409,0.0122298771,0.00876027974,0.00796459375
0.00413130722,0.00742520407,0.00486263977,0.00333555042,0.0103383427,0.00685557918,0.0271372505,0.0042815113,0.00514899423,0.0079191681,0.035958919,0.00289169146,0.0632307038,0.00586682385,0.0031331618,0.0236939103,0.00303324686,0.00642478891,0.00334208348,0.0540540411,0.014036328,0.00671141447,0.00506547557,0.00272153398,0.00559159337,0.0229984997,0.00561948183,0.00652708429,0.00412635306,0.0296452131,0.0403117774,0.00371315581,0.00673400656,0.0535092893,0.0132463773,0.01168495,0.00242382096,0.012053775,0.0204284804,0.0282292116,0.00435634547,0.0302924004,0.00367557126,0.0464612813,0.00328054207,0.0163495967,0.01075,0.125469104,0.00332021483,0.00848938715,0.0172381402,0.011217576,0.00992367158,0.00520704121,0.00494804833,0.00688533083,0.0111579538,0.00379237025,0.00323624489,0.00636545242,0.00317460159,0.0317589788,0.00252524986,0.00190395732,0.0103448334,0.018723624,0.0071596533,0.00989208376,0.0100090919,0.00544217919,0.0149670315,0.00291806974,0.00424728582,0.00663160094,0.00584794804,0.00704899058,0.0270270135,0.0224889586,0.00472299929,0.00333168815,0.0126310132,0.0691430672,0.0647373198,0.0080959187,0.00205855127,0.00426945034,0.0131424438,0.00466233134,0.00520304933,0.0125,0.00331622223,0.00327673456,0.107907723,0.0113609805,0.0258818029,0.0117816687,0.00576036921,0.0105871028,0.00918312288,0.00830769229
0.00452751257,0.00734149562,0.00532046043,0.0034176334,0.0106520292,0.00547913052,0.029944517,0.00448430636,0.00407516576,0.00672080827,0.0418898436,0.00328047502,0.0675642237,0.00640048375,0.00428265467,0.0240236263,0.00303489842,0.00626141702,0.0038986333,0.0533220822,0.0130993693,0.00718869471,0.00445745719,0.0032694455,0.00572029165,0.0221543272,0.00603933251,0.00700994134,0.003696037,0.0276276742,0.039904152,0.00361707037,0.00659340854,0.0551313523,0.0117025606,0.0123291667,0.00331438726,0.0118877876,0.016529991,0.0296425344,0.00481399573,0.0303977898,0.00428968461,0.0472277258,0.00296262488,0.0193616559,0.0104657178,0.124863412,0.003375,0.00824175048,0.0180669367,0.0120363639,0.0110578264,0.00431910427,0.00560795533,0.00768639031,0.0106924471,0.00461612987,0.00284017762,0.00670716275,0.00301280492,0.0391523489,0.00222402249,0.00196549211,0.0100025997,0.0206465116,0.00807700382,0.00924408442,0.0123370644,0.00791408667,0.0154977556,0.00349162232,0.00321811918,0.00655124176,0.00641466397,0.00624694684,0.0304045998,0.0234441929,0.00449260529,0.00342726805,0.0138850325,0.0676701888,0.0671132711,0.00730003544,0.00166785745,0.00411522435,0.0147669054,0.00580888143,0.00508076675,0.0147959232,0.00313175029,0.00335365859,0.105680525,0.0133477605,0.0280524452,0.0125677551,0.00653082817,0.0112938865,0.00873059721,0.00811992556
0.00421179584,0.0074593216,0.00496435107,0.00394157125,0.0100806512,0.00401362448,0.0285969587,0.00374855518,0.00372873511,0.00636205439,0.0435765035,0.0026521467,0.0698526261,0.00688145001,0.005232717,0.0212217696,0.00254065023,0.00586353576,0.00344234019,0.0495025351,0.0137314203,0.00828655951,0.00439765963,0.0034384637,0.00515587254,0.0191960793,0.00771470007,0.00727705455,0.00466445873,0.0271487152,0.0429445247,0.00402212423,0.00551605964,0.058209417,0.0136107533,0.0114182725,0.0058394165,0.0111457302,0.0202684812,0.0293856689,0.00432223759,0.0352118214,0.00416124508,0.0441349938,0.00233535746,0.0230319535,0.0122083466,0.123399934,0.00400930731,0.00690006543,0.0176311038,0.01335877,0.0111847595,0.0041623329,0.00687647877,0.00604944977,0.00937417431,0.00448095552,0.00368517939,0.00637267648,0.00336177467,0.0387577047,0.0026117871,0.00221827904,0.00980911448,0.0211247584,0.00629434665,0.0100581558,0.0118175386,0.00938140805,0.0200769853,0.00238948772,0.00254978053,0.00689208142,0.00639204398,0.00649999805,0.0294191107,0.0221435406,0.00475126149,0.00388531768,0.0142649215,0.0689747833,0.0637787146,0.00737885107,0.00170856744,0.00447649675,0.0172848835,0.00592943731,0.00507478404,0.0154009275,0.00321364944,0.00317359644,0.104003706,0.0155516991,0.0276788148,0.0110608379,0.00896387677,0.0100696123,0.008383064,0.00872092545
0.00402794697,0.00599769627,0.00592416955,0.00399530284,0.011034493,0.00344563457,0.0325389237,0.00326312914,0.00333969481,0.00539892221,0.0454545718,0.00333333177,0.0677823423,0.00732483797,0.00641561846,0.0203385545,0.00259740022,0.00570342281,0.00401707041,0.0444610326,0.0139479292,0.00902378918,0.00639107999,0.00307125145,0.00539612561,0.0195897837,0.0114148352,0.00780180493,0.00417310693,0.0228466781,0.0431419317,0.00389813208,0.00515084429,0.0596059347,0.0159885024,0.0128363732,0.00609136959,0.010836685,0.0211210317,0.0285625935,0.00414705041,0.0365350125,0.00482186184,0.0447389033,0.00169614852,0.0255013569,0.00995733349,0.126855339,0.00415215141,0.00664363055,0.0181502977,0.0134675672,0.0111497239,0.0034537737,0.00707482073,0.00658248351,0.008995695,0.00412052363,0.00272851206,0.0071146252,0.00293255543,0.0400777889,0.00289451127,0.00229884954,0.00795361523,0.0190739508,0.00685741154,0.0101376661,0.0142450555,0.0112189194,0.020721725,0.00219887832,0.0029835906,0.00739547099,0.00671549897,0.0062095683,0.0279487363,0.0230839756,0.00542083441,0.00374896122,0.0150285526,0.0721774349,0.0665209341,0.00651392805,0.00198560768,0.00417404211,0.0185914303,0.0062166978,0.00473011139,0.0160220996,0.00353155417,0.00359477214,0.104047114,0.0162155404,0.0263539379,0.0118343202,0.0105748331,0.0106383029,0.00887659803,0.00904524233
0.0038593872,0.00652173934,0.00604394901,0.00437637225,0.0111425495,0.00308724515,0.0306897543,0.00305437238,0.00293183798,0.00552825213,0.0486492755,0.00465046516,0.0671980223,0.007073953,0.00847697445,0.0188825656,0.00216626379,0.00538548708,0.00428460392,0.0427600628,0.013881192,0.00873977264,0.00695035835,0.0032333163,0.00435430966,0.0191160562,0.0156054638,0.00740740259,0.00364154306,0.0211669231,0.0473601915,0.0038811589,0.00524213482,0.0593857597,0.0175463206,0.0128122893,0.00760811216,0.00974279663,0.0224023973,0.0292907326,0.00359045506,0.0385234632,0.00412200969,0.0409395854,0.000753200763,0.0263541521,0.0101553099,0.121465537,0.00399668952,0.00659927013,0.0171512622,0.0137392415,0.0107978443,0.00413793132,0.00649351164,0.00747094468,0.0080757491,0.00447133243,0.00277315855,0.00702892799,0.00328227721,0.0398373467,0.00309255797,0.00257671752,0.00799338415,0.0170047686,0.00602554843,0.0104060914,0.0131736774,0.012138198,0.0246152315,0.00200501472,0.00251445935,0.00965874084,0.00673317255,0.00537055886,0.0254897198,0.0237499976,0.00553290421,0.00445018556,0.0145736528,0.0745323744,0.0659226625,0.00532900601,0.00206664922,0.00407465676,0.0192789485,0.006319586,0.00581734099,0.0161840121,0.00395993187,0.00436241216,0.104455532,0.0161807928,0.0267033293,0.0105904069,0.010758612,0.0110887017,0.00960118388,0.00867451995
0.0039316233,0.00680615642,0.00619893512,0.0049603203,0.0115740724,0.00251256643,0.0313280014,0.00352451025,0.00236848538,0.00640819917,0.0469782488,0.00545001923,0.0727523095,0.00847182152,0.0105323076,0.0181402809,0.00165700177,0.00696257866,0.00523697184,0.0466701707,0.0147016062,0.00720252548,0.00599239744,0.00367646516,0.00470139986,0.0177741404,0.0153672314,0.00804769738,0.00359242316,0.0176668082,0.0507638295,0.00484093467,0.00576152505,0.0574054815,0.0185347351,0.0136167397,0.0078190414,0.00922460723,0.0260228151,0.0335286846,0.00364963432,0.0413812324,0.00431654866,0.0415524323,0.00128106489,0.0253689943,0.0104712072,0.125749483,0.00365991495,0.00523408083,0.0160481363,0.0121951289,0.0098883501,0.00495049197,0.00726111799,0.00911162133,0.00576368308,0.00482574843,0.00282485886,0.00664819,0.00250487058,0.0360898201,0.00270148682,0.00241720983,0.00648617299,0.0160791907,0.0066469739,0.0098140451,0.0153022919,0.0121677801,0.0267179161,0.00174868967,0.00300752019,0.00946673593,0.00642673174,0.0049491352,0.0250901483,0.0223596863,0.0066006604,0.00411764516,0.0152300807,0.0746771209,0.0689609825,0.00379507122,0.00215517576,0.00365853788,0.0198857944,0.00552825442,0.00694234081,0.0190586507,0.00475059441,0.00376841347,0.113754768,0.0142779494,0.0268816882,0.00955327977,0.0108665027,0.0128671719,0.0089589123,0.00898958269
0.00314218619,0.00590803844,0.00522951623,0.00596008928,0.0124517735,0.00230348787,0.0333851353,0.00296247511,0.00284685943,0.00649350097,0.0443509191,0.00785004826,0.0769385852,0.010265896,0.0125427475,0.0162004993,0.00170068166,0.00803810926,0.00550602807,0.0492088953,0.0168776385,0.00828156952,0.00560802991,0.00393589749,0.00402702114,0.0144725804,0.0193696981,0.00704010179,0.00438448346,0.0162507184,0.0538535975,0.00494769826,0.00581689642,0.0568424849,0.0184629398,0.0157534288,0.00747770439,0.0107512229,0.0266913654,0.0328576353,0.0042117926,0.0412805425,0.00451534981,0.0394143558,0.000790097682,0.0283027767,0.0107526964,0.12541593,0.00434153727,0.00480048192,0.0166090013,0.0118318515,0.00927459883,0.00494473675,0.00743605351,0.0107665799,0.00527395351,0.00602409602,0.00286614905,0.00747715308,0.00315186428,0.0356180787,0.00208140318,0.0022376958,0.0063091514,0.0162357763,0.00586884964,0.0108609271,0.0158750558,0.0119840286,0.0258209358,0.00253421521,0.00346776228,0.00994624737,0.00898995776,0.00503074012,0.0269845422,0.0238791395,0.00675883973,0.00454820796,0.0150150199,0.079519092,0.0665951314,0.0038806738,0.00138927449,0.00277085042,0.0203205483,0.00532248011,0.00854970827,0.0211225715,0.00598514927,0.00524475172,0.114855006,0.0168571526,0.0291823362,0.0101704146,0.0110346685,0.01236045,0.00927406977,0.008301881
0.00323014627,0.00688924213,0.00562463322,0.00524659005,0.0119856964,0.00327869038,0.0346801984,0.00236167441,0.00334448408,0.00677506306,0.0416461383,0.00889035117,0.0761462745,0.010041543,0.0161148521,0.0155072444,0.00204978241,0.0105010537,0.00659281634,0.0567559931,0.0184324701,0.00699939036,0.00536831973,0.00378016787,0.00403009826,0.0146149536,0.0181878967,0.00721454928,0.0045454504,0.0118976725,0.0523778146,0.00702575838,0.00705882518,0.053033115,0.0179768305,0.0165086047,0.00845155256,0.00998905432,0.0314555065,0.0315360928,0.00450788871,0.0464914531,0.00344179587,0.0440624269,0.00107642781,0.030136326,0.00926538527,0.130140787,0.00301932302,0.00345152448,0.0144487989,0.0130385501,0.00967852999,0.00620835793,0.00611434066,0.0113972682,0.00694864198,0.00640310884,0.00261780298,0.00884702174,0.00387020062,0.0337881113,0.00208671237,0.00361477315,0.00704640221,0.0150523283,0.00593089485,0.0096493556,0.0161932293,0.0126006246,0.026467962,0.0030777175,0.00314547511,0.0101508818,0.00831099396,0.00406385965,0.0278826515,0.0224681493,0.00748129191,0.00382287571,0.0172827299,0.086473919,0.062797969,0.00498379853,0.00199316557,0.00230614236,0.0215053702,0.00605867938,0.00783545192,0.0231117348,0.00536062262,0.00623219304,0.118362021,0.0163793002,0.0289800019,0.0107388395,0.011310213,0.0128831016,0.00959311937,0.00865801632
0.00384298721,0.00691754147,0.00635785767,0.00534473761,0.0118916827,0.0047575228,0.0374117056,0.00285510368,0.00312175005,0.0066202073,0.0417310632,0.0102513274,0.0764101264,0.0113798068,0.0165338068,0.0150398049,0.00210336732,0.0135464175,0.00689288831,0.06193821,0.0197784719,0.00750938494,0.00544464281,0.00417536457,0.00432548943,0.0170927934,0.0186915331,0.00674157072,0.00506878814,0.0105343477,0.0554618826,0.00772727522,0.00808624964,0.052611925,0.0169597919,0.0187776246,0.00840598532,0.00931590557,0.03563185,0.0340112592,0.00423185248,0.0492662722,0.00288738983,0.0452590374,0.00138542481,0.0320719823,0.0111373624,0.132243229,0.00313971643,0.00422764105,0.0136314084,0.0116116467,0.0107488375,0.00597109368,0.0057288377,0.0115326195,0.00723497911,0.00576652406,0.00265329824,0.0079178967,0.00408472031,0.0365609317,0.00162488311,0.00500790806,0.00752332623,0.0151771068,0.00541271811,0.00941274825,0.0161821091,0.0101099716,0.0244974621,0.00392875303,0.00398300758,0.0128923686,0.00901639303,0.00498387438,0.0272487694,0.0201654619,0.0061628294,0.00392413389,0.0154836472,0.0915451717,0.0627114116,0.00454775347,0.00175953024,0.00207407201,0.022170549,0.00424282115,0.00751366316,0.0255663946,0.00515722454,0.00637420513,0.121797344,0.0175490794,0.031015783,0.00986454748,0.0104352975,0.0119477701,0.0112897662,0.00657894539
0.0044918571,0.00720253327,0.00743263614,0.00416318951,0.0120091567,0.00552825099,0.0405583266,0.00410447472,0.00293333831,0.00638751157,0.039811394,0.0103635824,0.0717717118,0.0129485882,0.0193704576,0.0120554624,0.00187032586,0.0162187201,0.00744877692,0.0661383228,0.0223537016,0.00680811491,0.00580862056,0.00425661928,0.00437278003,0.014373717,0.0212120832,0.00630601205,0.00490380889,0.00940438122,0.0524861693,0.00732999971,0.00774121497,0.0501169999,0.0165763523,0.0210405513,0.00922978724,0.0079675695,0.0412911015,0.0383100981,0.00343189205,0.0526852624,0.00366300016,0.0434611317,0.00198412808,0.0367894441,0.0114804684,0.131866204,0.00260331987,0.00506928339,0.0144658852,0.011114198,0.0109449119,0.0077494347,0.00500500686,0.0132869419,0.00868725374,0.00639568446,0.00238877576,0.00634057637,0.0041718142,0.0386489937,0.00207852335,0.0040617407,0.00747896763,0.0150244285,0.004846307,0.00863288945,0.0149441488,0.010740745,0.0221761504,0.00669344376,0.00454666843,0.0116975678,0.00927226865,0.00455788439,0.0296623599,0.0222342332,0.00714042511,0.00381426148,0.0154529831,0.0933172301,0.058772459,0.00364204285,0.00240167986,0.0015465508,0.0248467353,0.0043580306,0.00803352669,0.0284769835,0.00546795064,0.00688599664,0.124103655,0.0173545956,0.0300653775,0.00925364135,0.00883337565,0.0112230184,0.0124653688,0.00705687169
0.00486548172,0.0097116006,0.00673769951,0.00363128685,0.0108861743,0.00602028157,0.0430286601,0.0043239052,0.00423960187,0.00608446884,0.0366309812,0.0100458226,0.0708740972,0.0117113709,0.0209682419,0.0116136876,0.0025649278,0.0202875348,0.00814931865,0.068114191,0.0214693113,0.00615640849,0.00520992562,0.00400739586,0.00356067462,0.014507932,0.0236535787,0.00552486671,0.00469667181,0.0113305383,0.0524930227,0.00873292783,0.0069264157,0.0503479498,0.017498378,0.0197751057,0.010406501,0.00871927323,0.0457756858,0.0416666422,0.00380952475,0.0567643778,0.00371496045,0.0427388313,0.00231816822,0.0393393463,0.0112123329,0.128866024,0.00271831685,0.00529100848,0.0130499558,0.0111802933,0.00934928899,0.0111369683,0.00487125662,0.0105055805,0.00826719826,0.00741494457,0.00245398396,0.00581929206,0.00490350898,0.0388193085,0.0023512792,0.00394366071,0.00826708793,0.0138889041,0.00471563196,0.00850690453,0.0144967801,0.012237086,0.0198296026,0.00731158447,0.00435729596,0.011574075,0.00968109309,0.00499687421,0.0282691251,0.0208409444,0.00801673326,0.00321054422,0.0160187115,0.0955335691,0.0550947923,0.00343642202,0.00246532851,0.00128617259,0.0270721953,0.00343171137,0.0066347269,0.03035718,0.00562827163,0.00683005439,0.130150842,0.017439941,0.0302909524,0.00941029004,0.00681536627,0.0099299134,0.0107028135,0.0055770024
0.00651465248,0.00996677288,0.00583896588,0.00516499323,0.012148097,0.00616282738,0.0454234749,0.00454357744,0.00424208443,0.00472726936,0.0365553342,0.0110667643,0.0717475594,0.0112179454,0.0205845458,0.0121483298,0.00292588138,0.0260260391,0.00938840303,0.0685937534,0.0217770099,0.00632694277,0.0037037047,0.00380228145,0.00327690047,0.0158730085,0.0239171512,0.00461484025,0.00452116545,0.0114716517,0.0539358297,0.0102367235,0.007250671,0.0500214121,0.0176375514,0.0213968393,0.00979069286,0.00854081842,0.04915101,0.0412239042,0.00368585059,0.057811487,0.00453751855,0.0457307566,0.00263466121,0.0437596705,0.0119132395,0.124540075,0.00247000226,0.00508905201,0.0123171556,0.00930165859,0.0106423411,0.012060303,0.00472899586,0.0109364318,0.00851208603,0.00727219491,0.00307408947,0.00529429923,0.00442332727,0.0447542199,0.00264932983,0.0038011717,0.00828088902,0.0168128711,0.00506556261,0.00833829383,0.0112004515,0.0138723838,0.0192436691,0.0082904482,0.00387919059,0.0110579767,0.0100922681,0.00481386903,0.0311480553,0.0170907761,0.00824077324,0.00313698432,0.0165501955,0.0949227365,0.0550136422,0.0043383965,0.00347661426,0.00196850349,0.0273079893,0.00357525808,0.00727412621,0.0302160465,0.00596659295,0.00859538143,0.12931409,0.0191584109,0.0297042887,0.00905269637,0.0053475948,0.0098448683,0.0104477592,0.00520607203
0.00675879403,0.0117647159,0.00674827603,0.00588408574,0.0139598889,0.00692611971,0.0515536802,0.00602928877,0.00435792774,0.00470162163,0.0365347069,0.00953628022,0.0758803348,0.0128700061,0.0196330811,0.00974342939,0.00334784117,0.0315862774,0.0114379162,0.0671738369,0.0219605983,0.00574312264,0.00304228903,0.00323624945,0.00336888683,0.016605726,0.0254559359,0.0036088084,0.0056155493,0.011130137,0.0547764145,0.010689997,0.00594693954,0.0535015333,0.0148353628,0.0196361613,0.00843954854,0.00924838269,0.0557237985,0.0395926991,0.00354924057,0.0592742985,0.00526131622,0.0433608758,0.00269622576,0.0519297753,0.011541186,0.119750142,0.00183486079,0.00523755318,0.0116595383,0.00973272101,0.0113859454,0.0129937997,0.00531309881,0.0105432414,0.00976290234,0.00909365447,0.0034799145,0.00383386643,0.00600400145,0.0490706468,0.00216293743,0.00392867999,0.00830289167,0.0199275463,0.00485289527,0.00783132677,0.00912301972,0.0139745223,0.0172413311,0.00874332972,0.0034052149,0.0118571003,0.0100058933,0.00525624121,0.0350435689,0.0175165547,0.00922169513,0.00272628002,0.0174680219,0.0933851967,0.0550900837,0.00393148134,0.00417737785,0.00202771189,0.0284091327,0.00405903978,0.00711181524,0.0292553388,0.00679532716,0.00963644154,0.125811667,0.0195353689,0.0273540946,0.00966429431,0.00519480088,0.00858433439,0.00967492556,0.00491949739
0.00636249495,0.0125039637,0.0066255758,0.00696969521,0.0144440022,0.00687520995,0.0561818966,0.00717488171,0.00363416213,0.00444938978,0.0357446589,0.00732674209,0.082147427,0.0106904179,0.0217250178,0.00858368524,0.00378266971,0.0332512,0.0102777765,0.069184458,0.0193881049,0.00412630095,0.00396583083,0.00361841908,0.00339078766,0.0222703397,0.0288611756,0.00317994552,0.00498188684,0.0115424893,0.0574273138,0.0110146876,0.00403350831,0.059007585,0.0148799362,0.0193684288,0.00885724859,0.0106092754,0.0585544169,0.040530162,0.00273556078,0.0612212547,0.00521195693,0.0422077592,0.00307502871,0.0546799609,0.0104655319,0.114659706,0.00154738866,0.0049542684,0.0100870337,0.0112545043,0.00985915576,0.014062539,0.00511408487,0.0108654948,0.0097448602,0.0100093782,0.00450450203,0.00383754184,0.00644723285,0.0502076433,0.00198511155,0.00279329437,0.0100033341,0.0236675219,0.00439009135,0.00713860479,0.00638687456,0.0134858993,0.0175197674,0.00958321252,0.00363636149,0.0114394663,0.00926203891,0.0068189588,0.0340018629,0.0155378639,0.0114242236,0.00242718365,0.0185323795,0.0936767587,0.0547580339,0.00432276299,0.00517631928,0.00304156873,0.0324173347,0.004487665,0.0103734481,0.0300807406,0.00856353521,0.0131938143,0.124401178,0.0185585613,0.0312738906,0.0118249158,0.0050847462,0.00917289,0.0115033684,0.00592795181
0.00607222499,0.012483984,0.00738916161,0.00711854231,0.0161418439,0.00529474421,0.0569060555,0.00596877772,0.00404984157,0.0045644759,0.0364342617,0.00734060262,0.0853819178,0.0133763772,0.0216039309,0.00695364216,0.00383542548,0.0377665358,0.0100719497,0.0667589276,0.0179587604,0.00393258618,0.00335161363,0.00396825492,0.00403224833,0.0271773916,0.0329649129,0.0032869325,0.00600185114,0.01059555,0.0576311893,0.0123753834,0.00447713604,0.0563444516,0.0154406756,0.0190641392,0.00827041331,0.0140113301,0.0567726977,0.0420301001,0.00285352122,0.0630615739,0.00705715848,0.0433742296,0.00373831441,0.0564278226,0.0095168423,0.113228002,0.00194250081,0.00542005594,0.0100631421,0.0112066326,0.00966679484,0.016876153,0.00533661777,0.0105510038,0.0099818493,0.0112545425,0.00492126275,0.00353016589,0.0054607458,0.0539082941,0.0022894909,0.00250626442,0.0104094321,0.0280391147,0.00420032477,0.00574886603,0.00529500819,0.0103906908,0.0170434846,0.00978818802,0.00431034182,0.0131964518,0.00953552967,0.00688803139,0.0371633953,0.0122950837,0.012350453,0.0020792747,0.0197708964,0.0880013346,0.0581808261,0.00384957143,0.00554830391,0.00371496161,0.0368578004,0.00379650176,0.0129477852,0.0280919641,0.00893355913,0.0156393647,0.119929441,0.0179573476,0.0315926225,0.0157393908,0.00523195109,0.00798977609,0.0161877292,0.00697349861
0.00617083141,0.0126746819,0.00843486312,0.00656044551,0.0188794125,0.00469822784,0.0570582085,0.00761179072,0.00412044283,0.00393236375,0.0361183174,0.00783348525,0.0839391433,0.0122931507,0.0200988528,0.0066911996,0.00323624743,0.0379939558,0.0106131976,0.0655766381,0.0155802241,0.00510605059,0.00397797134,0.0024021977,0.00290697895,0.0332145159,0.0389618989,0.00509603865,0.00578591676,0.011663471,0.0628262043,0.0108543326,0.003584234,0.0592438609,0.015124563,0.0169606148,0.00839108805,0.0142354439,0.055988851,0.0411367098,0.00390370923,0.0641737506,0.00756756094,0.048370002,0.0040485866,0.0546763508,0.00837138705,0.104227884,0.00240481219,0.00479042209,0.00733544562,0.0109170336,0.015151527,0.0188012165,0.00608477185,0.00886738966,0.00972325962,0.0116638037,0.00564034859,0.00309849988,0.00556521977,0.052487214,0.00315208292,0.00288924561,0.00954063676,0.031142511,0.00427772633,0.00635786156,0.00457735231,0.00946172892,0.0168361748,0.00901935339,0.0044130596,0.0120886444,0.00911663966,0.00716648948,0.0386035689,0.0118997029,0.0142067889,0.00177814465,0.0178959053,0.0800552325,0.0611409772,0.0036308627,0.00627476791,0.0036483677,0.0378816889,0.00416350786,0.0168539425,0.0245327134,0.00889629452,0.0162337849,0.118043079,0.0169426299,0.0307287041,0.0139045458,0.00482374804,0.00771811813,0.0207382796,0.0111976632
0.00535475616,0.0125994725,0.00875202414,0.007563824,0.0198201623,0.00512445354,0.0572720025,0.00724988288,0.00397746193,0.00320641642,0.0378362404,0.0068203243,0.0842017499,0.01158691,0.0218037861,0.00659951841,0.00295312127,0.0401403204,0.0126620344,0.0703068148,0.0141729419,0.00407165941,0.00377240048,0.00277104232,0.0028653291,0.0351601442,0.0401347319,0.00700560365,0.00593471929,0.0117279132,0.0660765892,0.0105839492,0.0033840959,0.0660112258,0.0139094994,0.0150184783,0.00725467228,0.0157404522,0.0586361179,0.0463414501,0.00434782278,0.0619304426,0.00831826628,0.0527675148,0.00408291025,0.0561930841,0.00684410443,0.105838107,0.00245599801,0.00414078324,0.00668015526,0.0104662188,0.0152705069,0.020105176,0.00766937085,0.008271285,0.0114810578,0.0146167626,0.00596420948,0.00232867694,0.00480427363,0.0522088247,0.0027510296,0.00266222997,0.00823781981,0.0363530408,0.00413936139,0.00825183088,0.00402726421,0.0123637792,0.0173758724,0.00944693899,0.00450180027,0.0124524358,0.00905855964,0.00834915518,0.0368217433,0.0104438647,0.0151817841,0.00225510964,0.0176928098,0.0775892938,0.065961496,0.0034471916,0.0064450497,0.00313589122,0.0353845895,0.00339494448,0.0206018549,0.0224878573,0.00711237404,0.0189995222,0.117481251,0.0189723292,0.0278024453,0.0145038159,0.00503485757,0.00789835932,0.0228055184,0.0125502443
0.00453120115,0.0117080032,0.0101873126,0.00675893981,0.0218477027,0.00455062203,0.054845045,0.00979912494,0.00375554637,0.00363489504,0.0352429859,0.00692383834,0.0905075271,0.0120355832,0.01989968,0.00742837977,0.00378357839,0.0414971716,0.0151144982,0.0698625067,0.0135574957,0.00253592546,0.0031735995,0.00140203138,0.00317827322,0.0368367628,0.0404791487,0.00887329615,0.00766478172,0.0128514082,0.0696464886,0.0108289779,0.00345303551,0.0746234296,0.0137787775,0.0177053372,0.00643275191,0.0161025379,0.054054017,0.050743109,0.00452016453,0.0665361147,0.00813911129,0.0595238166,0.00477251416,0.0577191143,0.00593119726,0.106528439,0.00325865699,0.00387596943,0.00654129959,0.0129282406,0.0150359057,0.0192604386,0.00830782922,0.00912175783,0.00938967044,0.0168128536,0.00635663987,0.00202771163,0.00522899308,0.0494150289,0.00347523749,0.00372628222,0.0079681294,0.0390502356,0.00496277735,0.00855223389,0.00489113555,0.011709118,0.020730829,0.010156801,0.00458575259,0.0116484284,0.00952380337,0.010023587,0.0364501258,0.0100626134,0.0180032702,0.00284713151,0.0192240333,0.0767390949,0.0755894026,0.00326264257,0.00747282304,0.00417536178,0.0394477561,0.00342465724,0.0228245417,0.0228960468,0.00729500355,0.01974649,0.120754737,0.0168606959,0.0247026908,0.0156603701,0.00635245422,0.00880591248,0.0238095736,0.0141657827
0.00282386375,0.0108232768,0.0117506779,0.00683371449,0.0224196421,0.00514678126,0.0512920145,0.0106221461,0.00312391712,0.00417710447,0.0351175649,0.00762969885,0.0992894122,0.0146818474,0.0207618473,0.0103976618,0.00321027343,0.0399505776,0.01484375,0.0693597656,0.0122620869,0.00313198928,0.00262984819,0.00175994436,0.00324005992,0.0376875266,0.0440118664,0.0092592531,0.00787402198,0.0147965389,0.0780111442,0.0112528078,0.0028612331,0.074818404,0.0140077808,0.0164015996,0.0064751048,0.0166611043,0.0534875639,0.0532786379,0.0046461734,0.0718954219,0.00781539949,0.0646755574,0.00635929727,0.0554164731,0.0060483869,0.1109959,0.00329489256,0.00443459083,0.00495662116,0.0112545502,0.0150547461,0.0187426657,0.00883391727,0.010081505,0.0130502563,0.0176825223,0.0053817771,0.00238907875,0.0052233442,0.0470033152,0.00417287966,0.00448276288,0.00769513051,0.0390840664,0.00474799038,0.00928505762,0.00427891815,0.0143034318,0.0216927682,0.0118534499,0.00528278078,0.0119856994,0.010884354,0.00991902957,0.0364439436,0.01074499,0.0180798016,0.00364963043,0.0187649069,0.0751032711,0.0795811161,0.00360537677,0.00764950995,0.00487294683,0.0393168627,0.00342726488,0.0226387427,0.0201999445,0.00825958969,0.0209876428,0.120450159,0.0157100897,0.0254002495,0.0145761366,0.00722788899,0.00852272333,0.0268456816,0.0147944854
0.00176991227,0.00925582442,0.0114663028,0.00630182428,0.0239130836,0.00507613817,0.0484313397,0.00867790904,0.00321084834,0.00434972315,0.0346519201,0.00794912053,0.100821436,0.0186440665,0.0211939141,0.0148643564,0.00372516488,0.0347969718,0.0166931713,0.0669984864,0.0131921242,0.0023674252,0.00338409426,0.00320056956,0.00378677399,0.0374396437,0.0470435738,0.0097087384,0.00974554868,0.0126796201,0.0792432946,0.0115696151,0.00329912281,0.079659283,0.0136163319,0.0152361523,0.00541891914,0.0170797354,0.0528132635,0.0600263996,0.00544069396,0.0745412817,0.0070312467,0.0746938507,0.00628221605,0.055945287,0.0049792562,0.112685056,0.0054166678,0.00593878983,0.00547597628,0.0115724989,0.013733711,0.0193081057,0.0102770383,0.00992500858,0.0146771115,0.0189274459,0.005383583,0.00244413303,0.00452079514,0.0426243422,0.00593563888,0.00460992935,0.00983359364,0.0406503877,0.00569044223,0.0112605536,0.00498232169,0.0161093399,0.0229048336,0.0129198969,0.00636131358,0.0136884736,0.0101899775,0.00914380874,0.0357852921,0.0106382991,0.0181895222,0.0051643161,0.0182968518,0.0783364988,0.0798512473,0.00264287873,0.00679542511,0.00455980099,0.0380024043,0.00372439257,0.023797477,0.0219522091,0.00804530159,0.0217282944,0.129103585,0.0129073325,0.0235610687,0.0154858589,0.00818925623,0.00650994187,0.0321266992,0.016958766
0.00142298092,0.00946312272,0.0110163499,0.00625434149,0.0231564354,0.00395256642,0.0467654077,0.00739565882,0.00331491431,0.00399467677,0.0366352159,0.0093612398,0.105120244,0.0183381216,0.0208939521,0.0173465546,0.00527472072,0.0328648219,0.0183203415,0.066045073,0.0125570721,0.00199501245,0.0031601141,0.00437795898,0.00419287553,0.0386235776,0.0522486002,0.0113247887,0.0101010063,0.0133104445,0.0866696347,0.0127956607,0.00339366434,0.082611007,0.0162866407,0.0129065453,0.00511508425,0.0187045596,0.0486505851,0.0625282347,0.00601278606,0.0761828545,0.00767366768,0.0780851191,0.00668405774,0.054794491,0.00567190312,0.125772151,0.00633446442,0.00567644355,0.00434593018,0.0105448088,0.0186320671,0.0181818343,0.00953245541,0.0110211427,0.0148104114,0.0192077012,0.00464499467,0.0021231417,0.00348112544,0.0370369921,0.00569620484,0.00433369138,0.0103527634,0.0381267904,0.00538462051,0.0114322046,0.00482936552,0.0175615745,0.0279001754,0.0113250235,0.0068248289,0.0134215508,0.0106942559,0.00595491481,0.035829282,0.011025636,0.0172995763,0.00527578061,0.0192632864,0.074337645,0.0798022354,0.0023997269,0.00639386287,0.00426590941,0.0376602488,0.00374672149,0.0221261508,0.0246832432,0.00731038148,0.0191919567,0.125831211,0.014877092,0.0228064916,0.0150331855,0.00704225377,0.00668399133,0.0342496823,0.0198947047
0.000727536951,0.0101431909,0.0119825684,0.00624999651,0.0233454033,0.00492004543,0.0462,0.00627286157,0.00382701852,0.00490852092,0.0400837159,0.00954519326,0.11448885,0.0203106286,0.0194877232,0.0193813815,0.00704887218,0.030193857,0.0193062373,0.0656920593,0.0128155297,0.00362506053,0.00145932,0.00563274709,0.00459136506,0.0356838425,0.0543028307,0.00919588879,0.00900393054,0.014057098,0.0948223044,0.00918897197,0.00382409045,0.0906952913,0.0196801917,0.00942408188,0.00565217419,0.0234923,0.0510909325,0.0656899453,0.00579598521,0.0703763987,0.00655114042,0.0834053262,0.00664010285,0.0550847436,0.00581135588,0.133131944,0.00697168244,0.00692384083,0.00465838801,0.00971572789,0.0192677741,0.0159438795,0.00968522214,0.013670067,0.0163504244,0.0213210515,0.00471063864,0.00247875624,0.00266971723,0.0329146891,0.00678075292,0.00481125179,0.0103527606,0.0402906402,0.00559328874,0.0116498659,0.00525969651,0.0158506711,0.0308386583,0.0114329295,0.00694215421,0.0143513193,0.0110872718,0.00656742689,0.0352055005,0.0103260939,0.0150732191,0.00737826279,0.0198979959,0.079520662,0.0835704047,0.00208986592,0.00637182127,0.00426136744,0.0399347507,0.00372023784,0.0218535982,0.0273099367,0.00684718108,0.0197697998,0.122113909,0.0172790977,0.0221281644,0.0141732345,0.00913899907,0.00748782976,0.0407219348,0.020195862
0.00183486134,0.0130651235,0.0109869558,0.00762775805,0.0261090645,0.00552720994,0.0442804804,0.00628931475,0.00312377592,0.00497288091,0.036202925,0.0103866244,0.125453806,0.0182038448,0.0201471861,0.0225563535,0.00734574222,0.0276230035,0.0204115554,0.0647524207,0.0135658958,0.00370370652,0.0022796349,0.00687810624,0.00528771395,0.0356603742,0.0524977282,0.00884382662,0.00751880402,0.0146425409,0.0957863916,0.00898326117,0.00427682852,0.0922197909,0.0225188026,0.0083472405,0.00674460167,0.030113849,0.050529887,0.0666337746,0.00441766591,0.0705857549,0.00715214256,0.080830356,0.00703753441,0.0538,0.00605495607,0.137735639,0.00801067813,0.00721277118,0.00665748004,0.0109186689,0.0202569609,0.0140570934,0.00869781085,0.0131332095,0.0152326065,0.0216929177,0.00443232553,0.00323508353,0.00154559606,0.0317389772,0.00865224228,0.00492985013,0.0119607741,0.0433884299,0.00721561214,0.0122462117,0.00664010222,0.0151209812,0.0311179126,0.0123695277,0.00781780992,0.0144097937,0.0137393256,0.00678425618,0.0351562343,0.01183765,0.0141181607,0.00893299877,0.0199376372,0.0874420767,0.0877256436,0.00143266346,0.00547730637,0.00383944008,0.0371826287,0.0048853834,0.0177993486,0.0297121308,0.00769230787,0.0199103992,0.113787678,0.0204626343,0.0218978035,0.0141899913,0.0125754507,0.00609290676,0.0445205416,0.020408214
0.00223131116,0.0150807121,0.0110729342,0.0108739344,0.0255735906,0.00620842185,0.0475292874,0.00637956964,0.00317083121,0.00562809378,0.0343154409,0.009506839,0.130784783,0.0217121051,0.0200077975,0.0264539997,0.00769626183,0.0238320019,0.0229513795,0.0659383293,0.0122230715,0.00480512851,0.00318344806,0.0072964653,0.00700636961,0.0314513424,0.0500931307,0.0077352837,0.00592415961,0.0129087929,0.0956448434,0.00905563288,0.00480960881,0.0981174282,0.0274633287,0.00910125036,0.00594693682,0.0363232296,0.0530421566,0.071320165,0.0049443734,0.0752041359,0.00858652571,0.0789825986,0.00709939427,0.0466965848,0.00573339338,0.149092951,0.00951086774,0.00860214423,0.0060889912,0.0107941566,0.0192107568,0.01281474,0.00692664188,0.0119617074,0.016297511,0.0197282037,0.00549450162,0.00363240131,0.00200802958,0.0310344463,0.0097870923,0.00582071888,0.0121320639,0.048181376,0.00899742446,0.0131839127,0.0067865592,0.0147594139,0.0303029936,0.0123505896,0.00717458275,0.0168067474,0.0148288989,0.00659444926,0.0394078008,0.0134110669,0.0136304616,0.0112416998,0.0201354729,0.0863908387,0.0898730208,0.00145243256,0.00525252619,0.00419433464,0.0378852748,0.00499231993,0.0193072059,0.0290475759,0.00871810958,0.0176903984,0.110240441,0.0213694861,0.0229124789,0.0134255474,0.0153115389,0.006607072,0.0520340844,0.0219710994
0.00188822135,0.0228040374,0.0116992653,0.0130912058,0.0247893221,0.00608614314,0.0549473137,0.00578642885,0.00294241273,0.00691563282,0.0332856637,0.00994575423,0.133184143,0.022741292,0.0215139413,0.0278235459,0.00932158504,0.0249032811,0.0250086173,0.0677144228,0.0123886949,0.0043196581,0.00500625776,0.00813323222,0.00808277053,0.0298704761,0.0530373941,0.00814401483,0.0062499968,0.0124113453,0.0948489666,0.00950226523,0.00575895197,0.0929824795,0.0308905263,0.0101311214,0.00668576189,0.0405456831,0.0576090466,0.0656512125,0.00511508546,0.0785652124,0.0115280206,0.0754136992,0.00584794224,0.0434326408,0.00545905102,0.149118156,0.0105504658,0.00893854499,0.00631681617,0.00875447053,0.021482252,0.0136321578,0.00576822878,0.0126767402,0.0167670044,0.0169491598,0.00518314336,0.00444443956,0.00203998486,0.0294118053,0.0103909922,0.00712589307,0.013690226,0.0522606328,0.00959441914,0.0127903027,0.00558464168,0.0145129215,0.0330360535,0.0138323894,0.00827173346,0.0164406215,0.0172277387,0.00714966195,0.038672856,0.0135218119,0.0147826112,0.0133196729,0.0214515135,0.0826516743,0.0958741895,0.0014738405,0.00449530155,0.00424778404,0.0386108296,0.00677290303,0.0178880609,0.030097036,0.00722970753,0.0171148826,0.107692394,0.0220487007,0.0248104593,0.0138075341,0.0211496853,0.0044444383,0.0547813818,0.024057272
0.00191791352,0.0232258389,0.0125047323,0.0155210596,0.0234138444,0.00628019619,0.05572548,0.00679917497,0.00434783073,0.00650557221,0.0318627769,0.0111044347,0.131290557,0.019365032,0.0220413123,0.0294118037,0.012175766,0.0236656559,0.0269204358,0.073038103,0.0108949402,0.00540833132,0.00620841927,0.00889747645,0.00690561686,0.0256618016,0.0554771015,0.00822154981,0.00564804051,0.0104941039,0.0922039141,0.00996677855,0.00636132361,0.0961881997,0.0336044625,0.00977397609,0.0068965447,0.0464134854,0.0590012227,0.0599016356,0.00526546568,0.0762331684,0.0134879345,0.0764762974,0.00514933303,0.0424488422,0.00458949961,0.155262128,0.0108337197,0.0110017417,0.00708503229,0.00859247021,0.0230136916,0.0109099357,0.00500000295,0.0137157194,0.0177069146,0.0178485329,0.0058721928,0.00447093115,0.00293994359,0.027387261,0.0106768051,0.00674871498,0.0151070149,0.056594248,0.00917431435,0.0129892019,0.00669721796,0.015463912,0.0349854283,0.0147058892,0.00840486018,0.0157284861,0.0150082184,0.00838678235,0.0396824964,0.0128205098,0.0136927757,0.0166233816,0.0224347414,0.075236413,0.104931002,0.0022338057,0.00412200842,0.00392296343,0.0392749177,0.00808407717,0.0213017969,0.0287664546,0.00786592882,0.0172839444,0.103733302,0.0200095273,0.026570881,0.0152326073,0.0249859747,0.00460444069,0.0592895073,0.0257086541
0.0027333054,0.0231845527,0.012595424,0.0166435542,0.0224119409,0.00495786091,0.059011927,0.00824743103,0.00441501176,0.00622010026,0.0334500013,0.0120047976,0.131205668,0.0164799078,0.0250616666,0.0278623903,0.0121546889,0.0227508017,0.028163995,0.0801720491,0.00909450534,0.00603400532,0.00653594739,0.00903733186,0.00732844382,0.0258833253,0.0520286359,0.00814053088,0.00751654889,0.01241685,0.0958483015,0.0110330973,0.00713648414,0.0976658061,0.0396686862,0.0106051124,0.00598802237,0.0512922562,0.0587505311,0.0547831573,0.00561535229,0.0839694822,0.015392267,0.0739808666,0.00347102346,0.044328541,0.00509424798,0.170981473,0.0100286442,0.0134818248,0.00671488538,0.00849978289,0.0234822586,0.00971103758,0.00460034598,0.0147286722,0.0152495616,0.0136452223,0.00532860096,0.00581395998,0.00263620429,0.0294117053,0.0112359481,0.00726391903,0.016093962,0.0586854955,0.0118317344,0.012645238,0.00655260158,0.0150296417,0.0373070436,0.014950912,0.00909091516,0.0154307784,0.0160051312,0.00657562516,0.0420025732,0.0147552003,0.0136540959,0.0158227885,0.0245627036,0.0713361712,0.103696174,0.0029772975,0.00381033335,0.00389242576,0.0416851012,0.00936864027,0.0174383478,0.0248857026,0.00793651323,0.0160896699,0.100321882,0.0168593515,0.0261993065,0.0187969705,0.0317695688,0.00524934581,0.0615871063,0.026063132
0.00352802723,0.0219948312,0.0126050556,0.0180929083,0.0242456612,0.00405679586,0.0677690052,0.0090955008,0.00500682735,0.00646123189,0.0292246623,0.014206308,0.122160256,0.0165672594,0.0269509357,0.0276292092,0.0123873896,0.0265439055,0.0302316936,0.0829736487,0.00623295688,0.00767964605,0.00737826364,0.00949742659,0.00634179218,0.0253164793,0.0483316737,0.00937765461,0.00702933588,0.0123348066,0.103621733,0.0105833741,0.00701591021,0.105408705,0.0345358561,0.0101845885,0.00675324713,0.0567546137,0.0584414893,0.0516944632,0.00589680388,0.0923667505,0.0117948642,0.0644994639,0.00426439147,0.0466985695,0.00466079028,0.175108965,0.0101645845,0.0137972339,0.00779220885,0.00910666916,0.0235119344,0.00944733308,0.00470311608,0.0139620235,0.0175855306,0.0111618317,0.00571225247,0.00665653167,0.00373134307,0.0275898426,0.0111489081,0.00733495745,0.0166817066,0.0566684326,0.0108059429,0.0103129375,0.00635752168,0.0134385786,0.0376038707,0.0213219788,0.00884630157,0.0163283298,0.0140939121,0.00883117398,0.0417384073,0.019417468,0.013614404,0.0184281928,0.0245807744,0.0671316239,0.106483534,0.00376080448,0.00480139756,0.0042780739,0.0409912339,0.0116764003,0.0193628903,0.0217729246,0.00767353192,0.0173381229,0.0970269214,0.0174563473,0.0282070715,0.0232211044,0.0310150633,0.00530035799,0.0591716077,0.0222841121
0.0039538961,0.0217390988,0.0117508786,0.0205926575,0.0256690449,0.00628601221,0.0713945926,0.00993540707,0.00457456631,0.00710299375,0.0292075388,0.0137758427,0.134331638,0.015395384,0.0260692734,0.024316804,0.0131729809,0.0279642048,0.033834618,0.0842336379,0.00630915963,0.00974026561,0.00785340094,0.0089144258,0.00604432389,0.0246569818,0.0483299994,0.00930232423,0.00748128409,0.0120697324,0.101348113,0.0143398322,0.0100526502,0.108883495,0.0320596872,0.00988793335,0.0064970333,0.0581442659,0.0599651108,0.0493715906,0.00659229113,0.0999086977,0.0109034244,0.06286938,0.00358808628,0.0477823102,0.0031152626,0.191275294,0.00978952737,0.0146520163,0.0104986813,0.00893255254,0.0260706915,0.00862068345,0.00649733389,0.0181674479,0.0175097494,0.0105041986,0.00649818828,0.00684410766,0.00526819497,0.0337552661,0.0104772969,0.00589970791,0.0153274555,0.0580474826,0.0119981472,0.00956233954,0.00623295738,0.0153880403,0.0378788292,0.0264972269,0.00908416212,0.0167269419,0.0113059469,0.0109034308,0.0411406194,0.0223342833,0.0123511289,0.0202185796,0.0269749602,0.0644522859,0.112423432,0.00376080385,0.005345212,0.00502692595,0.0422932388,0.0136383586,0.0166559892,0.0188476367,0.00756756235,0.0210924939,0.0945557714,0.0187110127,0.0290556883,0.0257798892,0.0309764208,0.00547944862,0.0603405541,0.0232722346
0.0040866327,0.0213093417,0.0120385252,0.0211528279,0.0226519639,0.00641711316,0.0667315705,0.0126705761,0.00473261056,0.00569359003,0.0248211629,0.0141206844,0.133920474,0.0136690616,0.0260692628,0.0250120241,0.0134267348,0.0317369331,0.0314176567,0.0889164646,0.00644383417,0.00974026305,0.00768385499,0.00845791282,0.00507441797,0.0271903808,0.0439330864,0.0100728725,0.00770219709,0.0124596163,0.0983565591,0.0154185497,0.0110950247,0.106481509,0.0371517391,0.0097020059,0.00797265836,0.0605998315,0.0684962612,0.0480827947,0.00664620989,0.108180138,0.0110993662,0.0586638333,0.00434940087,0.0485594994,0.00261369573,0.188446625,0.0121595206,0.0158831021,0.0125457285,0.00735631816,0.0235069616,0.00880195484,0.00709219338,0.0216462174,0.0142576199,0.00947995012,0.00629629111,0.00613027151,0.00436893266,0.0392208383,0.00962695197,0.00737847513,0.0157819146,0.0503211383,0.0128266106,0.00818757242,0.00611994911,0.014161733,0.0428105733,0.0289918013,0.00999368042,0.0209789913,0.0122009552,0.010554084,0.0378583923,0.0241509368,0.0105726831,0.0170142487,0.0248240796,0.0570591015,0.114687254,0.00605232614,0.00640439204,0.00462468659,0.0407173945,0.0166886266,0.0164907535,0.0174767614,0.00786222227,0.0211581589,0.0925277178,0.0151770679,0.0302527584,0.0253393945,0.032577854,0.00426338062,0.062970359,0.0224474815
0.00418935649,0.0217391887,0.0110294121,0.0250278198,0.0254003575,0.00603400239,0.0687750564,0.0145843374,0.004842621,0.00576822993,0.0258620596,0.0148005095,0.129553761,0.0142322045,0.0264873465,0.022889108,0.0127118676,0.032667881,0.036251947,0.0912698338,0.00692745787,0.0107353835,0.00801373776,0.00969744374,0.00476514991,0.0290208371,0.0425876362,0.0110533112,0.00899743665,0.012772001,0.0955770386,0.0169095941,0.013144845,0.107677967,0.0380194905,0.00846263345,0.00886524702,0.0625600432,0.0671881896,0.0483374827,0.0068783014,0.119947553,0.0107238593,0.0575872736,0.00474453169,0.0476412655,0.00214477211,0.198876095,0.0119700747,0.0155844214,0.0120064058,0.00523061779,0.023026342,0.0101991216,0.00834824791,0.0199255675,0.0142786841,0.00919220146,0.005315109,0.00689655281,0.00542673891,0.0468333883,0.008457513,0.00750220781,0.01689189,0.0480718659,0.0140232029,0.00722707917,0.00383468288,0.0143651445,0.0450492941,0.0342672822,0.00877867736,0.0209026271,0.00996112017,0.0104712017,0.0381278311,0.0320062813,0.0109816149,0.0164585572,0.0294352694,0.062157228,0.11503831,0.008,0.00702246888,0.00440528272,0.0408366836,0.0201722672,0.01759134,0.0106621854,0.00884615904,0.0232153191,0.0979380924,0.0127981419,0.0313708382,0.0275335567,0.0314558103,0.00385914271,0.0614593056,0.0213235254
0.00414593717,0.0225890647,0.00861715246,0.0252199227,0.0281057084,0.00680657833,0.0689833977,0.0129186536,0.00487329296,0.00635930604,0.023372668,0.0161182033,0.133237884,0.0165662445,0.0264227802,0.020591335,0.0184501762,0.0395660418,0.0354072763,0.101052694,0.00653861338,0.00933552968,0.00785498808,0.0123791078,0.0037465916,0.0288720236,0.0418033115,0.0124892345,0.0108254368,0.0123640012,0.0985844373,0.0207838383,0.0155000051,0.113201497,0.040798248,0.00755857801,0.0113908852,0.0628878497,0.0669179896,0.0489305995,0.0089235875,0.129818514,0.00879119992,0.0554008649,0.0067542199,0.0482233766,0.00374732441,0.20101643,0.0113052373,0.0134228243,0.0147058847,0.0062530051,0.0229644762,0.0102289316,0.00783604847,0.0190757752,0.0138613829,0.00953757262,0.00432219948,0.00777907127,0.004411765,0.0494027934,0.0065897913,0.00628366151,0.0144206852,0.0475681256,0.0163124051,0.0065284174,0.0031124931,0.0124401905,0.0459770101,0.0433140849,0.0078647313,0.0221893294,0.00826652692,0.0122137467,0.035224564,0.0348101192,0.00909090536,0.0146627465,0.0321100848,0.0601573807,0.119830856,0.00929292421,0.011020596,0.00451128226,0.0428643415,0.0233957351,0.0161177363,0.0117384039,0.00720287971,0.0293937865,0.0991271608,0.00966768329,0.0349364769,0.0317806054,0.0341257255,0.00634455668,0.0655340191,0.020470052
0.00477178902,0.0231138588,0.00662251656,0.0247136871,0.0286369017,0.00743281284,0.0717311166,0.0137814252,0.00507356938,0.00870985451,0.0242007114,0.0152354596,0.135441823,0.0171740869,0.0220073685,0.0217391285,0.017045472,0.0422488966,0.0368200466,0.109626691,0.00622406988,0.00920412598,0.00766283885,0.01452119,0.00381547111,0.0324586008,0.0449469743,0.0152519918,0.0127586086,0.0138532672,0.0871768217,0.0243161415,0.0151515606,0.109764083,0.0410347903,0.00762195942,0.0129071943,0.0662479996,0.0719373455,0.0562499483,0.00978135249,0.133712591,0.00893824555,0.0590098324,0.00685452745,0.042102752,0.00527148212,0.203958938,0.0104657249,0.0150375782,0.0165147961,0.00447094086,0.0244604265,0.00897307423,0.00787878813,0.0165491485,0.0140140257,0.011953349,0.00395725998,0.00865460856,0.00455927196,0.0587920298,0.00662526272,0.00769927766,0.0156494636,0.0455543616,0.0184615342,0.00761217653,0.003336509,0.0106796169,0.0456532366,0.0479513519,0.00960384058,0.0242593993,0.0107392536,0.0099453046,0.0359523678,0.0378847232,0.00945179523,0.00995316319,0.030243737,0.0642722281,0.121935625,0.00963955838,0.011899091,0.00497321366,0.0424382674,0.024433593,0.0172042856,0.0120068696,0.00575894326,0.0315688528,0.100891138,0.0107799534,0.0350918779,0.032315442,0.0337837779,0.00549450285,0.06628242,0.0210367984
0.00433347309,0.0242424116,0.00652905749,0.0239294413,0.0250855387,0.00749280218,0.075000012,0.013015714,0.00528540983,0.00798019921,0.0231148512,0.0148305202,0.129510502,0.014890282,0.0203996467,0.0202702768,0.0187096743,0.0446735203,0.0357659796,0.10758949,0.00571428355,0.00794070237,0.00854700786,0.014612953,0.00353106853,0.0341920355,0.0472350336,0.0179362257,0.0135811258,0.014338797,0.0783222368,0.0234667914,0.0151209556,0.110699905,0.0415377472,0.00793650378,0.0131147667,0.0620914992,0.076831077,0.0712418321,0.00935673243,0.145844383,0.0111473706,0.0548708884,0.00864440374,0.040318815,0.00671834271,0.221916656,0.0127186006,0.0150970405,0.0129032223,0.00560652904,0.0289226488,0.0101677725,0.00808960933,0.0147058842,0.0147058843,0.0120967649,0.00408330008,0.00787401195,0.00459652649,0.0599152473,0.00596251857,0.00768535565,0.0161030654,0.0490628861,0.0185087214,0.00697292673,0.00344827542,0.0107843177,0.0467385891,0.0548861311,0.00992966767,0.0289233844,0.0108427752,0.00907714542,0.0329177082,0.0460419558,0.00939664451,0.0107913604,0.0284570672,0.0686225347,0.118795207,0.0101599699,0.0133079993,0.00610920113,0.0412317294,0.026990577,0.017882686,0.0122022253,0.0062578155,0.0342242372,0.0970588222,0.0106524659,0.0354003455,0.0320955043,0.0330413892,0.0051308442,0.0678007337,0.0218921435
0.00435503876,0.0253863006,0.00634850566,0.0240538745,0.0269636596,0.00729040143,0.0756830686,0.0137195174,0.00550358481,0.0123387439,0.0245525967,0.013215863,0.127558685,0.0122349089,0.0184233216,0.0215492037,0.0212218602,0.0452279301,0.0353176703,0.109325933,0.00612995329,0.00666324859,0.0109214961,0.0144362053,0.00288184682,0.0348948065,0.0502958504,0.0231773105,0.0195652268,0.017669793,0.0708032523,0.0301616584,0.0151991587,0.121120163,0.0369142447,0.0110450546,0.0140844921,0.0661550957,0.0829756771,0.0782158606,0.0107784443,0.146300714,0.0114269851,0.0526477672,0.00827748648,0.0365622077,0.00732219036,0.229993395,0.0135281423,0.0189091048,0.0168268934,0.00472688905,0.0319465359,0.00971368395,0.00864732138,0.0165313042,0.0122324299,0.0123261641,0.00377833987,0.00930232369,0.00455235175,0.0567339268,0.00555317767,0.00773079078,0.0149916673,0.0470588429,0.0210038135,0.0060240934,0.00520290436,0.00998004122,0.0452209639,0.0610789196,0.00856531365,0.0306898601,0.00887573437,0.00799600276,0.0299036521,0.046568646,0.00909550421,0.00816326261,0.0267734105,0.072169249,0.125925956,0.0114520318,0.0133843184,0.0054880403,0.0432889758,0.0274527185,0.0194664522,0.0150511742,0.00637484254,0.0340908811,0.0982792899,0.00960220067,0.0380352691,0.0339077997,0.0299043033,0.00513610678,0.0714628236,0.0204241967
0.00296484455,0.0250110732,0.0067863421,0.0280678408,0.0255220742,0.00812500406,0.0783499388,0.0132261232,0.00632547925,0.0165430651,0.0252314473,0.0105580778,0.12022411,0.0105574395,0.0173460618,0.0250155997,0.0220207407,0.0493060301,0.0386918585,0.113719409,0.00725221688,0.00690336344,0.0103662832,0.0143655261,0.00331003706,0.0384615471,0.054431884,0.0226119143,0.0208643752,0.0168539396,0.0674845913,0.0319974396,0.0161638052,0.128590965,0.0364490643,0.0134892075,0.013633278,0.0677966182,0.0911329783,0.0782050454,0.00903615127,0.144574692,0.0144475996,0.057169907,0.0071230688,0.0342750913,0.00855157624,0.230174303,0.0143725813,0.0209738019,0.0167597599,0.00270124455,0.0390683386,0.00887264054,0.00858894596,0.0100060698,0.0146909818,0.0127064769,0.0042826585,0.00877893249,0.005629475,0.0521277009,0.00686105938,0.00765765558,0.0124434343,0.0496415126,0.0241935248,0.00555555265,0.00728787106,0.0103305889,0.0456213894,0.062078246,0.00796460807,0.0316383956,0.00798004985,0.00744047578,0.0275467677,0.0522821373,0.00879461799,0.00833831172,0.0258868152,0.0746769976,0.132569877,0.014304574,0.012676056,0.00435298456,0.0397333417,0.029908644,0.0195936136,0.0149346856,0.00559380607,0.0334282057,0.0894954623,0.00843289148,0.0356959265,0.0386167601,0.0265031678,0.00630251805,0.0722275557,0.0166666726
0.00338983327,0.0253424107,0.00724319742,0.0283975993,0.0250728873,0.00770219472,0.0846662512,0.0121885116,0.00710900105,0.0167630001,0.0245428895,0.0123647595,0.11799788,0.00959023674,0.0160570881,0.022608142,0.0222222119,0.0509433776,0.0484022187,0.110201112,0.00646464587,0.00449325687,0.0116026168,0.0125208789,0.00372716978,0.0357497925,0.0544464134,0.0232558247,0.0208655561,0.0181921431,0.0676229257,0.0354250939,0.0155382967,0.139196715,0.0350289511,0.0175781063,0.0145027676,0.0734451761,0.0940792968,0.0808211017,0.00911855191,0.143138293,0.0158959885,0.0580414608,0.00858369182,0.0325889011,0.0109409128,0.233914538,0.0161200984,0.0227963544,0.0159235781,0.0033021476,0.0381062209,0.00895209447,0.00874454184,0.0171767848,0.013527567,0.013843108,0.00482455988,0.00807754795,0.00469974861,0.0471034387,0.00874890124,0.00830257834,0.0129032259,0.0506084284,0.029275315,0.00621669691,0.00728155349,0.00975609829,0.0432230207,0.067157502,0.00820792943,0.0369249108,0.00839506586,0.00686274393,0.0292864292,0.0598802892,0.00794071121,0.00722022025,0.0247933408,0.0787133665,0.129251701,0.0140625103,0.0130171922,0.00451374785,0.0389221454,0.0327124001,0.0233747044,0.0146179248,0.00521285815,0.0323660634,0.09500357,0.00863308328,0.0377906777,0.0386740485,0.025141923,0.00693702838,0.0714637219,0.0173124277
0.00299786227,0.0252548223,0.00594190325,0.0281690138,0.024518404,0.00643500907,0.0897221902,0.0125278437,0.00724638283,0.0178252925,0.0266197627,0.0143198047,0.1100478,0.0105078785,0.016926506,0.0240352368,0.0217248186,0.0514418925,0.0486277787,0.116945258,0.00686590631,0.00399002389,0.0121212181,0.00941780001,0.00383583064,0.0357502243,0.0545959246,0.0254536546,0.0227629473,0.0173341416,0.0627968575,0.0393374579,0.0140686581,0.146443477,0.0317641945,0.0189673189,0.0131944454,0.0764892119,0.09709482,0.0857604854,0.00725953223,0.135174439,0.0163787635,0.0621281628,0.00997207646,0.0266458011,0.0114220291,0.233006222,0.0167878707,0.0233644924,0.0159033028,0.00339174459,0.0388,0.00849705545,0.00774693422,0.0211090107,0.0145271913,0.0163934591,0.00453308772,0.0065040654,0.00491265974,0.045605313,0.00890867702,0.00883309735,0.0091185636,0.0568616561,0.0274336522,0.00681509136,0.00882029265,0.011837672,0.0428416827,0.0706957637,0.00790697646,0.0371069243,0.00834560244,0.00685266885,0.0315339491,0.0676496375,0.00594274251,0.0104230528,0.0219451872,0.0842841911,0.131091068,0.0166963485,0.0128087888,0.00497306512,0.0387743702,0.0362586576,0.0266272647,0.0156143721,0.00442869787,0.0356049535,0.0940559688,0.00861450578,0.0354246077,0.0402556266,0.024154604,0.00743100192,0.0782095682,0.0162671222
0.003938734,0.0229967469,0.00693511933,0.0282313045,0.0264394304,0.0045190483,0.0887184991,0.0122735212,0.00620731476,0.0182260021,0.0312339656,0.0193081286,0.0998887305,0.00917430583,0.0153637574,0.0227591418,0.0167112377,0.0528617263,0.054660691,0.113803603,0.00607778768,0.00354430554,0.0121488156,0.00735930146,0.00433241609,0.0348546008,0.0589906265,0.0280638717,0.0223642144,0.014484,0.0577539866,0.0440559289,0.0146396522,0.147471997,0.0283372632,0.0235162155,0.0140845013,0.0790587627,0.104976705,0.0858044401,0.00551470359,0.136767297,0.0181023687,0.073440608,0.0085854514,0.0249886278,0.0128654975,0.249300669,0.0175936321,0.0233494479,0.0172634113,0.00286861551,0.0428095304,0.00658255898,0.0104711979,0.0298077194,0.0169491075,0.0183423903,0.00420364128,0.00617283649,0.00394144788,0.0401811289,0.0104355633,0.0075294033,0.0100565737,0.0590705495,0.0289409172,0.00698974595,0.0105555593,0.0124925707,0.0452991064,0.0768717464,0.00814176458,0.0349288205,0.00681929836,0.00617577038,0.0340847094,0.0771900233,0.00441014722,0.0112500056,0.0213106144,0.0831539203,0.129944972,0.016528925,0.0128499263,0.00555792877,0.0348136361,0.0378289242,0.0297840174,0.0174165478,0.00488238157,0.0343099455,0.0956920607,0.00798837723,0.0390406789,0.0410783096,0.0243710699,0.00458248557,0.0843641925,0.017331023
0.00310972851,0.0212816672,0.00861288002,0.0310181659,0.0303030155,0.00636130993,0.0846196254,0.0112160565,0.00498131863,0.021929813,0.0312176997,0.0241465379,0.0993645108,0.0091996303,0.0119156739,0.0236707534,0.0182072745,0.0493015892,0.0665333567,0.110666039,0.00572363202,0.00250877965,0.0124320094,0.00622775838,0.00517103565,0.0339756902,0.0639269463,0.0280720404,0.0213114649,0.0132610127,0.0563535813,0.0513918247,0.0131880758,0.150776747,0.0284009375,0.0221703491,0.0128663404,0.0798816889,0.108785536,0.0773956304,0.00492611511,0.134131723,0.0205735735,0.0860106285,0.00957933615,0.0215277559,0.0125707023,0.24624747,0.0188571156,0.0212940193,0.0215326057,0.00233235853,0.0438447726,0.00559596855,0.010471199,0.0327010934,0.0176739239,0.0179434006,0.00527830968,0.00738309784,0.00405562099,0.0391254293,0.0119102201,0.0100574788,0.0101587269,0.0595446656,0.0294856067,0.00803403353,0.010795457,0.0126735,0.0381431726,0.084154037,0.0109398319,0.0378634374,0.00622604876,0.00721500189,0.0419932724,0.0741879678,0.00557414216,0.0132158564,0.0216546077,0.0845257041,0.133988782,0.0216776964,0.0123062983,0.00605536458,0.0343871475,0.0353415532,0.0322816803,0.0206579943,0.00550206273,0.0352614857,0.110583857,0.00581819127,0.0381658777,0.0442828507,0.0224111284,0.00551102085,0.0852417176,0.0199825936
0.00446030027,0.0247252941,0.00920385877,0.0336699984,0.0338785041,0.00447856689,0.0820895727,0.0115995109,0.00558658673,0.0220207504,0.0300851941,0.0308590455,0.0974601316,0.0102325661,0.0125581318,0.0277145101,0.0183615791,0.0445003882,0.0764556176,0.111111149,0.00466299012,0.00359158862,0.011895315,0.00683682197,0.00456053202,0.0311534851,0.0678476377,0.0296655923,0.0184409073,0.0116779394,0.0570299252,0.052516425,0.0138072854,0.146188475,0.0289486525,0.0216345889,0.0152590481,0.0888157979,0.106466826,0.0800500842,0.00440806103,0.131433718,0.0198718287,0.0903615111,0.00936966853,0.0211301335,0.0117111249,0.236279199,0.0204201015,0.0215231765,0.0219024215,0.0053795631,0.0394849289,0.00348230232,0.0116040972,0.0361604018,0.0184225421,0.0179211576,0.00579710424,0.00779647657,0.00350466948,0.0397153786,0.0131702654,0.0123031567,0.00849119765,0.0594202753,0.0351887741,0.0106383109,0.0110336756,0.011060519,0.0438751718,0.0884229702,0.00758725493,0.0415800166,0.00828460113,0.00714626477,0.0549481684,0.0775472786,0.00573723448,0.0126582115,0.0224009517,0.0930293234,0.134874197,0.0227272832,0.0123796445,0.00632912029,0.0297813609,0.0390397785,0.0357959328,0.0169902699,0.00709891286,0.037460532,0.120226426,0.0037341319,0.0358323985,0.0464959537,0.0175706518,0.006796116,0.0813360822,0.0197132576
0.00410583812,0.0265190442,0.0102948165,0.030555581,0.0356315225,0.00445010126,0.0784530215,0.0106051101,0.00492307557,0.0234222955,0.0298630163,0.0413153237,0.102914383,0.0115273865,0.0117150937,0.0303379311,0.0149360054,0.0453767714,0.0802881324,0.107802832,0.00530504531,0.00421718489,0.0137096761,0.0088909756,0.00514139334,0.028412095,0.0728591173,0.0295119346,0.0153191541,0.0100124979,0.0577701128,0.0494905076,0.0122901622,0.142273454,0.0280869193,0.0186799461,0.0160485053,0.0875268474,0.11156311,0.0788273512,0.00451321811,0.121782804,0.0222804789,0.0971765808,0.0105866817,0.021622991,0.0123626432,0.245003562,0.0194881113,0.0182876069,0.0219160851,0.00600962288,0.0378521433,0.00531287226,0.0160390524,0.0382807623,0.0187353129,0.0176470494,0.00513346404,0.00716393441,0.00544135693,0.0406307092,0.0146019617,0.0133531227,0.0103092776,0.0622455425,0.0319426232,0.0123213329,0.0090198462,0.0119920163,0.0403560979,0.100456659,0.00681341919,0.0443349808,0.00832110185,0.00918761707,0.0732077929,0.0798898052,0.00526009189,0.0141479073,0.0232281505,0.0908113907,0.135749362,0.0221282958,0.0161962043,0.00551723834,0.0277179524,0.0387994415,0.0335413615,0.0165562881,0.00723553276,0.0364059421,0.124455727,0.00373134185,0.0373219005,0.0445544911,0.017543864,0.00676655712,0.0901386645,0.0183992653
0.00370713468,0.0238706072,0.0124879832,0.0279916293,0.0340710398,0.00441640598,0.0737214599,0.010828039,0.00665456625,0.021902827,0.0288565909,0.054338299,0.10473803,0.00872092548,0.0100047515,0.0282131813,0.0148830532,0.0469564893,0.0887557958,0.110060905,0.00457875104,0.00421718242,0.0190713042,0.0103092704,0.00486080183,0.0263017067,0.0760714317,0.0299647732,0.0119965808,0.00739373513,0.058119607,0.05255472,0.0136074222,0.138681496,0.0277161988,0.0180179995,0.0153461808,0.086321019,0.115172897,0.0831655815,0.00470114538,0.113164702,0.0226214488,0.096531421,0.0115154267,0.018283754,0.00980391745,0.242772538,0.0153664199,0.0178571375,0.025094071,0.00548111769,0.038773684,0.0054249662,0.015907441,0.0457402187,0.0161669967,0.0176787165,0.00591080271,0.00735611398,0.00544464671,0.0444376066,0.012287342,0.0161210327,0.00967740714,0.0671553781,0.0360892105,0.0145728991,0.00798525928,0.0131306143,0.0417177722,0.0970873695,0.00799574137,0.0461760041,0.00804020848,0.00961538013,0.0830721153,0.0892523507,0.00359280893,0.0174193395,0.0200375706,0.0897782766,0.139715003,0.0227979157,0.0208530461,0.0057197298,0.0281995842,0.035389708,0.0345936791,0.0168067238,0.00726894729,0.0392005839,0.135595138,0.00445103662,0.0355286122,0.0495265249,0.0189107502,0.00566571933,0.0910509848,0.0226860194
0.0051377828,0.0215223435,0.0151874826,0.0316010806,0.0331030565,0.00438871422,0.0718172036,0.0130293065,0.00553165764,0.0218281356,0.0295082438,0.0587189247,0.105246738,0.00796019741,0.00943864424,0.0368,0.014044932,0.0453751955,0.088092562,0.104856009,0.00429798918,0.00489130445,0.0192967057,0.0144782805,0.00483941722,0.0248380366,0.08516079,0.030397006,0.0110732653,0.00598801229,0.0614558125,0.0518518994,0.0111237885,0.124302329,0.0314465502,0.0156453602,0.0154011462,0.0837090273,0.119577254,0.0793270423,0.0049261097,0.103817824,0.0238582177,0.0938337437,0.0144412669,0.0150433616,0.010021487,0.249611705,0.0130937972,0.0192132298,0.0272005324,0.00552147841,0.0411817,0.00535077054,0.0171513825,0.0494904898,0.0200119773,0.0135566147,0.00593311717,0.00698995566,0.00493827118,0.0515496452,0.00994316823,0.0189655187,0.0116807257,0.07201402,0.0355481267,0.0136432649,0.00633311671,0.0130853995,0.042593756,0.0954162761,0.00807319547,0.0476190007,0.0117107781,0.00928073732,0.0875817165,0.086710598,0.0047875554,0.0147341406,0.0206585001,0.0928176951,0.145283097,0.0253916928,0.0218631443,0.00592008095,0.0317982173,0.0325826204,0.0338164553,0.0160880658,0.00893325677,0.0395349171,0.142296092,0.0037878807,0.0364553006,0.0506236579,0.0181131981,0.00472143202,0.0964637741,0.0209662672
0.00559963045,0.0207556638,0.0160818189,0.0298665048,0.0347021565,0.00379746792,0.0624649674,0.0112508316,0.00714286186,0.0220014202,0.0251916358,0.0608537286,0.111040268,0.00829873324,0.00864260545,0.0411290904,0.0130814044,0.0464504532,0.0947801768,0.106206557,0.0044532427,0.00495867445,0.0157515603,0.0158311443,0.00536672637,0.0228494103,0.0885220972,0.0305989432,0.0060501303,0.00544464602,0.0589711976,0.0560213278,0.00885714393,0.121258675,0.0301974334,0.0119363357,0.0192307836,0.0887876983,0.124787918,0.0765864203,0.00656455704,0.110299262,0.0246305258,0.0867549816,0.0155793615,0.012130794,0.00887574293,0.257886787,0.0125944554,0.0154685654,0.0242138539,0.00698412155,0.0382862389,0.00472255476,0.0162019695,0.0478997856,0.019951638,0.010612241,0.00766702931,0.00646950297,0.00558658217,0.0540280747,0.00999524224,0.023103956,0.0124672154,0.070247896,0.0408719488,0.0121212087,0.00837628598,0.0167714713,0.0456025907,0.0891473424,0.0085561492,0.0514492558,0.0114048859,0.0105650016,0.0891420927,0.0972354774,0.00614628208,0.0154639134,0.0181207945,0.0986585014,0.147946195,0.0243487782,0.0254237097,0.00517866018,0.0342970305,0.0327561683,0.0319410225,0.0194750118,0.00866271102,0.0382215559,0.154862029,0.0030674843,0.0354588145,0.0541944424,0.0155520894,0.00512342103,0.0972723384,0.0255474575
0.00514981407,0.0192307278,0.0155641926,0.0305371736,0.0325714753,0.00629327261,0.0606576678,0.0148148072,0.00717702688,0.0216763061,0.0244037622,0.0622642105,0.114203421,0.00842104371,0.0117888309,0.0402390527,0.00880411042,0.0448832759,0.0942148757,0.102597429,0.0045685277,0.00396825229,0.022922605,0.0187868662,0.00587172204,0.0176372119,0.0927637878,0.0312707933,0.00522193792,0.00605326207,0.0574935455,0.0520590092,0.00947188044,0.125776409,0.0333951719,0.00896286785,0.024292982,0.0828384761,0.130952055,0.0754857578,0.00516224114,0.101890807,0.0257694877,0.0769755213,0.0223463665,0.0105496945,0.0104089251,0.24386285,0.0144451774,0.0184671895,0.0264331306,0.00715214039,0.0393626859,0.00524169683,0.0174506903,0.0491551156,0.0169594262,0.00895764006,0.00782122749,0.00578871958,0.00576922811,0.0522049043,0.00831409341,0.0278614233,0.0124102011,0.0818783485,0.0361035691,0.0109890029,0.00883153288,0.018374557,0.05256157,0.0901435952,0.00813449724,0.0473415771,0.0123390507,0.0101616655,0.093342478,0.0948837284,0.00643501048,0.0152823689,0.0194174753,0.0928211027,0.153600969,0.0262550165,0.0244772098,0.00417100523,0.0352975878,0.0293978216,0.0338696349,0.0207972225,0.00774764364,0.0383080213,0.162139485,0.00848110474,0.0352544436,0.0563650287,0.0132812493,0.00568181435,0.0937500257,0.0291218575
0.0052306188,0.019369141,0.0147275333,0.0290178788,0.0263768532,0.00634115241,0.0549165489,0.0175202191,0.00655933522,0.0208816616,0.0227146999,0.0745829739,0.109860929,0.00975080137,0.0128468642,0.042048305,0.00962962251,0.040293009,0.101433271,0.103224151,0.00621439775,0.00513991244,0.0274389877,0.022210162,0.00598802331,0.0139899157,0.0975134588,0.0290344683,0.00530035725,0.00604960892,0.0594289553,0.0555108431,0.00871276454,0.118145035,0.0350765525,0.0143415813,0.0225454714,0.0824647268,0.131593637,0.0793470308,0.00445433933,0.105574983,0.0210487577,0.0735294288,0.0250944374,0.00887573162,0.0105263183,0.241716025,0.0125000012,0.0180437017,0.026592295,0.00931469944,0.0389105267,0.00467289325,0.016858237,0.0451663872,0.0189573386,0.00833333123,0.00686106233,0.004468725,0.00654021378,0.0476636269,0.00746964342,0.0332656465,0.0117878282,0.0863005432,0.0392832337,0.0137711943,0.00862687366,0.0193271081,0.0570469388,0.0822722539,0.0088900981,0.050145305,0.0134303303,0.0099866833,0.0922855791,0.108552699,0.00720367339,0.0169491146,0.018505342,0.0934163955,0.161249155,0.0251330936,0.0252283011,0.00492880241,0.0417391429,0.0285850318,0.0324956831,0.0202643105,0.00736961365,0.0405186581,0.170930498,0.0096,0.0379310427,0.0544746963,0.0117004522,0.00572246985,0.0896304349,0.0264527386
0.00379686542,0.0196785449,0.0174476368,0.0288754304,0.0226612786,0.00449005723,0.0520954541,0.0227581118,0.00725513689,0.0158228002,0.0211816831,0.0695135116,0.115566052,0.00762524611,0.0142254879,0.0489361659,0.0105026437,0.0407196633,0.0980670107,0.0956037971,0.00745077826,0.00471976664,0.0299785567,0.0249314946,0.00747314253,0.0143266519,0.0956112933,0.0311615133,0.00533333387,0.00619194913,0.0566900891,0.0547007818,0.00855675345,0.119556284,0.0401875519,0.0138017952,0.0226781298,0.080934203,0.127900536,0.0870786038,0.00458364761,0.116179592,0.0222733986,0.0646765947,0.0246637234,0.00857842627,0.0125276327,0.251760386,0.0128988306,0.0232107822,0.0324324703,0.0107166751,0.0361809063,0.00532229336,0.0177606085,0.0439104868,0.0188284464,0.0102651801,0.00744985235,0.00404040236,0.00668895627,0.0494131917,0.0078053227,0.0375125998,0.0101971469,0.0972223046,0.0372453145,0.0156502891,0.00943396985,0.024372792,0.0572987288,0.075406633,0.00841477788,0.0540735655,0.013127847,0.00968903816,0.0908414505,0.117103992,0.00584036039,0.0158102326,0.018181833,0.0915961475,0.156107129,0.0251515124,0.0260019376,0.00565930816,0.0463516644,0.0210601,0.0305580279,0.0219876692,0.00748848052,0.0393765121,0.172038802,0.00975610286,0.0361523431,0.0533175115,0.0127693569,0.00523809025,0.0896358609,0.0328719861
0.0038684701,0.0206497689,0.0177845654,0.0289855017,0.0197368226,0.00451321581,0.0431590893,0.0302924541,0.00692259594,0.0143655159,0.0199999874,0.0769230822,0.107958373,0.00655021367,0.0131290989,0.0531197165,0.00987091076,0.0412573614,0.0990323796,0.0986595373,0.00821918525,0.00479328666,0.0321350719,0.0293311447,0.00705218618,0.0137064489,0.0910542594,0.0290065703,0.00554016449,0.00616883442,0.0540043812,0.0533808067,0.00803674198,0.117477261,0.0422730115,0.0145454337,0.0235714707,0.0816583378,0.130732803,0.085989928,0.0046260612,0.114317916,0.027309216,0.0610909044,0.0272028724,0.00895713291,0.0154525335,0.251788977,0.0157210999,0.0303326685,0.0314734949,0.00954329214,0.0355303804,0.00721587965,0.0136080762,0.0490997794,0.017996404,0.0145797723,0.00865051322,0.00410256226,0.00610582786,0.0473683898,0.00805369193,0.0381246902,0.009507046,0.0922839555,0.0425230357,0.0177187195,0.00835230655,0.0262199061,0.0612245383,0.0748876283,0.00851182165,0.0545976084,0.014594261,0.00946302851,0.0866261995,0.127110629,0.00527356853,0.0178571219,0.0193021506,0.0855180959,0.154240704,0.0260576362,0.0252549873,0.00516647758,0.0517452857,0.0179437442,0.0262919585,0.0310786257,0.00646298216,0.0423729365,0.18352858,0.0170212794,0.0315139659,0.0457746723,0.0117218974,0.00615822696,0.0864162791,0.0340017502
0.00436046194,0.0190502465,0.0157333351,0.0265417338,0.0180396462,0.00464191107,0.0379975803,0.0320422107,0.00704225525,0.0179153041,0.0234879864,0.0798478624,0.102992323,0.0105820021,0.0146892599,0.0488431688,0.0132605224,0.0392562569,0.102735722,0.0952380362,0.00895354468,0.006246103,0.0358695768,0.0300162213,0.00860419626,0.0148632533,0.100973268,0.0342815596,0.00866218256,0.00843455326,0.0479778505,0.0482255956,0.00707130267,0.130507029,0.0412445397,0.0170731453,0.0300214254,0.0787801331,0.132570771,0.0879752007,0.00462605884,0.116512003,0.0258548751,0.058216613,0.0337631006,0.00883753115,0.0177252268,0.251388522,0.0183175005,0.0304568885,0.0358187403,0.010094219,0.0287356518,0.00766871132,0.0186804627,0.0539772337,0.0168979983,0.0177514909,0.00855187214,0.00558375996,0.00402684484,0.0431904239,0.00989208067,0.0370563967,0.00973323108,0.0920321546,0.0378031551,0.0222593365,0.0117371016,0.0268056221,0.0627202322,0.0701219573,0.00839395335,0.0515390667,0.0155502441,0.0101078133,0.0907680659,0.136363702,0.00534045799,0.016985114,0.0176380168,0.0758958028,0.165975226,0.02749684,0.0231984328,0.00595948228,0.0592751533,0.0205307947,0.0266854187,0.031539845,0.00652819058,0.0495652041,0.19532363,0.0171526681,0.0253790627,0.0457746231,0.0101378782,0.00624100152,0.086481738,0.0358705236
0.00389863323,0.0155017138,0.0147222382,0.0246723233,0.0162499919,0.00668895718,0.0337423849,0.0360787679,0.00813008047,0.017427396,0.024317879,0.0816230896,0.100289674,0.0121681212,0.0145095888,0.0523559791,0.0118577146,0.0386680665,0.103335394,0.0961538241,0.00945496092,0.0064184962,0.0344828078,0.0305526107,0.0101302487,0.012970966,0.104409215,0.03880592,0.00875487224,0.0128740481,0.0510709194,0.0553471115,0.00809716592,0.142978804,0.0423076474,0.0187134361,0.0345911655,0.0693290389,0.139364758,0.0902591948,0.00394632766,0.127009969,0.0243055394,0.0586466341,0.038064551,0.0105115526,0.0231688902,0.24881953,0.0227743086,0.0337636392,0.0389908168,0.0116838453,0.0297941528,0.0102564065,0.0170499385,0.0536277452,0.0175,0.0170067929,0.0080784783,0.00671488366,0.00413507909,0.0433962007,0.012744655,0.0342357108,0.0108777281,0.0935297832,0.0382947872,0.0234972714,0.0136656122,0.0296735659,0.0699928225,0.0703206527,0.00849857533,0.0548736496,0.0159803321,0.0107382535,0.0858034818,0.143683337,0.00539083257,0.0178444095,0.0173228354,0.0749486908,0.175580679,0.0285058953,0.0256409823,0.00755667824,0.070928738,0.0229644611,0.0294677044,0.0360777407,0.0074028457,0.0509731325,0.19086207,0.0233183644,0.0226364803,0.0422103284,0.0143769904,0.00668575999,0.0944375972,0.0388225554
0.00628930798,0.0177738862,0.0166858703,0.0235110098,0.013932864,0.00758097833,0.0338226063,0.042422037,0.0082530939,0.0156794378,0.0251903545,0.0836466025,0.0933477108,0.0114679021,0.0119474235,0.05989584,0.0116550058,0.0397982616,0.106622109,0.09321057,0.0108077287,0.0103761387,0.0324675247,0.0307322441,0.0121654363,0.0145202129,0.10496523,0.0416985755,0.00896414118,0.0129725649,0.0529010274,0.0678465614,0.0092325438,0.143744829,0.0475240145,0.0198135077,0.0345781332,0.0660995318,0.136392792,0.089269737,0.00331674627,0.131664284,0.0246350513,0.053906272,0.0458777448,0.011251737,0.0246153504,0.243709309,0.0270270353,0.0325443399,0.0351144843,0.0116199642,0.0307068503,0.0105960248,0.018577068,0.0519684471,0.0176240022,0.0271186468,0.00673606879,0.00718317509,0.00273597874,0.0432969569,0.013450842,0.0333697977,0.00890092817,0.0845207347,0.0372578929,0.027079794,0.0133779195,0.0359281392,0.0695970942,0.0669478346,0.0111567856,0.0629471363,0.015527957,0.0124777157,0.0817384208,0.15171512,0.00562588023,0.0165825541,0.0164203784,0.073498243,0.185332382,0.0268997924,0.0278637364,0.0096711757,0.0789993973,0.0213561642,0.0314960732,0.0356473194,0.00678594988,0.060377398,0.189269815,0.0267281319,0.0157318734,0.0418929719,0.0197580645,0.00709219521,0.0996241213,0.0458185582
0.00742206122,0.0169857936,0.0166766054,0.026086926,0.0155945457,0.00774103348,0.0392412808,0.0497420141,0.00790797227,0.0148731338,0.0256797813,0.0864312062,0.0900867787,0.0104772831,0.0080445539,0.0671901866,0.0100775221,0.0374269171,0.109243622,0.0945378816,0.00994733708,0.011818795,0.0280474887,0.0296950041,0.0116959057,0.0150425124,0.117777736,0.0520590237,0.0112589448,0.011923077,0.0571939406,0.0660474441,0.0129032194,0.141509379,0.0434602372,0.0165289574,0.0405498149,0.0644517985,0.141283024,0.0980925956,0.00435539939,0.131234281,0.0224299116,0.0522507692,0.0458333653,0.0138585056,0.0266565197,0.247465292,0.0283018167,0.0364003622,0.0360902887,0.0111653914,0.0327771477,0.0118301982,0.020015694,0.0492686715,0.0164496133,0.0320068956,0.00874454184,0.008307366,0.00344589986,0.0483659744,0.0138029507,0.0341615504,0.00842696041,0.0832793315,0.0377503867,0.0277472494,0.016047298,0.0389221734,0.0719424128,0.0590445857,0.0119474225,0.078372298,0.0159574514,0.0147982006,0.0917618724,0.146777068,0.00790229966,0.019622088,0.0154241648,0.0679104084,0.195684215,0.029329622,0.0259396431,0.0112732067,0.0745257212,0.0190527504,0.0299699907,0.0364333783,0.00875546753,0.0643940351,0.200589532,0.0245097887,0.0119971358,0.0395883113,0.0251649928,0.00777568901,0.108284386,0.0537974644
0.00780486758,0.0162110797,0.0142503178,0.0286377431,0.0131665574,0.0109488939,0.0397573731,0.0535450397,0.0090293417,0.0197309307,0.0268882106,0.0991847676,0.0775862151,0.0108043211,0.00940438983,0.0802631047,0.0116369333,0.0394088747,0.104432284,0.0917602497,0.0125523018,0.0135592999,0.0298671958,0.0313971579,0.0141915677,0.0140845048,0.125327547,0.0549450682,0.0124481047,0.0149314068,0.0596205612,0.0733403523,0.0148986903,0.134208277,0.0474137359,0.0171568636,0.0456069939,0.0674387573,0.146164701,0.0986238766,0.00730593521,0.123461471,0.0186640527,0.0543209548,0.0426217889,0.014307229,0.0302794793,0.239707481,0.029781613,0.0336842101,0.0364058923,0.010668586,0.038840972,0.0122921288,0.0186234847,0.0483383121,0.0152063706,0.0291519525,0.00958467871,0.00920243215,0.00351370425,0.0510540722,0.0138888884,0.0378027775,0.00934200071,0.0801979057,0.0332541744,0.025984679,0.0173310124,0.0403587664,0.0773542107,0.0658829724,0.0107731286,0.0875748958,0.0172077898,0.0151515133,0.0945147652,0.141550568,0.0122921238,0.0184774422,0.0130434794,0.0703901981,0.207767834,0.0262008734,0.0244350788,0.0113333239,0.0796221296,0.0198300567,0.0352532135,0.0346487573,0.00830671619,0.0739042588,0.198085765,0.0318601828,0.005105759,0.0398724357,0.0259848843,0.00908667612,0.119015892,0.063033158
0.00945274235,0.0155339826,0.0120329293,0.028279621,0.0100334437,0.0102941177,0.0425824512,0.0543143494,0.00778210023,0.0224416462,0.0284197426,0.103367691,0.0656794726,0.00975608273,0.00697969734,0.0874094304,0.0129179556,0.0374677173,0.107206588,0.0923566872,0.0150150281,0.0140646951,0.0257309911,0.0302872113,0.0132113833,0.0125086763,0.12565904,0.0620967683,0.0126849811,0.0203319445,0.0607734488,0.0790339336,0.020845749,0.14029726,0.0476190536,0.0206451465,0.0542895497,0.0728222864,0.164744087,0.0972345222,0.00678294118,0.117818065,0.0168316869,0.0537815204,0.0425219692,0.0159453284,0.0408830915,0.235050314,0.0321945171,0.03053432,0.0382215103,0.0079479818,0.03995008,0.0111856817,0.0210084017,0.0513572317,0.0137509462,0.0265017715,0.00918034266,0.00996330714,0.00355113577,0.0510274407,0.0168986218,0.0325682177,0.0100334434,0.077436579,0.0326264158,0.0229178576,0.023668653,0.0460624567,0.0845391333,0.0719800449,0.0124020858,0.102941144,0.0196274125,0.0163487927,0.0950554194,0.134239625,0.0167173266,0.0163934405,0.0087796386,0.0618474042,0.21180014,0.0270676908,0.0224511213,0.0121049057,0.0798776883,0.0197904484,0.034607459,0.0317757455,0.00851343344,0.0793489022,0.199999935,0.0305343807,0.00674663057,0.0395569532,0.0282292884,0.01171688,0.131361737,0.0668633528
0.0112762748,0.0178807868,0.0111842125,0.0254574395,0.0102951219,0.00896190988,0.0498220831,0.0486551024,0.0105433905,0.0217194495,0.0300823208,0.09990485,0.0648075602,0.0138539303,0.00836012662,0.0859445149,0.0151286011,0.0346666179,0.106344414,0.0938734782,0.015042116,0.0154071964,0.0267965979,0.0312662585,0.0109090857,0.0149253716,0.12635374,0.0653061699,0.0131722987,0.0199134097,0.0696564535,0.0892448055,0.0293765076,0.134529215,0.0480427294,0.0207182827,0.0607790499,0.0723065779,0.17913653,0.0908282185,0.00792864032,0.121742326,0.0155119223,0.0468749862,0.0401917198,0.0153492147,0.0399666731,0.240349598,0.0311688225,0.0294784541,0.0412621198,0.00721501078,0.0488431993,0.00844205612,0.0271186192,0.0521361734,0.013114749,0.0258397797,0.0079787343,0.00945873979,0.00222717004,0.050497834,0.0160455584,0.0354610613,0.00930626727,0.0748461336,0.0322306553,0.0214810202,0.0242070253,0.0429540757,0.0918123556,0.0732611555,0.0132538092,0.110438628,0.0195234954,0.018738599,0.0973967383,0.126700655,0.0177705813,0.0175182502,0.00733272484,0.0614820502,0.226934408,0.0251524331,0.0237069244,0.0132589011,0.0778827156,0.0186588578,0.0373056662,0.0332383805,0.0088676633,0.0766806724,0.190278887,0.0280582965,0.00626959808,0.0375586938,0.0368782774,0.011358138,0.14115163,0.0756047535
0.0116156411,0.0193237093,0.0116677934,0.0247801877,0.00997149931,0.00817236453,0.0544117387,0.0472597748,0.0109612099,0.0212765998,0.0307545512,0.101344861,0.0591738841,0.0153061088,0.00668896054,0.0871080765,0.0191570972,0.0346740806,0.106004903,0.093579295,0.0191845904,0.0188536916,0.0253485388,0.0314163715,0.0111052226,0.0146627589,0.132297701,0.076592022,0.0123456458,0.0201096771,0.0757282174,0.100723681,0.0360576624,0.123611083,0.0485041514,0.0263543247,0.0602860829,0.0771787345,0.19096984,0.0904346917,0.00910008064,0.116776296,0.0127931928,0.0459981749,0.0401990367,0.0153846175,0.0448275992,0.238721724,0.0340835959,0.0268690905,0.037428807,0.00590841004,0.0466581987,0.00794280951,0.0320901756,0.0443490688,0.0151260547,0.0250671597,0.00806452144,0.00901380023,0.00683891045,0.0528949427,0.0164893506,0.0320641229,0.00938565779,0.0782520448,0.0260791766,0.0194619347,0.0218120753,0.0471203732,0.101298757,0.0835208367,0.0146750515,0.113040114,0.0212837313,0.0192759433,0.0943649004,0.113557907,0.0187393919,0.017151381,0.0086289661,0.0615449823,0.225586587,0.0250578237,0.0247747202,0.0135520665,0.0763121887,0.0184633837,0.0403826081,0.0389105415,0.00961538514,0.0804232582,0.189365045,0.0338389949,0.008143316,0.0339384009,0.0454545754,0.00961064486,0.162103667,0.0862422407
0.0120152964,0.0233876375,0.0117302144,0.0288135554,0.00949597905,0.00980392722,0.0651491087,0.0492270926,0.0103181461,0.0207156305,0.0309278372,0.0973282815,0.0551973438,0.0174496482,0.00671591856,0.0792079599,0.021638357,0.0298507618,0.108642742,0.0953697017,0.0221689503,0.020439044,0.0261146748,0.0308219327,0.010079575,0.0120300812,0.137151112,0.0837084048,0.0154577834,0.0182691996,0.0959041142,0.107506428,0.0485902128,0.118522089,0.0448536023,0.030674828,0.0656909576,0.0753579619,0.197014597,0.0931676906,0.00926881425,0.112704684,0.00995572731,0.0487572158,0.038283034,0.0162538674,0.052299302,0.233644991,0.0332031067,0.0235017776,0.0410729219,0.00454200876,0.0501836631,0.00645682,0.0317892523,0.051835806,0.0138528057,0.0189018874,0.00756013213,0.00745871433,0.0109546232,0.053956827,0.0149336209,0.0385694158,0.00860584699,0.0715803573,0.0261682261,0.0143023861,0.0171849313,0.0473328618,0.107207174,0.0862745125,0.0128847569,0.11262665,0.0243820591,0.0174117435,0.0982391545,0.108540899,0.0198735113,0.0118782449,0.00964319826,0.0669362633,0.222305033,0.023455829,0.0279521093,0.0155807327,0.0754784373,0.0175328705,0.0396475992,0.042885053,0.00988002644,0.0838743857,0.190531209,0.033333355,0.0104347905,0.0348101411,0.0408257309,0.00926388462,0.160984878,0.0829832001
0.0105204928,0.0269312235,0.0124707762,0.0283505117,0.00527108485,0.011755492,0.0668296674,0.0476190226,0.0124777141,0.0178907779,0.0310102284,0.100767796,0.0525020973,0.0192043677,0.00759669545,0.0758806785,0.0231660378,0.0248833782,0.111111106,0.0924103819,0.024939161,0.0186845939,0.0339308469,0.0338527873,0.00928962316,0.00773394822,0.134653478,0.0762082142,0.0181378547,0.0242718976,0.104145528,0.115487373,0.0565583959,0.121700798,0.0478775584,0.0364501484,0.0696863909,0.0764331405,0.201498454,0.0844326912,0.0117521593,0.0995003634,0.0115207172,0.0442656131,0.0351157373,0.0170040482,0.0605381228,0.22709771,0.0309676995,0.0197215594,0.0402449446,0.00539706865,0.052132708,0.00746267981,0.0331126329,0.0513820288,0.014324088,0.0179533158,0.00825310006,0.00760456892,0.0109976502,0.0550113464,0.0136752178,0.0345958197,0.0104438638,0.0767511116,0.0260366426,0.0128052451,0.0155865529,0.0486526851,0.12985789,0.0810657896,0.0131964898,0.11208265,0.0283333359,0.0184376119,0.0967742899,0.100821159,0.0230414424,0.0110619456,0.0133206427,0.0632968565,0.2193447,0.0207336618,0.0250589325,0.0154711727,0.0761098917,0.0171974712,0.0340909063,0.0445986409,0.0114613058,0.0839612616,0.195550388,0.0371257593,0.011722282,0.0362933986,0.0410376534,0.0077279779,0.167187475,0.0884574008
0.0090548918,0.0252986367,0.0095162459,0.0276785905,0.00680786707,0.010717225,0.0756013563,0.0455333701,0.0109389243,0.0235183422,0.0257069531,0.0916179612,0.0471380033,0.0239774434,0.00862688178,0.0778872117,0.0296236784,0.0268987648,0.115959301,0.0969020687,0.024242458,0.0158013488,0.0369674237,0.0363620011,0.00931507205,0.0054988224,0.144102408,0.0782124121,0.0158536359,0.0277207314,0.112603154,0.11623104,0.0592476831,0.124999956,0.0490585177,0.0314569559,0.0667603696,0.0711947603,0.211582085,0.0866140425,0.00985760763,0.109829217,0.0122399058,0.0387360434,0.0309194155,0.013344472,0.0710455865,0.217997884,0.0352480103,0.0179425638,0.0377697772,0.00706991722,0.0429378712,0.00871080296,0.0348723439,0.051773019,0.0151380118,0.0198376903,0.00832177345,0.00808625904,0.0121654544,0.0582218757,0.0129717098,0.0331825495,0.0123130885,0.0805576147,0.0298804891,0.0135216302,0.0121739247,0.0480916256,0.146859852,0.0786384674,0.0143180252,0.110626537,0.0271002739,0.0173469503,0.0957143328,0.0896840288,0.0244821083,0.00970873763,0.0115830098,0.0676305439,0.213229929,0.0214968223,0.027401464,0.017580856,0.0760718672,0.0252996004,0.0397196285,0.0422960407,0.0110619482,0.0783897706,0.204931429,0.0365005703,0.0110599142,0.0343137859,0.0413105418,0.00986500093,0.16573483,0.0949152358
0.00921127903,0.0236898886,0.00944206275,0.0287769378,0.00780030609,0.0118243219,0.0836268664,0.0456187732,0.0122180555,0.0258868962,0.0226986044,0.0884354027,0.0465918507,0.0237099166,0.0103857573,0.0777577481,0.0309033588,0.0248344785,0.111111082,0.0890868249,0.0258302785,0.0160182981,0.0385100619,0.0398450434,0.00950782238,0.00570497173,0.139644276,0.0750237149,0.0181818085,0.0245726466,0.12590285,0.145390111,0.0623032925,0.131790757,0.0553339673,0.0309950298,0.0665517043,0.0714285661,0.214554838,0.0866425781,0.011185704,0.108333364,0.0126262799,0.0301455094,0.029118162,0.015025027,0.072767832,0.213207314,0.0330906647,0.015795883,0.03668858,0.00868878775,0.0386740167,0.00999999899,0.0344487731,0.0495049317,0.0171480215,0.0211202977,0.00894085713,0.00976669158,0.014742019,0.0551117943,0.0136741938,0.0312012361,0.0130661943,0.073565072,0.0296924887,0.0111940323,0.0105078818,0.0468510523,0.169607926,0.0758122598,0.0167597818,0.106408197,0.027215632,0.0184607372,0.0951220395,0.0787735697,0.0187007677,0.00697674862,0.0108267642,0.0579095974,0.217408512,0.0238879936,0.030580057,0.0163120655,0.0804558227,0.0269541738,0.037394452,0.0463157869,0.0122230674,0.0784946065,0.218776025,0.0282112502,0.0103969842,0.0304606294,0.0437375905,0.0133049549,0.167910368,0.102592972
0.00999412257,0.0250178518,0.00707964629,0.0229357766,0.00856030769,0.0123674845,0.0793507514,0.0485661371,0.0150234644,0.0294695713,0.0200387776,0.0818882708,0.0514833794,0.0261628025,0.0100463714,0.0876798599,0.0349761873,0.021848718,0.113236214,0.0923831445,0.0276412563,0.0150716009,0.0404364496,0.0362925371,0.0114547507,0.00575658154,0.140625127,0.0698351054,0.0162094653,0.0255863928,0.139318712,0.150957474,0.0641762739,0.140432198,0.0569105537,0.0345394689,0.0637491076,0.0696413253,0.226379448,0.0897790346,0.0130718563,0.114864827,0.00883840106,0.0320855452,0.0280850948,0.0193277197,0.0856502282,0.225405599,0.0313370505,0.0172414005,0.0351711137,0.00896496082,0.0364806667,0.0108401089,0.0363815678,0.045744655,0.0198063361,0.0199094984,0.00892244259,0.0120548,0.0199335127,0.0471854097,0.010909097,0.026763997,0.0128865929,0.0868507126,0.0337763252,0.011111106,0.00818181177,0.0526728916,0.1850588,0.064002344,0.0158597802,0.106259669,0.0288600059,0.0167553562,0.0924622856,0.0734871135,0.0119521819,0.00790514369,0.0109344027,0.0625601423,0.21570955,0.0267335077,0.0328608416,0.0145666316,0.0791839664,0.0270833585,0.0372405182,0.0470588253,0.0121765694,0.0791209255,0.229078551,0.0291666705,0.0154589452,0.0334346341,0.0486181971,0.0124728956,0.155016481,0.103291775
0.00894989168,0.0219941507,0.00738688583,0.0194264539,0.00858033412,0.0127737323,0.075400538,0.0526065685,0.0146198762,0.0275665186,0.0179142687,0.0723362836,0.0501319925,0.0243161495,0.0120870351,0.088687816,0.0349761688,0.0238095455,0.121951173,0.0915384725,0.0317563494,0.0134228163,0.0448051816,0.0388349383,0.0138721271,0.00889680249,0.138157821,0.0711442625,0.0137156948,0.0227026866,0.144162783,0.172439971,0.0598568457,0.129668057,0.0513626964,0.0453020023,0.0639333304,0.0633074134,0.221417573,0.0895734871,0.012345641,0.114452343,0.0120482096,0.0357554475,0.0267241799,0.0223628702,0.0945093945,0.206947615,0.0239303936,0.0143042853,0.0303623939,0.00895766012,0.0320170962,0.0122525944,0.0398803659,0.0421245119,0.0199645053,0.0216216307,0.0101146423,0.0122836304,0.0210615141,0.0399659592,0.0109422585,0.0241868134,0.011965802,0.0962342596,0.0357554607,0.00884353108,0.00451263219,0.0551615678,0.195024584,0.0635067708,0.0156657825,0.0985756798,0.0290179064,0.0171288325,0.0830078128,0.0696969258,0.00817994213,0.00747507955,0.0101936963,0.0736841571,0.207336945,0.0232158255,0.0309850207,0.0140428655,0.0824175568,0.0323043837,0.0332056007,0.0521642853,0.012480493,0.0804469451,0.247848503,0.0312500566,0.0182186596,0.0322085617,0.0513627179,0.014500843,0.142078853,0.10332957
0.0104679936,0.0181269028,0.00774443245,0.0156682051,0.00926641049,0.0130111536,0.0682252107,0.0522388552,0.0162932725,0.0321664796,0.0186735568,0.0659025148,0.0609865691,0.0294598812,0.0108786622,0.0857143578,0.0336808147,0.0288104486,0.123095683,0.100853396,0.0365771392,0.0121951212,0.0453955945,0.0379310156,0.0171428623,0.0111627899,0.134940115,0.0718685344,0.0100376753,0.0224466134,0.162499872,0.18196224,0.059433302,0.128729264,0.0532915373,0.0484429226,0.0574631916,0.0556514258,0.2253135,0.0899805371,0.0112739894,0.10567961,0.0174731535,0.0367734154,0.0234702573,0.0229007634,0.100996383,0.208984009,0.0241691647,0.014588865,0.0291363096,0.00824401732,0.0233592836,0.0134874762,0.0411947116,0.0435276634,0.0240174464,0.0233603014,0.00859788135,0.0150000042,0.0226890999,0.0384615488,0.0103721754,0.0219298106,0.0119148942,0.105263207,0.0415646892,0.00814110713,0.00457875136,0.05887039,0.199024406,0.0639096975,0.0164233671,0.109577079,0.0322967054,0.0161732231,0.0828625433,0.0629514724,0.00831600166,0.0115990058,0.0133607408,0.0780952735,0.197368042,0.0192307648,0.0345781661,0.01427498,0.0879661694,0.0356882273,0.0352020982,0.0612009512,0.0101880903,0.0789778916,0.252894006,0.0308716655,0.0241850497,0.0314197129,0.0524891795,0.0148826593,0.140611741,0.0937500856
0.00986437647,0.0202246855,0.0051975,0.0138504075,0.00932400959,0.0147783335,0.0763209188,0.0521472175,0.0206611823,0.033301616,0.0163505632,0.0654936272,0.0644875859,0.0288136104,0.0087489045,0.0840220913,0.0315458001,0.0254064858,0.130660951,0.11296582,0.0380136532,0.012527649,0.0429958517,0.0369942061,0.0220146575,0.0183221215,0.138853998,0.0697916386,0.00881614824,0.0222743289,0.16484107,0.208069655,0.0649396905,0.118435698,0.0565635109,0.049913926,0.0556342489,0.0499558553,0.223352633,0.0910448168,0.0145414084,0.0970363674,0.0225352101,0.0443600165,0.0245763076,0.02514669,0.108058588,0.212424978,0.0252564984,0.0179806616,0.0264830784,0.0090460512,0.0158191868,0.016932274,0.040837678,0.0405819035,0.0262923481,0.0215355883,0.00728476976,0.0183946484,0.0190555,0.0351185216,0.0097146418,0.0181818264,0.0128865852,0.124548817,0.0511861082,0.00887371629,0.00372439533,0.0628525133,0.202054833,0.0614312952,0.0150093726,0.111279077,0.0328138375,0.0161931631,0.0836397287,0.0616366197,0.00854703231,0.0143097706,0.0161128024,0.0830945883,0.197891682,0.0182149246,0.0341321426,0.0129081038,0.0911906619,0.0401350412,0.0313351937,0.0688447865,0.0132890355,0.0742514963,0.26572461,0.0347984965,0.0251367083,0.031128364,0.0506535977,0.0189237057,0.140434708,0.0922720939
0.0145661797,0.0204402484,0.00545851186,0.0178236353,0.010911917,0.0155038739,0.0611620906,0.0470347421,0.024069987,0.0385356006,0.0185553422,0.0734406685,0.0663128948,0.0232974651,0.011680158,0.0922938286,0.0282443001,0.0227743011,0.138686113,0.116270204,0.0433691719,0.0137930979,0.0438596732,0.0359083144,0.0227900286,0.0212765981,0.140800549,0.0800865612,0.0123762231,0.0208844935,0.166090447,0.225274763,0.058588011,0.129251873,0.0525738821,0.050847468,0.0510052229,0.0513851583,0.23673314,0.089730785,0.014656176,0.0965853084,0.0199714606,0.0541667028,0.0253001617,0.0269587108,0.112730797,0.207354629,0.0201612659,0.0204678455,0.0252366021,0.00807754355,0.0137457396,0.0197238664,0.0341880206,0.0383080885,0.0270629727,0.0193423854,0.00610582914,0.0241573649,0.0174273999,0.0303842735,0.00907440231,0.0189036049,0.0129087826,0.122130451,0.0496276761,0.00961538979,0.00556586838,0.0724280075,0.202651822,0.0549838997,0.0116054163,0.116515663,0.0335051183,0.0188844274,0.0828054168,0.0630530439,0.0108225027,0.0149779674,0.014940239,0.0886319474,0.206854794,0.016528939,0.0342204956,0.01670645,0.0946038219,0.0439938897,0.0352303724,0.0790726264,0.0129757773,0.0710900165,0.26951334,0.0349562895,0.0247525008,0.0337519489,0.0551309752,0.0221689112,0.126516464,0.0888382176
0.0177165363,0.0236348802,0.00463499912,0.0153551003,0.0111199306,0.0168818238,0.05555554,0.0468909641,0.0262869476,0.0423228205,0.0160857836,0.0742625119,0.0716911817,0.0270270105,0.00978474184,0.0844887635,0.0249221199,0.0216919767,0.135892868,0.115354953,0.0433634929,0.0132812477,0.0364188664,0.034659423,0.0261437511,0.0241691478,0.157179979,0.0786025925,0.012121199,0.0216836839,0.174488752,0.228502936,0.0609573778,0.12209306,0.0484048682,0.0568965086,0.0466970137,0.0463546567,0.239095018,0.0789474595,0.015981725,0.088557253,0.022955531,0.0637036939,0.0233644829,0.0313807447,0.117377645,0.201036314,0.024590155,0.0212121022,0.0194384274,0.00801282279,0.0116685939,0.0247524695,0.0346695117,0.0398009993,0.0260036488,0.0198412874,0.00542372549,0.0251284562,0.0184874131,0.0271739398,0.008971295,0.01532175,0.00949913768,0.122448873,0.03977269,0.00932568448,0.0056871957,0.0817796543,0.210789082,0.0503620681,0.0113518978,0.123727215,0.0399645133,0.0151515217,0.07642127,0.0533024197,0.0101123773,0.0172884388,0.0194075354,0.0963488916,0.195439941,0.0137389617,0.0280448168,0.0164068942,0.0946867267,0.0426975333,0.0363128422,0.080778439,0.0124777221,0.066585952,0.28319437,0.0390428878,0.0280320255,0.0334147982,0.0571895014,0.0219378127,0.123702449,0.0862262162
0.0160750052,0.0215946523,0.00747198105,0.0142993412,0.00968523908,0.0167158349,0.0564854156,0.0417101396,0.0257309849,0.0490195639,0.0157211208,0.0760649319,0.0715649052,0.032921815,0.00930716028,0.0801560274,0.0212765798,0.0196506627,0.143792856,0.124168419,0.0453840127,0.0116009294,0.0326593666,0.033415809,0.0245353121,0.02433859,0.176273322,0.0866228381,0.0136815767,0.0292164585,0.189290616,0.237560407,0.0587107029,0.132281495,0.0469583401,0.0524475442,0.0420032377,0.0491071002,0.237671556,0.0703624794,0.0199296484,0.0812437441,0.0246020421,0.0717628757,0.0196581083,0.0339847312,0.122751758,0.198221551,0.0241465493,0.0215716154,0.0292842029,0.0049220683,0.0110159097,0.0221997798,0.0393442549,0.043572072,0.0240073871,0.0183861046,0.00474898185,0.0276855317,0.0176056513,0.0264649963,0.00814026996,0.0178571464,0.0115555531,0.113314516,0.0354380908,0.0101156094,0.00561272491,0.0930334841,0.216683405,0.0465817145,0.00738395044,0.125896758,0.0365296279,0.0157116485,0.0838536517,0.0464839272,0.0102974564,0.0205992588,0.0196891121,0.10876128,0.188607674,0.015400382,0.030105821,0.0151909748,0.103110198,0.0433549892,0.0368731963,0.0938256656,0.00845069787,0.0551281929,0.286915653,0.0407643892,0.0287221751,0.0330508555,0.0492227979,0.0189950917,0.109700751,0.0805223019
0.0160502457,0.0229479313,0.0104302402,0.0136054351,0.012163334,0.0154291135,0.0524063843,0.0390455756,0.0230024161,0.0619554095,0.0159500507,0.0850850906,0.0746492633,0.0329669863,0.0125260787,0.0847245758,0.0204750144,0.0238611716,0.154275118,0.124279929,0.0462590871,0.0112903219,0.0338165101,0.0377121492,0.0254681965,0.028353298,0.182744263,0.0852713085,0.0178571355,0.0288461619,0.196539074,0.232594769,0.0581576377,0.134592072,0.0442286735,0.0542495828,0.0374999739,0.053523616,0.233333013,0.0680570937,0.0204819355,0.077,0.0261136803,0.0866013239,0.0219780423,0.0300687457,0.126251033,0.19319404,0.0262045342,0.0225806105,0.0277778219,0.0078192882,0.00873907633,0.0225,0.0405982881,0.0406976919,0.0252936189,0.017435879,0.00483425854,0.0310576332,0.016918957,0.0263902071,0.0112149528,0.0199999868,0.0109389222,0.118806738,0.038610005,0.0129474543,0.00740055339,0.109180093,0.234010004,0.0523370975,0.00557414,0.126250007,0.0358126584,0.0143391507,0.0905097297,0.0416140429,0.0122549027,0.0228354099,0.0231243621,0.12563321,0.182403265,0.0115425232,0.032258081,0.0191451444,0.104250979,0.0405737425,0.0366032011,0.106265329,0.00775192718,0.0542635964,0.291002604,0.0454545864,0.0265105474,0.0331010587,0.0427394756,0.0170940209,0.106690755,0.080347482
0.0176082188,0.0279531563,0.0148448136,0.0144230779,0.0115864528,0.0176817245,0.0486485971,0.0346320593,0.0196078467,0.0636816063,0.0165975251,0.0860324067,0.0705329544,0.0208816912,0.0138150986,0.0877551962,0.0201004799,0.0211416077,0.160805657,0.127991013,0.0508547315,0.0124274938,0.0312500562,0.0376996379,0.0267657857,0.0295790735,0.200134586,0.091564871,0.0184453023,0.0248619377,0.213730887,0.251196252,0.0523162566,0.144945319,0.0321911142,0.0462427968,0.0375801372,0.0603603695,0.239824278,0.0668176972,0.0211969694,0.0802535113,0.0251968304,0.105263201,0.0238095276,0.0292294305,0.123361008,0.190639149,0.0237676038,0.027331148,0.0324947471,0.00884955956,0.00910273291,0.0234131089,0.0450160516,0.047401982,0.0322580719,0.0149732866,0.0062026195,0.0317280585,0.013550132,0.0283757118,0.00933417193,0.0226730648,0.0119266074,0.108606535,0.0379085342,0.0126782981,0.00938085839,0.131117279,0.241543047,0.057947006,0.00834328008,0.128102424,0.0404515864,0.0176125221,0.09363962,0.0412233822,0.0150375841,0.0262136096,0.0266809115,0.127179767,0.175307289,0.0104931991,0.0297670577,0.0223948755,0.113666642,0.0446205174,0.0343796345,0.1048689,0.00863724828,0.0477489695,0.289522162,0.0594744252,0.0277419383,0.03710247,0.0352250006,0.0152253249,0.109259311,0.0840425635
0.0160305386,0.025629075,0.0140845021,0.0128712859,0.0137111518,0.0189810054,0.04630649,0.0320795884,0.0180940854,0.0686372768,0.0177305041,0.0882353541,0.0709497248,0.0195121665,0.0131434799,0.0888529641,0.0143338887,0.0200845325,0.159603545,0.118075747,0.0595033906,0.00827814698,0.0282861583,0.0359897825,0.0247295312,0.0307867868,0.211021849,0.101589085,0.0162161951,0.0253521127,0.230463847,0.249999705,0.0586035214,0.156210102,0.0364532009,0.0528455716,0.0390624535,0.0603842695,0.244938978,0.0689252276,0.0201257837,0.0806793989,0.0230263385,0.118589727,0.024484567,0.0302752267,0.136087212,0.188769114,0.0247253139,0.0280528672,0.0337197255,0.00986546756,0.0106952087,0.0164021189,0.0543237437,0.0480147906,0.0386064146,0.0153172606,0.00779587335,0.0347380942,0.0165137569,0.0228628307,0.0105328454,0.0281517713,0.0173199443,0.105421725,0.0381579226,0.0142292599,0.0108991856,0.144203586,0.247551481,0.0568942214,0.0105017405,0.124767999,0.0391221647,0.0142954388,0.095281233,0.0421607368,0.0138888975,0.0260520369,0.0246780879,0.130481351,0.183027814,0.00931678879,0.0283992946,0.0202448213,0.112825827,0.0463434954,0.0453834673,0.113636283,0.0138613998,0.046348276,0.282934943,0.0695652437,0.0227272864,0.0372010882,0.0334927802,0.015863334,0.115125179,0.0847269008
0.0190325357,0.0285170806,0.0129683045,0.0130391293,0.0120370436,0.0282376072,0.0411899382,0.0311777662,0.0205313987,0.0679513592,0.0174545582,0.0830636666,0.0685339886,0.02122642,0.0128654868,0.0863193318,0.0128424616,0.0205183683,0.161278792,0.122676889,0.0564872424,0.00759493386,0.0274442758,0.0386666959,0.0199840127,0.0321100984,0.210242178,0.100928093,0.0179558223,0.0242165219,0.2468619,0.244127143,0.0552300466,0.165113119,0.0365384187,0.0604166811,0.0371134593,0.0607074364,0.243384094,0.0724381319,0.0242915174,0.091113569,0.0289855806,0.130434753,0.0264784055,0.0281690244,0.151571912,0.171003749,0.0255439587,0.0257290033,0.0366972631,0.0111214074,0.0141843957,0.0187969716,0.0541294549,0.0512820232,0.0407088577,0.0143014281,0.0071530897,0.0360046586,0.0229884939,0.0209205221,0.0129072007,0.0334190334,0.0181992473,0.100102195,0.036649211,0.0147540902,0.0100456479,0.14313162,0.254665105,0.0539046626,0.013079663,0.129109894,0.0386178638,0.0161290183,0.10707719,0.0410958671,0.0170827783,0.0252015629,0.0192925927,0.1396496,0.166666848,0.00956429952,0.0303842838,0.0238095017,0.122260234,0.0481927795,0.0415335287,0.119897964,0.015166817,0.04864098,0.26026878,0.0846953919,0.0231923784,0.0338680777,0.0301849766,0.0168878182,0.121378658,0.0782997918
0.0163800126,0.0287413406,0.0178837457,0.0138751203,0.0140580903,0.0322906087,0.0362318251,0.0339577888,0.014201173,0.0684105601,0.019911511,0.0755556134,0.0813366278,0.0225564186,0.01008826,0.0821577154,0.0104986867,0.0225225113,0.16230936,0.128995425,0.0614972898,0.00943396451,0.0313043359,0.041695162,0.016949167,0.0350057691,0.237017099,0.112143706,0.0204678643,0.0227920112,0.261061881,0.243794257,0.0516948942,0.171812022,0.0343511914,0.0681317925,0.0354905694,0.0598038473,0.249793697,0.0816801886,0.0258503076,0.0786772649,0.0252950904,0.122913487,0.0329067607,0.0271789698,0.161528006,0.17153785,0.0311871987,0.0247787542,0.0363635924,0.0116054213,0.0157142794,0.0168295579,0.0610033847,0.0546500329,0.0445641739,0.0180659018,0.00738551504,0.0391583764,0.0289499244,0.0178571475,0.0108904472,0.0291777423,0.0199800164,0.102487511,0.0472335299,0.0217960204,0.0117434387,0.153359358,0.269788426,0.0561330353,0.0203836769,0.129016211,0.0332997287,0.017179674,0.123720952,0.0343838779,0.0157894832,0.0211056054,0.0188052398,0.142461014,0.162826956,0.00741523844,0.0333926769,0.0227948459,0.130089654,0.0559861753,0.0422078179,0.123036538,0.019957972,0.0427728377,0.248548034,0.0869564696,0.0229419857,0.0366173207,0.0289990617,0.0182149479,0.12898255,0.0793026127
0.0135135247,0.0294715659,0.0182648391,0.0139720493,0.017839925,0.0343749858,0.0401505816,0.0300577814,0.0108827065,0.0674562336,0.0196078447,0.0787036413,0.0699067125,0.0219512016,0.0101522981,0.0892856784,0.00808626166,0.0255221025,0.153788409,0.13938222,0.0620437368,0.0133570846,0.0333919257,0.0421644627,0.0121527882,0.0297264857,0.257438196,0.113195283,0.0229008016,0.0188133464,0.283105334,0.260473751,0.0488229966,0.173793105,0.02952381,0.0690475448,0.042035353,0.0617470203,0.255033781,0.0850801594,0.0345821421,0.0805524061,0.0263158318,0.122962921,0.0395752405,0.0228855667,0.181632469,0.166457608,0.0319917214,0.0226480755,0.037449408,0.0120240253,0.0172661948,0.0155383066,0.065167192,0.0640393993,0.05010024,0.0165974595,0.0105501228,0.0423326917,0.0368314674,0.0218818158,0.00986193007,0.0294117832,0.0193285643,0.0945674509,0.0565275815,0.0203000971,0.00997279785,0.161322692,0.256756906,0.0547045774,0.0225653461,0.133299039,0.0279503822,0.0165537881,0.149181948,0.0366569031,0.0213903926,0.0182370795,0.0207877038,0.148525867,0.157981838,0.00733754059,0.0359334346,0.0227032739,0.13519312,0.0585701799,0.0459770054,0.124031058,0.020234296,0.0426829584,0.240448498,0.0989504703,0.0216508835,0.0412642524,0.026137425,0.0216183168,0.129766946,0.0840092821
0.0147955023,0.0296052064,0.0238853574,0.0121089571,0.0189504178,0.0369164303,0.0458114771,0.0323353348,0.00840335966,0.0611813519,0.0213438477,0.068524931,0.0648148217,0.0170316295,0.0103359164,0.0869565161,0.00836431798,0.0268456907,0.149529074,0.151433463,0.0631970411,0.0169340473,0.033457288,0.0422124977,0.0113043449,0.0343136966,0.252293408,0.120617129,0.0257649303,0.0169252614,0.293269263,0.269724573,0.0476403256,0.174866989,0.0281425724,0.0763889221,0.0418551796,0.0676100027,0.270437797,0.0894526637,0.0407854371,0.0676779104,0.0314684999,0.126132904,0.0419651845,0.0248917923,0.193877545,0.153445925,0.036105011,0.0226843114,0.0372608537,0.0166147172,0.0171919407,0.012629187,0.0650886926,0.0769230431,0.0524722116,0.0178010421,0.0119142023,0.0518608566,0.0471397731,0.020547929,0.00821356499,0.0248619022,0.0158730065,0.0884774165,0.0631578269,0.0207768526,0.00888888788,0.154162458,0.248562037,0.0555130452,0.0308422548,0.135609919,0.0305584759,0.0203283829,0.149209521,0.038516445,0.0286885097,0.0117396121,0.016703809,0.167047854,0.156918043,0.00506584939,0.0372010518,0.0214205704,0.136002974,0.0626643804,0.042857101,0.122354495,0.0219298203,0.0472440262,0.236929874,0.103343527,0.0175438777,0.0449640636,0.0256410336,0.0196700246,0.138436459,0.0842229745
0.0136611835,0.0350282523,0.0247117046,0.0134715053,0.018244565,0.0396995092,0.0436508087,0.0350877521,0.00858894155,0.0521064011,0.0252032156,0.0612485443,0.072188528,0.0156950429,0.00930853298,0.0750682734,0.0072267335,0.0279069533,0.150998391,0.147914546,0.0671712325,0.0170556608,0.0362903422,0.0459259378,0.0053571359,0.0355781775,0.253238568,0.12518629,0.021452168,0.0141442722,0.293132576,0.279999621,0.0541740647,0.181379422,0.0260115536,0.0795181209,0.04396846,0.0763889555,0.274834307,0.0973202407,0.0348297793,0.0645932668,0.0340501493,0.129007549,0.050000056,0.0246637116,0.193213337,0.147098312,0.0448430961,0.0207939617,0.0318407984,0.0130010626,0.0190895856,0.011098803,0.0727272589,0.0787814264,0.0558942902,0.0149253747,0.0131904314,0.0591292048,0.0512679485,0.0167865667,0.00856530802,0.0237762024,0.0165198077,0.087002083,0.0752973009,0.0221606539,0.00992778918,0.145263143,0.232655476,0.054931839,0.0334129083,0.14801954,0.0281689285,0.0202646877,0.155804515,0.0367751196,0.0350404812,0.00770077285,0.0191012069,0.16686146,0.15962199,0.00392156827,0.0403154962,0.0237529895,0.136005844,0.0637916065,0.0456853369,0.122000087,0.0213243219,0.0478469021,0.22847702,0.107035948,0.0175913316,0.0418562189,0.02601154,0.019843817,0.134920695,0.0887289336
0.0153698691,0.040229974,0.0217391296,0.0128342399,0.0163366407,0.0421286048,0.0501355286,0.054758824,0.00738917377,0.0564971189,0.0239472074,0.0549581848,0.0678914039,0.021881812,0.00964186769,0.0680111943,0.00540540481,0.023584892,0.139534862,0.15412586,0.0607787563,0.0171325428,0.0356394532,0.0506042492,0.00447227171,0.0398936596,0.265684831,0.124213863,0.0182420925,0.0169971529,0.30193664,0.287072205,0.048430474,0.199859828,0.0251937642,0.0906800845,0.0500000125,0.0693832154,0.2732,0.100000023,0.0475077238,0.0558788698,0.0378072264,0.130302967,0.0603069849,0.0249405928,0.217983555,0.130493151,0.0457515493,0.0133079864,0.0315893684,0.0169109766,0.0180995588,0.0144766455,0.0630516766,0.0841529803,0.0562499906,0.0135265807,0.012017176,0.0604249993,0.0585167841,0.0127388873,0.00662738709,0.0229226079,0.0152582331,0.0806282142,0.0733590112,0.0213953561,0.00914913194,0.133788023,0.230629234,0.05443041,0.032451922,0.162512331,0.0254706585,0.0223694933,0.167021298,0.0300429177,0.044755236,0.00984681286,0.0186697563,0.157557834,0.16666693,0.00870406473,0.0357461882,0.022698605,0.139167815,0.0669603518,0.0511945056,0.135616488,0.0245614015,0.0484652392,0.207851049,0.103100834,0.0153631335,0.0407303559,0.0313726008,0.0188866386,0.134045069,0.0777778019
0.0195071443,0.0457280569,0.0228012841,0.0162513375,0.0186680288,0.0386363393,0.0436680008,0.0695771196,0.009828,0.0484988184,0.0235889191,0.0692123942,0.0688524934,0.0227742998,0.00865799983,0.0671428487,0.00721370896,0.0300925389,0.138838472,0.163606294,0.0569744895,0.0148975814,0.0380313587,0.0566769978,0.00362647449,0.0407608657,0.255905873,0.136521871,0.0220339248,0.0164424639,0.317184788,0.277566463,0.0464480935,0.19343068,0.0212560583,0.0743589464,0.0494880633,0.0683370747,0.270280902,0.0988024351,0.0537382466,0.0477327028,0.038022757,0.123680359,0.0663666894,0.0325,0.24022362,0.126684627,0.0545656716,0.0136452393,0.029015531,0.0154394503,0.0210016203,0.011402497,0.0608930932,0.0898748401,0.0550363609,0.0123222624,0.0126353733,0.0724638281,0.0570587786,0.0129198994,0.00535167975,0.0199146826,0.0150565028,0.0735135082,0.0909091,0.0238322512,0.0112359613,0.118250445,0.218676073,0.0546737171,0.0315258404,0.172361884,0.0194507723,0.0255775444,0.167824097,0.0243902473,0.0439716218,0.0110131968,0.02071345,0.163337153,0.167640348,0.00951475461,0.0276785993,0.0239680123,0.14583331,0.0700179454,0.0496632822,0.125344389,0.0268292413,0.0464743349,0.191845577,0.106656668,0.0178817191,0.0481696157,0.0353178688,0.0220842114,0.13975144,0.0758533582
0.0200845966,0.0471464219,0.0239234684,0.0185184746,0.0192502346,0.037204074,0.0451236358,0.0855540222,0.0071514005,0.0498177805,0.0228251596,0.0673316537,0.0656304636,0.0219560947,0.00725690312,0.0616635223,0.00936329621,0.0280777594,0.139513051,0.161917194,0.0564102248,0.0142045403,0.0374707275,0.0530903426,0.00352112282,0.0396716541,0.255644329,0.146296571,0.0264550598,0.0222552431,0.341904568,0.267290172,0.0471349898,0.194281443,0.0239234438,0.0753246556,0.04753727,0.0773809455,0.273274745,0.0982567464,0.0530063027,0.0368608205,0.0440613607,0.126911293,0.0632912378,0.0405954151,0.237263263,0.133803126,0.0506912657,0.0156862409,0.0254777375,0.0177304789,0.0200308203,0.0135746446,0.0675862397,0.0963138053,0.0482686059,0.0113960203,0.012206568,0.0767605481,0.0524146862,0.0142856956,0.00448765988,0.0174672447,0.0130208061,0.0601589419,0.0960099506,0.0246305444,0.0140186907,0.105649657,0.224053896,0.0508167229,0.0289308095,0.174825014,0.0230414423,0.0233918612,0.155109486,0.0232896512,0.0455882572,0.0102622526,0.0219652969,0.17217007,0.163473275,0.00937207291,0.0303843006,0.0258503072,0.14228829,0.0641613195,0.0541666706,0.115983,0.0236612624,0.045075141,0.20456564,0.116406323,0.0169252641,0.0538460931,0.0421941118,0.0200421451,0.124839085,0.07189972
0.0210410141,0.0550458374,0.0248344512,0.0178372379,0.0252631351,0.0321100578,0.043872954,0.105740092,0.00986440332,0.043422773,0.0240174251,0.066666686,0.0540069811,0.0211786395,0.00859596456,0.0588526824,0.0112888103,0.0287610714,0.133268514,0.153580581,0.0510096102,0.0118811924,0.0404040015,0.0592949401,0.00602928056,0.0318119738,0.25244115,0.150201813,0.0243478156,0.0253731269,0.355072362,0.268939505,0.041237066,0.192029063,0.0217176622,0.075268809,0.0486517764,0.0805882355,0.276272103,0.104100903,0.0618812258,0.0329800184,0.0436432379,0.134374973,0.0576441,0.0439716732,0.230428053,0.135908355,0.0471015086,0.0175438835,0.0247045633,0.018518528,0.0187207414,0.0147058621,0.0649527099,0.093125,0.0456521937,0.00826446896,0.0139794855,0.082002981,0.0424354308,0.0182529127,0.00529501302,0.0134328244,0.0136611951,0.0554272988,0.104533931,0.0255885116,0.0146788983,0.0983796535,0.228793285,0.0501912263,0.0240811335,0.164840387,0.0187353525,0.0266781734,0.150753794,0.0225563941,0.0548386637,0.0105263126,0.0245901497,0.194742883,0.158235055,0.0114942514,0.0276267937,0.0312499837,0.133633625,0.0586642078,0.0516949035,0.109609617,0.0213049636,0.0432611853,0.191928357,0.136655691,0.0224551053,0.0533596616,0.0442286915,0.0201023502,0.121130527,0.0660639598
0.024705847,0.0585464888,0.0212418202,0.0192743792,0.0308183031,0.02610667,0.0415384863,0.123052968,0.0150375659,0.0452781436,0.0244226816,0.0565789598,0.0581196151,0.0204262929,0.0113475177,0.0613253726,0.0127201626,0.0242290522,0.14128263,0.156961222,0.0505617828,0.0125523344,0.039999952,0.0703497731,0.00606060353,0.0299145247,0.230606601,0.149553749,0.0215946801,0.0239163241,0.344349669,0.263913621,0.0396975225,0.198328338,0.0210631979,0.0634920492,0.0476190462,0.0878221053,0.260081039,0.0976376756,0.0736755052,0.0292326947,0.039179081,0.130148367,0.0515464482,0.0520984764,0.232197869,0.142857014,0.0539845622,0.0212766138,0.0238611926,0.0188206128,0.0208667756,0.0146727131,0.0673212137,0.100265638,0.0426009545,0.0045537329,0.0142585516,0.077389999,0.03902441,0.0159362398,0.0067873322,0.0135135027,0.015827346,0.06280201,0.109589045,0.0189673177,0.0152057192,0.0882724041,0.233496194,0.049,0.0205391571,0.173038168,0.0234279016,0.0306121933,0.145860645,0.0176281858,0.0595238319,0.0127906885,0.0304449472,0.201354439,0.153936818,0.0118343255,0.0218978182,0.0324484025,0.132240959,0.0590340128,0.0464098459,0.096273341,0.021978064,0.0423729518,0.181904741,0.141430985,0.0299212205,0.0563583965,0.0381262744,0.0207546539,0.11710528,0.0621345599
0.0300480841,0.0728429954,0.0184563672,0.0155728663,0.033222582,0.0237020321,0.0351171067,0.144620801,0.0177665405,0.0460081083,0.0232876492,0.053835794,0.0518134588,0.0175438837,0.0127659544,0.0703933455,0.0145772459,0.020562749,0.131578958,0.159564368,0.0505882654,0.0115546151,0.0409836113,0.0742612654,0.0077452664,0.0339943166,0.213797615,0.135802354,0.0198346935,0.0277778203,0.355408312,0.257894869,0.0396902843,0.193768933,0.0247677788,0.0634920479,0.0492787893,0.0909091655,0.248287514,0.104851329,0.0844826954,0.0291262038,0.0365385013,0.119718308,0.0559255385,0.0454545568,0.230891401,0.144948407,0.0534045668,0.0229445685,0.0222717624,0.0202275345,0.023372321,0.0134228444,0.0699299993,0.113055204,0.0381548328,0.00634632971,0.0163147877,0.068471367,0.0375940258,0.0151133756,0.00765110376,0.0135541948,0.0151975912,0.0652174474,0.126847342,0.0198894746,0.0177797222,0.0776942332,0.234605548,0.0504115574,0.0142671949,0.177352567,0.0244529995,0.029787266,0.150740214,0.023064273,0.0608229491,0.0171821559,0.0320285386,0.232833943,0.153206539,0.0136841904,0.0196629265,0.0309734954,0.123534018,0.0578512281,0.0440900312,0.0898693372,0.0204918078,0.0405186955,0.174151721,0.145833332,0.0389610201,0.0679373807,0.0381062556,0.0162162077,0.10316371,0.0513005656
0.0359800575,0.0746054531,0.0174825081,0.016574566,0.0435806656,0.0216895,0.0287769697,0.168260318,0.0194410857,0.0568334732,0.0223949303,0.0514904515,0.0448028042,0.0206540297,0.0117130352,0.0729592385,0.0157946666,0.019480494,0.126332659,0.166019019,0.0567201258,0.0152174081,0.050139268,0.0743190523,0.00936968419,0.0288184301,0.192307773,0.161208612,0.0179152793,0.0324006165,0.373576193,0.270270246,0.0315315097,0.179230833,0.0214504457,0.0555555572,0.0472049864,0.0887794222,0.242543504,0.104,0.089317042,0.0267314793,0.0382293687,0.121153857,0.0537482221,0.0471841712,0.242474692,0.135693604,0.0518672713,0.0255402678,0.0175438504,0.0212234838,0.0204429502,0.0146396856,0.0661972199,0.109483879,0.0313224885,0.00554016536,0.0140140099,0.0664031687,0.0267856991,0.0162907063,0.00611621264,0.0133729344,0.0154321059,0.0655527775,0.138149565,0.0159090678,0.0193440035,0.0754475672,0.243946545,0.0617021647,0.016731018,0.182477947,0.0341064336,0.0263829872,0.161943283,0.0256849541,0.0759013172,0.0215310739,0.0437869577,0.254419587,0.159926472,0.0192719133,0.0275442984,0.0249220925,0.117741897,0.0568286285,0.0428571395,0.099999982,0.0149864016,0.0392798302,0.184293089,0.16811129,0.0418059917,0.064885589,0.0403614437,0.0181244992,0.0987123836,0.0461421732
0.0369392986,0.0856313937,0.0151228776,0.0141458158,0.0481707503,0.0193843047,0.0258302676,0.172962001,0.021608643,0.0602739519,0.0256290761,0.0624999619,0.0529197572,0.0192307681,0.00886259938,0.0898477668,0.0189243102,0.0235042546,0.124030955,0.178391966,0.0572326944,0.0196292237,0.0579710029,0.0772549658,0.0133891197,0.0288184278,0.188073561,0.159459808,0.0161290324,0.0372023833,0.373287365,0.285223582,0.0290290339,0.174418685,0.0164778854,0.0446927799,0.0376623285,0.0898122641,0.250931116,0.102773307,0.0885609243,0.027568971,0.0364683682,0.111842035,0.0562962959,0.0466867174,0.248695421,0.145958108,0.0564285602,0.0266159584,0.0197287562,0.0208078279,0.025906783,0.0198366107,0.0545722718,0.112759637,0.0315533827,0.00555041555,0.0145530171,0.0571428212,0.029987003,0.0170523893,0.0103503159,0.0116618324,0.0124224004,0.0795756209,0.131377543,0.0133982896,0.0231788313,0.0657534704,0.247613487,0.0758583,0.0181818185,0.171545606,0.050069552,0.0264730873,0.178723411,0.0298507588,0.0815109083,0.0253623318,0.0414691588,0.266012768,0.154613555,0.022573378,0.0327148152,0.0263566379,0.12552645,0.0541550166,0.0471311936,0.118443246,0.0166666752,0.0379538199,0.1742858,0.171353331,0.0448276155,0.0662768753,0.0322981371,0.0187755111,0.0975954312,0.0461165165
0.0411140636,0.106287453,0.0228136841,0.0138445057,0.0543210003,0.019906324,0.0236686717,0.18511087,0.0193842578,0.0570236618,0.0249760235,0.0671428982,0.0532709808,0.0269299435,0.0151285958,0.0876726912,0.02081268,0.0255863964,0.123271893,0.177983609,0.0616264793,0.0282916271,0.0501474676,0.0819032237,0.0161812171,0.0283687864,0.188180896,0.154970648,0.0114006297,0.0421511681,0.364652978,0.279534247,0.0267765329,0.161137399,0.0156087255,0.0450704225,0.039490465,0.0942896121,0.247338015,0.0888888904,0.0844794053,0.0263819279,0.0249999735,0.105515543,0.053846231,0.0491283856,0.273381323,0.157075775,0.0540729916,0.0300187361,0.0205391553,0.0231425175,0.0314233155,0.0231749944,0.0478955275,0.116972467,0.0337224752,0.00651163189,0.0126315694,0.055320916,0.0265958027,0.017073152,0.0096153894,0.0119760651,0.0109546508,0.0958722207,0.12403594,0.013924051,0.0292683376,0.0617110288,0.252131515,0.0912240099,0.0220779029,0.168465296,0.0632101978,0.0245762963,0.191367308,0.0406190204,0.0818584027,0.0267640427,0.0468187409,0.282191721,0.148030584,0.0184971276,0.0364333075,0.0295949767,0.127896932,0.0529801699,0.0611353255,0.147627443,0.0128755835,0.0381425641,0.178403833,0.179211076,0.0513937307,0.0636363127,0.0314069965,0.0147420106,0.0880596014,0.0484400634
0.0398936148,0.126749592,0.0229445667,0.0138297853,0.059973865,0.0186262848,0.0163265546,0.172131527,0.0198019762,0.0533515639,0.0296149507,0.0641025,0.0507812649,0.0277777944,0.0185471944,0.084848557,0.0247035395,0.0303030248,0.124260359,0.180906864,0.0646666424,0.0313174825,0.0497076713,0.0834002038,0.0172981922,0.0235294393,0.177495988,0.160377724,0.0165289259,0.046742153,0.334831553,0.281712946,0.0212765726,0.156406042,0.0150537797,0.0335195816,0.0420623718,0.0949106676,0.241717688,0.0960145664,0.0806793956,0.0248691,0.0185567342,0.102980983,0.0508475305,0.054226489,0.28014878,0.173202689,0.0569985285,0.0306306123,0.0239680647,0.0229192004,0.0377358715,0.0229358053,0.0486322585,0.114583347,0.0276679994,0.0074906421,0.0128205341,0.0513373398,0.0348058785,0.0120047971,0.0156249938,0.0125000013,0.0126783256,0.10604024,0.12251652,0.0181582453,0.0318107499,0.0647481667,0.2493902,0.103165244,0.0176991005,0.164160084,0.0843283458,0.0280135661,0.203438374,0.0431211302,0.102505715,0.0238693314,0.0473876405,0.289436484,0.158203153,0.0231481668,0.0390781198,0.0226171477,0.133676136,0.0559305435,0.0556844177,0.183085314,0.0188679343,0.0408858709,0.190853651,0.189493358,0.0473588243,0.0625000388,0.0304232591,0.0139802594,0.0826951001,0.0428816996
0.0400533636,0.132619187,0.0250000017,0.0204081347,0.0607734803,0.0206896908,0.0141129034,0.158458027,0.0135746589,0.0533515651,0.0255884652,0.0652174752,0.0609036678,0.0339622123,0.0171339393,0.0783881779,0.0208955231,0.0291970803,0.122424188,0.179306851,0.0677842038,0.0332261293,0.0588235682,0.0912761952,0.0155502471,0.0254110997,0.187301635,0.160605983,0.0149006713,0.0559254183,0.314410319,0.300316841,0.0217391537,0.146258481,0.0133333193,0.0313390087,0.0451436728,0.0864022477,0.25050829,0.080000024,0.0694443992,0.0247933842,0.0206611904,0.101449325,0.0612959431,0.0484653023,0.288745256,0.176090725,0.0545976356,0.0227272443,0.03537413,0.0224057174,0.0466531723,0.0243055744,0.0390015171,0.106585767,0.0365167969,0.0096525054,0.0143329886,0.0471785173,0.0386207235,0.0130952538,0.0176767579,0.0157480185,0.0129449579,0.118811878,0.110742693,0.020053506,0.0335196057,0.0533332844,0.258578442,0.115147754,0.020860485,0.161935255,0.100633855,0.0274913912,0.218749793,0.0548780874,0.116222748,0.030104712,0.0449029085,0.285289566,0.16055055,0.0204081665,0.0408579877,0.025000016,0.148361376,0.0670554038,0.0748129874,0.220108418,0.0204978143,0.0418119116,0.205335202,0.199029356,0.0526315584,0.0601503379,0.0327540233,0.0167644664,0.0735524287,0.0484739689
0.0398900516,0.128289817,0.0290135767,0.0204081388,0.0638606751,0.0185399802,0.0146137661,0.174291767,0.00907029737,0.042857109,0.02980132,0.0567376275,0.0717212887,0.039325842,0.0188679121,0.0744014515,0.0205882347,0.0436781391,0.137637037,0.186880185,0.0571645596,0.0433884817,0.0550458529,0.102074754,0.015294117,0.0244275088,0.189684214,0.164596528,0.0153846066,0.0578734697,0.291754536,0.317230158,0.0213219859,0.130508575,0.0157126281,0.0287356103,0.0502152229,0.0985074586,0.24417345,0.075000059,0.0674698598,0.0254237377,0.02,0.103857615,0.0669077226,0.0465490256,0.316308063,0.175324932,0.0576368443,0.0278745477,0.0509915131,0.0219399056,0.0520833218,0.0257611236,0.0391516716,0.106770846,0.031484239,0.0101316967,0.0127020482,0.0426135974,0.0439093383,0.0149253704,0.0196078695,0.0163666005,0.0113452476,0.125525881,0.105615022,0.0243902485,0.0313773268,0.0532725065,0.262111558,0.125323049,0.0220779162,0.176395765,0.111019731,0.0327510904,0.241278821,0.0488888907,0.128395087,0.0291262018,0.054631898,0.276627433,0.165779086,0.0245592156,0.0462863838,0.0273037273,0.170993829,0.0648702885,0.0867208605,0.266293844,0.0258752398,0.0458403207,0.209937902,0.190702396,0.0415879091,0.0598555238,0.0294117676,0.0154109451,0.0727847415,0.0552381254
0.0331950277,0.122950481,0.038835,0.0198894918,0.0637329032,0.0151868894,0.0161615901,0.17381536,0.00765862977,0.0365358732,0.029205567,0.0536723668,0.0738396522,0.0450280593,0.0194805184,0.0658959657,0.0197238641,0.0556844755,0.126984086,0.185714418,0.0508607078,0.0450643565,0.0505049894,0.101562515,0.0156372102,0.0215716189,0.198629944,0.190625,0.0145719339,0.0602409987,0.27586189,0.31875972,0.0220588116,0.126262604,0.0167224195,0.0287356643,0.0532544587,0.101040046,0.242076055,0.0755466487,0.0788804287,0.0239163177,0.0229885303,0.132911447,0.0735551298,0.0470779481,0.33928573,0.191758869,0.0594594018,0.0245614391,0.0584878347,0.0177095889,0.0508083759,0.0224851726,0.0420031907,0.115183292,0.0363214902,0.0140845321,0.0134309997,0.0445986418,0.0475503496,0.0178351379,0.0214776757,0.0127272603,0.0137825143,0.131771581,0.103328618,0.0293706253,0.0328619381,0.0481366517,0.254589964,0.130137059,0.0209974006,0.173913027,0.121929799,0.0394280948,0.253601987,0.0562770365,0.145888595,0.0303907573,0.0494571406,0.257777846,0.169167713,0.024278221,0.0509209117,0.0329289159,0.185972782,0.061349681,0.0965908493,0.272978229,0.0294117741,0.049751207,0.212499662,0.182,0.040892261,0.0599369752,0.0258992782,0.0153977737,0.0651085033,0.0635838021
0.0266106829,0.129848407,0.0487329137,0.0212765911,0.0683625231,0.0185614661,0.0220883449,0.174013876,0.00650760137,0.0321336694,0.0234857223,0.053072717,0.0803382255,0.0681817532,0.022950813,0.0608272405,0.0184645174,0.06572772,0.128815649,0.183313646,0.0403780342,0.0489882337,0.0541516703,0.108695574,0.0181531113,0.0220472049,0.189473887,0.177177002,0.0193050056,0.0587449458,0.284023619,0.315993809,0.0206073959,0.124579104,0.0136208563,0.0267062341,0.0528700678,0.10045672,0.243820501,0.0819672066,0.0824742297,0.021538435,0.0245282829,0.145270151,0.0817391062,0.0470587853,0.370097702,0.197017312,0.0592783754,0.0269360135,0.0619717752,0.0155131437,0.0463414663,0.0310262631,0.0488215329,0.128524005,0.0357143032,0.0196281196,0.0131061732,0.0466399342,0.049926553,0.0191831654,0.0243690299,0.0133843548,0.0156494831,0.153846461,0.113416404,0.030942344,0.0317527924,0.0505529871,0.255447522,0.132075372,0.0177595657,0.191744172,0.130639048,0.0395082973,0.263560236,0.048245603,0.162233966,0.033175374,0.0458383567,0.266666484,0.159722235,0.0277026555,0.0425299804,0.0319149096,0.186834512,0.0684930967,0.107462529,0.280260797,0.0319327304,0.0631228544,0.214201941,0.182555719,0.0460921995,0.0670270922,0.0245022996,0.0166959608,0.0629251586,0.0657369939
0.0261347969,0.138747653,0.0530612124,0.02525838,0.0655738051,0.0184119922,0.0291060094,0.162471682,0.00776915814,0.0308880194,0.0288460841,0.0651229526,0.0971073764,0.0798548879,0.0234113731,0.0492424646,0.0165369699,0.0668316519,0.124691394,0.196914027,0.044563272,0.0496304276,0.0579710368,0.110839875,0.0183559364,0.0195439255,0.205217307,0.18266261,0.0175438688,0.0623342162,0.292156992,0.308988357,0.0230010978,0.136524884,0.0116959035,0.0275229202,0.0542265025,0.104420635,0.236961203,0.0965665582,0.08713143,0.0149750267,0.0202206033,0.16949152,0.0870338083,0.0492957384,0.386327428,0.185351482,0.0551181186,0.0286677829,0.0695035544,0.0144927593,0.0586666365,0.0346106273,0.0522875812,0.13406388,0.0323920371,0.0283019132,0.0180555743,0.0496342394,0.0618705252,0.0229960401,0.0274678274,0.0165631157,0.0175718593,0.152733178,0.123473511,0.0346320097,0.0384614998,0.0557276094,0.263956503,0.1359375,0.0130624073,0.19473722,0.137667383,0.0443371404,0.282940608,0.0507726661,0.140000031,0.0356536564,0.051157139,0.273398961,0.155898785,0.033980605,0.0380313094,0.0299824069,0.198914138,0.0637363191,0.12312311,0.294392878,0.0294626971,0.0687919317,0.221769595,0.185714335,0.0424628093,0.0644796387,0.0192,0.0181975519,0.0561224555,0.0663900174
0.0181311,0.132203133,0.0549898121,0.0255220077,0.0607082958,0.0192962213,0.0339702476,0.146987777,0.00662250199,0.0346598246,0.0229111028,0.0649171519,0.0863157628,0.090573028,0.0205128055,0.0378989823,0.013081385,0.0823529101,0.119338992,0.203930984,0.0475285029,0.051668465,0.0688406303,0.111111089,0.0229508006,0.0145630855,0.213403387,0.1832798,0.0167014458,0.0562016096,0.288389756,0.301135933,0.0237556333,0.137996267,0.0121506779,0.0259740057,0.0579216554,0.120370413,0.229698178,0.099352021,0.106232287,0.01403511,0.0216998463,0.166112953,0.103986127,0.0516252995,0.404687798,0.189033014,0.0505464309,0.0243478366,0.0776835635,0.0146341263,0.0449438243,0.047559429,0.0546358131,0.127224203,0.0349417668,0.0314465669,0.0178041671,0.052465913,0.06222863,0.0261044426,0.0273037568,0.0255220864,0.014062493,0.174060943,0.116379328,0.0396600436,0.0365853568,0.056,0.254567603,0.12116567,0.0176470645,0.214090726,0.132113777,0.0481610933,0.277298477,0.0508849517,0.141592898,0.0378072106,0.0571081177,0.270867418,0.15724144,0.0474137963,0.041666695,0.0353982416,0.203586543,0.0563697546,0.131498467,0.315740408,0.0287356317,0.0689655259,0.228060262,0.183823591,0.0378619136,0.0702764683,0.0240137513,0.0212765946,0.0564516554,0.0632911341
0.0142045263,0.144294863,0.0557852084,0.0295159697,0.0611569773,0.0250855148,0.0408163314,0.135922274,0.00687287924,0.032704388,0.017832637,0.0668524394,0.0836820165,0.0867621864,0.0162748815,0.0404829035,0.0131180441,0.0900243681,0.133495145,0.21697009,0.0395010092,0.0488321992,0.0826772173,0.106625233,0.0229982973,0.0151260333,0.224762276,0.183870475,0.0190274545,0.0517927414,0.29699283,0.306074917,0.0239999964,0.14426866,0.0124843975,0.0284697509,0.0645724258,0.126760576,0.230392102,0.0980392588,0.12536023,0.023897107,0.0229681825,0.169550047,0.116258753,0.0599173526,0.426974666,0.203463008,0.044259989,0.0206896761,0.0869564657,0.0159705121,0.0513594435,0.0599250384,0.0658784377,0.144981049,0.0373376577,0.0289388841,0.0195195096,0.0489774827,0.0762829292,0.0285326632,0.0302013414,0.0347394756,0.0155521026,0.19000005,0.108597238,0.0338983122,0.0395869001,0.06260028,0.256563242,0.119601311,0.0164670949,0.22392241,0.138297599,0.046737275,0.283519706,0.0536912393,0.154574019,0.0472440751,0.060365846,0.269983499,0.143874673,0.0578634858,0.0392377145,0.0317164035,0.206697479,0.0547785219,0.13125,0.31461655,0.0311203628,0.0766609217,0.234249672,0.178329607,0.0322580684,0.0829466251,0.0265017454,0.0209423916,0.0580495346,0.0656779058
0.0152565803,0.137254764,0.0550659925,0.0283353653,0.0593367763,0.0264672369,0.0467980381,0.117095998,0.0111856973,0.0259579536,0.0184659098,0.0691643107,0.0864197764,0.0873287707,0.0109689041,0.0445255534,0.0138150932,0.0987342017,0.127819502,0.219706208,0.0402541458,0.0444914756,0.0846774343,0.099890138,0.0226876091,0.0215946917,0.227704317,0.186915452,0.0190677882,0.0453938428,0.304347889,0.318939305,0.0228091132,0.162076452,0.0116731658,0.0411985732,0.0680530163,0.143548477,0.247059188,0.118450854,0.156160378,0.0190476102,0.0222984816,0.193430595,0.114828251,0.0540539881,0.440819772,0.207386019,0.0420757404,0.0291971399,0.0860214285,0.0179257411,0.0484848134,0.076771713,0.07130731,0.146616809,0.0369718152,0.0327153354,0.0220820279,0.0463541583,0.075842668,0.0272851674,0.0332771946,0.0426666691,0.0182926846,0.205202426,0.122670791,0.03483312,0.0415224728,0.0701468118,0.246943304,0.118616169,0.0180995973,0.224233705,0.157563173,0.0450997652,0.273255571,0.0503432508,0.148387153,0.0596707718,0.0781818564,0.253918866,0.142068953,0.066460672,0.0436280791,0.0349264643,0.199999926,0.0443686111,0.125786185,0.3121645,0.0307017294,0.081739032,0.244958257,0.18032795,0.0343915331,0.0865954616,0.0389610475,0.018260864,0.0582450802,0.0476189948
0.0128571337,0.138596533,0.0524017963,0.0252100709,0.0588235259,0.0342465525,0.0592783576,0.100456627,0.0113378703,0.0262172521,0.018705043,0.0784883292,0.0728345642,0.08999998,0.0111524374,0.0483162381,0.0161476243,0.0897435262,0.124358964,0.236876732,0.0362811543,0.0421377416,0.0836652926,0.0989987989,0.0238531899,0.0265780743,0.22779949,0.189440909,0.0189075536,0.0495186245,0.302197628,0.309302352,0.0239899297,0.179515334,0.0104438486,0.0434782743,0.0629921402,0.147910076,0.247950601,0.120773081,0.16282423,0.0191938906,0.0211640495,0.189781077,0.13867889,0.0510639025,0.46332334,0.216101472,0.0372928179,0.040146018,0.0912862908,0.0209150438,0.0557276094,0.0939511272,0.0720411721,0.157598308,0.0322580371,0.0360360256,0.0228012709,0.0481745141,0.0841514525,0.023287646,0.0308896894,0.0520548464,0.0215054088,0.215447186,0.120129884,0.0356083285,0.0407801522,0.0915032891,0.233831015,0.127062711,0.0204724072,0.2299462,0.161702531,0.0414484834,0.274170355,0.0499999915,0.13333332,0.0605380903,0.0803571768,0.253134478,0.128851482,0.0833333425,0.0443686798,0.0415093362,0.20144358,0.0356347243,0.114197611,0.314176444,0.0236406702,0.0897435631,0.256885894,0.16829264,0.0336134528,0.0892019328,0.0530451708,0.0212766226,0.0572065329,0.0457515794
0.0204678608,0.140844721,0.0529802387,0.0237203676,0.059322017,0.0373831829,0.0815217302,0.0993519891,0.0133481667,0.0246913453,0.0202020176,0.0735293724,0.07,0.0903120915,0.00976560273,0.06033183,0.0170316527,0.0925450033,0.13043477,0.24625841,0.0281690406,0.0455005187,0.0970148786,0.0955121352,0.0227048349,0.042372899,0.218323278,0.197492265,0.0204081886,0.0534979704,0.312849626,0.307692605,0.0265822782,0.19204532,0.014725589,0.0401606316,0.066527998,0.144781166,0.244912699,0.135467981,0.19705108,0.0193424055,0.0215439745,0.194656418,0.150193618,0.0633484053,0.475225291,0.213483002,0.0359999889,0.0452898369,0.090909,0.0299869708,0.0542168351,0.0997376429,0.0811287319,0.159696047,0.0326678673,0.0347144407,0.0247117388,0.0443669072,0.0899999556,0.017759565,0.0345544782,0.060846527,0.0224,0.223713913,0.140070893,0.0329670769,0.0364768669,0.11652889,0.230379661,0.119637064,0.0210355714,0.240488891,0.152719727,0.0391903456,0.277382404,0.0419753274,0.120129874,0.063781206,0.0819767992,0.261433148,0.115384679,0.0959821825,0.0395479845,0.0434781478,0.206327514,0.0310702068,0.114035162,0.304,0.0230769072,0.0976058595,0.276119201,0.146529724,0.0399999684,0.0931898961,0.07740595,0.0204081657,0.0625000219,0.0370369848
0.027142849,0.131725512,0.0465116084,0.0284605092,0.0614617934,0.0377588453,0.0896358218,0.0955555057,0.0150214441,0.0213300277,0.0219941458,0.0721499986,0.0627450637,0.0857140971,0.0101214535,0.0646153861,0.0236025008,0.0803108833,0.136010418,0.244589073,0.0266989955,0.0336048541,0.0977444391,0.100238694,0.021,0.060553623,0.216109958,0.216828702,0.0216535213,0.0445945335,0.313229524,0.32403098,0.0327422218,0.182142814,0.013024619,0.0646551119,0.0660981543,0.159863545,0.239747527,0.133165978,0.19916399,0.0163265554,0.0208333375,0.181451675,0.161884973,0.0691244528,0.455589516,0.232373999,0.0347129185,0.0482375207,0.0880330119,0.0400516764,0.0595238444,0.110079518,0.085766468,0.16600819,0.0313653178,0.0324074255,0.0247933812,0.0394866802,0.100574759,0.0163488,0.0357758392,0.0724234558,0.0235109952,0.228507038,0.151685314,0.0336,0.0343580586,0.131133758,0.22395878,0.120967814,0.0188679517,0.240690049,0.164079372,0.0389500748,0.285917446,0.0637755298,0.130718868,0.0732860449,0.100850541,0.264192289,0.109090911,0.0990923157,0.0348027455,0.0580912329,0.220195949,0.026505972,0.100574729,0.288747616,0.02557542,0.110694137,0.302679444,0.147945208,0.050335518,0.0948378886,0.0838710721,0.0188679405,0.0546528602,0.0363196378
0.0383522015,0.1342412,0.0382882309,0.0235910999,0.0752507465,0.0384615165,0.0997067749,0.0856531897,0.0150214526,0.01625,0.0219619396,0.0637982009,0.0546875059,0.0865385086,0.0150537808,0.0718848869,0.0244530071,0.0820512213,0.143989475,0.234724143,0.029484,0.0312815041,0.0866142067,0.104495789,0.0204962396,0.0677966298,0.21093746,0.230263326,0.0216962789,0.0465753326,0.329807661,0.317484856,0.0363636065,0.196897656,0.0107361768,0.0717703064,0.0728929071,0.1717687,0.236453289,0.118686763,0.19308341,0.0160320733,0.0236686576,0.163424216,0.157782481,0.0693779796,0.470312265,0.23952083,0.0323015409,0.0500000225,0.0881117824,0.0430246965,0.0557275784,0.110041326,0.0857664729,0.160416965,0.0311891103,0.0360465541,0.0293159238,0.0465116543,0.105417306,0.0120967878,0.0396825831,0.0815216759,0.0234009184,0.236110675,0.158316638,0.0352349053,0.0296021625,0.160812992,0.225699029,0.128981002,0.020123873,0.256681115,0.170786189,0.0350042836,0.314734959,0.0645161181,0.122866966,0.073979543,0.108910853,0.278401245,0.103163688,0.0972222985,0.0315420189,0.0645161232,0.203965764,0.0280146034,0.0849858323,0.290000013,0.0271002859,0.10305341,0.321561091,0.160458373,0.0421052438,0.094059425,0.0919661801,0.0168141649,0.0545171091,0.042821146
0.0417265629,0.132692685,0.0341685086,0.0212765379,0.0811688735,0.0371352599,0.0939393816,0.0887096463,0.0179894152,0.00924700861,0.0254872975,0.0540540359,0.0501930341,0.0854838579,0.0157303276,0.07741936,0.0260989298,0.0716253029,0.157333248,0.24661653,0.0217391324,0.0269989338,0.0909091482,0.110552668,0.0167263962,0.0697247949,0.188679582,0.222222083,0.0187266056,0.0531914894,0.354492423,0.310872814,0.0396600716,0.192216858,0.016447401,0.0738915653,0.0796461019,0.184165,0.248704955,0.145408261,0.185507178,0.018,0.0285132263,0.145228205,0.154897461,0.0821256301,0.492199891,0.248826494,0.0262123327,0.05065666,0.0927247258,0.0544488349,0.053459081,0.110294058,0.0933573111,0.155870663,0.0260521376,0.0371702259,0.0249583952,0.0434783022,0.116640742,0.0131925967,0.0400712242,0.0941177392,0.0344828303,0.270471194,0.186516957,0.0415162163,0.0293005718,0.172661536,0.201244586,0.130573224,0.0218408417,0.245867895,0.181406192,0.0321303091,0.337589026,0.0657534061,0.121107308,0.0695876948,0.113780077,0.29261311,0.10812766,0.0992700621,0.0286396157,0.0598669302,0.222856956,0.0352798435,0.078212237,0.263403,0.0273972785,0.0831684241,0.33819792,0.166666532,0.0436363112,0.0914949421,0.0890558192,0.0169014217,0.0483383265,0.0526315626
0.0480905442,0.139806203,0.0279069765,0.0191571042,0.0947612057,0.040106952,0.100649425,0.0882957271,0.0188087532,0.00669345067,0.0307017499,0.0502958831,0.046125526,0.0857604808,0.0206896397,0.0731292819,0.0317919266,0.0653951081,0.165737811,0.226771351,0.0249307237,0.0252365438,0.0956175024,0.11213727,0.0202275472,0.0811320678,0.167363583,0.206521622,0.0200730278,0.0537352574,0.366278946,0.306478835,0.0307917726,0.186761263,0.0227272586,0.0670103172,0.0898877133,0.178633839,0.241635689,0.148717788,0.190751143,0.0141700402,0.034168519,0.125540989,0.147699943,0.0797101264,0.503039744,0.253819785,0.0224570462,0.0500000375,0.0995733411,0.0581551263,0.0555555833,0.110236163,0.0969479668,0.162244938,0.0308008382,0.039523197,0.0254237658,0.0454110949,0.129186409,0.0150684802,0.0390199805,0.111111104,0.0435540035,0.300492819,0.202352947,0.0522088716,0.0276190646,0.18000026,0.195890472,0.121987979,0.0222930146,0.249638998,0.202531927,0.0264811481,0.367952134,0.0637118417,0.1161972,0.0572208066,0.116580328,0.297222393,0.0925076637,0.0950293162,0.0263818766,0.0639269465,0.216901422,0.034956347,0.0687830441,0.253554189,0.0257879736,0.0873016433,0.383811831,0.171686757,0.0581395412,0.0891677673,0.0943820168,0.018234168,0.0451128002,0.0495626736
0.0477527681,0.143137019,0.0311750609,0.0181112471,0.105726877,0.0407876186,0.110749152,0.0810276346,0.0188481641,0.00700280644,0.028328549,0.0475459414,0.0480768833,0.0933978072,0.0322581039,0.0738831245,0.0334855504,0.0628415039,0.162049529,0.210355786,0.0276922742,0.0221238861,0.0972762465,0.128511192,0.0263522913,0.0823293498,0.158536942,0.183205976,0.0222634898,0.058673447,0.366795323,0.317708529,0.028490024,0.183789826,0.0245614447,0.0880829412,0.092134847,0.193345463,0.255402734,0.153225676,0.207714954,0.0169851317,0.0364077311,0.11818182,0.148989975,0.0831296292,0.520209472,0.251729896,0.0181112393,0.0511247935,0.0995702349,0.0705562569,0.0526315732,0.106907984,0.105621852,0.155349851,0.0383795412,0.0329380926,0.0282685163,0.048604418,0.128978579,0.0175438821,0.0311354777,0.12462906,0.0470383278,0.31894519,0.211031291,0.0578158578,0.0239760073,0.18726558,0.191034808,0.136712774,0.0185497337,0.240259998,0.208219543,0.0205292004,0.412607466,0.0779944243,0.104529503,0.045845302,0.114010893,0.290431454,0.0944444,0.0978416902,0.0196559998,0.0602678349,0.22406633,0.0421053224,0.0626704114,0.259091312,0.0261628037,0.0787878492,0.403161927,0.170731793,0.0470085282,0.0795148937,0.105504583,0.0178748854,0.0427286889,0.0627062632
0.0401721408,0.131416563,0.0314770438,0.0192043752,0.117816149,0.0351391091,0.117021288,0.08,0.0221753087,0.00732064729,0.0283582599,0.0403587984,0.0680474209,0.0886700201,0.0391704851,0.0786105761,0.0384,0.0520230879,0.185401452,0.205281429,0.0335365974,0.0220750496,0.108225086,0.150957206,0.0294117576,0.0850202821,0.150205665,0.185039319,0.0220183317,0.0629012114,0.380952393,0.314946446,0.0226308602,0.173863445,0.0246679283,0.0860215269,0.0956937925,0.194793688,0.25812996,0.177897174,0.218658986,0.0196078451,0.0352303913,0.105504666,0.12894772,0.0865139862,0.514836795,0.26595729,0.0226700457,0.0507398662,0.105571814,0.0739248117,0.0508981561,0.0920139362,0.106951896,0.154669531,0.04086026,0.0349932721,0.0216998324,0.0509616058,0.143356813,0.0169014085,0.0304146903,0.14201184,0.0519031084,0.334146417,0.231579095,0.0649652279,0.0226105002,0.181644063,0.16929663,0.143928115,0.0166389343,0.241481885,0.228985176,0.0161596894,0.431786476,0.0903789911,0.110726649,0.0471697757,0.127031019,0.299019607,0.0944171403,0.100286477,0.0141752614,0.04310348,0.216735544,0.0431849341,0.0546875248,0.274944329,0.0302115076,0.075050713,0.41876731,0.173134393,0.0436893627,0.0713266257,0.104952842,0.0142420781,0.0315870909,0.0769230192
0.0409604515,0.125773372,0.0389294322,0.017687058,0.119610666,0.038011703,0.10218976,0.0783505751,0.0229644829,0.0105263175,0.0309278313,0.0330827512,0.0674044205,0.0864407262,0.0593607983,0.0857141774,0.0342465952,0.0457142797,0.184450782,0.194930074,0.0329340902,0.021003499,0.122065654,0.157436712,0.0279937909,0.0843621828,0.154166832,0.187234049,0.0183486009,0.0728476282,0.382739189,0.334579434,0.0195258059,0.187942997,0.0220440863,0.0773196507,0.0942028929,0.185816637,0.265284166,0.183783462,0.212307528,0.0246636753,0.0444444482,0.0790697589,0.123989251,0.0873015614,0.512142595,0.275415866,0.0244200098,0.0529661328,0.110612851,0.0737265897,0.0474777467,0.0973282749,0.106690776,0.155172282,0.039130411,0.0345304697,0.0164233795,0.0520428616,0.146296295,0.0177514853,0.0221366722,0.157381608,0.0580761623,0.349650006,0.226287089,0.0792078823,0.0211193784,0.188888477,0.174242473,0.15606055,0.0247349569,0.247173098,0.233333623,0.014,0.446303866,0.100000048,0.103333352,0.0468227022,0.127329124,0.286313035,0.107573195,0.100427269,0.0146666452,0.0443037322,0.21772136,0.047552389,0.0634919863,0.302428167,0.0360360175,0.0666666953,0.437591507,0.206060455,0.0443349402,0.0759123958,0.089646526,0.0105374044,0.0313972038,0.089147239
0.0331034433,0.117391295,0.0283688283,0.0227596343,0.134130188,0.03858026,0.0984848315,0.101593548,0.0208790979,0.00773994404,0.0303490091,0.0290964132,0.079787192,0.0759932247,0.0694444283,0.0794572919,0.0362318362,0.0347826035,0.179738493,0.186802937,0.0357142554,0.0264105611,0.108490675,0.166954977,0.0319488849,0.0952381381,0.133772158,0.171428515,0.0168539403,0.0631648498,0.380582715,0.340040314,0.0223463902,0.215311158,0.0209204927,0.0736842295,0.10495281,0.176785355,0.284246375,0.182320727,0.203883408,0.0281690246,0.0501474795,0.0867579686,0.120786563,0.0885714716,0.492275253,0.258219992,0.0243605322,0.0663717327,0.114098789,0.0927903216,0.0393258427,0.109561707,0.117431094,0.157563526,0.0387930561,0.0315068241,0.0110294342,0.0499515075,0.150289115,0.0198776428,0.023575613,0.171874942,0.0563379677,0.380510777,0.239436652,0.091160169,0.0204313059,0.197508607,0.169196148,0.169811373,0.0261682287,0.24100685,0.257576012,0.0127932014,0.479374065,0.10670731,0.102236522,0.049645395,0.138263964,0.288702642,0.0947466669,0.114393892,0.0136798996,0.0421940498,0.221238708,0.049132974,0.0643432016,0.304933025,0.0393939172,0.0679157526,0.464231281,0.20381215,0.070270289,0.0790697463,0.0920000294,0.0118279757,0.0295081874,0.0900900246
0.0272109072,0.111801209,0.035377361,0.0190616007,0.139354822,0.0352348742,0.0970149823,0.104950622,0.0223713637,0.0093896838,0.0286576477,0.0318471973,0.0816777206,0.0735044188,0.0880361567,0.0783132323,0.0301318388,0.027624311,0.194296189,0.175046582,0.0303029997,0.0279156665,0.120602957,0.173394492,0.0316957297,0.107865209,0.110151231,0.165876796,0.0181451675,0.062417005,0.364,0.357740886,0.0249307098,0.219570445,0.0223214111,0.0819672695,0.108235222,0.166371543,0.315035644,0.161764599,0.220000252,0.0271604986,0.0483383768,0.0871559565,0.124309395,0.0943953247,0.487534548,0.264875185,0.0242423991,0.0619469696,0.112351189,0.0987904384,0.0473538124,0.124497996,0.124521182,0.164270933,0.0425532111,0.0321167513,0.00941620226,0.0492462736,0.17434901,0.0176565168,0.0215475024,0.169811317,0.0638686877,0.406950994,0.252940959,0.0900622369,0.0265060472,0.215827038,0.158179294,0.169558273,0.034749016,0.240384882,0.263333174,0.0115074961,0.508474392,0.0940439384,0.100649339,0.0388692367,0.139646907,0.28296675,0.0787545386,0.111613861,0.0137741069,0.0398322842,0.224909549,0.0488505234,0.0847458393,0.314893524,0.0354838972,0.0672854045,0.468292853,0.210769042,0.0828729367,0.0780730771,0.100828718,0.0120613995,0.0314569653,0.080402243
0.0323015338,0.118790516,0.0352940859,0.0183767423,0.163057426,0.0419580117,0.0946970065,0.0925926241,0.0219907411,0.0131579007,0.0330329964,0.0338982661,0.100467287,0.0833333008,0.0990990679,0.0729782893,0.0285132292,0.025210077,0.179411438,0.150390472,0.0267856939,0.031969313,0.159204149,0.190283318,0.0352220218,0.116173124,0.0938165921,0.155660388,0.0146443573,0.0681198864,0.351129525,0.387799847,0.0182327764,0.223021342,0.0163169984,0.0845770859,0.12705876,0.156196917,0.318734825,0.160130877,0.2198577,0.0344827497,0.0615384375,0.0694443896,0.122994601,0.0964629736,0.465986407,0.263581271,0.0236686243,0.0592104917,0.116497828,0.105823851,0.0502793631,0.148373984,0.131889704,0.165288992,0.0440252116,0.0295949847,0.00757576242,0.0527363312,0.180161844,0.013793131,0.0232793767,0.170483449,0.0714286279,0.435334456,0.26361006,0.0827814118,0.0301441915,0.229705028,0.147343098,0.179092498,0.0399999732,0.240816491,0.246057215,0.0153845885,0.515905769,0.097719812,0.0825395729,0.0766423907,0.136963735,0.292598061,0.0796296691,0.122641674,0.0181818085,0.0390946265,0.221301697,0.049698789,0.0816326959,0.301158584,0.0347002785,0.0607595131,0.463157894,0.205246599,0.0920245158,0.0665557633,0.1187152,0.0111234962,0.0312499856,0.0742574567
0.0347594139,0.124999955,0.0388348964,0.0217729622,0.170160365,0.045372085,0.0775510782,0.0955413576,0.0199999838,0.0146579664,0.0282738563,0.0207667373,0.117647069,0.0740741267,0.098398279,0.0693069595,0.0238095,0.0252809004,0.176530458,0.135294087,0.029239781,0.0419999685,0.177083443,0.184156373,0.039611373,0.118357542,0.0972222342,0.139130519,0.0163599246,0.0613408653,0.363834414,0.406666562,0.0159883946,0.231920548,0.0167865482,0.075,0.132678094,0.153343949,0.331049853,0.16666693,0.188191789,0.0419753183,0.0543130833,0.0707964545,0.11081084,0.102739789,0.466802127,0.248926868,0.0237556516,0.0552017312,0.111694144,0.105678334,0.0427350797,0.153061126,0.122661095,0.180161513,0.0464134281,0.0298273287,0.0119284229,0.0554456108,0.170526579,0.0124999941,0.0175801837,0.18858559,0.0701438709,0.477594257,0.239393767,0.0675675157,0.0335195662,0.209193005,0.155427604,0.180202981,0.0552146745,0.237362405,0.269736849,0.0135802671,0.529618829,0.087108127,0.0803858036,0.100000004,0.138333035,0.272980918,0.0885609816,0.132587527,0.0202605289,0.0414938066,0.21181396,0.0514018638,0.108761347,0.327026862,0.0384615769,0.0567567007,0.450094128,0.221407345,0.117647047,0.0708263527,0.129080166,0.00932400308,0.0402930268,0.0698925475
0.0296895881,0.114224061,0.0551558123,0.0241157992,0.177598695,0.0510018555,0.074561326,0.112526499,0.0149625866,0.0232945005,0.0313433072,0.0224,0.118131905,0.0647986339,0.109004762,0.0683112094,0.0211267802,0.0284090903,0.165188383,0.135627599,0.0256410067,0.0459533807,0.190217364,0.176600472,0.036082464,0.127182137,0.0902173912,0.158995848,0.0175824069,0.0641561872,0.375286107,0.446469296,0.0154559944,0.252777704,0.0173697264,0.0707547297,0.143958862,0.13993167,0.31797212,0.151408166,0.215517172,0.0386598161,0.0561056443,0.0779817212,0.0930232698,0.14170039,0.478854016,0.254385722,0.0227766096,0.0418410584,0.0937499719,0.125000219,0.0410094488,0.150423591,0.124454178,0.191532607,0.0404255481,0.0323624394,0.0170575906,0.0575176461,0.158798315,0.0132075309,0.0176898929,0.184579493,0.0616570471,0.502494169,0.221556503,0.0749999947,0.0345821432,0.213995749,0.183860248,0.168074654,0.0703624717,0.242080964,0.291139364,0.01375,0.53968296,0.0769230138,0.0648464319,0.109848469,0.127214141,0.265536972,0.108159357,0.135066682,0.0223880681,0.0426008517,0.226118148,0.0373376425,0.113772385,0.319999992,0.0455927082,0.0501394051,0.435845309,0.206325396,0.14598533,0.071923705,0.132440463,0.0119617047,0.0414201421,0.0575916
0.0372272347,0.102396454,0.0534883108,0.0315090513,0.189001063,0.0494296049,0.0796460265,0.101321518,0.0117187291,0.029801332,0.0285285012,0.0221169209,0.111111138,0.0586145766,0.116336631,0.0628683943,0.0219511956,0.032835773,0.168618246,0.13203879,0.0297618973,0.0602679782,0.196721234,0.191873524,0.0330055521,0.116580323,0.0982721908,0.179487195,0.0166666505,0.069958842,0.37619034,0.472289249,0.0157728767,0.277007956,0.0198511206,0.0657277253,0.149732617,0.126916932,0.312940984,0.150197962,0.203980083,0.0417754991,0.0596026818,0.0821917142,0.0803108663,0.156681919,0.488497926,0.283332992,0.0196687816,0.0338983022,0.0968467613,0.132736264,0.0420712633,0.149553555,0.111353755,0.218687829,0.0365111963,0.0314569731,0.0228833098,0.0597548402,0.175054815,0.00988140911,0.0187109895,0.188679378,0.0533881199,0.51973712,0.229358097,0.0794979159,0.0309120008,0.21227344,0.193980047,0.182539519,0.0799999672,0.252232226,0.29230792,0.0173102836,0.526049628,0.0702479174,0.0662021291,0.119230796,0.125611704,0.27122332,0.10845595,0.161739214,0.0238095117,0.04761902,0.234911081,0.0362776373,0.121118066,0.327731513,0.0540540468,0.0449101091,0.420944384,0.182812,0.162393123,0.0848880441,0.13551391,0.00965016676,0.0461847299,0.05000002
0.0452830132,0.10864735,0.0656108697,0.03114753,0.21188619,0.0487804766,0.0787037182,0.10697679,0.0132625955,0.0476974439,0.0244299473,0.0203124898,0.107491889,0.0561403899,0.108753327,0.0592884604,0.0323450206,0.037854847,0.176322792,0.131907261,0.0368097527,0.0622119844,0.19773992,0.200956954,0.0340086388,0.121621565,0.105095569,0.173245441,0.00987655247,0.0661971632,0.366093329,0.483950677,0.0133333495,0.279570038,0.0237466705,0.0651162637,0.141711198,0.118260803,0.332552347,0.13100396,0.241935851,0.0575343053,0.075862123,0.0707546388,0.0668380539,0.168949797,0.479888598,0.276286104,0.0138751283,0.0279441227,0.0845181137,0.147107545,0.0474576504,0.147392247,0.0955710171,0.228282701,0.0391752771,0.0254668606,0.0234741984,0.0677352646,0.175823867,0.0142276377,0.0175077351,0.188208564,0.0586907977,0.521406734,0.237081758,0.075221211,0.0316957794,0.191422735,0.171874615,0.18123865,0.101830679,0.256124882,0.277285924,0.0151306902,0.538461772,0.0748898897,0.068840659,0.116731459,0.116203003,0.249656075,0.121722768,0.169877171,0.026981427,0.047263668,0.240985604,0.0344262317,0.131578832,0.316865852,0.0619195882,0.0481927976,0.400890882,0.187301242,0.172413775,0.0750487008,0.133126965,0.00747198284,0.0496894289,0.040462448
0.0500626306,0.121348294,0.0720930197,0.0287648003,0.218987511,0.0481400418,0.0824742367,0.110552801,0.013717404,0.05192632,0.0278688203,0.0193236898,0.117056748,0.0558464112,0.106770809,0.0617529931,0.03927496,0.035714265,0.172043041,0.138888899,0.0319488974,0.0826832136,0.223529401,0.199017088,0.0312954535,0.116710948,0.108280229,0.17954544,0.0158730173,0.0703447569,0.389784857,0.469697101,0.0136054444,0.29096034,0.0276243113,0.0714286236,0.127219013,0.132379418,0.334128547,0.129629746,0.248484877,0.0686813825,0.0833333175,0.0730593322,0.0588235153,0.187214419,0.490223111,0.268973034,0.0161750718,0.0264765668,0.0714286471,0.15679467,0.0549450733,0.135613244,0.0895884333,0.244047729,0.0476190181,0.0228471143,0.024038478,0.0722698014,0.16099732,0.0224214874,0.0177452928,0.187363803,0.0572792142,0.524916998,0.211837971,0.110091749,0.0256822113,0.185021895,0.182795275,0.182065226,0.107655459,0.261851326,0.308333321,0.0152990209,0.525984509,0.0657277295,0.0542635733,0.127413103,0.11073824,0.253129594,0.121428502,0.172972765,0.0290908932,0.0527704164,0.24999954,0.0375426142,0.160142502,0.287953862,0.07120749,0.0380952401,0.378923724,0.159169552,0.161904838,0.0831622317,0.143292629,0.0101137637,0.0417536358,0.0511363955
0.056603787,0.117511561,0.0774648207,0.0281689811,0.219265067,0.0393518547,0.0899472011,0.129629581,0.0184397263,0.054635796,0.02698142,0.0204081596,0.0966666258,0.0607142944,0.0877659935,0.0654396415,0.0537975247,0.0396039321,0.157817313,0.140624902,0.0348431902,0.114864878,0.186747063,0.184615464,0.0320699929,0.130319181,0.109131337,0.191441395,0.0140844972,0.0759492989,0.382681519,0.457800364,0.0157617933,0.315476449,0.0344827248,0.0728743098,0.106796125,0.138181708,0.327103212,0.174863433,0.240506229,0.0697675277,0.089655285,0.0590908705,0.0382774723,0.205742068,0.486765023,0.270454706,0.0139795045,0.0271317367,0.0692430709,0.154621983,0.0588235541,0.137804852,0.0815347847,0.266932474,0.0390946423,0.0256409944,0.0276381778,0.0801937624,0.154017955,0.0237529883,0.0129171316,0.188311985,0.0521091885,0.522336635,0.203761846,0.121951132,0.0219780368,0.187648658,0.186090012,0.199999588,0.125890747,0.279017419,0.278074815,0.0155807328,0.508943552,0.069892412,0.06,0.132530085,0.106896648,0.253103513,0.122905024,0.171219972,0.0284091,0.0567163947,0.268831644,0.0430107023,0.159999918,0.253886057,0.0866666852,0.0503354894,0.363217928,0.151515218,0.20202008,0.0904471073,0.155339841,0.00779220304,0.0450450068,0.0705882182
0.0686641739,0.10352933,0.0644391287,0.0344202169,0.217164893,0.0417689987,0.0790961001,0.129533602,0.0216763093,0.0614617891,0.029877,0.0256849598,0.0958904197,0.0502793623,0.0837989684,0.0669456799,0.075949412,0.0406779306,0.148936022,0.157348269,0.0343643237,0.141207958,0.194285855,0.183937831,0.031722046,0.150684584,0.11059895,0.238207822,0.0173913,0.0858368894,0.370262045,0.443005302,0.0219780098,0.336890168,0.0337078945,0.0698528993,0.0849672458,0.14109305,0.343675795,0.156756879,0.201298794,0.0656716273,0.103448311,0.0533333137,0.0321838839,0.216080221,0.494134708,0.284382007,0.014044949,0.0288461838,0.0697074404,0.160472938,0.0583333658,0.121588071,0.0740740807,0.287754804,0.0411522685,0.0279232056,0.0245699993,0.0818584138,0.14965959,0.0281329345,0.00884952982,0.179540212,0.0465754202,0.522727638,0.192307643,0.14285712,0.0232919505,0.190839895,0.184675917,0.186380045,0.153247189,0.284188036,0.265091903,0.0140845042,0.505902154,0.0628571958,0.0728744933,0.132575817,0.103321058,0.243989087,0.117756935,0.176029952,0.0349514496,0.0568560984,0.271027436,0.0566037102,0.174074047,0.231316411,0.102112635,0.0629139315,0.371229679,0.162499975,0.230769077,0.110478364,0.182108704,0.00934577346,0.0502391961,0.09375
0.0699127084,0.10875336,0.061274462,0.0304762009,0.205307445,0.0431472253,0.0898202061,0.125668428,0.0258751887,0.069565173,0.0294117882,0.0315789684,0.10357145,0.0504672761,0.0778441878,0.065645459,0.08999998,0.0329670093,0.156351626,0.166146705,0.0268199212,0.156660334,0.163043418,0.177419643,0.0263158042,0.139473683,0.0870070509,0.258974227,0.0207100683,0.0894428181,0.327536084,0.4365075,0.0235507002,0.368731988,0.0390390084,0.0631578971,0.0827586389,0.147950306,0.376213674,0.144444473,0.18633554,0.0586420152,0.106383032,0.0486725781,0.0365853143,0.228154858,0.486567212,0.289351543,0.013837639,0.0325865796,0.0737288965,0.158415793,0.0511810396,0.112782054,0.0733495707,0.288343483,0.0457380173,0.0257353326,0.0195599278,0.0858123063,0.145335789,0.029891313,0.0103925917,0.175050396,0.0526315595,0.541176497,0.191780901,0.164634159,0.0182093927,0.183999985,0.18951571,0.213503441,0.160401471,0.287601505,0.256544303,0.0143884981,0.490418657,0.0662650669,0.0729613654,0.137036958,0.103281955,0.242402128,0.104330795,0.182835738,0.0407332065,0.055944026,0.272493566,0.0602409658,0.194331779,0.21470011,0.128205086,0.0599999798,0.371286969,0.142179992,0.20270258,0.118420739,0.192982501,0.00960217674,0.0582279081,0.127516707
0.0736579556,0.102702773,0.0579345359,0.0352940673,0.199857428,0.053824346,0.0890411592,0.124352285,0.0262345692,0.0876565416,0.0276679534,0.0302457533,0.111524133,0.0543477537,0.0823170856,0.0608108072,0.0986842407,0.0522387359,0.175084013,0.170905915,0.0292887029,0.159047634,0.153846112,0.176629906,0.0222222164,0.128342231,0.080882401,0.2475,0.0176990917,0.0827011083,0.319875579,0.414168911,0.0318352549,0.372549313,0.039999968,0.0531914734,0.0931899919,0.147157074,0.384248446,0.142011726,0.159509177,0.0536277346,0.111111107,0.0450450077,0.0384615165,0.216748877,0.471273534,0.257611565,0.0142180099,0.0292397622,0.0762564253,0.15486001,0.0454545227,0.0984847858,0.0631313454,0.296451073,0.0468431622,0.0353160002,0.0100502496,0.101051422,0.144016488,0.0387811292,0.00933487505,0.167339101,0.0537313159,0.552742324,0.196551752,0.14375,0.0173775873,0.192634571,0.191176531,0.201492112,0.168021307,0.304435623,0.253333619,0.0119224851,0.494434218,0.0657894697,0.0759493371,0.161403463,0.0986327797,0.233823602,0.0950413682,0.184108743,0.0470085634,0.0592592389,0.274093288,0.0706637994,0.184684685,0.197604774,0.14393932,0.0629370087,0.371359095,0.14,0.205479479,0.133838479,0.197802078,0.015918986,0.0580807479,0.118881084
0.0788802695,0.0928961693,0.0434782757,0.0281689842,0.202949098,0.0537313345,0.0935251058,0.120300843,0.0384,0.107468103,0.034764791,0.0276679455,0.0992366457,0.056497189,0.075,0.0588234188,0.109717902,0.0597609252,0.185964772,0.172920179,0.0281690414,0.161067203,0.157360362,0.175141288,0.0367893059,0.129629658,0.085308091,0.274509826,0.0245398671,0.0827922522,0.313099004,0.402857423,0.0372670925,0.37047367,0.0492307766,0.0563380297,0.0978260728,0.142123273,0.393719874,0.13294832,0.142011732,0.0567823174,0.117216015,0.0386473693,0.0401069656,0.189743349,0.479838872,0.246445683,0.0145772542,0.0326531065,0.0817391306,0.152397317,0.04081632,0.0902256441,0.0519480174,0.276688395,0.0467479357,0.0370370685,0.00963855827,0.110915511,0.136929644,0.0440250984,0.00845410907,0.166,0.0625,0.529411466,0.235741729,0.130434761,0.017080798,0.181818323,0.191489669,0.210526734,0.198369421,0.303674848,0.244155761,0.0135134946,0.498076881,0.0902777669,0.0816326773,0.177852179,0.0959183859,0.235988466,0.094623578,0.176923154,0.0518358644,0.0643939173,0.278054733,0.0896552224,0.211538478,0.204968945,0.156117951,0.0673759404,0.388471008,0.102272642,0.232876793,0.139409803,0.223048264,0.0193452887,0.0684210104,0.12857147
0.0778331263,0.0819209172,0.0425,0.0313152087,0.217948814,0.0553845822,0.0743802182,0.111111171,0.0489038532,0.131379991,0.0350876618,0.0246406587,0.0972762805,0.0529301002,0.0694864854,0.0555556233,0.101851873,0.0642570208,0.197182923,0.175833266,0.0485436646,0.156565983,0.144927637,0.172619015,0.0383973615,0.135416216,0.081730734,0.299019655,0.028818406,0.0788590229,0.305466559,0.402140773,0.0411898966,0.353099782,0.0438871366,0.0547945337,0.0848057042,0.142608753,0.412048461,0.131428308,0.150602515,0.0529594188,0.118518365,0.0358974565,0.0456989141,0.190954697,0.472361521,0.239534998,0.0164728677,0.0304259878,0.0779895453,0.146667023,0.0378151366,0.0884519912,0.0524934964,0.300904972,0.0442104982,0.0417391041,0.0208816783,0.114622043,0.143162711,0.0460526157,0.0119760183,0.154901849,0.0830670725,0.554053733,0.26315797,0.104938229,0.020344332,0.185758482,0.190578201,0.224742372,0.210374439,0.30834917,0.248081338,0.0156005933,0.490926011,0.0888889393,0.0927420497,0.180920919,0.0907216555,0.228747993,0.0857142577,0.189621076,0.0717298206,0.0509804015,0.268134505,0.111888087,0.215054227,0.196687441,0.190265502,0.0766423177,0.383631626,0.107784403,0.22388051,0.155555181,0.241244762,0.0209895084,0.0790191892,0.140740783
0.0814676563,0.0805970324,0.0514139206,0.0278373009,0.241787207,0.0718953506,0.111111129,0.106537584,0.0571427994,0.147834243,0.0358744855,0.0268595295,0.0983606216,0.0476190081,0.0712074908,0.05,0.0953756766,0.05284552,0.209125125,0.172743224,0.0463917744,0.159707862,0.128318618,0.177018567,0.0424028096,0.144278765,0.082926794,0.29074896,0.037790737,0.0747331684,0.313530903,0.415430491,0.055023926,0.364640902,0.0443038122,0.0522647812,0.0671377665,0.155172451,0.410071701,0.121387238,0.125748305,0.0576368058,0.117408833,0.051282069,0.040462391,0.18478255,0.478224472,0.227956647,0.0191571375,0.0334645144,0.0808824024,0.145663191,0.0569105291,0.0800971153,0.0443864718,0.294252706,0.039748956,0.0474516885,0.0161290377,0.113408538,0.141593301,0.0464285751,0.0131894297,0.15196975,0.0766666876,0.529680671,0.292035591,0.0872483125,0.0288461113,0.162251639,0.214447326,0.212943289,0.221264218,0.328972003,0.242893968,0.0182094055,0.465973791,0.110236306,0.0916334216,0.175548362,0.0901288003,0.228995416,0.0862943538,0.206060482,0.082039912,0.0788381468,0.263888574,0.130325729,0.264705901,0.191579052,0.224389996,0.0789473842,0.39622619,0.127659626,0.21875,0.156626386,0.252,0.0257966371,0.0924855642,0.0992367169
0.0799231628,0.0788643457,0.0492228062,0.0315789166,0.26098223,0.0702340183,0.120879,0.101851881,0.0467290521,0.170756582,0.0256410095,0.0241228023,0.0772532317,0.0503018296,0.0727847696,0.0490955888,0.108695781,0.0603447969,0.240458045,0.184931853,0.0564102409,0.149193194,0.132478519,0.191222609,0.0419708166,0.139363919,0.0895522748,0.306383254,0.0461094737,0.0748662772,0.318996051,0.424242361,0.0548628666,0.334246696,0.0394736809,0.0405405616,0.078571407,0.150684968,0.41745273,0.112994225,0.113095299,0.0540540389,0.134453785,0.0531914739,0.0373831384,0.192307838,0.486417517,0.183444889,0.0171428537,0.0384616173,0.0833333942,0.126262996,0.0647773194,0.0884520073,0.0389610351,0.290022682,0.0338265993,0.0445378122,0.0155210433,0.116438317,0.140877651,0.0520446206,0.0139771577,0.15168561,0.0871079617,0.540178236,0.315068724,0.0748298596,0.0339257447,0.153024945,0.223255987,0.198704223,0.233137892,0.328493956,0.251989825,0.013615734,0.461770722,0.122950772,0.0769230477,0.167763393,0.0824052713,0.214882988,0.0882352744,0.207127009,0.0881721659,0.0875000543,0.253246747,0.140884154,0.269938449,0.20089272,0.26,0.0836652974,0.40922201,0.115384584,0.283581858,0.162420138,0.254166524,0.032305459,0.0802292017,0.102941195
0.0833332867,0.0846905493,0.0540540157,0.0262626026,0.292830965,0.0692040848,0.15116273,0.0712643679,0.0443548277,0.181,0.0283019204,0.0210772813,0.0792951362,0.0419847508,0.0882352409,0.036939283,0.134831481,0.0652174017,0.275000341,0.184693563,0.0744680798,0.136268464,0.129032347,0.180645073,0.0427184705,0.143541066,0.114486037,0.295833646,0.0542005533,0.0597539855,0.344202611,0.42571397,0.0617977615,0.330555673,0.0454545059,0.037414977,0.0962962979,0.171026239,0.443644911,0.129533715,0.0993789804,0.0659898226,0.147679333,0.0494505783,0.0226537507,0.203389807,0.485483583,0.162844524,0.015223602,0.0354477449,0.0742114445,0.126079509,0.0694979986,0.099526103,0.0384615285,0.321078727,0.0397351183,0.0490533453,0.0155555433,0.106022696,0.144186145,0.0501930085,0.0158940338,0.153025043,0.085106383,0.493392272,0.298076426,0.0735294885,0.0365449024,0.14233581,0.229698511,0.214127843,0.201470591,0.33422911,0.26145571,0.016344697,0.428571064,0.130434741,0.0893617871,0.176470452,0.0909089655,0.222128314,0.0863508601,0.20853084,0.102477444,0.104838711,0.252673987,0.153845812,0.314815017,0.205357193,0.237374123,0.0954545619,0.395770293,0.119047575,0.3125,0.184563904,0.264317035,0.0356611739,0.07692304,0.110294153
0.0754584475,0.0863787869,0.065340976,0.0340681795,0.319298344,0.0777026818,0.144578414,0.0612244851,0.0432990491,0.183006468,0.0239807997,0.0190023906,0.0701754461,0.0427509605,0.082191826,0.0273972667,0.152298836,0.0577777263,0.283897964,0.205696132,0.0892856743,0.119675453,0.127118575,0.207017371,0.0426829328,0.148148505,0.130536083,0.285156057,0.0547945719,0.0710571922,0.366935105,0.431487122,0.0607903167,0.298342164,0.0449438562,0.044303792,0.100000033,0.175868769,0.444180705,0.0932642127,0.0903224574,0.0696055747,0.147982049,0.0597014194,0.0222929618,0.21590908,0.50156516,0.153580116,0.0159176059,0.0358490075,0.0575815539,0.115716757,0.0846774526,0.113526596,0.0280111933,0.29925231,0.0291479583,0.0562282878,0.0182232215,0.0984943927,0.164677641,0.0415093891,0.0198863298,0.158075846,0.0926641133,0.466960364,0.286517366,0.0620155161,0.0439189512,0.120754788,0.222222321,0.211206674,0.203811911,0.361510528,0.26493525,0.0188679315,0.394578705,0.157407437,0.0878661351,0.168385205,0.0855855546,0.215797904,0.0953757334,0.192105616,0.106982006,0.107143029,0.226238062,0.165048293,0.3157892,0.23937365,0.234636569,0.102803742,0.384126952,0.112,0.338983302,0.187290745,0.255506822,0.0394736864,0.0722891392,0.11971816
0.0687409579,0.0787670789,0.0740740263,0.0299401623,0.340579772,0.0751633799,0.146067656,0.0473933667,0.0399999732,0.177676566,0.0209424042,0.0220588306,0.0601851452,0.0382513105,0.0881356141,0.023746665,0.164133686,0.0434782626,0.304545325,0.22295781,0.105555524,0.119246802,0.107981207,0.209737712,0.040080188,0.152224769,0.151724161,0.275861823,0.0574018434,0.0656934239,0.371900969,0.405027891,0.0679012909,0.298850431,0.0337552844,0.0529801495,0.099999885,0.182773329,0.441860507,0.0892018629,0.0955882322,0.0746607172,0.1317073,0.05,0.0205479633,0.219780121,0.494012091,0.132653343,0.0166358546,0.037453228,0.054,0.1095152,0.0846774417,0.12,0.0280899093,0.337875151,0.0302325491,0.0566202268,0.0209302229,0.0894869105,0.188725643,0.034615349,0.0218023541,0.149834522,0.0942623125,0.40888887,0.319767292,0.0416666446,0.0480275105,0.1260503,0.253926251,0.196832571,0.204545532,0.368030026,0.266839711,0.0150149982,0.379844819,0.133928467,0.115384513,0.146520094,0.0963303171,0.215000419,0.111764701,0.19946828,0.108888933,0.11740874,0.221763403,0.157894786,0.324138091,0.259523991,0.2375,0.112149581,0.380952383,0.103174615,0.354838442,0.230496777,0.234782847,0.0450582161,0.0740740948,0.12820515
0.0690440192,0.0798610417,0.0746268357,0.02929683,0.366050953,0.0668895654,0.122222161,0.0381860974,0.0293453923,0.168591334,0.02228417,0.0265060281,0.067632843,0.0436363443,0.092250986,0.0303867039,0.177215149,0.0392156933,0.336538555,0.231026558,0.104046281,0.115304096,0.102325611,0.221344014,0.0360721041,0.157767002,0.16812237,0.256,0.063444131,0.0564971823,0.373272111,0.418918561,0.0754099455,0.287974824,0.0486725664,0.0535116486,0.108949384,0.183807485,0.454138804,0.111607165,0.097561078,0.0907030844,0.131221704,0.055837501,0.0290908906,0.223463613,0.512301025,0.131817989,0.019248406,0.0281690007,0.0478927572,0.0936919781,0.102564041,0.115869028,0.0294985147,0.325966548,0.0352941184,0.0511264511,0.0236406722,0.0845958969,0.204030231,0.0366300089,0.0238095164,0.155537776,0.0875000554,0.382353078,0.348314462,0.0283018749,0.0611510159,0.14159292,0.265362761,0.188701632,0.208978703,0.37209287,0.257985072,0.0179641233,0.360265734,0.129310424,0.114537554,0.13358777,0.0875911647,0.208194272,0.137614684,0.209912842,0.107551436,0.127192998,0.232574758,0.151624553,0.3546096,0.287104749,0.230769372,0.11702125,0.39565262,0.0901638948,0.390625,0.248147862,0.226086931,0.0385174346,0.0696969488,0.130434883
0.0676516504,0.0869565304,0.0773809508,0.0353160072,0.379490654,0.0607142597,0.147727144,0.0314769797,0.022371386,0.174683619,0.0199430195,0.0395062207,0.0631068059,0.0413669037,0.0984252098,0.0245231833,0.173770525,0.0358974611,0.380710395,0.221956957,0.100591785,0.112798283,0.106382977,0.198347168,0.0350877293,0.163366075,0.163716961,0.261410888,0.0744337274,0.0543689424,0.446009461,0.434555113,0.0761245691,0.298304988,0.0669856341,0.0562914077,0.105882388,0.164414366,0.471092094,0.117647053,0.0789474011,0.0921660539,0.137777745,0.0490196425,0.0405904228,0.207650403,0.525714128,0.133640753,0.0239190738,0.0250417525,0.0373281104,0.0905587109,0.127753244,0.121212105,0.0366972241,0.331444574,0.0365852994,0.056985326,0.0199501538,0.0823530252,0.209068122,0.0494699746,0.016638917,0.144,0.086363625,0.346154082,0.367021137,0.0425532255,0.0582706942,0.161290348,0.283132537,0.188208546,0.213636301,0.416342533,0.275434168,0.0168195429,0.376866068,0.102362154,0.117646919,0.125,0.0862534278,0.200174682,0.125806447,0.202984861,0.111111166,0.105022789,0.242357911,0.139860085,0.33587785,0.314356658,0.231884202,0.122222174,0.369159141,0.0932203595,0.418918626,0.288617944,0.208888922,0.0393012955,0.060897411,0.174418667
0.0655340003,0.078231204,0.062686547,0.0311891131,0.39399266,0.0804195586,0.163043584,0.0290556935,0.0290828164,0.159891707,0.0212120996,0.0368549926,0.0604651358,0.029143886,0.106995887,0.0233160284,0.162544151,0.0388889286,0.391304482,0.251898607,0.109090866,0.115384541,0.101063695,0.188461616,0.0328185162,0.157106865,0.172727166,0.256302579,0.0716722835,0.0531697672,0.473933499,0.460674054,0.0827586594,0.294339843,0.0865385316,0.0544217746,0.106837476,0.158139424,0.467078186,0.124999913,0.129629624,0.0870646713,0.117117146,0.0637254719,0.0542635929,0.206349247,0.53146858,0.152744802,0.030754927,0.0234899107,0.0326086765,0.083333375,0.114678814,0.101562452,0.0306748215,0.336336353,0.0451128165,0.0557621145,0.0260416791,0.0890956963,0.202072509,0.0491227829,0.0154639072,0.147920268,0.095237979,0.310502744,0.3605773,0.06666656,0.0591837063,0.166666648,0.330159019,0.187224855,0.239549725,0.419291506,0.2950393,0.016129004,0.376736095,0.100719364,0.123893825,0.137651885,0.0906515092,0.19807976,0.124567514,0.183333657,0.102296436,0.0707964814,0.246606357,0.117647113,0.350746074,0.322034184,0.229007411,0.163636344,0.368421222,0.099999926,0.365854183,0.329364986,0.24365485,0.0385163423,0.0528052505,0.184971059
0.0582362838,0.0766772631,0.0573248858,0.0324427717,0.412545327,0.0921986,0.1720432,0.024813901,0.0246636512,0.161383229,0.0177514818,0.0357142843,0.0769231223,0.0265486516,0.118110219,0.0265251973,0.142322106,0.0310881187,0.372092833,0.268929389,0.120805225,0.10091744,0.0919541115,0.196911065,0.0276679356,0.146096074,0.170454544,0.253393323,0.0636042217,0.0508849888,0.527027026,0.507102184,0.0982456787,0.282868788,0.102040764,0.0459364049,0.123853193,0.138372112,0.480988411,0.133858339,0.149122804,0.0807292116,0.120370444,0.0648148281,0.059829017,0.206349243,0.547819856,0.154023288,0.0374771545,0.0184563627,0.0328685345,0.084008109,0.118483322,0.096952858,0.0381231481,0.316922696,0.0467532091,0.0611111121,0.0247933731,0.103641321,0.201946421,0.0545454475,0.0142602386,0.134848469,0.0746268312,0.307692302,0.36,0.0681817477,0.0606694712,0.159793763,0.362744797,0.182844119,0.249134763,0.418651,0.282383391,0.0168634073,0.368948305,0.0992907603,0.111111052,0.144681157,0.105263305,0.19909874,0.128113948,0.183390682,0.092077126,0.0521739464,0.24442701,0.102893867,0.336065665,0.347188366,0.26119413,0.191616756,0.366197256,0.109375,0.380434724,0.343891235,0.267759708,0.0371960237,0.0647249665,0.2277778
0.063356141,0.0891720739,0.0408804277,0.0371819918,0.414043898,0.098901016,0.184782945,0.0275,0.0209302284,0.152298705,0.0244648239,0.0413222959,0.075,0.023465687,0.117870691,0.0243242939,0.131782934,0.0372339907,0.339285954,0.271317697,0.111841966,0.10416654,0.0882352559,0.181818189,0.0281689696,0.135897408,0.161369116,0.301435137,0.0842913099,0.0593607276,0.548837267,0.554217005,0.0965518138,0.283951021,0.131578982,0.0461538086,0.120535714,0.124999921,0.462365576,0.125000106,0.168141664,0.0716179786,0.130434852,0.0821917803,0.0553191932,0.182291641,0.572842924,0.136364019,0.0477477367,0.0150250553,0.023,0.0786852205,0.113636233,0.0991253135,0.0425531896,0.314935053,0.044198861,0.0681382089,0.0304877988,0.112010909,0.198232121,0.0509091089,0.0167504023,0.135384641,0.0810810789,0.258883195,0.34,0.060241,0.060737583,0.171717253,0.397306358,0.18008442,0.281786946,0.412175597,0.288311519,0.0180831964,0.385833005,0.0942029849,0.102880615,0.1409091,0.102236499,0.204373126,0.12452827,0.199275712,0.080246932,0.0504587872,0.246511576,0.108626243,0.295651833,0.370843896,0.272,0.230263062,0.36714949,0.121951336,0.352941268,0.345,0.291428631,0.0331950377,0.06875,0.256684683
0.0633802465,0.0783699902,0.0408163192,0.0314960346,0.421020502,0.109375073,0.156862649,0.031168834,0.0211267762,0.14540053,0.0327381044,0.0403225581,0.0740740681,0.0180831852,0.139785013,0.0239361436,0.111110997,0.0406091332,0.348101236,0.272479904,0.132867149,0.109523791,0.0924855361,0.174273831,0.0269749276,0.131805187,0.144303791,0.317708369,0.106383094,0.0575,0.565611039,0.60061939,0.104529538,0.292792512,0.15053754,0.0468750336,0.107476643,0.119700693,0.458333328,0.132478553,0.189655134,0.0765027753,0.133663409,0.0849056396,0.0657894175,0.194312725,0.593123248,0.135593489,0.0615521993,0.0185497474,0.024177966,0.0784113584,0.111627983,0.102102013,0.0392156561,0.331168608,0.0429799573,0.069358184,0.0324675249,0.118852371,0.197969663,0.0470588071,0.0170648297,0.145608716,0.0777777969,0.253968245,0.302325645,0.0945944905,0.0552996011,0.181318986,0.418181645,0.187110081,0.29010246,0.419149033,0.270195063,0.021526406,0.383096657,0.122448841,0.0983606141,0.142857193,0.0977197428,0.225869009,0.136363613,0.219512333,0.0862422469,0.0372092979,0.274061693,0.105421718,0.319672041,0.345864135,0.264462729,0.22916696,0.365384612,0.118518478,0.351351328,0.366279211,0.331325667,0.0291261814,0.0648148122,0.25380673
0.0555556006,0.0681115234,0.041509412,0.0359282075,0.425186527,0.099567024,0.173076917,0.0358126421,0.0142180126,0.15,0.0353981944,0.0494505234,0.0773479924,0.0186916037,0.152777879,0.0211640182,0.0859728913,0.0461538634,0.326388989,0.249291725,0.161764885,0.113300525,0.089385432,0.15789461,0.0276679242,0.10461536,0.147632467,0.362694046,0.115942101,0.0707071173,0.633928797,0.650307149,0.0945454232,0.27941162,0.177778215,0.0355731353,0.113207519,0.112271541,0.455371968,0.127659579,0.192307647,0.0591549177,0.137931132,0.103092784,0.0744186327,0.21,0.597733725,0.121693495,0.0737846825,0.0199275044,0.0259615527,0.0685653529,0.102222154,0.116666756,0.05,0.343042129,0.0388350005,0.0653594467,0.0331125977,0.135988604,0.201044535,0.0458015073,0.0147540663,0.152276501,0.0745341657,0.234042498,0.279816164,0.169014085,0.0439814254,0.174157722,0.445283269,0.203030057,0.318339406,0.410256298,0.266667027,0.0224489896,0.387597378,0.140939602,0.115226287,0.165775442,0.0862069143,0.229083261,0.151639373,0.259912251,0.0909090364,0.0469483659,0.285950822,0.0994153059,0.306722375,0.349367013,0.249999883,0.258993087,0.357142846,0.117187441,0.345132232,0.358490668,0.368420889,0.0265878344,0.0598802129,0.275
0.0505836622,0.0645162126,0.0325203167,0.03519663,0.421995016,0.115384648,0.165048667,0.0401069604,0.0194647105,0.170068099,0.0438596818,0.0505618124,0.0867052,0.0181086508,0.151898722,0.0197531028,0.0844444422,0.0585106559,0.293332986,0.243243052,0.20895515,0.135922355,0.0984455508,0.146666639,0.0237581181,0.0869564513,0.167155367,0.43010759,0.142076577,0.0727762706,0.647286498,0.708708989,0.0948904882,0.270408309,0.210810539,0.0379746756,0.108910994,0.113756525,0.430214732,0.133027613,0.20155056,0.0514285807,0.164102533,0.131428651,0.0669856479,0.217391149,0.624123525,0.109625641,0.0832617472,0.022222202,0.0273972645,0.0615866083,0.0816326794,0.115384498,0.0614887597,0.353697591,0.0275862206,0.0707316173,0.040293008,0.153954584,0.195592392,0.0474452891,0.0136986366,0.147798531,0.0866666462,0.30102063,0.269058669,0.212120979,0.035128773,0.170588159,0.473076745,0.210937809,0.307971131,0.408988776,0.268253599,0.0279570303,0.415887947,0.138364728,0.12831867,0.152046742,0.0736841626,0.235537086,0.177272622,0.237668251,0.09,0.0518868246,0.314009729,0.119186086,0.317391223,0.349726724,0.227272893,0.297101719,0.355450134,0.105263179,0.338983087,0.324138122,0.380000374,0.0225225081,0.0570570126,0.289473685
0.0501043815,0.0634441881,0.0238094995,0.03854395,0.432614409,0.12299472,0.190909061,0.0432432135,0.0284237834,0.149819388,0.0467032595,0.0537312914,0.079754504,0.0157171225,0.155737674,0.0216867643,0.102325507,0.0641710729,0.306666804,0.217665685,0.210526084,0.13959391,0.0833333817,0.146118794,0.0295454765,0.0777384692,0.163636407,0.518134567,0.150838037,0.0891364292,0.630350513,0.741840141,0.0845588214,0.229665135,0.230768992,0.0326530366,0.108247433,0.107871684,0.397510879,0.126213571,0.18939392,0.03846159,0.227052975,0.134078225,0.0585365941,0.21505378,0.614731069,0.0939225856,0.0846878034,0.0169811168,0.0236220165,0.0606695348,0.0614754089,0.120567448,0.0807016785,0.391025431,0.0218978289,0.0788803621,0.0431372609,0.156976391,0.199445634,0.0498084859,0.0179856022,0.189189243,0.0921986,0.321782176,0.237499888,0.206349186,0.0297482802,0.160919979,0.459364398,0.223077008,0.317857119,0.413953992,0.235202183,0.0372092767,0.429007811,0.17532441,0.128440435,0.16666657,0.0777385046,0.221991653,0.17924524,0.248780325,0.0833332667,0.0467289669,0.333895707,0.108635115,0.354166822,0.372832489,0.254902121,0.303029973,0.349753427,0.119403103,0.388429632,0.299212349,0.355704304,0.0206022145,0.0656715831,0.288660165
0.0520362314,0.066860502,0.0265486922,0.0389609996,0.417462071,0.132075459,0.18260875,0.0485175746,0.0269542003,0.173584992,0.0453333246,0.0543131122,0.0754716851,0.0118576866,0.151612824,0.0294784512,0.121621643,0.0594059912,0.314685088,0.226229603,0.257142886,0.134663447,0.0917874861,0.136585398,0.0285087722,0.0856032086,0.180379941,0.516128663,0.194630913,0.103352014,0.658181952,0.77142861,0.0594795597,0.208955211,0.25668436,0.028455276,0.0979380847,0.0952380686,0.377304936,0.1413612,0.179487135,0.0309597814,0.27397235,0.149700489,0.0804021531,0.232142926,0.624277468,0.0920245604,0.0962706811,0.0194175052,0.0297619084,0.0529531232,0.0410447682,0.136690593,0.10150378,0.396923208,0.0222222031,0.0844686758,0.036585349,0.170305851,0.210526587,0.0444444264,0.0189983185,0.2070112,0.127819651,0.338308378,0.224,0.271186502,0.0308369691,0.15343905,0.465277975,0.234732495,0.321167792,0.395061959,0.220968057,0.0452260316,0.453249203,0.191358124,0.140096618,0.165643796,0.0694980093,0.243951769,0.179104405,0.247422413,0.0840162997,0.044776069,0.371133449,0.121212079,0.366141434,0.383435019,0.268041193,0.346773784,0.336633997,0.13432837,0.374999966,0.297520427,0.381817853,0.0289855313,0.0662459789,0.29
0.0497630244,0.0662460289,0.0195122029,0.0402684305,0.40952985,0.138685998,0.180327792,0.0531645921,0.0384615227,0.153526954,0.0483460592,0.0673400212,0.0758621038,0.0117646894,0.146875,0.0292792764,0.150684739,0.0677083127,0.315789684,0.209059226,0.241610939,0.13049092,0.0961539198,0.125628186,0.0228832906,0.086497933,0.198738056,0.550264498,0.264705856,0.122092971,0.663003627,0.799410122,0.0474453071,0.196078555,0.269230485,0.0238095138,0.0962567169,0.100609782,0.368531789,0.140449548,0.190082681,0.0373831192,0.336585699,0.149700591,0.0876288667,0.246987901,0.635964599,0.0983049805,0.106126021,0.024691346,0.0329217884,0.044921929,0.0347222194,0.141844,0.112903256,0.421686705,0.0190114084,0.0818713108,0.0432900083,0.170731903,0.216867398,0.0433071442,0.022569418,0.237930881,0.156250078,0.365384914,0.229629682,0.307692469,0.0181405809,0.178947708,0.449477234,0.256654019,0.333333437,0.336363673,0.220538799,0.046195596,0.484127359,0.184971055,0.145833314,0.15032677,0.0570341983,0.254132459,0.187165855,0.231527536,0.0766045813,0.0591398039,0.395764659,0.122562699,0.393700851,0.40384632,0.304878109,0.338709376,0.362745487,0.125925887,0.436507755,0.231481515,0.3875,0.0321488952,0.0686274033,0.317460425
0.0375,0.0707070165,0.0202020188,0.0399999888,0.39886014,0.144067854,0.186046582,0.0433673374,0.0378378504,0.145922771,0.0489691192,0.0613718707,0.101449338,0.0116054336,0.154605234,0.0413043273,0.172897273,0.066666674,0.355371878,0.20279741,0.224242432,0.138157782,0.101449308,0.129729717,0.0294784085,0.0714286193,0.215946754,0.545212577,0.244755101,0.145299077,0.650684753,0.814158987,0.0486891425,0.16494842,0.294118035,0.0330578542,0.09259259,0.0922189636,0.355430185,0.13714277,0.201550375,0.0375,0.402985171,0.141242926,0.0773196201,0.257484691,0.633576611,0.0960854158,0.106893468,0.0231092326,0.0323232094,0.0527383842,0.0468227584,0.126353955,0.143968907,0.4670659,0.0199202922,0.096969677,0.0506912335,0.184691981,0.213836808,0.0511811415,0.0210157444,0.252669153,0.178294436,0.38341967,0.24230769,0.282608613,0.0119331599,0.168420695,0.447653682,0.279245576,0.370370008,0.299472233,0.214285613,0.0459769625,0.48709688,0.192090434,0.175824096,0.176100581,0.0466926187,0.262582093,0.192771081,0.248756523,0.0644444386,0.0681818768,0.42499995,0.118694369,0.427419229,0.40397323,0.305555694,0.405172748,0.371287541,0.160583953,0.49285663,0.236842107,0.412121592,0.0372882109,0.0671139811,0.33522726
0.0265252196,0.0490195878,0.0222222218,0.0417754308,0.396017451,0.144330143,0.18897641,0.0400000052,0.0382513638,0.154184942,0.0375335472,0.0647482072,0.1203008,0.0176817541,0.178571376,0.0523012552,0.175355361,0.0642202407,0.439024755,0.216417723,0.237179426,0.125994682,0.0943396585,0.132978723,0.0240385114,0.0672645349,0.19677419,0.515625003,0.240875944,0.182352977,0.684210258,0.836419988,0.045112791,0.144927503,0.274510181,0.036144541,0.0884352894,0.098159417,0.344632874,0.154838683,0.239669167,0.0358208553,0.481865241,0.101604257,0.0989583266,0.323170963,0.6265625,0.0880280739,0.11096257,0.0253164259,0.0301810485,0.0436508326,0.0362537768,0.120274978,0.184905635,0.467492145,0.026785726,0.0877743283,0.0567011125,0.175559505,0.247557238,0.0814813552,0.0232558212,0.256855888,0.190839616,0.399038736,0.221453688,0.3333333,0.0244498895,0.159091225,0.456445827,0.284386523,0.3826367,0.28746641,0.232638928,0.0526316432,0.50488617,0.162011096,0.16666663,0.180723246,0.048979605,0.25991208,0.204081784,0.241860144,0.0558140601,0.0782123317,0.437197831,0.113207495,0.483333185,0.410423203,0.353846212,0.471074376,0.403061234,0.194444471,0.529850411,0.240740782,0.416666573,0.0420315234,0.0772059156,0.352201382
0.0291777305,0.0398671136,0.0164835287,0.0505617513,0.380152976,0.15116273,0.190140767,0.0340314,0.0381231672,0.14529909,0.0265700621,0.0760456119,0.1376812,0.0204499123,0.193442628,0.0576539875,0.167512857,0.0608695781,0.474576576,0.202797105,0.204968863,0.116000098,0.0966183987,0.118721442,0.0337349613,0.0853080139,0.202020254,0.478260945,0.246153701,0.16816817,0.718954625,0.83125,0.0454545,0.158654073,0.277419581,0.0376569075,0.0921986369,0.082802537,0.355371759,0.143835574,0.24107178,0.0338461776,0.510309386,0.0962566888,0.116402073,0.354651184,0.646666832,0.0984848423,0.113411429,0.0337552483,0.0331262587,0.0389863075,0.0363128693,0.106164446,0.212230305,0.473684076,0.0330188365,0.0870968435,0.0680628272,0.151570888,0.262136063,0.0824372304,0.0234656873,0.248188579,0.179104437,0.425120601,0.219672227,0.282051254,0.0277777592,0.170731993,0.430976428,0.265917794,0.365384599,0.275139716,0.231617654,0.0573476771,0.514960814,0.211956401,0.153846183,0.154321116,0.0557940001,0.25704975,0.203125,0.242152741,0.0516796345,0.0853658349,0.458333094,0.11805561,0.513761682,0.427609491,0.353845742,0.48031494,0.398009646,0.192053002,0.57142842,0.242424294,0.403314672,0.0487395171,0.0898876688,0.337662526
0.0228571077,0.0385964762,0.0361445783,0.0470588235,0.362852956,0.197530941,0.191780857,0.0291005181,0.0460122507,0.145374466,0.0207852329,0.07287444,0.1654136,0.0206611938,0.192439906,0.0549133552,0.178571311,0.0517241169,0.45762728,0.204082052,0.188679099,0.104738171,0.085,0.132780083,0.0475059591,0.084507022,0.180645157,0.446009622,0.255474479,0.186915923,0.745928623,0.853896035,0.0342205378,0.175675477,0.291666847,0.0308370164,0.115384547,0.0869564826,0.376586744,0.172185471,0.277778026,0.0477706337,0.542288906,0.0815217249,0.114678902,0.428571366,0.64642255,0.100385999,0.126588016,0.0390804793,0.0395832759,0.0355029315,0.0372340138,0.0906039345,0.206642107,0.440993841,0.0261780052,0.0810811697,0.0543478065,0.152438922,0.269624542,0.0836363024,0.0176367042,0.244898229,0.1631206,0.435406571,0.219436009,0.30303007,0.0326633144,0.192053091,0.441379515,0.282846534,0.383900615,0.257267201,0.258427038,0.0555555183,0.512235109,0.213483192,0.136690684,0.1625,0.0510638841,0.24324343,0.191666588,0.227907013,0.0483871574,0.0714285557,0.476299771,0.114942589,0.515789797,0.425248811,0.328125,0.488,0.42051305,0.267081144,0.553956639,0.24,0.393258059,0.0551839132,0.101214551,0.358620789
0.0365853351,0.0353357184,0.0308641864,0.0440251375,0.359155187,0.208333583,0.189189089,0.0359897004,0.0575079689,0.162162086,0.0177777495,0.0663900345,0.192307602,0.0251572588,0.180555526,0.0525251989,0.187499689,0.0468085431,0.448275682,0.199646768,0.142011788,0.0825,0.0947368552,0.141790976,0.0502512775,0.0744187105,0.179245481,0.412322425,0.298387194,0.20454537,0.770000362,0.866883089,0.0271318022,0.137500044,0.302817111,0.0330188521,0.134453675,0.0937499881,0.381766371,0.169811329,0.278846315,0.0493420672,0.584269308,0.0706521332,0.102459039,0.439560721,0.662074623,0.122137395,0.139857056,0.040302246,0.0399999676,0.0374015468,0.0376343599,0.073578565,0.188153365,0.4390242,0.0233918047,0.0760869208,0.0529411526,0.147058631,0.29012312,0.0783582491,0.0194345883,0.248077209,0.16666677,0.423076618,0.202492042,0.257142829,0.0358974326,0.23943662,0.471630864,0.27633834,0.387820853,0.250000085,0.309160031,0.0700389245,0.504118957,0.213872518,0.175572535,0.153846154,0.0588235282,0.25612464,0.237623996,0.23148194,0.0421349102,0.0676691323,0.480320797,0.123456908,0.512819997,0.430463611,0.318841013,0.513042981,0.45,0.26436797,0.594405594,0.284210485,0.382022115,0.0524534573,0.10964907,0.366197408
0.0414012579,0.0355871993,0.030120512,0.0406779718,0.335453376,0.250000225,0.195205546,0.0366492147,0.0488599586,0.166666495,0.0125522987,0.0723982068,0.215827018,0.0421285423,0.181159421,0.051867175,0.175257704,0.0524017452,0.4423077,0.207317048,0.113772321,0.07389167,0.0879120486,0.142856829,0.0530303486,0.0695067232,0.187878425,0.376190558,0.338461772,0.222222344,0.782608843,0.865771948,0.0229885228,0.141025658,0.333333347,0.0366972773,0.135135035,0.100334478,0.401697277,0.16556284,0.32,0.0599999668,0.60000005,0.0628571711,0.104417648,0.49746176,0.700000263,0.137931154,0.154424576,0.03825136,0.0399159216,0.040241526,0.0467033133,0.0396039491,0.17132863,0.42813449,0.0370370881,0.0627306499,0.0625,0.14978008,0.300613197,0.0757576261,0.0235081622,0.240594283,0.145833338,0.441748029,0.198757407,0.318181864,0.0441988498,0.269736467,0.464789003,0.253401169,0.383606542,0.261261069,0.31203,0.0769230085,0.497409144,0.217391479,0.186991773,0.151079081,0.0851064349,0.236673803,0.268817346,0.230769148,0.0331325261,0.0833333108,0.479591355,0.112970711,0.493826656,0.409240893,0.328358337,0.532710694,0.436893024,0.304347733,0.626760299,0.354838871,0.377142703,0.0490693536,0.111607233,0.340909194
0.0465116437,0.0318021201,0.0337079342,0.036629996,0.331179141,0.238095329,0.19230775,0.035422372,0.0524590126,0.173076729,0.00628931811,0.105504531,0.264285767,0.0472973069,0.157706092,0.044052801,0.153005406,0.0585585423,0.445544449,0.206093236,0.0955414741,0.0567900771,0.103030218,0.153061302,0.0518518771,0.0594262766,0.218023652,0.39631307,0.351562324,0.219424482,0.78616392,0.882352867,0.0262172369,0.122881379,0.368,0.0403586975,0.15957442,0.108013867,0.425107275,0.184210509,0.343434343,0.0549828565,0.624204092,0.0655738321,0.0980393388,0.53030304,0.684708313,0.135135086,0.161996122,0.0443787151,0.0504587522,0.0466531907,0.0516303771,0.0273972679,0.157894683,0.415384207,0.0416666483,0.0534351288,0.0728476742,0.16818224,0.288629487,0.0653061411,0.0293577785,0.234714219,0.16107379,0.415384839,0.19879538,0.285714429,0.0476191052,0.236641563,0.489932651,0.239130319,0.38187708,0.255452018,0.333333317,0.0590908852,0.505172658,0.222222244,0.196969723,0.151079128,0.133333266,0.222943503,0.297872181,0.206730358,0.0268656623,0.0847457973,0.477071633,0.104545399,0.519480468,0.406249745,0.269841,0.5773191,0.432989656,0.297872246,0.631944502,0.374999887,0.444444228,0.0521885659,0.108374383,0.362903333
0.0479452515,0.0267558229,0.0340908705,0.0387597151,0.307565595,0.244444447,0.1804512,0.0396600313,0.0604026278,0.169014035,0.00779727977,0.120772981,0.291044552,0.0448113409,0.15287768,0.0464548125,0.168539766,0.0558138842,0.420454368,0.199634022,0.0838708917,0.0467980113,0.126582229,0.163461743,0.0555555328,0.0711111313,0.208210873,0.384615122,0.342592589,0.204301015,0.790697419,0.888086635,0.0386100277,0.103448158,0.375000196,0.0358744186,0.181817891,0.12075474,0.434565811,0.191082875,0.32,0.0640569787,0.648648978,0.0631578573,0.089494115,0.525,0.678694213,0.145669242,0.165654447,0.0445104249,0.0452380518,0.0676229322,0.060846506,0.0261193918,0.146964963,0.41337423,0.0601504,0.0538461489,0.0674846204,0.176071964,0.307453586,0.0557940346,0.0295202893,0.226262298,0.174825281,0.44878052,0.201754737,0.274509792,0.0582524165,0.274193767,0.514657802,0.237623753,0.406779722,0.234177419,0.349019811,0.0469483673,0.502682808,0.223404266,0.219696874,0.174603159,0.130434892,0.213982932,0.376470364,0.21319766,0.0240240066,0.0707964982,0.482628529,0.0961538483,0.493826858,0.424137951,0.245901874,0.58620679,0.427861079,0.317204509,0.646666495,0.431578545,0.487804808,0.0434782452,0.133333213,0.388430003
0.0594405117,0.0384615308,0.045,0.0504201259,0.318038328,0.337209233,0.175182546,0.0542169001,0.0524474774,0.173709039,0.00759011704,0.12380945,0.333333393,0.0473815829,0.135826797,0.0403022831,0.189348937,0.0637254328,0.383561553,0.180970205,0.0684931805,0.036674852,0.114649779,0.179566727,0.050531829,0.0666666707,0.222840933,0.405857413,0.378640806,0.224637691,0.759449984,0.881118846,0.0386100085,0.124,0.376068399,0.049999962,0.19999984,0.138888923,0.445964348,0.190789414,0.353535283,0.0745098612,0.732394556,0.0641711244,0.0731707341,0.547263957,0.692578975,0.128301867,0.17061419,0.0553746,0.0338164386,0.0844155,0.0813009336,0.0303030552,0.126623253,0.416404088,0.0727272436,0.0495867645,0.0709676834,0.195899677,0.318612167,0.0483092139,0.0282846876,0.232604114,0.179487219,0.423963187,0.206128044,0.245614226,0.0606060358,0.302521157,0.557755879,0.228070436,0.418251218,0.239057071,0.356589042,0.0564102352,0.490909097,0.251337099,0.244603942,0.157894883,0.131818169,0.203703707,0.405063681,0.225130535,0.021671868,0.0679611542,0.477578067,0.0754716755,0.478873261,0.444029776,0.241379103,0.615384592,0.419689269,0.307692738,0.668789804,0.449438126,0.522988002,0.0430622247,0.13775519,0.438596474
0.0606060545,0.0418118542,0.0328638718,0.0547944789,0.316456062,0.386363416,0.202797336,0.0570570189,0.062962905,0.183962277,0.00729928124,0.12500005,0.371681001,0.0466320963,0.129629685,0.0367454445,0.232704567,0.08,0.34375,0.169387585,0.0661764853,0.0292792539,0.13380286,0.186335307,0.0456988581,0.0721650239,0.242021011,0.423076758,0.4,0.22262741,0.75257759,0.888086569,0.0393700621,0.12449793,0.373832058,0.0474137504,0.236111229,0.15853643,0.439089916,0.18709675,0.330188493,0.086580027,0.712229947,0.0625000144,0.0650406392,0.536945485,0.687728528,0.11397055,0.174080535,0.0604026182,0.0406091237,0.0997782061,0.0845070169,0.0383141716,0.101910841,0.415335493,0.0841121811,0.0472103017,0.0838708834,0.207524504,0.304761869,0.0443349658,0.0322283303,0.227722733,0.246031877,0.423445178,0.249343663,0.203125,0.0470588234,0.359648752,0.566433629,0.230000005,0.466912077,0.250000088,0.380596793,0.0640393772,0.493577876,0.234042818,0.255319251,0.158415924,0.148325382,0.205284527,0.407407452,0.182795778,0.0294118029,0.076190467,0.468702041,0.0563380165,0.507042,0.442804729,0.253968,0.578125,0.436842232,0.348837391,0.678571211,0.494623301,0.567251252,0.0379146955,0.116504774,0.472222354
0.0763359008,0.0544217691,0.0368663458,0.062499985,0.322950465,0.406249866,0.220588087,0.0634920378,0.0798478679,0.197969568,0.00507614706,0.127167656,0.322916571,0.0478589911,0.155172408,0.0401069604,0.239263435,0.0816326878,0.431034926,0.172916671,0.0575539465,0.0183066329,0.126666635,0.160120998,0.0473538105,0.0601093772,0.263440922,0.426724506,0.40229908,0.27017526,0.728624848,0.895522405,0.0414937659,0.125505983,0.352380857,0.0307017223,0.241379334,0.156862731,0.446527233,0.147651079,0.336633765,0.0896860155,0.719696978,0.0615384778,0.0680851355,0.524038456,0.695488852,0.113553098,0.171452933,0.0582191751,0.0457142635,0.125295624,0.0858725474,0.050000063,0.106349136,0.433962116,0.0775862554,0.0552995039,0.0816325363,0.207505782,0.301324417,0.0622010269,0.0342051863,0.22665365,0.277778022,0.456853181,0.246753193,0.253521127,0.0500000185,0.383333255,0.584558938,0.237373887,0.480620586,0.239583507,0.379061282,0.0784313302,0.477669708,0.200000016,0.286764668,0.136842023,0.155779077,0.207039299,0.457831263,0.236559139,0.0340557658,0.0594059614,0.487538267,0.0490195855,0.536231739,0.47202776,0.28125,0.542373163,0.418848284,0.317365538,0.731843267,0.564814626,0.601190533,0.0372093193,0.11483252,0.521008277
0.0852712874,0.0476190733,0.0403586948,0.0582524324,0.339342305,0.406249734,0.241935365,0.0577507727,0.0938774746,0.202186049,0.00485436034,0.136094731,0.314285612,0.0399002844,0.184210431,0.0388889226,0.275,0.079365124,0.454545609,0.182772964,0.059701591,0.0163170242,0.113475109,0.16095033,0.0471976094,0.074074103,0.264864805,0.427928177,0.380952529,0.280277051,0.703703484,0.908424992,0.0401785379,0.155172143,0.32258071,0.0438596208,0.19565198,0.190476164,0.444444481,0.13513508,0.336134609,0.0966184361,0.7295083,0.0666666393,0.0514018404,0.517766321,0.690839995,0.104417695,0.162640034,0.0692041274,0.0512048526,0.13759217,0.099722882,0.0647773773,0.130840979,0.435736745,0.108333425,0.066666684,0.109488947,0.195842797,0.286207009,0.095693778,0.0371901583,0.232741225,0.318182202,0.437837564,0.265789166,0.2209301,0.0588235894,0.369747865,0.582455802,0.241438524,0.501872639,0.236559326,0.342465665,0.114285696,0.483234262,0.197916777,0.302158023,0.117021323,0.177419298,0.208602182,0.439024388,0.282828043,0.0365853541,0.0645161613,0.490983636,0.045,0.530864381,0.488448784,0.271428927,0.555555411,0.395722164,0.33333348,0.734104077,0.554545087,0.627219273,0.0334395384,0.113744048,0.552
0.0896859536,0.0590277681,0.040178606,0.0691489673,0.358172849,0.35869537,0.237704922,0.0707692388,0.114537556,0.213017608,0.0109890121,0.140243863,0.326732544,0.0373134398,0.160550479,0.0362117148,0.301886718,0.0864864005,0.407407426,0.176211569,0.0620155625,0.0202531782,0.125000125,0.1575,0.0507461973,0.07692304,0.289693729,0.45045023,0.404762083,0.312281091,0.691176496,0.925650596,0.0410958673,0.159817376,0.277777694,0.0478261185,0.244444176,0.214285644,0.450980365,0.114093876,0.346456928,0.0809522911,0.75454537,0.0793650521,0.0480769328,0.493975648,0.674463561,0.111570221,0.160185693,0.0778985314,0.0449101639,0.1425,0.111428537,0.0772532586,0.149152629,0.426379995,0.108695852,0.0670391609,0.123076891,0.190265848,0.308243607,0.113207447,0.0327868984,0.215,0.35,0.411428778,0.292134978,0.256097405,0.0725388174,0.365079653,0.622301752,0.274086661,0.52788127,0.253787958,0.347973094,0.118942697,0.477227653,0.178010471,0.315436303,0.116278965,0.192090353,0.189616174,0.482352752,0.324607,0.041543045,0.0641024615,0.49148178,0.0483092174,0.554053932,0.514195606,0.2567565,0.543859626,0.362573364,0.307228885,0.72839507,0.576270803,0.645349042,0.0316456066,0.0925925433,0.576271165
0.101449261,0.0677966041,0.0482455617,0.0659898904,0.381289,0.32967033,0.257142407,0.0680472891,0.123287483,0.253164382,0.0150375913,0.115606942,0.32,0.0221130414,0.155172769,0.0358126421,0.335765964,0.0800000832,0.395833037,0.180257133,0.0583941086,0.0181818291,0.129032199,0.150115088,0.0436137065,0.099999978,0.3031159,0.511848363,0.402439163,0.334532999,0.669039438,0.9398496,0.046511647,0.160194054,0.227272464,0.0663716732,0.297297378,0.215139388,0.440903073,0.0833333667,0.357723986,0.094527259,0.724489755,0.0975608956,0.0386474,0.483443384,0.65422392,0.133047196,0.174528442,0.0690908672,0.0454545327,0.124681996,0.110465156,0.0752212591,0.169014062,0.445140866,0.0952380952,0.0914286505,0.106557284,0.19205959,0.299638873,0.113207476,0.0343433952,0.224551034,0.373626374,0.434523527,0.325714039,0.2235293,0.11049716,0.343511757,0.623134185,0.297161899,0.518657185,0.264925224,0.35531106,0.133333307,0.495107565,0.141414003,0.32413805,0.105882268,0.19999986,0.201162734,0.481012659,0.380952029,0.041297916,0.0886074354,0.466964078,0.0576923008,0.519480412,0.544025293,0.3421051,0.46,0.349397655,0.280701958,0.726190646,0.635593024,0.649123055,0.0311526293,0.0909090064,0.585185082
0.116751289,0.0751633465,0.0491071153,0.0564103218,0.409582296,0.303370548,0.242990573,0.0734463303,0.1348838,0.25974013,0.013473097,0.117318458,0.323529497,0.0283019342,0.189654789,0.0373333459,0.318518322,0.0813954477,0.36,0.172566281,0.0592592874,0.0332408968,0.111111109,0.160997551,0.0380952402,0.0944880841,0.321212152,0.542288567,0.44871819,0.360294059,0.649819607,0.954710124,0.0572916529,0.155440419,0.205882341,0.0666666367,0.322580929,0.221790033,0.442359415,0.0844156469,0.377049431,0.0923076872,0.717647228,0.101910958,0.0391061824,0.51798566,0.642,0.14847152,0.171835977,0.0774908119,0.04347825,0.129380082,0.109034267,0.0642201292,0.176678382,0.442196433,0.077464769,0.106508769,0.115702402,0.181529007,0.321032818,0.116504872,0.0342742114,0.226720688,0.365853539,0.453987407,0.33727815,0.2117646,0.114457831,0.36220427,0.605072125,0.298333013,0.521897888,0.257462907,0.35763866,0.127659658,0.493776154,0.128712991,0.294117585,0.0694444653,0.187096952,0.2254903,0.5,0.418994258,0.0410557041,0.116882965,0.482041444,0.0676329194,0.564102438,0.535032023,0.409638446,0.466666733,0.372549171,0.242937787,0.751552786,0.64166643,0.69005887,0.0258481634,0.105990858,0.612403441
0.139037317,0.0716612421,0.0458715627,0.05555561,0.403845668,0.258427338,0.235293955,0.0625000444,0.133971352,0.258740974,0.0137824988,0.104166631,0.327102916,0.0277136239,0.200892726,0.0344827331,0.32,0.076433194,0.382979047,0.191304481,0.0694444108,0.031428572,0.0924369862,0.151785871,0.051446861,0.0909090927,0.327868896,0.569307229,0.478873,0.347327563,0.632867244,0.964705874,0.0611111383,0.137143008,0.209090797,0.0779816952,0.40625,0.242187417,0.43181829,0.0628930218,0.362068854,0.0890051644,0.7333335,0.139072754,0.0677966583,0.528169224,0.636916499,0.159624501,0.17439966,0.0839415742,0.0460705013,0.113110529,0.1012658,0.068965559,0.197718666,0.449541339,0.101351258,0.0893855795,0.100840304,0.177419172,0.322834398,0.119170967,0.0380761544,0.226453022,0.307692231,0.4375,0.351515311,0.186046381,0.136986175,0.316176519,0.631372926,0.292723971,0.50566042,0.274809409,0.388059709,0.168888846,0.496815723,0.0984454803,0.280254771,0.0945945378,0.212121107,0.237922633,0.555555467,0.45945948,0.03550296,0.1445784,0.469407042,0.0860214473,0.623188262,0.514376927,0.447058955,0.43750005,0.379085166,0.248618909,0.790540516,0.672414132,0.673796567,0.0285234412,0.109004761,0.618055367
0.150753976,0.0588235076,0.0467289856,0.0585366439,0.399858102,0.211764664,0.211110958,0.0725,0.115207404,0.276922928,0.0154083039,0.111111076,0.320388724,0.0277135964,0.212263946,0.0331491564,0.315384784,0.114649662,0.4130437,0.197368567,0.0649351021,0.0371428939,0.100775282,0.136659505,0.0610932183,0.1090909,0.305084275,0.607526839,0.544117709,0.355102173,0.613945618,0.972,0.0624999788,0.119047732,0.193277355,0.0730592495,0.485714449,0.287401598,0.430911672,0.0822784837,0.378378399,0.0652174048,0.7066669,0.137931002,0.0875,0.539682446,0.605477378,0.156862704,0.169547583,0.0796813823,0.0367231363,0.125000045,0.0850340093,0.0934065301,0.215447124,0.45076918,0.113333281,0.0869566139,0.0894309522,0.162814936,0.33476427,0.120218658,0.0463710209,0.224318333,0.268656666,0.440993642,0.367284118,0.211111006,0.162962848,0.330768556,0.661538225,0.293718358,0.51908381,0.236434331,0.432170347,0.162393422,0.506356358,0.0894736356,0.2967745,0.0952383333,0.194117768,0.248091461,0.571428614,0.519553378,0.0297618994,0.164705849,0.486381032,0.0877193325,0.597015081,0.528301594,0.539325837,0.43750005,0.36805556,0.26063815,0.776119404,0.71794863,0.702127669,0.0320404626,0.108490513,0.63398701
0.156249858,0.0620915331,0.0495049415,0.0582524697,0.401697844,0.166666617,0.185185363,0.0669975188,0.106976775,0.290322612,0.0192307319,0.107758637,0.336538834,0.0227272866,0.221153787,0.030812304,0.312,0.135802378,0.414633941,0.22,0.0552146911,0.0317002426,0.108527195,0.114989833,0.0700636958,0.122449088,0.343396364,0.635416727,0.5633805,0.328947397,0.61650459,0.9710744,0.071005917,0.10625,0.210526316,0.080357133,0.512195407,0.299595009,0.428156368,0.0838709625,0.379629377,0.0621468512,0.652174083,0.140740684,0.102739678,0.491935374,0.629856885,0.150753798,0.171648043,0.0793650637,0.0326976113,0.124010485,0.0756013926,0.0828729548,0.235294434,0.44561991,0.090322483,0.0854273304,0.110169631,0.152953728,0.31896531,0.116959056,0.0476190095,0.22388077,0.174603175,0.445121791,0.363782629,0.210526268,0.200000012,0.312,0.675675545,0.294807616,0.496153918,0.224138208,0.448936145,0.152,0.512765888,0.0967741206,0.268456142,0.10101,0.181286618,0.264627222,0.602563841,0.552147386,0.0345821107,0.209876737,0.490909255,0.09375,0.557377256,0.529010297,0.606060606,0.454545464,0.393939569,0.286432171,0.766423252,0.721739086,0.69948193,0.0300501045,0.117370921,0.62025256
0.18478249,0.0723683924,0.0478723715,0.0576922794,0.403954996,0.19565242,0.141025542,0.0641330581,0.113744138,0.289256205,0.0159489859,0.106837588,0.361702417,0.0262529513,0.215310921,0.0256410067,0.260504472,0.125786183,0.384615554,0.262948587,0.0558659396,0.0319767885,0.136363623,0.139004309,0.0740740681,0.114942831,0.371093343,0.626315773,0.617283877,0.30882363,0.620065579,0.961038994,0.0769230831,0.0753423907,0.23913068,0.074561352,0.581395374,0.333333363,0.441842873,0.0794702664,0.357895043,0.0426828773,0.622951211,0.138461469,0.149606301,0.491525663,0.617346751,0.157068031,0.176276812,0.0672268788,0.0349127444,0.121827445,0.0633802882,0.0597826024,0.236286744,0.457813,0.0769230015,0.0825242719,0.162601785,0.152631333,0.323275585,0.110389551,0.0383064251,0.245689957,0.121212,0.468571567,0.369862676,0.181817964,0.198275888,0.2968745,0.689655384,0.286189651,0.503845745,0.209204684,0.514462983,0.13983048,0.522975834,0.0965907897,0.284810373,0.0973451575,0.196531731,0.262953277,0.639999884,0.579617586,0.0321637706,0.253086522,0.491525094,0.11333333,0.607142743,0.529616367,0.682692269,0.388888867,0.373015544,0.281081401,0.739726285,0.731481343,0.709184012,0.0332749709,0.126168369,0.597484409
0.200000044,0.0639729882,0.0652173996,0.0585585564,0.38418045,0.18,0.211267606,0.0589622742,0.0934579473,0.266055058,0.0126783125,0.140562379,0.337078631,0.0234375102,0.227722995,0.024242409,0.254385759,0.136986345,0.375,0.293436075,0.0603016527,0.0268656594,0.133333399,0.144396544,0.0654205505,0.113636234,0.385245932,0.626865656,0.657143,0.286407515,0.612210979,0.964601757,0.0958904173,0.0733333151,0.243243271,0.0826087575,0.681817955,0.373390992,0.424375876,0.0774647887,0.333333467,0.0466666867,0.555555556,0.112,0.128,0.483870929,0.629979274,0.131868182,0.170886057,0.0722433099,0.0342298764,0.124675344,0.0568182609,0.0625000775,0.263598326,0.451070543,0.119999915,0.0676328976,0.166666735,0.14845336,0.298701022,0.0642856827,0.0402414772,0.234042416,0.105263268,0.482352717,0.432950887,0.170212732,0.187499876,0.314049174,0.699073753,0.2860914,0.500000045,0.228448145,0.57659598,0.162280651,0.541666729,0.0975608834,0.276729538,0.08620697,0.209039587,0.292582188,0.655172407,0.616438183,0.0298507119,0.277777556,0.502155545,0.104166606,0.526315532,0.536964913,0.743362521,0.214285907,0.379310437,0.280423166,0.708029375,0.737864223,0.689473803,0.0326460413,0.123287626,0.577380835
0.214285369,0.0586207852,0.0681818236,0.0418604755,0.375866713,0.202381361,0.298701439,0.0533980558,0.0941703535,0.265486774,0.012558884,0.123966948,0.378048176,0.022662835,0.191488967,0.0210843586,0.268518344,0.117241365,0.388888983,0.309236895,0.0469483867,0.0210210183,0.118055621,0.175166623,0.071875,0.104166831,0.397321574,0.697801894,0.629629659,0.263157847,0.59531798,0.959090939,0.079136718,0.0533332795,0.277108528,0.105041982,0.6666665,0.420354246,0.429223665,0.0652174457,0.283950857,0.0542169163,0.507936508,0.115384647,0.154545483,0.482456416,0.634374879,0.114942559,0.149732618,0.0711609816,0.0366748672,0.133333318,0.0544747337,0.0601092568,0.266393521,0.452380903,0.122806963,0.060913709,0.162962983,0.145262654,0.261802767,0.0731706659,0.0408601951,0.224839592,0.0833332083,0.461538669,0.462151349,0.164835215,0.169811237,0.309090789,0.743961594,0.273550541,0.508620785,0.248868905,0.638429604,0.162162522,0.559867102,0.0970148928,0.29878088,0.082568765,0.242937887,0.318428395,0.622449024,0.611111099,0.0269460925,0.28125,0.503297245,0.116788402,0.551724269,0.491869874,0.756198402,0.24,0.342342154,0.287292974,0.69565209,0.722222289,0.688171676,0.0349907982,0.110091826,0.577381035
0.203592727,0.0827585944,0.0828729446,0.048543683,0.371760238,0.2125,0.270270343,0.0442260096,0.0990990863,0.263636416,0.0093023374,0.139240535,0.3855418,0.0357143429,0.211340157,0.019867561,0.261261001,0.115646282,0.444444433,0.345237754,0.0530973113,0.0217391359,0.100628867,0.177928162,0.0705128279,0.123595762,0.434146063,0.705583673,0.616279177,0.269231023,0.578431544,0.952606619,0.0731708234,0.0387097049,0.256409932,0.123287636,0.694915505,0.419642761,0.418586657,0.06666672,0.23333317,0.05625,0.474576095,0.117647119,0.182692358,0.471545021,0.657083967,0.10975606,0.144353197,0.0690908866,0.040476152,0.147453176,0.0517928376,0.0628572125,0.24680825,0.490682973,0.122994649,0.048309172,0.169934548,0.145021485,0.240343467,0.0925925556,0.042128628,0.226012595,0.121212,0.493055812,0.456897072,0.153846223,0.134615282,0.336207279,0.768843696,0.269379815,0.523585053,0.229664744,0.683267064,0.191588837,0.554203461,0.0894309197,0.333333837,0.0833333117,0.26857157,0.32417514,0.580952828,0.605041955,0.0336391377,0.28313283,0.524336282,0.119718214,0.508196703,0.464134921,0.777372336,0.136363541,0.339449184,0.270718248,0.64864803,0.736263663,0.688829658,0.0347985325,0.112612581,0.571428709
0.214689284,0.0836236316,0.0843373831,0.0478468833,0.371831016,0.228571543,0.275362497,0.0381679094,0.136150211,0.268518435,0.011023614,0.165938763,0.32926813,0.0484848323,0.215116468,0.0157728585,0.254545272,0.108843525,0.461538438,0.372092808,0.0588234788,0.0126582449,0.137255019,0.188311853,0.0576923463,0.141176485,0.463917735,0.731182709,0.541666554,0.289772827,0.57142878,0.954337947,0.0677966515,0.0509554624,0.24844766,0.161702234,0.741935719,0.439251991,0.42189867,0.0555555689,0.215686263,0.057324881,0.440677956,0.101562551,0.194174738,0.47933871,0.678422903,0.113636371,0.143115882,0.0652921746,0.0383692708,0.145888612,0.0436507478,0.0434782339,0.235807758,0.518633658,0.104166596,0.068493144,0.209459633,0.16367719,0.202643306,0.113043354,0.041379355,0.233128815,0.131147452,0.496350252,0.459329905,0.14942548,0.12,0.339449413,0.782383046,0.252,0.502487311,0.24742251,0.688492283,0.197916965,0.561956281,0.0833332667,0.400000122,0.0666666287,0.271277009,0.34453782,0.65,0.601626169,0.0449101074,0.271084054,0.532109973,0.106383043,0.50000035,0.46721335,0.810897206,0.190476171,0.306930769,0.26900581,0.602484653,0.770833383,0.657216461,0.0323886877,0.100961547,0.521472171
0.252809495,0.110320293,0.0797545304,0.0520833597,0.401889446,0.253731472,0.283582172,0.0331632992,0.146226482,0.23711361,0.0114192441,0.171296245,0.263736237,0.0578777477,0.220930506,0.0159235497,0.263158182,0.10000003,0.447368421,0.37209288,0.0538462012,0.0186335305,0.15,0.20524045,0.0378548908,0.116279,0.471502626,0.768817155,0.509258839,0.269938425,0.576923501,0.946859889,0.0560747963,0.0584415754,0.272727164,0.213114604,0.746031771,0.449541651,0.428684913,0.060606,0.228571574,0.0649350123,0.40000028,0.09375,0.198019942,0.421487605,0.682203589,0.14772725,0.148476217,0.0631578899,0.0294117565,0.147582767,0.0336134521,0.0478723883,0.2088891,0.540716371,0.119617337,0.075221168,0.204225352,0.170068428,0.213389251,0.11475417,0.0407674212,0.233606453,0.208333279,0.466666645,0.474226942,0.1170213,0.105769243,0.327272913,0.811320806,0.252587613,0.466019077,0.239583174,0.7185039,0.196808188,0.549661528,0.086021514,0.405594392,0.0909090864,0.282828149,0.364942821,0.714285796,0.617886295,0.057508038,0.331169,0.568527789,0.11510784,0.484848242,0.449799311,0.835293842,0.25,0.336448442,0.234939753,0.533333287,0.767676768,0.614361091,0.0281385135,0.079787158,0.525641205
0.21666636,0.119565161,0.101265768,0.0372340556,0.40740751,0.298245891,0.289855226,0.0266666873,0.136986176,0.2470587,0.00856165428,0.163265353,0.288659515,0.0690908583,0.253086311,0.0191693333,0.243243056,0.0802919276,0.5000001,0.384615355,0.0534350982,0.028301879,0.171597513,0.230936804,0.0361842051,0.148148296,0.470588275,0.759999954,0.447368764,0.318181727,0.570422908,0.929292922,0.0824742753,0.0636943094,0.269736621,0.247967504,0.758621017,0.470296805,0.427524392,0.0777777078,0.230768897,0.0490797105,0.345454704,0.0797101729,0.16,0.387097183,0.706521774,0.190476103,0.149999998,0.068259372,0.0257731969,0.153034188,0.030701734,0.0567010661,0.212121022,0.554455363,0.122172123,0.0739130412,0.185185124,0.173515971,0.194805002,0.110169563,0.0422885254,0.235521359,0.263158226,0.48529418,0.494186026,0.09999995,0.0927836072,0.267326967,0.823008887,0.248971587,0.450237156,0.218905784,0.737226051,0.207649897,0.537036921,0.0898878461,0.47297305,0.107692312,0.348039182,0.369748251,0.69230788,0.630252014,0.057432369,0.326087039,0.581460759,0.117187617,0.470588176,0.414449036,0.843575277,0.2666665,0.38,0.217391404,0.494897924,0.757894927,0.607894048,0.0370370007,0.0773480693,0.50318492
0.233502732,0.130281696,0.124223798,0.0285714651,0.444444472,0.326086833,0.322034171,0.0265957079,0.133333391,0.284090572,0.010771978,0.147208158,0.28,0.0716723222,0.277456703,0.0193548457,0.264150426,0.090225618,0.533333647,0.392712629,0.0559701645,0.0280373214,0.191616648,0.249999687,0.0443685907,0.17105258,0.476744188,0.775757764,0.3828125,0.346405533,0.569892046,0.929648147,0.118279712,0.060241,0.246575628,0.28512404,0.774193665,0.492462651,0.448333455,0.0843373831,0.26,0.0535713996,0.368421026,0.0728477423,0.174757386,0.377193227,0.713286786,0.206790155,0.155100566,0.0812721084,0.031168825,0.139275823,0.0440528706,0.0732983853,0.191964286,0.545763005,0.127358512,0.100917412,0.190839562,0.176610937,0.192139745,0.115044231,0.0433673204,0.243445747,0.283950815,0.503496463,0.562874289,0.129411816,0.111111033,0.25,0.829694379,0.280087369,0.42926785,0.253806801,0.732142779,0.231213877,0.538461005,0.0886074266,0.476923394,0.123076869,0.339712882,0.412463234,0.749999965,0.652173922,0.0673077932,0.330645432,0.591836671,0.11475402,0.529411441,0.400826386,0.865979418,0.290322384,0.422680573,0.223602493,0.507176625,0.79591818,0.576923174,0.0576922788,0.0923913185,0.518292471
0.263959705,0.143835571,0.106508811,0.033149162,0.445669419,0.325,0.313725357,0.0314285516,0.112107636,0.271605028,0.020952362,0.156756744,0.247524797,0.0761245973,0.318471,0.0163398657,0.244680778,0.102362273,0.541666617,0.412451532,0.0472726897,0.0337078924,0.197452262,0.241684954,0.0561403098,0.1917806,0.4375,0.78443121,0.30075194,0.356164359,0.589551776,0.92513365,0.133333293,0.0662252079,0.204225138,0.3054396,0.787878836,0.510100962,0.45826434,0.091954254,0.240963848,0.0659340851,0.381818109,0.0962963224,0.171428589,0.374999692,0.735849137,0.234375,0.145429395,0.0797102263,0.0347593656,0.146131754,0.0458715918,0.0945273204,0.178899075,0.560714022,0.150943311,0.131707243,0.183333419,0.194514022,0.214285767,0.0967742019,0.0430106892,0.252285489,0.293333,0.489655271,0.566037688,0.119999816,0.105263137,0.240740644,0.863070459,0.297356478,0.390697422,0.223403945,0.730103945,0.253164766,0.539603827,0.0657895066,0.551181363,0.12587423,0.352040914,0.388732183,0.764705935,0.704545017,0.095846672,0.379629904,0.579114194,0.115702419,0.536585505,0.374016023,0.885869576,0.28125,0.425532172,0.236842086,0.490475917,0.769230774,0.582887455,0.0519480688,0.0971429639,0.554878316
0.259433681,0.132716048,0.147727263,0.0312499916,0.469648629,0.416666667,0.254901876,0.0351437752,0.0917432288,0.236842129,0.0207900058,0.150837957,0.252525227,0.0793103954,0.383647822,0.0130718818,0.290322284,0.107142852,0.54,0.458015186,0.0517241066,0.0364145986,0.218309828,0.248888899,0.0598592073,0.188406055,0.468531554,0.791411241,0.270269863,0.376712529,0.546511514,0.916200991,0.147368374,0.0738254527,0.201550609,0.344185881,0.796609883,0.542553003,0.475778863,0.0967742516,0.266666427,0.0681818005,0.425925713,0.0763889199,0.161616162,0.392857078,0.750642525,0.257961865,0.137254989,0.0656934185,0.0395778049,0.131428461,0.0448429998,0.0837695497,0.161904755,0.575757488,0.13930351,0.140703566,0.170940127,0.219839061,0.232283202,0.10852721,0.0398860479,0.249557452,0.2816905,0.476821479,0.553459179,0.0930232558,0.111111222,0.217391365,0.873517871,0.307692466,0.343219931,0.270491817,0.716312072,0.285714463,0.530927979,0.0617285123,0.612402832,0.142857003,0.317708252,0.398827069,0.800000052,0.748251731,0.0932475729,0.34693858,0.592949094,0.109090888,0.568421125,0.361445757,0.903743368,0.322580674,0.44943833,0.234899197,0.485849389,0.771929632,0.573170971,0.0720000464,0.106918138,0.593939301
0.224215195,0.129337543,0.162303568,0.0312499803,0.485506921,0.387096729,0.2093022,0.0341297354,0.0742575468,0.1692306,0.0287610781,0.145348721,0.29,0.0724138265,0.415584208,0.0219435763,0.296703,0.121212,0.653061512,0.460159442,0.0549450544,0.0402298479,0.223776347,0.254629777,0.0520446213,0.1999999,0.46527756,0.830188583,0.220858708,0.41095919,0.588709838,0.90196083,0.132653173,0.0805368249,0.184874172,0.344497704,0.816666473,0.585635497,0.490875478,0.136842059,0.253521373,0.0773479954,0.474576615,0.0729926076,0.151515152,0.419047416,0.775401219,0.321428447,0.134926124,0.0624999625,0.0332409973,0.113372127,0.0487804829,0.0894736489,0.146341428,0.581027443,0.129729643,0.138728371,0.125000083,0.228813486,0.251723994,0.130769266,0.0317919021,0.257769757,0.279411865,0.470198359,0.558139172,0.112359745,0.111110989,0.151785661,0.884462247,0.314856311,0.343478629,0.272727024,0.700757492,0.328571524,0.495999836,0.088607462,0.637096458,0.119760283,0.325842682,0.371641419,0.756522066,0.790540616,0.10738253,0.3541668,0.59075893,0.11,0.545454436,0.332075654,0.919191889,0.357142921,0.52173943,0.257575675,0.486842225,0.772727431,0.584415826,0.0812324714,0.144927695,0.612121405
0.238938218,0.115384589,0.182795753,0.0344827721,0.524077584,0.354839042,0.177777718,0.0400696312,0.0656565977,0.177419189,0.0374707207,0.141891914,0.3510642,0.0612244327,0.457831525,0.0237388938,0.227847691,0.166666483,0.685185217,0.46987933,0.0608363871,0.0316092486,0.221374058,0.228773843,0.0528301252,0.186666468,0.474820048,0.869281026,0.20744651,0.386363713,0.602509679,0.885350246,0.145454464,0.0642857683,0.219298029,0.362694309,0.810344562,0.575269497,0.493371107,0.14,0.279411849,0.0810810654,0.555555433,0.0746269191,0.134020779,0.43809529,0.779036908,0.341911599,0.130828225,0.0696864084,0.0326086823,0.105882303,0.0424528158,0.0930232267,0.137755188,0.56746078,0.138888887,0.148809519,0.125000103,0.268138841,0.276667026,0.130769192,0.0355029444,0.253703374,0.21875,0.465625,0.533707936,0.166666683,0.0923076277,0.15447156,0.884920664,0.327622996,0.362445422,0.281609222,0.67175572,0.360294214,0.506774917,0.0833333583,0.68,0.124999938,0.34594621,0.365384908,0.773437113,0.80263133,0.134868378,0.357142807,0.581881665,0.115789288,0.541176229,0.316176685,0.925,0.307692538,0.548387255,0.294964408,0.484716233,0.761904839,0.595588063,0.0801187833,0.139534886,0.621794968
0.226852232,0.111764808,0.185185147,0.0330188081,0.547934106,0.324324362,0.195652098,0.0601374617,0.0523560105,0.232142377,0.0447761007,0.134751746,0.387096774,0.0547945795,0.450000095,0.0283286119,0.298701,0.1511627,0.68,0.451219404,0.0597609767,0.0293254912,0.267175784,0.210268882,0.0510948522,0.148648574,0.474452667,0.883116905,0.160194027,0.379561913,0.615043901,0.848101276,0.178571307,0.0729926303,0.213592276,0.384210611,0.822580794,0.620879083,0.528409367,0.138297859,0.265625,0.116666597,0.535714268,0.0845069958,0.137254798,0.45,0.779369546,0.313492066,0.128522321,0.0807016679,0.035230348,0.0884955886,0.0492611379,0.10625,0.0994474001,0.541832669,0.136904864,0.183544426,0.134615411,0.307210592,0.34375,0.143939429,0.0219435875,0.265798935,0.180327708,0.480644801,0.532608279,0.123595613,0.169491781,0.130769253,0.897435899,0.333684446,0.333332967,0.277457028,0.67460295,0.379032708,0.510525977,0.112676,0.675000146,0.116666701,0.354497405,0.350591401,0.731092606,0.813253,0.131756885,0.325,0.582142675,0.0888888356,0.518072386,0.277978481,0.935323384,0.3333334,0.561224263,0.341269582,0.508130044,0.790322465,0.616,0.097484291,0.157894802,0.658064412
0.222222498,0.113432872,0.193717316,0.0365296343,0.577430513,0.309523831,0.2,0.0743944807,0.0352940824,0.224490055,0.0441176329,0.137404545,0.4838708,0.0513698913,0.438202626,0.0242587819,0.347222074,0.125,0.615384615,0.464912437,0.0711297,0.0305810432,0.246268601,0.200483312,0.0510203841,0.133333113,0.474452588,0.887417117,0.151785668,0.344,0.626168379,0.80625,0.180327798,0.0785714164,0.204819339,0.4,0.793103324,0.62564092,0.550467186,0.14893617,0.262294743,0.129213433,0.540983662,0.0875911279,0.158415759,0.457446863,0.799409689,0.343511825,0.123232352,0.0784983208,0.0336134232,0.0704224859,0.0514018625,0.0993376956,0.101694867,0.494118043,0.111111067,0.211538338,0.1538461,0.359861487,0.340694012,0.147286896,0.03416149,0.249999975,0.171875,0.493630997,0.5,0.130952461,0.210526474,0.140740755,0.914893617,0.349780555,0.356521297,0.267759569,0.678111433,0.436974837,0.512466183,0.115942188,0.694214577,0.111111089,0.386598321,0.335365993,0.74561411,0.858757081,0.165079607,0.355555693,0.576086835,0.0722892,0.552631279,0.288194245,0.948979583,0.3,0.568181668,0.384,0.530364091,0.801470509,0.611570387,0.111888097,0.162161989,0.733333239
0.237569425,0.108033224,0.248731425,0.0560747837,0.581832919,0.265306167,0.170731688,0.0885416276,0.0318471347,0.255319098,0.0527638826,0.136363632,0.516854193,0.0744680851,0.475138049,0.0371352755,0.393939658,0.147059044,0.596153723,0.476190529,0.0947867396,0.030769226,0.235294136,0.164619091,0.0623145424,0.135135068,0.455223763,0.90740749,0.131687177,0.367924207,0.628947689,0.767742089,0.174242388,0.0769230054,0.1999999,0.456376165,0.701754339,0.619289611,0.558928952,0.156250184,0.216666757,0.124260315,0.515625,0.100000005,0.183486325,0.455445544,0.816513777,0.405172604,0.127844692,0.0949152834,0.0359115922,0.0700280064,0.0523809227,0.0972222422,0.111764644,0.482625539,0.121387258,0.20134224,0.173913061,0.411985085,0.360703606,0.133858094,0.0306748238,0.25626229,0.20000034,0.527586079,0.474885963,0.172839544,0.22033919,0.105263133,0.937729009,0.358672902,0.350220522,0.26966272,0.68559008,0.474138227,0.540389426,0.123076862,0.694915111,0.0721649526,0.42,0.33226827,0.683760628,0.880952383,0.187702114,0.34782603,0.549814875,0.0898877831,0.573170415,0.274305409,0.951351326,0.260869722,0.539473854,0.459016584,0.569170484,0.835526284,0.608333252,0.123015996,0.186274447,0.75510205
0.232142788,0.092696634,0.265,0.0492610916,0.608107978,0.263157968,0.157894674,0.107017523,0.0392156882,0.311111018,0.0450236978,0.11818175,0.551281721,0.0922509296,0.480662817,0.0420792067,0.411764741,0.193548216,0.55102061,0.506550435,0.119402956,0.0316455747,0.21014494,0.169191892,0.0668524466,0.132353113,0.448276033,0.928104586,0.118852556,0.351851927,0.641666555,0.783439356,0.167883186,0.0526316105,0.304347557,0.517482522,0.672727269,0.606965449,0.566956675,0.174418587,0.180555456,0.110429513,0.5375,0.0555555094,0.180180309,0.421568352,0.801857538,0.405405089,0.13118492,0.0960264633,0.027100294,0.0659340482,0.0439024873,0.0845071049,0.119205366,0.479245637,0.101190478,0.196078569,0.19999998,0.438016927,0.398571244,0.131579172,0.0243902512,0.243396581,0.214285343,0.496666504,0.513158006,0.159999784,0.245901374,0.0940170606,0.942307688,0.358552556,0.378854399,0.244444478,0.666666787,0.478632471,0.534285564,0.207546879,0.736,0.0698924424,0.473958608,0.314189168,0.721153629,0.852760782,0.189999726,0.346938857,0.54181793,0.115789404,0.618420862,0.279070123,0.943298956,0.208333375,0.558441547,0.465116639,0.601423457,0.842767251,0.621621606,0.122362882,0.197802258,0.784172669
0.226993846,0.0861111025,0.319587836,0.0676328729,0.62640919,0.277777894,0.15,0.127240094,0.0748298701,0.318182064,0.0447427463,0.0891089507,0.620253472,0.109803969,0.507853102,0.0420791962,0.430769258,0.184615311,0.452830309,0.491228052,0.136612013,0.0351437928,0.222222239,0.142857177,0.0765028338,0.126984,0.431506721,0.918918896,0.12301583,0.362744989,0.643678128,0.769230758,0.182481704,0.0544216865,0.354838626,0.584,0.66071453,0.561576454,0.567357423,0.220779056,0.164383615,0.125874238,0.510638249,0.0666666707,0.205128313,0.459183587,0.812297751,0.435897012,0.138337512,0.0887372086,0.0193370222,0.0760870204,0.0447760937,0.0769231092,0.176056206,0.4512634,0.0949721443,0.204225411,0.189873343,0.440678137,0.429378406,0.10909085,0.0222222131,0.265306151,0.259259104,0.517361074,0.516807194,0.17391323,0.261538383,0.0948276296,0.943089457,0.370709167,0.415909585,0.251396675,0.70873747,0.532109843,0.530973206,0.259259048,0.756302546,0.0721650142,0.507614037,0.303571433,0.699029167,0.84768216,0.176470182,0.352941147,0.539094301,0.139240358,0.640000492,0.28382825,0.955223899,0.178571411,0.518987219,0.491666574,0.632302811,0.847058796,0.619047164,0.103004349,0.202381039,0.807142852
0.227586257,0.101156029,0.34,0.0947368895,0.63849828,0.288135654,0.189189232,0.145390115,0.105263158,0.404761864,0.0364372183,0.0957447287,0.658227532,0.135658896,0.53072621,0.0492227995,0.388059345,0.234375,0.392856879,0.499999825,0.152866195,0.0314465369,0.223076951,0.149099851,0.0686015485,0.150000215,0.413333368,0.909722213,0.14695355,0.35106374,0.642424114,0.816455756,0.158273463,0.0410958912,0.407406978,0.584070372,0.6666665,0.545918487,0.578632351,0.240506224,0.184210492,0.133802817,0.471153529,0.0808823184,0.206611669,0.474747475,0.811912131,0.428571287,0.136531423,0.0816993533,0.028871385,0.0932203912,0.0471204188,0.0991736073,0.219178181,0.456604107,0.0726257947,0.23134325,0.222222256,0.474885982,0.463977065,0.113402323,0.0257234292,0.264765769,0.267856914,0.496453501,0.504201778,0.213114607,0.267605634,0.0937500469,0.936651436,0.384259004,0.420930584,0.230769168,0.708333345,0.537036919,0.518840302,0.326923102,0.780487694,0.0742574544,0.529729887,0.278388389,0.659090968,0.855072377,0.176056507,0.346154065,0.546666261,0.119047733,0.646341365,0.306049828,0.948717926,0.264706121,0.5263159,0.517857034,0.66129028,0.848648771,0.607477049,0.113537033,0.202531661,0.821428425
0.209790233,0.112391862,0.371287001,0.0923912108,0.642202425,0.275362252,0.09375,0.139784911,0.136690676,0.428571329,0.0267686641,0.0989009901,0.671233137,0.162698692,0.58181852,0.0438144672,0.40000002,0.1875,0.373134325,0.506493501,0.167784994,0.0315457363,0.217054342,0.123989201,0.0611110837,0.145454458,0.378378415,0.913580185,0.172297084,0.322222326,0.671532924,0.844155898,0.185714312,0.0512820626,0.396226715,0.619469356,0.655172538,0.5489126,0.577236201,0.287671,0.222222322,0.10447759,0.49514594,0.0942028148,0.234375,0.476635545,0.819277104,0.477477479,0.143280072,0.0844155884,0.0315789439,0.0949720648,0.0508474254,0.097087321,0.269230552,0.479554015,0.0659899172,0.216783175,0.280487696,0.456310672,0.513235166,0.111111029,0.0253164828,0.265432294,0.288461713,0.477611895,0.475610163,0.2115386,0.306666723,0.127819574,0.952830198,0.385922556,0.439394001,0.220930266,0.744680661,0.510416943,0.52070987,0.36,0.769230839,0.0780487454,0.587911922,0.277566658,0.6666664,0.861538432,0.20955915,0.411764441,0.549763161,0.120481976,0.613333555,0.309090794,0.955555528,0.305555831,0.5,0.575220979,0.670087584,0.861538534,0.618182264,0.102564086,0.226666649,0.869565076
0.205882326,0.111111079,0.387254808,0.114130478,0.635812086,0.246575226,0.161290239,0.128404673,0.176470507,0.439024251,0.0212013755,0.137931276,0.703703559,0.178878864,0.60233929,0.0371352837,0.444444444,0.1875,0.378787776,0.515151515,0.160305357,0.034055744,0.196261665,0.123324472,0.0586667047,0.175438742,0.355263272,0.919540061,0.213815805,0.311828344,0.644627819,0.85093158,0.186567313,0.0419161358,0.423076827,0.669642834,0.701754509,0.522471939,0.597896605,0.309859155,0.215909086,0.108527186,0.457142494,0.0977444195,0.2553194,0.516949261,0.828746483,0.491803236,0.145894022,0.0575079891,0.0409206841,0.128358116,0.0497237119,0.0927836258,0.331080746,0.480158641,0.0624999544,0.255172202,0.307692415,0.455056569,0.553030383,0.0937500906,0.033333314,0.265659021,0.311475318,0.480315545,0.485232144,0.217391352,0.306666561,0.0948905173,0.948356766,0.374378149,0.481405252,0.220238036,0.771738793,0.554347866,0.540697711,0.382978723,0.756097565,0.0700934907,0.601123368,0.256809164,0.64948458,0.850393603,0.221374444,0.32,0.532751452,0.127906874,0.608108304,0.298507296,0.949367134,0.351351351,0.5066672,0.553571254,0.663742815,0.860576871,0.598214371,0.0896860091,0.2500003,0.897260341
0.189189265,0.107142799,0.367346788,0.120482072,0.641210383,0.209876469,0.21875,0.119521976,0.207692314,0.391303983,0.0235293825,0.139240428,0.738094979,0.204128242,0.624203617,0.0423279992,0.554053777,0.184615274,0.42028998,0.506787167,0.176991096,0.0362537777,0.178947379,0.119999964,0.0567567751,0.18,0.365517336,0.924731158,0.236592719,0.288660085,0.60396035,0.848684142,0.199999896,0.042780758,0.4897961,0.666666663,0.692307769,0.506172639,0.605965201,0.246376952,0.185567152,0.111111147,0.47863254,0.102362209,0.223684021,0.559054932,0.853622873,0.500000035,0.146127788,0.0548386508,0.036407752,0.140625,0.0466321687,0.0967742516,0.379310231,0.508,0.0552764861,0.276315711,0.2916668,0.480225959,0.579192946,0.0978261804,0.0383386957,0.269874575,0.36666669,0.440678095,0.450216496,0.225,0.302631579,0.0629370424,0.943661953,0.403846279,0.511904912,0.207100568,0.774869355,0.4895832,0.550151784,0.386363468,0.730769303,0.066371704,0.618279929,0.259842535,0.653465355,0.841666729,0.240964001,0.272727145,0.510637557,0.141176456,0.589041448,0.325842958,0.952702687,0.384615408,0.50000025,0.569105719,0.651351231,0.885844723,0.587719268,0.0745614033,0.205882641,0.901960825
0.170212698,0.0994151581,0.369458526,0.11176475,0.639092209,0.209876847,0.193548461,0.107296079,0.218750109,0.354166648,0.0240770875,0.152777793,0.774193468,0.200892818,0.6875,0.0468749997,0.571428571,0.169014,0.393939415,0.488688137,0.224489855,0.0303030073,0.184210563,0.13445371,0.052785871,0.1428573,0.318840761,0.912568283,0.260605947,0.293577968,0.595744843,0.858064555,0.184,0.0487805244,0.47826063,0.672896939,0.653061308,0.509202197,0.598736132,0.285714257,0.20560735,0.0948275589,0.508620537,0.074626877,0.215686389,0.631578695,0.841246507,0.524590326,0.140091166,0.0423453409,0.0296296547,0.146032079,0.0518135026,0.098901089,0.361842092,0.542510256,0.0670103145,0.285714523,0.246575151,0.519553088,0.599688324,0.117021253,0.0300300094,0.270509902,0.407407241,0.422018581,0.434977813,0.19999998,0.34246624,0.050000046,0.942307687,0.368279283,0.51372541,0.16167655,0.80681855,0.551723814,0.556574925,0.418604484,0.746268596,0.0669642871,0.673796456,0.226337536,0.641304315,0.820512842,0.264705948,0.31147528,0.550458635,0.207920699,0.632353163,0.293233024,0.95035461,0.365853612,0.486842108,0.595238082,0.660621891,0.895196563,0.605042094,0.0698688641,0.184615274,0.909090915
0.158333329,0.0997068151,0.385,0.121387217,0.636494546,0.204545364,0.1875,0.099999939,0.234848436,0.395833338,0.0284430803,0.161290213,0.7843139,0.194174514,0.710526378,0.0392669921,0.5774645,0.131147239,0.333333367,0.508657993,0.197802338,0.0383480635,0.209677095,0.129411697,0.04375,0.215686051,0.362962783,0.914141418,0.286532893,0.307017795,0.590361559,0.853333369,0.211382137,0.0563380708,0.577777958,0.681034556,0.659574672,0.520270258,0.593397931,0.264705868,0.214285766,0.10619466,0.495412588,0.0775193552,0.238993546,0.623287811,0.871468932,0.449612585,0.138427408,0.0399999576,0.0330789016,0.174377273,0.0529100868,0.103448628,0.401360457,0.562248964,0.0738916719,0.276595979,0.242857,0.508108199,0.614726071,0.1263157,0.0238095186,0.266514918,0.423077,0.441441448,0.469697009,0.15625,0.347222496,0.0758620962,0.943127957,0.357526525,0.519083998,0.162337686,0.813725298,0.613636484,0.567741809,0.382978817,0.715447294,0.0663506763,0.675531822,0.208144801,0.624999708,0.824999958,0.246696534,0.315789542,0.574660667,0.189655321,0.666666267,0.284615429,0.952,0.368421274,0.402174058,0.671875,0.652605324,0.909482692,0.56521715,0.0803570864,0.188406049,0.89937116
0.135922304,0.0840336585,0.35233193,0.117021121,0.637681266,0.204545325,0.138889042,0.0938775209,0.225352111,0.422222138,0.0306568785,0.178571314,0.736363729,0.209183613,0.734176792,0.0446194074,0.6212125,0.0985915493,0.351351305,0.491769586,0.230769146,0.0366196927,0.188679232,0.156549382,0.0406779645,0.222222178,0.352112394,0.915841527,0.303867295,0.352,0.589041318,0.839743615,0.211382128,0.0473933653,0.522727695,0.719008497,0.690476276,0.507142595,0.606085535,0.249999925,0.209090771,0.0892856752,0.518868093,0.0738255391,0.24161056,0.655172407,0.871584693,0.43801654,0.138380539,0.0371746956,0.0317848668,0.169741468,0.0552486254,0.0963856289,0.379746639,0.588982902,0.08,0.314285583,0.2542375,0.545454536,0.612847161,0.1111111,0.0276073328,0.281406919,0.461538231,0.458015279,0.461956839,0.214285821,0.342856937,0.0860926652,0.934883735,0.340909494,0.546153744,0.142857086,0.77560964,0.642105428,0.595317764,0.39534916,0.733333617,0.0704225389,0.695,0.166666763,0.601941998,0.8333333,0.242152376,0.303571282,0.623430751,0.171874914,0.7121215,0.265305849,0.9296875,0.358974515,0.355555471,0.676470208,0.640776405,0.908695536,0.608695465,0.0717487928,0.232876616,0.896341433
0.164835165,0.0888252558,0.338709308,0.12,0.631428894,0.164705899,0.186046363,0.107569704,0.183673336,0.416666558,0.0359281682,0.222222278,0.727272845,0.213114934,0.75625,0.0461164737,0.634921,0.109755999,0.342105229,0.472,0.2535215,0.0257732129,0.214285607,0.178217846,0.0487804185,0.228070432,0.354330952,0.939086298,0.308540389,0.336134655,0.539474046,0.818792057,0.201923063,0.0518868163,0.560975861,0.735294269,0.648648589,0.503816749,0.63190689,0.216216165,0.245901591,0.0990991723,0.519608052,0.0763359192,0.232258224,0.64052291,0.890710285,0.387097034,0.130848814,0.0355731261,0.0343137481,0.166666565,0.0578034798,0.111111044,0.358974151,0.605504567,0.0729166638,0.323308606,0.349206065,0.5340318,0.647509966,0.144330013,0.041269809,0.289473854,0.520833056,0.503936918,0.436842529,0.2,0.280000116,0.0884354113,0.931372541,0.317784378,0.529411806,0.105960151,0.775609371,0.625000237,0.599999798,0.378378341,0.767857088,0.0558375943,0.72486765,0.161904738,0.563830205,0.867768699,0.266055185,0.365079492,0.642585677,0.188524671,0.716666842,0.262947938,0.933333334,0.34375,0.303030442,0.669014149,0.631460481,0.909465002,0.610619348,0.0930232686,0.192771161,0.891566298
0.168674716,0.0887728232,0.36526957,0.0984455803,0.640473231,0.159090632,0.212765872,0.132478594,0.199999878,0.377358326,0.0394160668,0.209677268,0.710526192,0.228069973,0.768786354,0.0562347066,0.65625,0.117647035,0.301369811,0.485477201,0.333333533,0.019464714,0.128205215,0.196610158,0.0603774162,0.232142616,0.312499812,0.950494985,0.315363684,0.344261988,0.507462299,0.8223684,0.172414166,0.0666666373,0.589743572,0.711111035,0.638888664,0.513043954,0.61793326,0.191780834,0.23015904,0.137614738,0.520408388,0.0546874727,0.240875973,0.6625,0.899159704,0.395348788,0.117232365,0.0366972751,0.0197530962,0.193133234,0.0914634001,0.104166806,0.352071146,0.602871258,0.0785339843,0.354330426,0.307692708,0.523560086,0.664233667,0.1666666,0.036474127,0.319095758,0.525,0.554794559,0.429378674,0.24,0.232558233,0.09154925,0.94146338,0.298550849,0.501930547,0.13422812,0.778947729,0.660377286,0.615702189,0.305555292,0.752475174,0.0666666427,0.736559153,0.155440403,0.534883947,0.863247919,0.24137883,0.318840704,0.664031243,0.185840678,0.745454598,0.270916372,0.937984469,0.457143329,0.269565277,0.67948734,0.626760323,0.920318776,0.601941771,0.115942137,0.188235388,0.892857105
0.178082189,0.0768262331,0.364161673,0.120879101,0.662364078,0.117647,0.32,0.14,0.225352094,0.326923067,0.0379562505,0.26666676,0.721739103,0.228070016,0.777108267,0.0571427851,0.6875,0.177777653,0.2857141,0.478813304,0.49999945,0.0157657405,0.190476176,0.203636508,0.0743801073,0.19999992,0.306451154,0.946859814,0.323369565,0.380165416,0.474576373,0.809523795,0.135802754,0.0704846623,0.657894668,0.721428553,0.535714139,0.50000023,0.635776348,0.162162,0.211381756,0.127450905,0.488635835,0.0564516208,0.240875732,0.688622531,0.905714293,0.426229636,0.120698468,0.039603971,0.0166666563,0.204347898,0.0909091473,0.115789335,0.33227841,0.598984701,0.0748662423,0.422413702,0.2727273,0.505263369,0.670290036,0.172839765,0.038805971,0.34,0.585365868,0.587837748,0.440475731,0.26666658,0.239130409,0.104477727,0.933962277,0.289772791,0.491935354,0.154362268,0.748718158,0.663793015,0.59291976,0.270270162,0.750000125,0.0564102965,0.741935468,0.168674834,0.488372153,0.863636407,0.256410298,0.439394052,0.702811451,0.171171193,0.76,0.267716103,0.928571459,0.558823809,0.24561405,0.68789817,0.614093942,0.913357368,0.631579063,0.122448907,0.181818009,0.881578988
0.173333252,0.0710783887,0.350282609,0.152542518,0.662256322,0.132530107,0.37735854,0.146825373,0.202797055,0.314814794,0.0439883092,0.236363518,0.720720675,0.189349166,0.799999848,0.0636791815,0.731342888,0.138297914,0.306666461,0.481632338,0.571428543,0.0142857423,0.22448972,0.227611746,0.0988142162,0.186440832,0.310605706,0.954545473,0.316353684,0.393162098,0.439394288,0.853333372,0.130434983,0.0714284971,0.567567654,0.726619149,0.592592656,0.461538346,0.639902772,0.19736852,0.24,0.140186883,0.4268293,0.0508475024,0.225806375,0.64912301,0.920353977,0.468253892,0.119780923,0.0687831305,0.0264423426,0.217948644,0.0896551231,0.136363436,0.296875,0.61538478,0.0740740219,0.452173626,0.283333173,0.530055036,0.670213134,0.226666555,0.0358208496,0.356955547,0.617646929,0.62745077,0.445122084,0.264706126,0.268817327,0.103174571,0.918269255,0.276353192,0.482608905,0.131578976,0.757731705,0.675675661,0.563981715,0.375,0.797752543,0.0564102469,0.754385988,0.14906849,0.487179659,0.870370396,0.284263929,0.492958,0.72,0.133928541,0.716981117,0.268,0.946153786,0.620689362,0.231481519,0.695652091,0.613792861,0.915441213,0.59523814,0.14285721,0.19999988,0.8794326
0.238095238,0.0666666653,0.342696569,0.179347509,0.655491811,0.13333328,0.425925785,0.13253011,0.181818054,0.305085069,0.049926548,0.237288244,0.722222278,0.182857144,0.817647136,0.0542986576,0.770492031,0.12871296,0.3373492,0.545454431,0.63291131,0.0158415986,0.250000025,0.213414411,0.0864196811,0.171875,0.348147972,0.962962926,0.293962951,0.39449525,0.451612645,0.864661546,0.112676,0.0693069728,0.542856729,0.732919412,0.7,0.428571424,0.677506508,0.219512241,0.230159017,0.141414141,0.379310462,0.0434782326,0.232,0.705521356,0.911671916,0.488188906,0.114951382,0.0864864779,0.0384615962,0.236,0.0852713481,0.144578414,0.266871337,0.609625439,0.089947011,0.512604943,0.306451484,0.517045366,0.672727586,0.257575629,0.0371517326,0.383879849,0.60000012,0.62345667,0.464706323,0.268292641,0.282352856,0.127118752,0.877450971,0.293604332,0.495689631,0.14285721,0.752577585,0.684684665,0.563107203,0.368421232,0.835443233,0.0652174598,0.759740226,0.151724226,0.402597382,0.911504432,0.345945764,0.513513903,0.729613784,0.138613819,0.725490573,0.315789354,0.916030444,0.6666666,0.188118845,0.70625,0.597190093,0.930147084,0.571428571,0.159509222,0.238636167,0.864
0.25,0.0602409836,0.335,0.1927711,0.66302796,0.0957447383,0.46,0.142241373,0.139860061,0.242424076,0.049766711,0.280702184,0.708860913,0.194285788,0.815476088,0.0570175144,0.759259348,0.13,0.384615346,0.554687855,0.683544173,0.0150943103,0.263158,0.212719317,0.0873016045,0.152542569,0.358209051,0.94805193,0.253731093,0.417476003,0.435483687,0.889705834,0.0958901904,0.072115324,0.547618936,0.742331504,0.6,0.320754623,0.682492818,0.207792287,0.2627119,0.113636102,0.3690477,0.0350877333,0.230088203,0.701298472,0.925324724,0.542373195,0.115942079,0.0955057658,0.050251245,0.247012035,0.0916667058,0.192307577,0.264331595,0.590673702,0.0732983853,0.549180839,0.353846171,0.50625,0.683206187,0.29824583,0.0338982725,0.424657459,0.629629704,0.624242412,0.481707658,0.309523779,0.292682746,0.12962961,0.874396135,0.282737939,0.488789049,0.144508649,0.773195641,0.693693666,0.568965165,0.387096677,0.8732395,0.0607286291,0.746666517,0.152671875,0.354429971,0.870370337,0.390449208,0.608695761,0.705607184,0.161616129,0.658536695,0.36575851,0.922535235,0.709677213,0.160919852,0.662857315,0.598558207,0.932584225,0.532258473,0.176470474,0.264367883,0.84482754
0.230769185,0.0548925478,0.334951582,0.219354533,0.663610635,0.103448397,0.551020645,0.165939073,0.140740777,0.236111129,0.0552995944,0.333333667,0.721519328,0.147239224,0.820000021,0.0538302132,0.826922952,0.1555554,0.36633662,0.560484274,0.655172217,0.01486991,0.344262444,0.194954543,0.0769230692,0.118644129,0.384,0.962343115,0.230957998,0.373831499,0.40625,0.913669093,0.114285589,0.0761421307,0.5531912,0.750000005,0.6,0.302083409,0.688046328,0.186666556,0.289256355,0.102272441,0.306817868,0.0573769646,0.201680696,0.701388684,0.937908574,0.606557515,0.107749539,0.102272751,0.05167956,0.265305859,0.088,0.210526337,0.246621764,0.546392025,0.069892406,0.570175666,0.338235534,0.496503532,0.700000045,0.312500019,0.0316901543,0.467236468,0.608695574,0.63157865,0.527950316,0.282608841,0.320987479,0.111111011,0.880733855,0.295238018,0.471153704,0.17045472,0.757575996,0.704917959,0.547263921,0.3333333,0.8589745,0.052,0.80666674,0.167939035,0.376470664,0.89108909,0.405325681,0.714285871,0.683168428,0.184782689,0.527777883,0.368,0.910447659,0.676470626,0.155844069,0.645714391,0.598558261,0.927272643,0.5,0.179310333,0.258823229,0.850467269
0.273972418,0.0507246441,0.310679309,0.218309598,0.66216236,0.085106383,0.577777516,0.166666635,0.132352916,0.230769269,0.04936307,0.320754785,0.733333313,0.152941066,0.833333378,0.0464134518,0.872340426,0.127906862,0.342105088,0.559999804,0.638554234,0.0187266011,0.323076791,0.18686902,0.0745763092,0.124999837,0.406015756,0.966386565,0.23600956,0.359222838,0.333333767,0.932432396,0.115942335,0.100529152,0.480769804,0.761363675,0.65,0.263157968,0.727272838,0.191780677,0.297297321,0.112676056,0.297872189,0.064,0.188034325,0.697674317,0.937293726,0.672131388,0.104413351,0.0919541382,0.062841555,0.251938246,0.114285618,0.250000075,0.258992911,0.50253756,0.0594594584,0.573643817,0.347222092,0.5000002,0.682008732,0.377777751,0.0259259095,0.492753402,0.678571525,0.556291734,0.571428774,0.333333367,0.356164642,0.160493984,0.881773435,0.311526131,0.502824718,0.155555573,0.771573742,0.657894563,0.56532643,0.3666665,0.853333583,0.0572519366,0.801370163,0.173228367,0.351648546,0.862068538,0.457386243,0.6760565,0.688172411,0.179245251,0.482758586,0.380952383,0.90070918,0.69999976,0.171875,0.565714182,0.596658332,0.936170213,0.510638098,0.146341566,0.341772073,0.869564978
0.317073349,0.050000006,0.29949282,0.253731129,0.659226088,0.0752688624,0.512820603,0.145833351,0.174242454,0.285714386,0.0573355736,0.394736921,0.712121285,0.147239327,0.848920886,0.050328237,0.867924594,0.064935,0.357723406,0.576189978,0.58426954,0.0243902239,0.380282,0.184210911,0.0809062193,0.124999837,0.441605479,0.959514215,0.247663549,0.363636064,0.38805989,0.950617266,0.1111111,0.0777777933,0.411764647,0.753846162,0.666666867,0.30303,0.721556882,0.191780562,0.309734725,0.1029413,0.26666658,0.0551181375,0.205128336,0.72580649,0.933993323,0.727272411,0.0960686168,0.1,0.0672783019,0.267782054,0.10377364,0.213114407,0.226562387,0.492611149,0.0695187045,0.616,0.3684209,0.469026802,0.694063817,0.315789789,0.0184501832,0.543283247,0.7333336,0.54676277,0.58125,0.333333267,0.315068426,0.207316921,0.899038394,0.305194854,0.494565226,0.163265334,0.774725195,0.650793949,0.550239212,0.5357146,0.803278984,0.07116112,0.788732368,0.196721352,0.29896941,0.855555628,0.393048291,0.647058624,0.689265539,0.165217425,0.461538008,0.384058068,0.917293233,0.636363391,0.21875,0.573770338,0.577102754,0.941818167,0.56818153,0.160377353,0.354430906,0.855421629
0.340908739,0.0396269996,0.329787185,0.24,0.65524769,0.111111067,0.457142937,0.119791754,0.214285927,0.265060273,0.0629251691,0.4375,0.656716372,0.13207552,0.856060545,0.052752262,0.864406468,0.0864197827,0.325581212,0.573684504,0.527472622,0.0265151775,0.43076926,0.199999884,0.0792683152,0.137254627,0.433594,0.944205985,0.245282914,0.35955062,0.394366303,0.959064352,0.109588867,0.0773481312,0.357142943,0.78048786,0.5625,0.252525,0.735795353,0.202531682,0.304761877,0.116666853,0.276595449,0.0930232828,0.176470665,0.70720694,0.948096886,0.784172849,0.0855191011,0.114942699,0.0844594766,0.268907685,0.125000043,0.210526616,0.224999958,0.511520497,0.061855633,0.56,0.360465136,0.524752458,0.695852434,0.325,0.0193798483,0.563421814,0.750000025,0.507246302,0.553957058,0.304347813,0.343283657,0.25,0.911627945,0.288079644,0.464865014,0.169312312,0.766081979,0.664,0.577889676,0.478261013,0.749999775,0.071684568,0.780822036,0.19298254,0.300970904,0.804347498,0.39487157,0.507936508,0.702702317,0.198347048,0.391304187,0.390411256,0.90510954,0.606060421,0.20370358,0.575581286,0.556085641,0.93795618,0.60869573,0.14,0.395061563,0.835616651
0.34343454,0.0342298295,0.331521741,0.264,0.675105493,0.114942808,0.46666664,0.107526919,0.203125102,0.261904817,0.0632279964,0.433333403,0.636363482,0.130434849,0.862068976,0.0512820185,0.833333517,0.0675674865,0.290540241,0.56886204,0.451219351,0.0238095343,0.439394056,0.216867643,0.0963172569,0.183673671,0.436567267,0.921810738,0.237529639,0.382716185,0.415384766,0.961748633,0.118421017,0.0864864311,0.342857137,0.781094571,0.466666853,0.288659898,0.713017481,0.1625,0.271930055,0.122807139,0.252873998,0.111111053,0.201613013,0.736363603,0.951048957,0.798610781,0.0787709844,0.09090904,0.121428603,0.275362118,0.164948718,0.236363571,0.168316892,0.509259025,0.0621761782,0.564102604,0.4069771,0.583333033,0.709844358,0.266666633,0.019230789,0.580060507,0.83333335,0.481481273,0.570311715,0.255319098,0.318181595,0.2,0.937499931,0.312302419,0.4157304,0.19,0.801242097,0.702290149,0.536585088,0.451612755,0.755555727,0.0936330619,0.786666834,0.214875595,0.269230853,0.781608709,0.367149789,0.387096416,0.676691335,0.214876185,0.374999875,0.361203826,0.90070926,0.578947453,0.170212766,0.547618995,0.5102042,0.944029966,0.659091234,0.121212,0.392857307,0.821917975
0.330097147,0.02439022,0.321211806,0.267175714,0.697674213,0.120879109,0.555555533,0.0954775443,0.231707068,0.280898903,0.0661290352,0.461538523,0.585366134,0.117284006,0.858490558,0.051094963,0.789473484,0.111111178,0.279220566,0.539474096,0.409090664,0.0207468981,0.45000013,0.246753719,0.0939225855,0.265306347,0.390510983,0.889795965,0.237410099,0.392857664,0.411764847,0.958974345,0.144927814,0.115,0.374999863,0.762790907,0.555555667,0.244680547,0.697739884,0.157303396,0.29,0.169811338,0.232558086,0.124999938,0.22950812,0.762376232,0.949458505,0.798657482,0.0731106099,0.0944444789,0.136531382,0.312169096,0.202247319,0.193548235,0.142857271,0.479452014,0.0736841594,0.558333025,0.451219296,0.589041577,0.739361509,0.28,0.0155038829,0.6179103,0.806451794,0.477612115,0.581967016,0.304347791,0.359375,0.241379103,0.952606585,0.315625,0.368131526,0.202898333,0.809815965,0.688405568,0.547738703,0.459459384,0.682926946,0.10283689,0.787096765,0.22033928,0.222222207,0.738095157,0.330188519,0.333333233,0.674999526,0.226086993,0.318181695,0.361290374,0.909722224,0.638888728,0.232558293,0.550632777,0.455157009,0.949820789,0.744681,0.123595726,0.41379291,0.818182109
0.350877032,0.0263157811,0.378698267,0.292035455,0.697329646,0.127906887,0.565217404,0.0873786098,0.256302868,0.25,0.0655226303,0.44,0.518518141,0.11320754,0.896551483,0.0481013266,0.734375,0.181817982,0.24683549,0.541353092,0.329670397,0.0308369933,0.537037046,0.268965158,0.0916667733,0.303571504,0.37591267,0.839694715,0.21846856,0.383720884,0.382353071,0.966346129,0.208955221,0.107843154,0.324324097,0.788461554,0.565217548,0.241379476,0.704871417,0.137254822,0.230769388,0.222222111,0.230769054,0.120689651,0.229007577,0.767676837,0.939285658,0.813333516,0.066990755,0.0994764,0.162601547,0.318182299,0.208333337,0.232142516,0.139784986,0.490654462,0.0785340314,0.53153152,0.53333334,0.606060585,0.790322357,0.27450961,0.0118577174,0.643678121,0.775,0.488888573,0.632353169,0.320754596,0.344262,0.24,0.955357141,0.332369989,0.371728051,0.203979951,0.833333287,0.712418629,0.53,0.413043624,0.657894737,0.105263119,0.766233463,0.254545613,0.203703627,0.692308,0.3333333,0.3421054,0.638888835,0.209523864,0.363636427,0.353503117,0.933823584,0.583333175,0.266666467,0.514084206,0.438752485,0.938628119,0.78,0.170454453,0.392405092,0.838709771
0.370078976,0.0208877389,0.406666774,0.298077144,0.711482691,0.116883,0.4285713,0.0747663905,0.282051039,0.276315762,0.0634675198,0.461538238,0.488371751,0.0769230185,0.884615523,0.0523559791,0.69863013,0.229729592,0.246835249,0.495413247,0.329897103,0.0309051129,0.6,0.296551571,0.0960452258,0.306122353,0.384058296,0.80681827,0.220689527,0.373493525,0.379747086,0.95566502,0.287878615,0.123222738,0.282051331,0.764977367,0.592592533,0.266666207,0.68591556,0.140186993,0.236559229,0.26,0.254901972,0.117117085,0.242424079,0.75510202,0.938181851,0.827814647,0.0608324055,0.0947368156,0.180180525,0.344594672,0.242104952,0.196428359,0.144444314,0.517856863,0.0706522271,0.518518204,0.532608461,0.54237292,0.824561389,0.269230738,0.015686283,0.642651086,0.782608887,0.521738867,0.669172598,0.32203421,0.428571429,0.241666341,0.94666677,0.341040685,0.336683644,0.228723213,0.866197237,0.689655171,0.49748736,0.369565178,0.642857293,0.109540585,0.761589723,0.278350833,0.168316982,0.698795,0.324894799,0.297297219,0.613207186,0.217821904,0.458333408,0.337349566,0.931297677,0.583333533,0.347826204,0.518247849,0.419565411,0.944649437,0.807017358,0.1875,0.381579162,0.816666437
0.317829335,0.0294906532,0.396449412,0.323529188,0.71033484,0.162161919,0.368421347,0.0654205826,0.256410034,0.323077058,0.059941543,0.458333371,0.489130409,0.0722891639,0.910256473,0.0412087567,0.638888908,0.289855513,0.258064338,0.430107643,0.322222564,0.0408602529,0.723404366,0.292682923,0.0971428385,0.361701983,0.383561428,0.790076327,0.223194976,0.385541993,0.397260197,0.956730798,0.308823607,0.131455434,0.28048804,0.768518477,0.612902977,0.252873872,0.706611657,0.140186845,0.219780298,0.26785698,0.315789116,0.112149615,0.260162922,0.736842079,0.935593181,0.840277884,0.0602409762,0.0974358525,0.153191711,0.34285697,0.213592473,0.189655338,0.142856971,0.50209215,0.0751445301,0.515151512,0.595744802,0.549019824,0.831395374,0.229166477,0.0151515255,0.676880338,0.782608909,0.524475487,0.694029947,0.328358401,0.4999999,0.260869539,0.956896642,0.379678933,0.31472064,0.264367786,0.876923048,0.732620133,0.458536938,0.372548973,0.585365761,0.0967741477,0.762237743,0.30208383,0.135416846,0.654321046,0.295652409,0.257142803,0.554455321,0.20454518,0.52,0.315186407,0.933333267,0.558823653,0.361702128,0.503703776,0.386265876,0.936803037,0.828125,0.164556966,0.315789442,0.789473695
0.292035583,0.0319148839,0.361110929,0.313131137,0.702431692,0.173913513,0.333333733,0.067567518,0.276190258,0.26,0.0520547843,0.461538254,0.515789306,0.0786517364,0.929577465,0.0600521958,0.5921049,0.319444732,0.257668675,0.469136019,0.32222209,0.0385439601,0.816326418,0.325714576,0.114206148,0.409090827,0.381944469,0.776515238,0.213815584,0.421052574,0.405797013,0.943005127,0.35000006,0.130044764,0.291139429,0.771144001,0.629629667,0.232558093,0.700292181,0.115384623,0.206896814,0.314814731,0.370370521,0.0980392216,0.23809493,0.755318822,0.943521534,0.845637686,0.0600715436,0.0947367878,0.162162595,0.378787609,0.214285664,0.191176581,0.126582176,0.48,0.0693641812,0.556700723,0.659090632,0.566037666,0.857954629,0.187499881,0.0187970075,0.682634995,0.760869743,0.570512929,0.711267572,0.338461469,0.411764665,0.232142878,0.957345979,0.381200834,0.304762038,0.276470481,0.892562016,0.709677352,0.409756277,0.352941041,0.547619045,0.100358397,0.804347428,0.325301202,0.109889989,0.6478875,0.300812887,0.235294159,0.4897958,0.191011528,0.555555822,0.290801024,0.913793048,0.4999999,0.4347827,0.504,0.387424159,0.942857095,0.821917936,0.1999999,0.351351205,0.741379178
0.276422772,0.0349462214,0.340101506,0.319148936,0.724208935,0.191176643,0.357142929,0.0484581967,0.278846365,0.306122386,0.0544217748,0.407407404,0.5,0.0717949322,0.924242515,0.0597402308,0.5125,0.389610451,0.261628245,0.485294306,0.294117529,0.0367964996,0.811320943,0.365168904,0.121580586,0.512194856,0.407894452,0.757201487,0.2026145,0.360464976,0.393443015,0.935483916,0.370968019,0.149572557,0.309523731,0.771276654,0.676470562,0.145833369,0.708459429,0.141414227,0.209876569,0.321428564,0.39823032,0.0841122222,0.233870887,0.785714086,0.941935525,0.850000012,0.0593607621,0.0812182951,0.146118678,0.369230521,0.229357721,0.274193235,0.156626631,0.511718954,0.058064458,0.552083593,0.694737247,0.541666371,0.850931508,0.187500106,0.0241935508,0.737752412,0.765957447,0.546584253,0.770270534,0.318181727,0.3913045,0.229357369,0.955357088,0.386986338,0.273148092,0.258823539,0.934426179,0.701149529,0.330882285,0.381818,0.560975505,0.119298246,0.795620537,0.333333233,0.108433822,0.64999979,0.276264588,0.253333301,0.343434097,0.144736842,0.560975517,0.275757687,0.875000106,0.4857147,0.489361604,0.533898503,0.40038715,0.944649423,0.80263152,0.2098766,0.40000008,0.740740822
0.245901789,0.0446193996,0.354066637,0.29999984,0.738621253,0.206348979,0.411764706,0.0512819995,0.277227953,0.295454423,0.0468319745,0.39999986,0.52525252,0.0655738479,0.913793052,0.0602094,0.523255662,0.363636427,0.252873538,0.450704,0.279069488,0.0443458592,0.836363685,0.381720798,0.134615618,0.522726952,0.416148875,0.702222185,0.197916838,0.370786811,0.407407,0.937172775,0.39999968,0.13080164,0.294117735,0.752808861,0.694444475,0.147727174,0.716718231,0.166666983,0.2625,0.303030539,0.393939455,0.0693068973,0.260869811,0.775510067,0.946268709,0.856060632,0.0602409405,0.0913705889,0.129310402,0.333333393,0.236363427,0.338461537,0.179487072,0.521072571,0.0817609484,0.5425528,0.696629352,0.547169692,0.881987491,0.255813595,0.0340425532,0.756447113,0.727272573,0.571428269,0.801369928,0.353846148,0.391304557,0.279279325,0.945454533,0.396145636,0.260162346,0.21875,0.931623979,0.677215507,0.31951188,0.403846338,0.574467915,0.129963909,0.77611983,0.360465024,0.0886074177,0.69999976,0.281250011,0.229729684,0.330434883,0.194444403,0.577777704,0.264705879,0.834862604,0.428571229,0.446808243,0.483193364,0.405511939,0.946502003,0.813333369,0.210526274,0.411764788,0.70454533
0.212598619,0.0558375661,0.350710951,0.291139216,0.754139936,0.180327726,0.4,0.0539419265,0.292452418,0.326086865,0.0422919792,0.351351276,0.549450549,0.0585106029,0.920635008,0.0733694603,0.56666684,0.463767614,0.254143716,0.446153798,0.273809545,0.0542300139,0.833333233,0.406249802,0.149837236,0.5,0.435582526,0.700892818,0.193226852,0.307692308,0.296296219,0.929729719,0.402985258,0.141025635,0.273809673,0.749999885,0.684210716,0.146341373,0.723684409,0.139534842,0.253012125,0.303030191,0.393617264,0.117117145,0.264150969,0.798165521,0.943820204,0.868852508,0.0594231853,0.110526205,0.100436668,0.362902976,0.241935483,0.384615138,0.173913209,0.540145942,0.0789474197,0.53409092,0.721519244,0.557691944,0.886792528,0.325,0.047393434,0.789625364,0.756097854,0.576744319,0.814569707,0.318181886,0.415094474,0.323809447,0.940639263,0.408350317,0.265560543,0.196078302,0.946902664,0.664429795,0.325,0.3958333,0.541666108,0.16187026,0.770491871,0.369565657,0.0823529494,0.706896388,0.272727136,0.308823553,0.260869459,0.215189729,0.586956452,0.230320511,0.82,0.375,0.468084906,0.461538522,0.394737064,0.957081504,0.790697779,0.25,0.3970591,0.695652209
0.167938851,0.0669974472,0.325358987,0.2105264,0.778045543,0.189655262,0.478260817,0.04329,0.336448848,0.357143071,0.0476839952,0.3255812,0.560975168,0.0594594336,0.892307822,0.0744984429,0.602273001,0.428571829,0.235294121,0.388889039,0.271605056,0.0543933718,0.8333335,0.427027432,0.16611303,0.5,0.437126078,0.717073052,0.17061151,0.306818184,0.365853532,0.914772868,0.428571429,0.130801642,0.310344852,0.726114522,0.736842158,0.138889,0.715277903,0.162162,0.325301037,0.360655725,0.444444567,0.122807054,0.281818129,0.815789296,0.943502826,0.838709726,0.0598816932,0.101449312,0.0862944235,0.309734939,0.19999999,0.454545145,0.157894905,0.52788124,0.104895056,0.4767441,0.694444669,0.56,0.903703799,0.351351381,0.0571427466,0.836734686,0.702702732,0.608695547,0.853801221,0.287878759,0.392857236,0.339130547,0.949074067,0.411654123,0.249999975,0.175,0.92792797,0.678832002,0.297169828,0.46,0.56,0.143410744,0.733333469,0.340205834,0.0795453716,0.714286057,0.285714137,0.256756628,0.264,0.194030022,0.571428514,0.253687229,0.833333467,0.303030321,0.48,0.460869573,0.392857354,0.937499981,0.818182027,0.279411828,0.386666807,0.680851128
0.172130923,0.0676692147,0.296296321,0.185714256,0.791566358,0.19696948,0.608695378,0.0340425891,0.361111261,0.416666675,0.0432503009,0.333333167,0.597402618,0.0621761655,0.883333223,0.0733944526,0.626506125,0.476190476,0.239818922,0.352112324,0.256756603,0.0554370778,0.836065818,0.460732584,0.158249015,0.483870806,0.453947087,0.720812098,0.16731872,0.316831631,0.358974287,0.924418676,0.449999885,0.118774047,0.320512796,0.732025972,0.833333433,0.056338,0.724381578,0.185714286,0.325581395,0.3934426,0.428571829,0.141592963,0.271929709,0.806722726,0.946327684,0.777777948,0.0611804394,0.111111173,0.105555621,0.29508173,0.193333186,0.374999563,0.166666483,0.530465923,0.0979020734,0.463414339,0.72058784,0.62,0.891472793,0.35,0.0679612269,0.869565259,0.757575806,0.618852542,0.85474858,0.279411928,0.350877189,0.339285889,0.965346531,0.429947298,0.238267309,0.202186163,0.913043522,0.736434021,0.307692343,0.43478257,0.557692646,0.164,0.740384561,0.359549712,0.0689656724,0.730768927,0.280303015,0.213333521,0.237704749,0.210526447,0.54901972,0.272189316,0.827585972,0.2857142,0.465517474,0.48275843,0.417410593,0.908333267,0.7888891,0.209677542,0.386666793,0.6458335
0.146341515,0.0621761012,0.267281083,0.147540818,0.807919925,0.216666792,0.571428643,0.0519480179,0.379629503,0.3529413,0.0387182828,0.24444452,0.623376561,0.0569947972,0.851851956,0.0612902955,0.691176422,0.526315574,0.237068794,0.337837566,0.261538174,0.0641592706,0.794117482,0.46031745,0.175862211,0.46666688,0.516556272,0.716418052,0.148255672,0.336538658,0.3421058,0.940119886,0.428570829,0.117424309,0.283783827,0.697182814,0.75757573,0.051948,0.737255231,0.152777717,0.404761976,0.406779812,0.342465674,0.181034519,0.270491695,0.826771645,0.955555543,0.747826137,0.0652482156,0.111111064,0.115151579,0.312057,0.175,0.395348679,0.2,0.541379144,0.10869571,0.439024644,0.712121385,0.660377396,0.918032938,0.326086928,0.078651844,0.899425231,0.709677332,0.622710985,0.875,0.393442179,0.326530531,0.31730744,0.944444431,0.404347693,0.234483021,0.223880134,0.904761906,0.7578125,0.27802656,0.435897418,0.56603757,0.161156636,0.684782495,0.3333333,0.0813953163,0.697674349,0.316602344,0.271428736,0.221238882,0.203390056,0.508474942,0.280059256,0.839080145,0.290322671,0.451612842,0.512820424,0.391608352,0.924999954,0.78022,0.175438682,0.379746824,0.695652139
0.120689744,0.0647668768,0.257009418,0.213114534,0.800808372,0.183333353,0.4999999,0.0655021801,0.46534654,0.290322958,0.033025093,0.235294035,0.729411821,0.0568720425,0.749999975,0.0602006048,0.671875,0.5333333,0.221311418,0.333333267,0.277777822,0.0618102589,0.749999875,0.447058496,0.170068381,0.43333329,0.574802959,0.68663595,0.141822018,0.339285154,0.384615346,0.952941214,0.452829936,0.112359603,0.29850744,0.723404145,0.742857223,0.073170622,0.710637808,0.184615274,0.45976984,0.412698471,0.272727109,0.215517246,0.287769381,0.873015896,0.96486488,0.692307749,0.0642095291,0.106060606,0.134375,0.321428696,0.155279598,0.39999994,0.190476081,0.546099445,0.10769232,0.43373457,0.689655369,0.631578637,0.93859641,0.306122533,0.0714285486,0.904225352,0.7058822,0.606617653,0.887417235,0.359375,0.38,0.296703367,0.93684215,0.393728049,0.239482156,0.257510357,0.88,0.763358634,0.272727243,0.459459476,0.509090955,0.18666691,0.688171843,0.348623798,0.0543478946,0.714285671,0.363265206,0.226666281,0.21296288,0.310344845,0.590163931,0.269553077,0.864197341,0.250000175,0.4029851,0.491071834,0.368811611,0.920168166,0.807228761,0.178571225,0.397436021,0.723404255
0.154545376,0.0559795589,0.237209252,0.1454544,0.815315564,0.163934266,0.428571386,0.0599078202,0.53191456,0.205128185,0.0346205117,0.19999986,0.77173916,0.0704225782,0.6666666,0.0510949139,0.690909507,0.49999945,0.223576809,0.304347987,0.214285386,0.0626450226,0.726027608,0.437870047,0.168539321,0.307692477,0.620967237,0.695852535,0.138722525,0.319327867,0.3809525,0.963855396,0.530612516,0.114391124,0.3125,0.728571233,0.821428518,0.107526914,0.701422027,0.19999994,0.484210297,0.416666783,0.225806113,0.188034255,0.263158347,0.869230797,0.963541641,0.693877392,0.0602935447,0.0934578824,0.135416769,0.349315396,0.16875,0.377777464,0.216216373,0.551971425,0.0975610761,0.391892022,0.648148359,0.66,0.95049502,0.307692362,0.0789474237,0.923884535,0.65625,0.620817963,0.896551703,0.3125,0.391304535,0.325301007,0.938144268,0.396226756,0.221712391,0.246963413,0.874999993,0.795620471,0.254385727,0.444444333,0.509090598,0.183036071,0.731182954,0.292682958,0.0674157596,0.717948703,0.393162308,0.172839686,0.232323,0.3508775,0.514705806,0.262227762,0.868421,0.285714471,0.453333364,0.522522426,0.353960195,0.91869926,0.809523738,0.169811336,0.405063443,0.75000015
0.201923218,0.0484261276,0.243362761,0.171428383,0.82666674,0.138461511,0.382353026,0.0622009882,0.577777873,0.194444639,0.0353403177,0.207547004,0.853932561,0.0755554832,0.636363327,0.0564515958,0.733333227,0.482142486,0.260700132,0.246153823,0.203125,0.0548925538,0.730769027,0.404762234,0.146616853,0.407407504,0.669491323,0.686636145,0.136268364,0.352941085,0.38297877,0.961290369,0.511110607,0.0989010052,0.275862255,0.688405566,0.774193513,0.17525789,0.645631564,0.166666483,0.52040774,0.405797138,0.210526437,0.189189258,0.251968356,0.86776857,0.959677454,0.688888976,0.0614773653,0.075892903,0.156028275,0.347825604,0.151898735,0.34090937,0.257142826,0.558219133,0.129032345,0.42028948,0.593220207,0.727272591,0.933333366,0.245282874,0.0810810638,0.929178419,0.542857291,0.627819526,0.898550544,0.310810762,0.5000001,0.285714329,0.93229171,0.380453848,0.226726612,0.266423275,0.85217398,0.808823518,0.230769505,0.314285751,0.461538846,0.16363645,0.714285743,0.330882352,0.0631577937,0.736842158,0.438525263,0.156626663,0.241758242,0.301887121,0.506666704,0.275725596,0.871794885,0.371428637,0.505747044,0.546391636,0.366666603,0.924,0.795180682,0.13461546,0.364864746,0.775510145
0.245098141,0.0427553854,0.200000012,0.202898739,0.80978888,0.147058841,0.419354842,0.0732983853,0.63414599,0.184210526,0.0278514494,0.20408178,0.865384514,0.0798318863,0.571429057,0.064377758,0.8070173,0.482142634,0.301960519,0.301587411,0.20000004,0.0521327215,0.691176285,0.401163031,0.145522024,0.3793102,0.739837346,0.650943169,0.134854708,0.340425328,0.418604665,0.946308756,0.50000035,0.105454611,0.363636145,0.678321589,0.814814852,0.19999996,0.664864847,0.106383064,0.561797582,0.454545409,0.235294106,0.196428471,0.289063,0.886956483,0.962025296,0.692307623,0.053286357,0.0635593354,0.170542664,0.403408983,0.1399999,0.35555572,0.210526442,0.57382582,0.141791059,0.454546,0.44,0.67441867,0.915887874,0.333333333,0.0769230562,0.947802174,0.536585137,0.6015624,0.894308827,0.277108517,0.55,0.294117665,0.930851084,0.368237147,0.225947961,0.295081777,0.860869578,0.824817575,0.237068681,0.258064623,0.49999975,0.15000001,0.721518984,0.323943568,0.0860215398,0.73333344,0.425197015,0.147058775,0.291139187,0.2727274,0.494117452,0.272842472,0.916666475,0.382352694,0.504761675,0.534090767,0.357513084,0.920152168,0.805194919,0.109090955,0.3857146,0.76
0.234693953,0.0334927619,0.215767549,0.185714249,0.789183613,0.1549295,0.428571257,0.0837696335,0.6250003,0.184210674,0.0240202247,0.291666775,0.881818148,0.0772357308,0.525423827,0.0726495376,0.807692019,0.480769167,0.338645299,0.305084695,0.197183,0.0401891339,0.636363673,0.434285702,0.133064573,0.434782739,0.772357167,0.635468288,0.115234279,0.323309006,0.394737042,0.949999984,0.531914813,0.110726651,0.358974479,0.66883098,0.851851781,0.194915429,0.633540736,0.146341376,0.563218018,0.481481607,0.234375,0.187500238,0.258620657,0.896226437,0.96790119,0.707317154,0.0503766691,0.0637450272,0.187500094,0.430167948,0.152173936,0.3584902,0.266666687,0.593219914,0.137681318,0.471428889,0.468085132,0.652173935,0.91509441,0.3333333,0.0779221042,0.950276259,0.5,0.588235228,0.929824491,0.240963904,0.575757561,0.245901649,0.922222162,0.392336141,0.22303223,0.264331441,0.851851797,0.821428601,0.224880704,0.205128038,0.488371898,0.154205541,0.764705835,0.34228164,0.076086962,0.744186149,0.46,0.0869564652,0.314285531,0.315789137,0.483145962,0.267523531,0.881188189,0.4418602,0.519607739,0.487179403,0.364829213,0.926356607,0.802817,0.0555555278,0.39999986,0.749999925
0.240384649,0.0389293988,0.206477874,0.164383549,0.76872926,0.142857071,0.366666647,0.0903955382,0.679487092,0.214285607,0.023720341,0.2608695,0.895652171,0.0793651354,0.564102564,0.0808511491,0.803921743,0.425925843,0.36144596,0.384615,0.260869691,0.034146311,0.6197185,0.453333702,0.137254603,0.391304387,0.784615456,0.642487122,0.104961854,0.338461704,0.432432446,0.948905135,0.490565991,0.104811011,0.378378551,0.670885798,0.814814733,0.19379847,0.648648843,0.15,0.590909964,0.534883786,0.253521127,0.193877522,0.278846391,0.872549019,0.974943078,0.6805554,0.046222444,0.0664061801,0.211382171,0.464705936,0.165413633,0.42,0.2666665,0.56055345,0.154929546,0.514285509,0.444444089,0.62,0.90909088,0.344827669,0.05625,0.951008634,0.536585337,0.554054255,0.925233651,0.228260995,0.675,0.191176485,0.920904005,0.396153703,0.201201038,0.259474697,0.828571422,0.842857096,0.227487857,0.2105264,0.48717949,0.145454537,0.779220701,0.344370931,0.0963855422,0.714285886,0.487287658,0.0735294488,0.265625,0.408450704,0.478723291,0.254695208,0.867924574,0.448979876,0.535353482,0.450704275,0.343750303,0.946043219,0.779220922,0.117646871,0.3934424,0.78
0.244898296,0.0393873102,0.215139562,0.155844,0.763858343,0.153846162,0.50000015,0.0971428956,0.637681109,0.257142977,0.0234857652,0.297297478,0.887850369,0.0957855345,0.55,0.0871370384,0.816326429,0.482758414,0.40277776,0.38,0.242856721,0.0326632992,0.71641767,0.455782305,0.130434729,0.384615715,0.770370037,0.659794118,0.105566239,0.333333433,0.485714451,0.947368411,0.396551822,0.110223652,0.433333473,0.68125,0.766666637,0.189394114,0.664122383,0.135135108,0.655555531,0.567901043,0.253731576,0.204545525,0.317307997,0.877777986,0.975663708,0.646153658,0.037122926,0.0613026959,0.205882416,0.440476133,0.190839452,0.352941265,0.342857,0.57894792,0.174496633,0.5633805,0.465116,0.641509621,0.91304345,0.327586266,0.0487805034,0.959770071,0.595238338,0.509346205,0.915094378,0.259259104,0.652174035,0.225351887,0.928994178,0.377733555,0.17491768,0.268156813,0.823529322,0.853846198,0.199073772,0.205128159,0.521739261,0.125,0.802469019,0.374193666,0.119999972,0.695652339,0.487069045,0.0693641673,0.268656807,0.419753022,0.425742646,0.241898,0.872881367,0.407407281,0.542553317,0.447761207,0.337874933,0.950657964,0.756756803,0.133333433,0.415094649,0.8
0.272727273,0.0399159976,0.228681834,0.154761976,0.755827052,0.171428486,0.45161311,0.0914633927,0.634920581,0.263157947,0.0191326494,0.307692415,0.901960838,0.11046512,0.548387081,0.106837516,0.767857221,0.509090902,0.409090523,0.458333367,0.306666592,0.0380710203,0.661290563,0.49999955,0.120481857,0.49999995,0.7801418,0.670329701,0.106261894,0.327731029,0.484848539,0.944881883,0.415384425,0.105654765,0.4285716,0.659722252,0.74999995,0.183206223,0.651162872,0.12820519,0.691358416,0.60000004,0.264706047,0.159574516,0.321838946,0.8450705,0.975982489,0.616666338,0.0317311638,0.050000023,0.181818164,0.51462013,0.236220285,0.326923108,0.342105126,0.561403399,0.183673216,0.628571274,0.416666658,0.66,0.914285718,0.326922902,0.040462454,0.962643639,0.540540416,0.471962458,0.926605599,0.191304233,0.625000088,0.260273756,0.939393936,0.374749356,0.153721737,0.271232807,0.858490586,0.853846155,0.215596298,0.166666583,0.52,0.1014493,0.831325267,0.398601465,0.0821916918,0.733333447,0.465437631,0.0523560209,0.261538252,0.368421347,0.4339622,0.240230008,0.839285646,0.406779671,0.55339782,0.3582088,0.331551203,0.956375909,0.777777756,0.15625,0.384615646,0.76666617
0.276595772,0.0505049939,0.236841753,0.144444286,0.735722204,0.180555682,0.392857182,0.0994152898,0.561403619,0.2894738,0.0196335118,0.393939476,0.88,0.101449328,0.520833644,0.12062257,0.754716879,0.566666747,0.429245528,0.425925743,0.306666837,0.031914849,0.655172107,0.524475599,0.10687023,0.464285807,0.801418321,0.657458776,0.107806754,0.352941062,0.486486643,0.9453125,0.342857437,0.0975608878,0.444444456,0.654411709,0.741935377,0.203125102,0.669421782,0.12820519,0.723684089,0.6666664,0.271428563,0.197674399,0.33766237,0.84999992,0.979123186,0.576270981,0.025463003,0.048,0.223301011,0.471909653,0.309523994,0.320754696,0.394736763,0.560439616,0.173076818,0.652777478,0.37499995,0.655172393,0.919192,0.355555549,0.0326086683,0.96209914,0.512820456,0.457142671,0.901785807,0.181818135,0.614035032,0.219780254,0.944133987,0.364923382,0.1193772,0.290140939,0.796296579,0.827586115,0.203883728,0.2142855,0.58490576,0.0952380624,0.866666733,0.403846248,0.111111211,0.76,0.463963779,0.0521739751,0.254237319,0.333332867,0.418367142,0.236301349,0.819819713,0.365079429,0.545454665,0.328358334,0.323033703,0.95625,0.807692323,0.179104582,0.306122839,0.730159027
0.311828495,0.0514284943,0.215613021,0.137931131,0.721205815,0.223684367,0.444444522,0.107784434,0.5593216,0.3333332,0.0185950364,0.371428277,0.870967574,0.101123668,0.519607733,0.128906218,0.74999995,0.642857143,0.436019046,0.469387871,0.341772403,0.0297619092,0.666666867,0.492753141,0.119230793,0.413793034,0.809210588,0.649717997,0.108949385,0.333333027,0.5000002,0.934959311,0.315789274,0.099999896,0.444444444,0.672,0.78125,0.181818295,0.700854618,0.15909108,0.776470844,0.6494845,0.277777844,0.206521838,0.318841068,0.773585077,0.981404938,0.545454536,0.022674673,0.0563910113,0.257425612,0.486631353,0.417323041,0.31481492,0.444444244,0.562499691,0.156862774,0.652777969,0.3673467,0.6875,0.923076929,0.404255281,0.0408163237,0.958100544,0.447368489,0.467249088,0.905660438,0.172932435,0.592592337,0.244680845,0.940594039,0.352878259,0.100682608,0.31288375,0.805084867,0.853448256,0.196172559,0.19999996,0.629629504,0.103261001,0.865979254,0.437086161,0.11290319,0.730769388,0.450450287,0.0297872299,0.230769223,0.306817876,0.450980268,0.195273398,0.818965366,0.41791024,0.548672642,0.27397231,0.287833738,0.949999942,0.797752501,0.263888994,0.354166671,0.745762531
0.303030303,0.058407075,0.20038883,0.149425525,0.732912665,0.2375,0.4230768,0.156976826,0.492307855,0.342105263,0.0183923953,0.305555556,0.845237862,0.0996441101,0.52,0.12686568,0.717390928,0.693548377,0.422535291,0.425531915,0.376344174,0.0342678655,0.686274706,0.459853875,0.121323533,0.454545482,0.812500074,0.662921112,0.101364555,0.298076531,0.465116,0.929203543,0.304347835,0.0987653807,0.36,0.687499602,0.75757583,0.176923027,0.728,0.195121954,0.777778044,0.66,0.253731646,0.238636428,0.344262328,0.787234085,0.98,0.55072461,0.0197974138,0.0629921566,0.25,0.518518489,0.453846027,0.333333667,0.486486443,0.580152405,0.162337581,0.694117331,0.423728646,0.774648113,0.91,0.461538431,0.0333333097,0.959183709,0.529411729,0.469827604,0.927083107,0.185185121,0.592592581,0.252631651,0.960784358,0.352510735,0.0931900547,0.297213747,0.811023945,0.840707879,0.192307865,0.212766043,0.677419406,0.0949721039,0.867924602,0.478260849,0.12068976,0.705882106,0.427927725,0.0361445625,0.211538615,0.30232524,0.442307576,0.202666426,0.824427377,0.373332912,0.537190015,0.2361112,0.303030228,0.959459483,0.861702128,0.259740334,0.42,0.6666667
0.303030303,0.0700854312,0.216535207,0.16666675,0.73057493,0.314285831,0.44,0.160919517,0.46875,0.3255812,0.0152116264,0.292682888,0.794520636,0.0887371869,0.490566175,0.151079237,0.711110969,0.737704869,0.39487229,0.477272252,0.433735313,0.0363036347,0.711111342,0.424999985,0.101449303,0.4999999,0.838323497,0.662983354,0.103869699,0.291261937,0.448979396,0.891089032,0.271428554,0.0879478862,0.32,0.707070695,0.735293879,0.183206262,0.749999998,0.292682951,0.761904551,0.587301407,0.217391426,0.237113429,0.37499945,0.7500001,0.9738956,0.50000035,0.0127504577,0.0647771962,0.307692415,0.502673825,0.454545437,0.369565178,0.459459484,0.58555156,0.167785237,0.695652722,0.472727367,0.764705606,0.908163146,0.564102595,0.04888888,0.964705865,0.5,0.482758301,0.90000007,0.18064514,0.581818033,0.235294141,0.956937748,0.364744924,0.112318862,0.28428082,0.809160313,0.848214308,0.181372524,0.245282823,0.707692425,0.0958082726,0.874999939,0.466165427,0.166667,0.723404179,0.419191292,0.0393700609,0.224489876,0.343749922,0.39,0.219373223,0.837837776,0.29999977,0.503937029,0.197183099,0.30368115,0.969072159,0.854545437,0.285714357,0.407407559,0.681159146
0.316326727,0.0797341629,0.214285773,0.208955375,0.725790164,0.307692108,0.448275876,0.174418624,0.402777682,0.318182059,0.0154242028,0.32,0.753846178,0.0781759133,0.517241206,0.151079107,0.666666733,0.741379252,0.384236746,0.434782683,0.482353341,0.0426229666,0.777777867,0.420560779,0.0905797145,0.515151555,0.848648621,0.622222289,0.108695592,0.272727309,0.490565945,0.852272867,0.246153823,0.0838709914,0.1818182,0.724137655,0.685714243,0.208028775,0.732283649,0.380952176,0.758928449,0.600000048,0.214285714,0.228260872,0.301886879,0.675,0.971238924,0.513889,0.010948895,0.0716980807,0.329411366,0.502391923,0.479729733,0.363636427,0.538461515,0.584558508,0.181208163,0.71,0.490566098,0.793650794,0.936170187,0.65,0.0478260824,0.965517248,0.433332987,0.48958366,0.8625,0.186666654,0.645833458,0.242990945,0.954337925,0.363340188,0.107279655,0.270833545,0.8195488,0.868421009,0.190721731,0.3225807,0.7121215,0.0909090691,0.898305058,0.448979627,0.169230835,0.627907051,0.399999756,0.0464135323,0.319149128,0.3333338,0.425742623,0.210059407,0.895705525,0.295774352,0.509933985,0.191780811,0.294915301,0.966903061,0.869158946,0.2799998,0.34,0.691176669
0.33663364,0.083751994,0.2520329,0.24,0.707876467,0.290908987,0.5625,0.168316809,0.375,0.391304122,0.0128534991,0.309091169,0.684210516,0.0642201232,0.530769306,0.131487907,0.7,0.7666665,0.374331725,0.413043535,0.482758462,0.0401337656,0.818181645,0.381443514,0.0932836092,0.606060642,0.863874346,0.620878655,0.115631662,0.298701239,0.518518352,0.840909336,0.25,0.0830449874,0.25,0.725,0.59999976,0.251851863,0.759398448,0.421052547,0.749999985,0.598540285,0.192982542,0.25,0.3,0.666666733,0.964679897,0.53125,0.0092721335,0.0813954084,0.333333133,0.488839377,0.483221595,0.365853476,0.536585576,0.547794185,0.15723277,0.742574259,0.468084706,0.807017281,0.922330023,0.675,0.0403586956,0.960113986,0.448275997,0.510548651,0.853658583,0.151315705,0.74999975,0.22,0.956331882,0.369611659,0.0965249981,0.266187216,0.858267763,0.831858336,0.193548461,0.3731341,0.723077145,0.0670391487,0.888,0.433333249,0.1967212,0.575,0.363635861,0.0448429677,0.346938827,0.329786967,0.450450394,0.208459392,0.902174022,0.308823731,0.525714526,0.160000088,0.310714581,0.967058847,0.8867925,0.319444408,0.352940806,0.690140655
0.324561503,0.0755033043,0.222672128,0.23255814,0.696835042,0.218181765,0.65625,0.170212779,0.352941329,0.444444156,0.0112640382,0.269841189,0.68,0.0744047013,0.546874727,0.127946095,0.648648554,0.730158657,0.383419296,0.512194802,0.453487991,0.0384615542,0.833333433,0.352940935,0.080701776,0.605263079,0.856410229,0.588888721,0.11564621,0.338461634,0.490195749,0.782051313,0.22448991,0.0722432472,0.2857143,0.769230792,0.621621635,0.274647723,0.772413814,0.446808153,0.684615786,0.594405882,0.224138033,0.29787243,0.318181805,0.583333225,0.957589301,0.555555644,0.00788862681,0.090551181,0.3333331,0.457943792,0.510066984,0.404761662,0.545454282,0.5390069,0.151315895,0.74999987,0.488372093,0.8307694,0.93,0.725,0.0431034275,0.958791238,0.40625,0.490991251,0.870588274,0.161850027,0.749999875,0.217391435,0.949367149,0.376343988,0.120300824,0.294117682,0.8360657,0.816513776,0.151685438,0.3561645,0.735849274,0.0658681171,0.887930983,0.409938001,0.163934333,0.523809448,0.339393548,0.0476190086,0.4347824,0.368421095,0.463636129,0.192547056,0.915254275,0.263889026,0.537634586,0.195402741,0.340579644,0.97117519,0.873873886,0.381578947,0.362068664,0.688312031
0.310345298,0.0814941228,0.218623101,0.324324324,0.696689442,0.254901878,0.575757673,0.159533274,0.361445708,0.468085013,0.011138586,0.250000275,0.625,0.0670391835,0.555555378,0.133573855,0.625,0.64999994,0.421319718,0.5555556,0.482352834,0.0320699436,0.829787302,0.319999672,0.0711743727,0.612903094,0.846153742,0.580837921,0.0990566588,0.372881739,0.4583332,0.794871941,0.250000025,0.0695970116,0.482758545,0.764705859,0.625,0.279411341,0.774647939,0.526315684,0.681480976,0.553191511,0.222222189,0.272727336,0.317072959,0.575757488,0.948888936,0.546875,0.00833333735,0.122950681,0.367815963,0.468468454,0.496732077,0.408163341,0.528302228,0.492857136,0.161073694,0.798165268,0.5,0.835820733,0.904761963,0.73913027,0.0632911146,0.96121882,0.451613065,0.516129256,0.864197436,0.196531638,0.78378387,0.219780276,0.935344925,0.378692354,0.12043788,0.289473803,0.827868901,0.834710677,0.137931092,0.337837936,0.733333387,0.0588235235,0.896551719,0.42176867,0.140350914,0.534883507,0.265517099,0.0409090804,0.50000005,0.454545864,0.472222314,0.188271549,0.931578906,0.246153798,0.553191493,0.194805175,0.358695387,0.969163004,0.854838705,0.3733333,0.269841,0.743589551
0.313042785,0.0897226541,0.206477713,0.333333533,0.679718817,0.28,0.540540562,0.177304982,0.367088384,0.469387859,0.0107398805,0.246575575,0.5000001,0.058171764,0.567741926,0.119133526,0.625,0.696969697,0.433154945,0.536585046,0.488635895,0.0308123021,0.82,0.226666277,0.070422543,0.666666833,0.850828836,0.533783996,0.0843672469,0.407407663,0.408163192,0.7808221,0.209302284,0.0671936928,0.535714186,0.784090906,0.545454582,0.318840231,0.80263165,0.6,0.652482539,0.556391023,0.22033909,0.252525377,0.342857429,0.545454573,0.945652214,0.603773821,0.00635496784,0.133603114,0.397590559,0.481171548,0.435714565,0.411764665,0.546875,0.466666433,0.179856145,0.809917334,0.56097568,0.852941,0.897196297,0.740741,0.0576131795,0.96629214,0.379310548,0.518867876,0.869047552,0.218181529,0.8125,0.222222167,0.948936122,0.378024027,0.134831534,0.2903228,0.835937582,0.835526259,0.11363643,0.394366,0.711111111,0.0506328661,0.864864955,0.42465769,0.196721161,0.625,0.263158453,0.045248911,0.549019949,0.466292134,0.558558449,0.197014608,0.911458291,0.269841243,0.559405501,0.240964159,0.380281696,0.967672435,0.850746145,0.382716223,0.260274178,0.753247049
0.285713899,0.09615376,0.219512237,0.3125,0.665973057,0.204081637,0.527777894,0.174657493,0.355263203,0.425531915,0.0136986058,0.2625,0.439024695,0.0505318933,0.576470436,0.14015148,0.625,0.682539614,0.465517186,0.560975512,0.454545309,0.0373333466,0.811320887,0.168831169,0.0596490848,0.642857179,0.864705893,0.460431802,0.0837438151,0.451613326,0.340425396,0.770270216,0.256410328,0.0566801727,0.571428571,0.747126077,0.535713946,0.353741489,0.808823581,0.585366044,0.649253676,0.569105828,0.163934231,0.26415078,0.472222211,0.515151558,0.933774921,0.553191311,0.00707964929,0.135458234,0.351063965,0.493975959,0.426470664,0.437499744,0.485714143,0.433070888,0.187969925,0.848739643,0.58333325,0.864197481,0.88775509,0.685185337,0.0663900492,0.958333277,0.423076838,0.512315447,0.873562963,0.251497195,0.793103324,0.2173915,0.942386804,0.390316483,0.134099725,0.282828577,0.851562574,0.841463397,0.0875,0.424657642,0.666666667,0.066666644,0.826086983,0.41666646,0.206896617,0.568181816,0.26271223,0.0403586963,0.479166883,0.541666429,0.583333282,0.190769357,0.901639309,0.261538252,0.584112337,0.32467526,0.387681285,0.960499,0.854014713,0.285714271,0.225,0.769230831
0.302521356,0.0930600542,0.207692149,0.307692354,0.627428811,0.22448982,0.529411847,0.183870976,0.346666792,0.458333054,0.0143014226,0.315789384,0.414633732,0.0392669843,0.54891299,0.155378462,0.483870558,0.712121141,0.494318239,0.51219521,0.432098914,0.0389294353,0.82,0.164556785,0.0719177653,0.56,0.814371767,0.436241154,0.0925449661,0.483871342,0.326086702,0.763157705,0.297297319,0.061983486,0.555555389,0.7500002,0.52,0.436708622,0.818965525,0.6052634,0.683452661,0.525000194,0.231884277,0.264151059,0.49999995,0.513513608,0.93251542,0.548387316,0.00631199506,0.143410927,0.404255062,0.510121149,0.4661656,0.418182025,0.413332965,0.420601086,0.17968777,0.868217038,0.666666533,0.908163237,0.893616979,0.640625,0.0550847884,0.951742537,0.413793234,0.543147009,0.896551503,0.267857296,0.740740741,0.213483558,0.940476229,0.404624375,0.131578947,0.259886711,0.874074101,0.83536586,0.0649349804,0.426666584,0.5714285,0.0655739062,0.803571327,0.399999826,0.177419271,0.511627995,0.254237645,0.0389609953,0.481481556,0.617283977,0.64035061,0.182692786,0.910714204,0.181818091,0.60964877,0.3214282,0.382456366,0.959381038,0.827338061,0.268292507,0.1756755,0.815789308
0.280701811,0.104687552,0.232472136,0.3,0.613364944,0.191489438,0.59999994,0.157894738,0.310810811,0.422222042,0.0118918812,0.333333167,0.405405443,0.0330578334,0.546960991,0.144628064,0.419354632,0.666666733,0.50000027,0.542857154,0.424657812,0.0339366281,0.821428864,0.162162149,0.0853241847,0.52,0.75155293,0.441379218,0.100817463,0.551724179,0.142857371,0.743589823,0.310344907,0.0590551489,0.535714379,0.752941349,0.538461485,0.437869665,0.864864966,0.558139688,0.685897669,0.56,0.294117753,0.237288268,0.53333336,0.542857211,0.927565523,0.575757488,0.00614843772,0.152610374,0.443396387,0.493826851,0.481202911,0.418181491,0.358024814,0.39473685,0.138461494,0.879699152,0.679245711,0.889908237,0.89887623,0.60000024,0.0560344206,0.954177855,0.413793234,0.51851857,0.908163137,0.284883243,0.714285771,0.195402824,0.9285714,0.411196984,0.152610409,0.288135418,0.90070926,0.805555554,0.059210553,0.478873261,0.564102469,0.0564970845,0.794117882,0.364865219,0.203389978,0.585365759,0.220338929,0.045643191,0.475409923,0.592592185,0.66666659,0.170067865,0.904109504,0.159420588,0.597285209,0.307692154,0.371133874,0.956912079,0.802919727,0.313253075,0.172839617,0.867469906
0.287128672,0.104430291,0.216312143,0.279069656,0.603575763,0.214285686,0.586956717,0.1691843,0.292682429,0.409091018,0.0155762885,0.344444451,0.425,0.0338028,0.55113619,0.139737833,0.30000005,0.672727369,0.473684574,0.517241555,0.414285307,0.0258620441,0.842105063,0.1830985,0.0777383957,0.481481485,0.774390763,0.428571509,0.105882364,0.606557582,0.130434791,0.767441977,0.333333267,0.0622710219,0.5,0.714285643,0.583333533,0.464705934,0.852941141,0.57446834,0.666666583,0.625899313,0.24999995,0.201550484,0.571428186,0.457142789,0.921875045,0.529411694,0.00649069429,0.170454556,0.475727995,0.477551417,0.464788599,0.384615354,0.3333332,0.399061238,0.15966373,0.885714363,0.6666665,0.91228071,0.891304198,0.558823279,0.0509259168,0.944149014,0.37931051,0.48292681,0.909090918,0.288235359,0.636363791,0.181818118,0.928571373,0.41746627,0.155555471,0.295598103,0.914473637,0.8324608,0.0705882853,0.4788735,0.571428786,0.0564971155,0.762376249,0.343949241,0.203703763,0.615384646,0.226086658,0.0300429308,0.516129071,0.576922831,0.704348182,0.152317795,0.877049177,0.108108,0.625000069,0.391304461,0.362637003,0.943781951,0.801282032,0.301205,0.214285729,0.873562925
0.31,0.108597291,0.204379614,0.29787246,0.596612436,0.15,0.612245133,0.151515168,0.267441573,0.309523779,0.0147368204,0.343137193,0.473683916,0.0344827417,0.566474115,0.140271592,0.285714286,0.666666733,0.485074947,0.565217504,0.430556028,0.0276595739,0.851852015,0.228571277,0.0833333867,0.48,0.730769361,0.380281591,0.113496907,0.562500063,0.10204089,0.779069922,0.258064548,0.0531915053,0.484848542,0.745454802,0.590909032,0.483516738,0.860214984,0.590908877,0.644736934,0.70212774,0.2875,0.204379737,0.685714274,0.41463408,0.924418696,0.529411982,0.0064322448,0.163346579,0.51,0.502164432,0.468354232,0.391304117,0.329113899,0.414141248,0.187499833,0.888888964,0.661290629,0.934959359,0.879121,0.625000062,0.0541871914,0.936986248,0.37931051,0.420791778,0.921568694,0.331288391,0.521739335,0.142857229,0.930769226,0.418478022,0.178081894,0.279999642,0.910958977,0.802030316,0.103030344,0.521739226,0.529411906,0.0628572199,0.747572395,0.292397542,0.217391165,0.675675838,0.219047594,0.0398230319,0.508772093,0.63013733,0.706896234,0.142424113,0.834782491,0.115384558,0.646153867,0.440000032,0.354839127,0.941077501,0.78571435,0.26966313,0.241758076,0.9052633
0.346938731,0.120120076,0.195035598,0.367346869,0.590677156,0.1627906,0.60000002,0.166153433,0.28735607,0.295454623,0.0151679065,0.399999962,0.410256546,0.0316091842,0.538922419,0.120192409,0.263157895,0.659090798,0.515624758,0.454545373,0.435483474,0.03,0.844444491,0.227272659,0.101754346,0.625,0.723683847,0.333333333,0.0900321266,0.645833652,0.0892854732,0.817204191,0.272727282,0.0477815795,0.42424247,0.78,0.578947568,0.472081205,0.904761667,0.558139465,0.655405149,0.66875,0.289473626,0.195804235,0.692307585,0.34782623,0.933593789,0.363636482,0.00765631813,0.133603169,0.565656509,0.513274581,0.454545175,0.410256364,0.333333533,0.423913308,0.181817835,0.871212128,0.640625,0.926470611,0.914893583,0.630137211,0.0547263786,0.922651935,0.413793234,0.395238001,0.900990042,0.370861355,0.5,0.146666527,0.930402981,0.425688109,0.180487559,0.2847223,0.925675698,0.788944216,0.123376701,0.55714278,0.5000004,0.0783133313,0.7173917,0.301136286,0.2,0.647058671,0.24,0.047619009,0.482142534,0.626865324,0.669230627,0.141065859,0.752380689,0.115384535,0.66120213,0.49999975,0.345454449,0.934782572,0.785276066,0.2386362,0.234693812,0.894736854
0.354838535,0.124431,0.210714346,0.340909098,0.585365591,0.177777707,0.61702143,0.162420348,0.239583548,0.272727718,0.0172413962,0.412844133,0.435897562,0.0273555851,0.543859481,0.13705577,0.184210563,0.567567557,0.495726476,0.56,0.421052847,0.0290697473,0.843137406,0.245901298,0.109215011,0.6,0.684931402,0.285714571,0.090614889,0.6666669,0.09375,0.836956465,0.275861845,0.0436241052,0.40000008,0.765957447,0.619047595,0.490098769,0.888888922,0.560975473,0.686746882,0.666666693,0.283783714,0.176056344,0.658536524,0.3,0.935483881,0.275,0.00773196163,0.128099178,0.619564866,0.535544608,0.429487103,0.448275686,0.294117641,0.433734543,0.204081718,0.883720918,0.6212125,0.927536266,0.917647034,0.666666567,0.0597014787,0.910404645,0.413793234,0.349775984,0.898148113,0.416666588,0.523809414,0.119403012,0.93728221,0.40275235,0.158730025,0.284671554,0.941605881,0.811518287,0.146496944,0.547945274,0.380952381,0.0848484779,0.673912963,0.280000252,0.24242417,0.59375,0.234693836,0.0811964992,0.452830091,0.677419742,0.693430857,0.134185296,0.688889393,0.132530227,0.642458138,0.607595043,0.329629585,0.945273702,0.8125,0.263157947,0.282608485,0.905172364
