9682,17298,18309,12844,12482,11411,10448,9529,8717,7951,7231,6590,6004,5542,5178,4724,4228,3888,3591,3422,3252,3154,3014,2913,2787,2629,2530,2458,2489,2436,2393,2302,2235,2180,2153,2100,2124,2099,2061,2012,2037,2072,2166,2176,2241,2329,2466,2480,2580,2630,2707,2744,2831,2957,3020,3068,3182,3234,3338,3384,3490,3512,3569,3597,3668,3660,3741,3717,3817,3812,3802,3806,3769,3751,3794,3684,3601,3650,3682,3634,3514,3496,3540,3624,3613,3550,3558,3556,3519,3453,3531,3449,3460,3408,3458,3551,3594,3546,3577,3470,3480,3532,3489,3502,3500,3458,3406,3367,3348,3315,3361,3344,3425,3406,3352,3371,3354,3374,3355,3327,3271,3320,3316,3343,3188,3116,3126,3056,3023,2971,2921,2978,3041,3110,3068,3066,3067,3061,3095,3110,3142,3083,3073,3044,3008,2997,2918,2898,2845,2825,2917,2926,2940,3058,3063,2958,2976,3011,3014,3043,2999,3012,3014,3063,3029,3011,2956,2902,2956,731,315,246,207,188,203,222,239,235,241,245,254,264,246,241,235,222,231,245,254,249,254,251,262,274,293,272,230,244,262,271,268,271,250,232,211,193,185,194,204,224,220,217,226,207,201,201,185,183,157,146,120,130,143,132,135,138,126,136,124,113,109,100,102,107,110,109,127,126,118,122,128,124,134,135,135,148,132,136,140,140,135,118,138,137,135,125,109,98,99,89,92,101,95,89,93,87,89,94,81,59,63,61,69,62,72,72,68,64,73,70,49,44,43,45,43,50,59,62,45,47,42,39,45,44,49,47,58,54,41,39,37,39,33,39,52,49,56,67,79,84,81,71,83,96,73,76,71,76,74,67,86,89,76,77,63,61,68,75,75,83,94,86,99,97,99,97,94,96,88,84,85,98,104,106,107,85,80,80,78,93,85,84,78,76,63,49,38,33,40,41,41,42,36,26,36,41,41,42,39,47,49,56,54,47,39,43,52,57,42,50,57,61,66,66,62,53,49,51,50,42,39,34,38,42,35,31,26,28,37,31,21,32,31,39,39,35,33,34,31
9847,17283,18280,12687,12146,10940,10095,9428,8636,7822,6957,6162,5547,4989,4650,4368,4179,3874,3568,3255,3077,3047,2869,2860,2754,2677,2609,2563,2551,2493,2503,2490,2464,2438,2375,2403,2454,2367,2362,2276,2317,2300,2276,2282,2231,2198,2189,2214,2234,2274,2303,2315,2253,2273,2237,2374,2427,2441,2480,2500,2576,2588,2605,2683,2759,2825,2841,2850,2930,3014,2989,2986,2964,2972,2946,2870,2922,2998,2975,2936,2961,2999,3086,3134,3176,3118,3126,3242,3193,3220,3245,3395,3394,3450,3420,3426,3544,3585,3578,3458,3412,3429,3444,3386,3336,3336,3370,3358,3325,3317,3262,3260,3246,3178,3154,3099,3106,3119,3047,3011,2994,3054,3133,3083,3154,3229,3288,3342,3357,3387,3433,3361,3222,3172,3131,3069,3074,3016,2983,2893,2940,2922,2967,3001,3051,3022,3069,3017,3053,3044,3063,3021,3034,3027,3020,3031,2963,2976,2929,3051,3065,3046,3044,2980,2971,2923,2979,2978,2973,712,324,212,169,174,181,204,208,199,189,198,192,189,167,179,196,177,172,174,160,156,138,133,125,108,112,125,138,161,163,164,173,174,168,178,176,171,167,172,173,190,196,214,213,227,201,199,201,189,188,176,167,172,183,199,230,214,200,208,187,171,152,141,126,139,149,121,114,107,115,120,127,112,108,108,122,126,132,129,115,113,132,136,130,126,128,129,143,130,131,125,128,119,124,128,122,130,125,120,120,123,122,119,130,125,128,134,135,146,122,107,107,95,97,93,102,108,108,135,134,141,154,139,123,118,119,127,120,105,101,91,100,104,119,130,141,135,140,147,119,137,121,120,110,108,107,86,80,95,97,90,85,88,93,86,98,113,126,119,124,125,116,135,150,142,135,130,118,103,113,102,112,98,93,79,69,64,65,62,61,51,49,41,21,26,24,24,36,36,28,25,20,19,19,19,23,25,25,26,15,26,30,40,39,46,54,46,49,64,54,52,46,44,39,35,43,37,39,39,40,47,50,41,49,46,39,32,28,28,29,25,25,15,15,22,25,13,17,18,15
9667,17236,18148,12772,12534,11304,10463,9657,8765,8071,7412,6832,6290,5670,5085,4671,4424,4054,3781,3545,3304,3196,3025,2835,2837,2671,2596,2520,2400,2337,2333,2298,2288,2263,2205,2161,2170,2111,2055,2055,2044,2081,2096,2099,2090,2126,2154,2234,2326,2359,2355,2294,2317,2334,2300,2268,2321,2383,2480,2572,2627,2769,2800,2847,2832,2819,2851,2893,2947,3038,3006,3122,3179,3260,3216,3136,3058,2970,2955,3070,3134,3122,3175,3098,3055,3056,3075,3040,3088,3058,3181,3168,3137,3078,3073,3072,3080,3029,3038,3073,3041,3016,3068,3052,3036,3047,2978,2979,2971,2978,3111,3185,3146,3214,3220,3219,3228,3244,3312,3364,3403,3355,3451,3441,3586,3508,3545,3467,3404,3473,3478,3507,3530,3488,3557,3614,3576,3591,3557,3558,3622,3623,3612,3619,3633,3660,3643,3594,3534,3580,3533,3482,3323,3344,3349,3297,3266,3187,3128,3087,3120,3157,3134,3157,3097,3121,3103,3046,3045,744,353,267,191,160,136,124,100,85,98,91,86,67,61,48,37,40,31,28,33,39,32,30,31,29,31,27,32,27,24,29,37,40,35,31,35,35,32,34,32,36,35,48,53,53,36,33,42,48,59,61,59,51,45,46,40,30,46,44,41,48,44,48,50,52,58,62,63,64,66,65,63,70,77,88,81,73,71,64,58,54,56,54,66,60,54,41,40,31,34,30,34,44,51,50,59,50,48,45,56,56,60,62,65,70,64,63,61,65,68,82,94,111,100,101,112,119,114,112,126,141,160,166,156,166,159,167,182,194,198,185,197,182,198,204,176,196,205,198,211,219,199,213,207,204,220,203,201,199,194,205,195,173,157,164,166,171,163,159,136,113,105,118,116,126,121,120,130,118,112,112,111,125,126,128,134,134,139,135,137,131,153,159,145,128,130,129,119,109,132,131,139,125,104,111,121,126,156,134,134,129,138,157,137,149,140,130,141,125,112,105,107,101,103,109,107,116,108,105,88,94,87,87,72,66,75,75,60,56,64,71,59,66,65,59,58,69,60,63,68
9710,17412,18466,13186,12839,11386,10503,9665,8837,7978,7372,6654,6038,5353,5008,4566,4186,3836,3682,3452,3222,3070,3018,2900,2844,2860,2758,2738,2570,2514,2500,2466,2483,2399,2416,2399,2398,2373,2372,2401,2403,2418,2380,2466,2493,2511,2581,2630,2716,2727,2734,2718,2684,2740,2772,2875,2883,2869,2916,2880,2931,2967,2940,3002,3107,3092,3112,3082,3094,3073,3111,3107,3103,3082,3142,3145,3169,3204,3227,3283,3310,3431,3411,3445,3403,3555,3508,3500,3539,3586,3617,3581,3590,3631,3652,3635,3732,3604,3438,3345,3266,3333,3300,3401,3338,3449,3500,3488,3453,3420,3527,3525,3541,3427,3326,3215,3233,3190,3124,3203,3247,3325,3354,3387,3388,3367,3368,3453,3393,3323,3357,3359,3422,3473,3436,3425,3346,3397,3342,3297,3182,3157,3203,3251,3349,3385,3415,3383,3394,3442,3385,3290,3253,3339,3299,3262,3207,3158,3151,3215,3228,3241,3295,3385,3458,3451,3458,3399,3389,849,387,306,228,215,233,240,252,251,288,302,293,287,274,270,247,252,242,210,203,204,224,219,197,194,204,206,212,222,227,220,218,207,207,208,215,218,215,225,213,208,203,206,232,253,263,250,240,243,230,209,199,190,200,202,188,204,211,223,221,206,222,219,225,184,190,181,193,185,182,191,191,202,195,173,163,170,176,188,220,233,255,248,239,245,226,213,219,193,192,181,188,210,205,217,228,199,200,189,179,158,142,128,128,129,119,109,107,122,113,100,92,83,76,64,71,62,63,56,50,43,58,59,52,40,37,37,32,28,23,27,22,27,25,31,27,22,28,20,10,11,9,16,15,18,19,25,24,28,21,20,23,26,23,26,24,19,19,18,25,23,17,19,16,13,10,13,14,12,8,10,8,17,21,19,19,18,18,18,26,30,41,44,57,55,54,54,55,60,52,56,66,60,69,56,60,57,51,52,42,42,35,35,44,45,42,43,44,41,39,38,40,39,34,30,31,23,27,28,26,26,36,45,41,38,41,39,32,28,29,30,28,23,28,29,31,25,18,20,18
9724,17203,18302,12908,12616,11293,10360,9514,8514,7829,7233,6660,6061,5507,4950,4597,4259,3918,3677,3480,3235,3014,2827,2715,2639,2550,2428,2425,2390,2332,2310,2245,2196,2170,2179,2213,2230,2288,2282,2239,2268,2312,2320,2320,2333,2338,2386,2370,2441,2476,2522,2537,2584,2657,2660,2575,2616,2723,2666,2714,2776,2803,2838,2839,2907,2966,2987,2987,2936,2903,2960,3033,3006,3047,3064,3111,3115,3093,3057,2993,3111,3220,3347,3375,3313,3298,3337,3393,3435,3408,3439,3439,3422,3434,3464,3428,3432,3421,3520,3489,3476,3483,3450,3445,3479,3453,3414,3405,3501,3457,3396,3328,3346,3280,3228,3192,3175,3088,3055,2980,2890,2866,2895,2993,3003,2998,2982,2892,2895,2939,2915,2990,3059,3052,2970,2977,2983,2950,2992,3055,3101,3108,3136,3083,3052,3083,3104,3075,3036,3052,3070,3121,3203,3147,3149,3162,3201,3232,3178,3171,3103,3142,3140,3139,3152,3091,3085,3028,3006,752,333,237,178,172,187,227,236,208,211,198,239,249,257,269,277,289,288,296,308,328,324,279,283,281,266,250,227,221,208,175,188,168,163,186,186,193,187,177,180,195,196,203,182,187,197,184,176,211,207,212,193,192,189,183,161,169,193,178,171,159,155,162,175,185,190,191,191,197,200,168,173,172,162,148,175,184,184,189,175,178,180,183,191,199,197,202,216,213,197,182,176,162,162,170,174,183,188,167,185,187,189,182,175,180,191,184,186,196,159,143,131,122,119,130,124,108,113,120,106,93,96,97,103,104,115,107,101,106,101,114,105,106,111,121,119,118,108,121,119,113,117,112,94,89,86,96,89,80,66,64,68,63,63,53,63,52,45,45,57,64,72,61,50,45,50,43,43,34,29,27,25,25,29,30,28,30,29,24,25,24,19,12,12,16,14,14,12,12,14,17,19,15,18,13,17,24,30,29,27,18,15,17,14,12,13,14,12,10,6,4,4,1,3,6,6,5,5,5,5,7,10,11,8,13,11,7,10,13,9,7,9,11,4,7,10,14,21,15,7
9849,17061,18077,12500,12181,10930,9880,8989,8187,7665,7082,6400,5811,5419,4946,4430,4009,3779,3583,3374,3242,3084,2975,2841,2770,2709,2592,2603,2521,2458,2408,2355,2279,2284,2297,2288,2276,2207,2174,2148,2127,2099,2069,2077,2073,2069,2061,2123,2143,2218,2221,2306,2308,2302,2380,2408,2422,2468,2478,2506,2504,2554,2562,2627,2723,2800,2850,2839,2731,2742,2809,2809,2776,2751,2775,2819,2865,2831,2836,2827,2830,2861,2872,2922,2936,3012,2908,2943,2873,2971,2942,2911,2878,2923,2878,2923,3001,3012,3119,3099,3032,2922,2831,2927,2962,2977,3040,3087,3140,3110,3080,3038,2994,3026,3017,3125,3135,3278,3245,3266,3209,3243,3205,3240,3167,3293,3382,3343,3315,3260,3243,3302,3285,3288,3255,3133,3197,3091,3112,3049,3042,3101,3056,3083,2983,3076,3054,3071,2994,3033,3016,2993,3063,3177,3188,3163,3116,3063,3040,3025,3013,3152,3188,3135,3173,3190,3131,2972,2971,687,311,237,152,137,131,151,160,174,187,188,182,197,162,171,175,170,169,175,177,178,180,165,171,171,176,175,173,163,172,180,178,181,181,171,157,157,144,155,159,147,122,125,102,85,91,82,83,77,72,61,54,56,56,59,66,65,76,91,97,84,85,90,82,83,91,78,79,83,98,90,89,72,65,56,47,43,39,46,47,47,58,55,63,57,61,59,60,58,63,56,51,53,67,68,58,44,50,48,49,46,49,55,71,72,72,83,88,90,100,97,90,86,76,79,78,73,69,77,75,72,65,55,44,44,51,57,56,52,57,63,47,56,48,48,39,39,45,54,51,50,55,73,74,79,66,58,57,57,57,50,49,50,52,53,61,52,38,26,26,32,34,40,43,32,33,34,32,36,36,26,23,28,23,26,26,28,28,36,31,25,25,26,23,29,31,35,47,40,35,35,32,23,30,42,44,46,53,50,50,41,52,65,64,68,74,76,80,78,89,119,118,106,96,99,85,72,73,70,81,56,60,74,76,80,66,63,71,66,70,78,77,72,80,79,81,89,81,91,91
9637,17194,18180,12933,12508,11254,10137,9348,8580,7915,7096,6505,5925,5432,4961,4435,4050,3742,3412,3194,3024,2918,2831,2700,2606,2543,2488,2465,2432,2363,2233,2243,2200,2184,2127,2156,2138,2211,2323,2445,2443,2400,2493,2471,2478,2498,2500,2572,2583,2602,2558,2610,2662,2800,2846,2939,3020,3031,2993,2983,3003,3040,3043,3070,3063,3087,3028,3041,3090,3065,3137,3266,3316,3277,3240,3238,3113,3086,3161,3205,3332,3383,3393,3312,3210,3178,3233,3324,3295,3275,3207,3259,3303,3295,3313,3332,3305,3224,3253,3292,3302,3292,3298,3235,3199,3223,3230,3272,3271,3335,3382,3477,3441,3452,3413,3494,3438,3411,3413,3395,3434,3483,3502,3546,3546,3580,3486,3484,3519,3506,3466,3484,3559,3564,3629,3740,3731,3748,3727,3754,3727,3710,3644,3552,3658,3642,3662,3609,3646,3663,3561,3506,3403,3345,3320,3321,3321,3328,3342,3445,3423,3487,3478,3530,3528,3498,3461,3470,3502,902,391,298,228,218,201,190,175,161,156,154,148,143,120,107,120,127,120,127,135,150,155,170,174,164,158,150,151,153,146,159,148,140,153,140,149,143,145,139,151,140,130,137,119,112,98,85,76,68,67,76,66,73,83,82,88,91,93,89,113,117,121,128,131,130,135,138,135,139,125,119,108,115,109,107,111,107,111,102,102,101,89,78,105,104,89,87,76,71,70,65,76,72,57,56,63,74,104,120,105,104,92,84,79,90,92,84,84,92,86,76,75,62,51,57,54,59,60,56,52,54,58,58,49,49,49,41,42,39,45,48,52,60,69,62,61,55,55,48,48,51,45,49,48,47,35,28,25,27,34,30,24,13,16,17,13,15,28,29,31,41,41,52,61,66,62,50,44,44,45,52,54,57,48,60,56,49,49,46,55,51,49,47,35,40,37,36,32,26,22,20,21,14,14,15,23,25,26,24,25,22,16,15,20,30,39,44,39,27,25,25,23,27,25,26,26,22,21,20,22,27,24,24,30,35,29,26,33,34,33,30,35,38,31,29,27,28,23,22,15
9523,16888,17829,12598,12075,10905,9954,9099,8182,7465,6742,6211,5472,4978,4552,4130,3831,3659,3390,3218,3148,3050,2843,2763,2690,2608,2639,2668,2531,2507,2468,2421,2414,2451,2446,2459,2472,2482,2442,2464,2477,2519,2525,2557,2631,2697,2650,2709,2728,2703,2730,2713,2755,2822,2893,2906,2944,2943,3000,3003,3006,3043,3044,3051,3091,3133,3144,3266,3329,3347,3403,3487,3421,3462,3506,3490,3558,3478,3502,3506,3595,3607,3611,3570,3555,3432,3378,3407,3411,3417,3506,3367,3281,3020,2993,2986,2970,2974,2903,2903,2949,2986,3078,3011,3085,3087,3104,3129,3176,3232,3286,3380,3401,3316,3288,3193,3162,3148,3172,3123,3087,3031,3022,2997,2992,2966,3031,3009,3044,3010,2938,2866,2919,2952,2976,2964,2952,2824,2836,2927,2930,2940,3014,3006,3009,3015,3031,2995,3027,2951,2908,2808,2781,2819,2823,2847,2863,2818,2792,2835,2814,2743,2709,2747,2805,2901,2914,2983,3063,724,304,241,179,149,163,170,179,199,174,164,151,151,137,161,135,149,132,137,128,137,122,125,124,122,121,105,105,118,100,111,123,133,139,143,145,141,153,155,152,156,156,169,155,131,134,137,135,146,147,141,151,147,143,145,143,144,132,147,155,158,153,133,131,115,113,92,93,92,93,81,90,86,77,96,94,103,92,82,73,58,68,55,58,49,50,44,41,49,53,49,36,22,16,17,20,23,22,32,30,29,34,25,32,35,35,39,48,50,55,56,50,49,48,55,49,52,55,48,45,44,43,38,45,44,42,42,45,41,41,54,58,48,52,52,49,51,61,64,67,56,59,57,66,76,74,72,66,49,51,46,47,50,48,49,41,34,35,33,34,39,53,44,47,38,36,39,47,46,41,36,43,34,24,19,28,35,46,58,53,56,64,64,74,74,73,74,83,73,69,66,74,68,56,54,52,44,42,51,48,60,64,71,67,68,64,69,60,65,60,53,52,62,72,78,80,68,75,68,64,62,60,57,61,62,57,68,56,43,43,42,33,30,26,27,28,20,22,20,21
9665,17115,18238,12720,12373,11227,10110,9279,8468,7818,6985,6336,5649,5081,4647,4342,4134,3818,3569,3292,3133,2981,2777,2666,2503,2369,2298,2178,2125,2141,2167,2166,2173,2141,2179,2218,2259,2319,2320,2346,2469,2519,2564,2576,2571,2590,2684,2734,2793,2849,2895,2959,3009,3111,3232,3225,3229,3251,3276,3279,3276,3201,3140,3247,3224,3319,3265,3255,3262,3259,3302,3324,3350,3318,3298,3302,3279,3304,3213,3239,3257,3337,3239,3195,3152,3210,3176,3111,3137,3068,3086,3104,3159,3116,3114,3091,3122,3180,3185,3270,3320,3304,3335,3369,3429,3493,3516,3594,3596,3639,3632,3690,3609,3609,3457,3401,3432,3467,3462,3442,3447,3305,3246,3208,3201,3199,3230,3236,3311,3271,3310,3323,3352,3387,3421,3343,3335,3238,3123,3136,3124,3111,3120,3148,3149,3144,3119,3110,3154,3104,3183,3208,3167,3210,3181,3161,3187,3057,3061,3111,3207,3249,3347,3474,3454,3434,3386,3445,3518,981,425,307,243,215,219,215,228,200,205,202,215,231,226,227,235,227,219,190,176,185,182,191,202,187,189,169,183,187,193,194,198,211,208,188,195,199,232,248,278,281,292,307,303,294,282,307,296,260,280,271,274,290,284,319,329,339,348,328,304,313,346,355,338,340,336,356,377,376,359,365,373,377,373,374,365,381,382,385,372,402,408,440,415,400,384,363,355,352,363,366,339,342,348,350,370,367,363,353,361,348,359,337,325,303,299,294,284,288,293,292,300,299,311,297,320,309,303,301,308,330,334,322,308,305,292,314,320,301,310,307,299,281,284,293,267,279,236,254,251,249,276,257,287,266,281,279,264,245,253,239,217,222,223,216,191,186,191,218,217,184,160,155,165,141,134,149,135,144,141,159,168,179,197,199,198,207,206,207,230,231,229,225,234,231,209,208,187,180,155,142,148,139,147,163,169,189,202,203,198,179,208,221,235,214,202,194,180,189,202,197,195,192,178,162,165,170,150,136,147,140,132,125,127,148,151,159,173,167,157,152,149,148,152,137,138,131,136,145,129
9684,17015,17928,12546,12179,10894,9986,8984,8223,7563,6961,6348,5817,5421,5067,4624,4298,3975,3823,3681,3407,3231,3075,2939,2703,2701,2676,2560,2459,2334,2175,2088,2079,2086,2132,2121,2220,2213,2203,2200,2275,2349,2350,2406,2376,2392,2410,2405,2439,2465,2543,2557,2576,2606,2556,2598,2668,2745,2716,2680,2668,2644,2698,2724,2728,2759,2798,2799,2781,2704,2683,2687,2715,2670,2689,2792,2863,2897,2911,2989,2949,2920,2854,2889,2958,3016,2964,3036,3057,3099,3116,3193,3130,3079,3056,3031,3052,3040,3048,2938,2916,2945,2974,3066,3079,3058,3051,3014,3033,2969,3027,3069,3115,3106,3047,3043,3043,3098,3041,2957,3002,3056,3083,3119,3164,3133,3231,3202,3180,3132,3136,3063,3092,3011,3066,3012,3031,3038,2977,3000,2921,2911,2946,2899,2899,2793,2821,2842,2825,2822,2816,2794,2742,2718,2792,2811,2912,2878,2876,2890,2873,2871,2922,2877,2911,2957,2939,2983,2946,733,307,266,214,196,207,193,189,174,173,170,163,158,136,137,163,161,146,167,162,158,163,164,168,157,165,179,197,193,214,189,180,167,165,170,142,136,134,133,153,146,131,142,125,118,125,127,134,143,125,107,108,101,105,111,118,124,131,136,128,132,117,126,106,121,134,150,153,150,152,169,200,218,208,202,205,213,192,187,160,153,139,132,126,131,144,157,149,151,139,132,147,154,150,166,188,190,205,195,187,161,171,183,185,187,187,184,171,156,145,127,130,140,138,132,128,122,110,103,99,92,88,88,105,100,104,90,87,81,84,74,62,54,56,45,38,46,50,49,50,47,48,39,34,25,26,24,26,21,20,21,19,16,11,8,7,12,13,12,12,9,8,13,10,6,7,7,10,7,15,18,22,27,20,12,9,12,14,9,13,14,12,11,15,23,28,39,46,59,45,51,53,59,59,45,34,36,34,32,31,36,33,25,31,28,32,26,25,23,23,18,19,18,17,14,12,12,21,30,30,28,25,30,35,33,30,25,23,24,28,24,22,18,21,26,21,21,21,26,23
9820,17509,18440,13136,12689,11571,10475,9606,8663,7850,7180,6575,5923,5486,5149,4647,4150,3840,3545,3310,3111,2930,2838,2772,2660,2671,2583,2578,2556,2506,2448,2377,2370,2436,2433,2387,2460,2491,2504,2578,2583,2602,2631,2783,2813,2837,2843,2854,2870,2905,2961,3039,3009,3071,3050,3092,3102,3142,3057,2977,2959,2899,2871,2929,2937,3046,3145,3197,3213,3228,3169,3108,3056,3044,3054,3039,3022,3115,3170,3272,3366,3380,3341,3331,3321,3235,3273,3257,3279,3283,3356,3397,3409,3533,3543,3525,3513,3428,3385,3319,3382,3323,3252,3193,3262,3292,3287,3313,3311,3365,3433,3469,3522,3579,3592,3602,3554,3501,3475,3444,3449,3452,3529,3509,3507,3488,3442,3550,3549,3620,3677,3602,3519,3575,3566,3599,3697,3616,3550,3503,3460,3468,3463,3467,3405,3394,3349,3314,3323,3410,3425,3416,3473,3504,3396,3378,3356,3333,3285,3352,3347,3305,3234,3285,3351,3307,3388,3445,3500,863,391,292,239,225,240,269,233,234,228,244,252,250,240,213,231,250,263,255,245,239,249,260,253,218,207,214,215,201,176,173,179,203,202,197,201,212,234,259,267,253,227,241,213,213,184,166,156,150,142,149,162,167,187,189,208,244,247,261,252,262,246,265,272,275,262,239,245,257,259,265,269,286,247,241,230,237,208,191,182,175,181,202,186,179,184,169,180,165,155,146,142,123,127,126,124,113,99,87,77,67,60,56,57,61,52,52,58,70,63,55,52,63,64,63,54,68,59,55,61,59,46,46,42,38,41,31,25,21,19,16,9,7,12,14,13,16,14,17,17,15,14,11,12,16,17,16,13,12,14,14,15,15,20,15,15,15,20,31,25,10,12,12,14,15,19,21,20,21,29,28,24,26,26,28,17,13,15,15,15,20,18,25,27,27,30,40,32,22,19,18,19,17,20,20,22,28,35,46,46,39,40,42,35,42,46,51,55,54,53,50,52,65,70,67,59,49,47,43,50,36,43,42,48,50,43,32,28,35,34,34,26,37,44,43,35,37,31,37,39
9665,17241,18153,12625,12216,10928,9935,9089,8368,7647,6976,6358,5892,5333,4889,4494,4193,3710,3541,3294,3092,2934,2861,2788,2819,2701,2626,2603,2645,2641,2627,2616,2542,2475,2433,2411,2459,2526,2581,2545,2564,2532,2552,2496,2468,2463,2520,2617,2615,2700,2699,2726,2711,2713,2633,2774,2821,2885,2943,2950,3045,3112,3132,3186,3242,3300,3318,3293,3237,3241,3287,3328,3334,3338,3344,3318,3307,3293,3280,3193,3292,3310,3353,3477,3456,3513,3478,3460,3503,3446,3464,3518,3519,3521,3602,3673,3733,3738,3722,3634,3686,3676,3695,3741,3679,3686,3705,3739,3754,3695,3729,3743,3661,3680,3604,3559,3537,3544,3503,3497,3489,3454,3432,3489,3479,3426,3326,3275,3202,3226,3188,3292,3282,3219,3214,3148,3163,3144,3093,3098,3056,3097,3079,2988,3050,3008,2914,2877,2808,2782,2740,2738,2793,2854,2968,3068,3080,2982,2934,2919,2943,2958,2992,2996,2996,2966,2885,2966,2960,798,366,266,211,204,195,179,160,171,168,160,166,151,144,168,169,184,186,206,203,208,215,238,239,245,227,220,223,209,204,230,234,223,213,214,191,194,194,206,202,220,218,204,198,202,186,189,190,178,187,182,168,147,137,130,131,130,135,136,139,122,107,107,88,59,64,84,90,87,101,108,113,117,103,109,105,102,93,108,84,95,89,79,78,78,82,99,99,107,94,113,111,130,119,131,136,139,119,117,91,87,96,102,97,76,80,84,57,71,67,67,63,52,49,52,56,59,68,81,98,108,104,116,119,127,140,134,143,145,149,119,119,110,108,110,113,105,106,115,113,112,113,119,124,147,152,151,154,143,150,136,150,160,156,148,140,149,138,149,134,152,163,162,150,152,137,156,148,148,131,136,140,150,155,132,138,147,142,115,108,118,130,142,156,166,159,159,158,169,163,148,149,148,161,145,129,119,126,110,111,106,106,132,137,152,144,135,127,127,145,152,158,159,159,158,143,162,151,145,119,109,104,117,125,132,139,121,126,135,142,144,143,128,121,121,110,104,91,93,109
9695,17212,18131,12598,12128,10899,9961,9164,8449,7630,7013,6357,5673,5141,4797,4397,4143,3804,3617,3375,3180,3005,2809,2628,2607,2453,2388,2295,2311,2303,2206,2207,2257,2227,2184,2168,2170,2210,2225,2278,2350,2407,2437,2444,2448,2483,2532,2555,2530,2559,2671,2708,2697,2708,2679,2743,2750,2750,2690,2701,2708,2745,2797,2814,2898,2991,3066,3105,3118,3149,3197,3247,3249,3217,3241,3245,3213,3254,3368,3338,3318,3406,3503,3526,3519,3514,3577,3627,3589,3514,3402,3306,3275,3209,3186,3082,3138,3172,3101,3113,3136,3178,3134,3110,3033,3101,3141,3118,3147,3118,3146,3169,3258,3317,3315,3371,3344,3437,3462,3562,3627,3642,3513,3444,3323,3279,3246,3226,3159,3107,3024,2981,3009,2961,2937,2924,2956,2971,3003,2973,2889,2794,2763,2727,2823,2760,2809,2730,2721,2688,2666,2648,2676,2670,2656,2577,2514,2525,2544,2579,2598,2658,2646,2691,2677,2662,2632,2656,2670,717,308,235,197,183,188,187,183,186,180,172,162,175,170,162,155,130,123,119,121,131,146,154,142,139,130,122,131,146,136,151,141,113,115,119,125,122,128,131,129,126,136,134,123,112,103,81,82,77,76,87,87,108,110,106,92,81,76,72,59,66,65,63,69,61,68,54,58,54,52,51,54,44,42,50,48,45,52,64,70,77,77,83,87,84,67,58,50,52,46,48,43,41,44,33,38,36,32,41,40,33,30,34,44,53,53,53,57,62,58,61,57,65,68,72,81,69,59,57,55,54,60,55,46,52,48,58,58,60,70,76,89,81,67,65,70,69,63,57,66,59,64,86,85,99,87,80,68,62,64,57,58,59,54,56,52,47,58,53,49,53,51,48,52,45,49,52,48,36,29,23,25,26,24,22,23,28,30,43,38,34,33,23,23,24,29,27,24,27,18,21,25,22,14,14,11,10,10,10,8,9,10,9,5,9,10,9,11,8,12,17,18,21,23,20,14,11,7,10,9,10,10,14,16,12,12,15,10,12,14,10,5,5,2,6,6,5,11,14,13
9712,16940,17986,12746,12411,11093,10158,9333,8608,7851,7338,6609,5912,5386,5040,4575,4148,3925,3757,3612,3403,3274,3084,2921,2868,2732,2673,2610,2570,2598,2556,2486,2484,2498,2495,2560,2572,2569,2460,2448,2503,2573,2591,2689,2700,2659,2630,2593,2624,2584,2483,2422,2475,2481,2512,2510,2504,2522,2577,2589,2598,2655,2704,2766,2889,2873,2839,2833,2875,2944,2988,3121,3194,3157,3109,3212,3199,3117,3040,2956,2925,2889,2810,2820,2841,2932,3012,3038,3089,3072,3101,3105,3035,3039,3041,3090,3026,3062,3036,3067,3076,3120,3187,3202,3225,3203,3161,3086,3083,3093,3070,3113,3152,3188,3234,3241,3327,3364,3323,3364,3364,3354,3362,3407,3430,3452,3433,3499,3499,3522,3478,3566,3548,3585,3472,3463,3448,3433,3422,3407,3437,3463,3458,3393,3351,3317,3248,3261,3285,3261,3245,3239,3204,3207,3188,3093,3024,3021,2968,2950,2927,2958,2982,2930,2982,3032,2998,2863,2906,719,315,233,219,200,202,200,218,206,224,257,257,258,243,250,246,212,193,161,157,149,161,162,166,169,189,187,194,216,227,228,240,238,260,232,228,212,203,200,189,170,166,155,160,177,171,176,188,199,182,166,168,162,181,181,190,176,156,158,165,151,138,137,147,156,176,164,165,163,160,149,147,156,141,128,125,125,130,129,133,136,139,124,119,116,112,112,124,131,135,152,145,134,125,123,138,127,123,122,111,112,106,121,113,125,107,113,128,134,129,120,99,93,99,102,115,122,127,143,125,108,113,121,115,133,128,132,116,108,104,107,104,109,101,94,78,80,76,80,71,67,75,73,82,69,65,53,64,70,64,77,75,71,70,68,73,62,72,83,70,61,54,50,54,61,53,39,46,50,39,37,33,37,35,36,39,48,51,59,55,64,71,61,64,65,48,50,45,46,48,45,31,30,34,39,46,65,58,50,53,62,60,52,43,46,39,45,51,51,46,57,66,63,55,60,62,58,64,61,56,55,54,66,65,73,60,74,71,71,72,91,97,93,88,93,91,89,75,77,82
9691,17232,18266,12628,12254,10990,10207,9168,8446,7625,7020,6360,5791,5301,4854,4430,3998,3752,3506,3247,2999,2903,2708,2689,2681,2580,2570,2495,2499,2417,2415,2396,2374,2375,2314,2297,2402,2498,2519,2580,2588,2658,2588,2596,2591,2557,2542,2617,2562,2602,2712,2716,2761,2677,2590,2659,2704,2778,2825,2877,2875,2979,3006,3040,3014,2979,3021,3042,3198,3208,3292,3294,3298,3289,3226,3181,3112,3026,3053,2977,2861,2969,3014,3013,2988,2986,2987,2978,3023,3037,2967,2918,2909,2965,3046,3028,3037,3077,3103,3061,3022,3038,3043,2949,3035,2953,2963,2874,2850,2813,2804,2834,2830,2869,2848,2875,2864,2845,2815,2848,2909,2986,3005,3004,2961,3020,2985,2982,2933,2890,2917,2909,2951,2919,2917,2914,2953,2979,2960,2951,2948,3026,3065,3107,3101,3093,3149,3179,3158,3093,3053,3103,3162,3286,3301,3349,3339,3363,3421,3484,3521,3569,3584,3620,3639,3613,3724,3665,3572,978,416,316,259,230,222,220,200,213,206,214,217,221,223,225,236,238,247,244,243,222,213,193,213,224,197,211,203,181,185,191,197,174,164,177,185,211,227,245,271,291,311,279,250,244,226,214,228,232,226,238,239,236,245,256,283,296,288,286,278,264,300,302,320,331,312,321,323,308,276,259,256,240,253,239,249,254,271,285,281,262,238,210,219,221,232,240,218,231,241,236,229,230,263,260,278,273,251,225,225,229,234,226,231,223,219,225,222,210,223,236,259,254,266,242,258,269,266,260,289,302,297,294,276,249,251,238,234,235,250,244,247,231,232,226,243,255,261,243,232,237,237,235,238,225,228,234,239,261,256,244,247,243,243,248,244,252,285,271,278,281,282,291,268,275,282,275,277,281,257,261,251,234,230,205,200,185,203,217,214,188,157,150,149,151,165,164,172,162,180,181,169,146,137,125,120,108,106,120,127,133,127,110,105,98,106,115,106,91,79,79,88,90,84,79,90,104,122,157,162,188,175,171,178,199,176,159,156,132,133,140,160,165,151,142,137,136,126,121,138
9705,17335,18272,12910,12577,11199,10201,9403,8501,7786,7000,6359,5668,5163,4711,4335,4156,3858,3691,3463,3370,3249,3142,3002,2903,2819,2792,2638,2583,2571,2504,2485,2456,2432,2440,2464,2557,2544,2589,2505,2540,2506,2510,2592,2634,2645,2722,2796,2785,2868,2824,2887,2834,2848,2769,2870,2864,2923,2837,2761,2649,2677,2753,2782,2876,2884,3025,3128,3156,3172,3072,3093,3047,3052,3108,3123,3120,3081,3080,2983,2981,2928,2942,2976,2990,2983,2933,2884,2821,2853,2915,2953,2943,2969,2983,2989,2906,2851,2929,2911,2941,2977,2978,3040,3026,3012,2939,2937,2937,2937,3004,3052,3089,3155,3172,3151,3090,3071,3112,3118,3140,3137,3138,3212,3213,3189,3181,3099,3157,3184,3208,3136,3172,3108,3069,3120,3237,3281,3311,3278,3291,3215,3237,3247,3334,3292,3377,3386,3400,3311,3310,3221,3196,3143,3123,3186,3246,3276,3170,3067,3024,3004,2971,2952,2957,2941,2943,2941,2944,759,330,230,192,180,181,175,192,188,185,207,217,197,200,186,177,168,193,212,236,246,257,242,231,222,223,203,184,203,177,197,215,223,211,193,167,173,173,163,162,155,148,142,150,163,178,198,181,187,197,193,201,219,202,203,192,197,205,179,176,192,202,191,202,232,211,203,194,165,157,136,125,124,128,129,136,153,154,148,142,141,141,133,140,143,150,134,155,153,151,152,139,142,138,141,150,127,119,112,117,119,112,107,102,103,96,92,100,91,94,105,104,88,101,100,100,77,83,78,81,85,83,89,84,86,90,93,92,77,66,63,57,62,64,74,72,70,63,63,63,61,59,53,41,47,39,42,41,40,46,59,60,66,62,48,54,50,45,53,53,52,50,42,47,48,49,64,83,90,100,92,85,66,58,50,61,58,51,50,52,64,50,38,34,24,33,25,19,24,19,21,38,39,44,41,41,38,30,33,31,30,20,17,17,11,10,13,15,21,27,34,31,27,21,21,22,27,26,22,24,21,26,23,19,19,13,10,11,11,10,8,4,4,5,4,5,7,9,11,12
9675,17258,18287,12822,12468,11235,10443,9542,8630,7729,7009,6416,5755,5135,4673,4187,3873,3588,3290,3210,2984,2902,2788,2695,2624,2548,2544,2526,2482,2401,2304,2228,2216,2283,2300,2258,2234,2293,2251,2267,2285,2276,2351,2382,2482,2481,2477,2508,2565,2559,2616,2604,2623,2603,2636,2706,2718,2764,2773,2810,2860,2949,2975,2959,2952,2971,3022,3153,3096,3064,3064,3066,3115,3076,3098,3068,3087,3134,3255,3233,3195,3235,3254,3274,3303,3336,3431,3466,3556,3468,3465,3438,3468,3520,3512,3460,3391,3380,3408,3458,3541,3564,3580,3468,3497,3427,3462,3453,3470,3496,3475,3518,3502,3540,3407,3400,3312,3440,3451,3465,3481,3532,3468,3482,3484,3479,3325,3281,3278,3318,3347,3437,3496,3488,3479,3437,3424,3393,3404,3429,3498,3449,3503,3446,3470,3465,3464,3445,3482,3405,3415,3462,3440,3470,3480,3523,3465,3429,3370,3366,3356,3428,3489,3547,3501,3451,3452,3508,3450,841,347,269,212,191,213,238,244,267,248,229,222,207,217,218,197,209,180,194,187,176,157,160,176,217,225,233,237,230,237,245,246,240,235,233,232,253,263,252,265,283,261,270,261,247,238,217,210,194,222,219,203,209,207,217,213,207,209,238,228,223,219,218,199,200,180,171,195,192,187,177,171,173,171,174,176,181,165,162,181,168,143,137,134,153,176,168,176,203,199,197,201,213,210,203,204,191,184,162,153,148,128,139,138,144,173,167,186,211,208,184,183,170,164,190,195,192,191,207,210,192,192,177,185,175,184,179,168,158,154,135,112,127,134,143,144,149,138,137,136,142,122,117,117,86,78,64,62,69,74,67,57,59,63,75,71,85,81,72,74,66,70,68,69,81,75,70,76,79,82,82,92,98,93,84,94,88,84,84,91,78,93,89,86,69,69,65,72,70,77,81,84,89,91,97,100,117,121,126,117,107,104,101,95,104,102,128,115,115,122,126,133,140,158,158,164,142,143,130,133,142,145,147,163,179,167,168,172,185,179,176,174,187,166,180,170,167,175,184,201
9764,17348,18465,13010,12624,11286,10187,9306,8547,7891,7158,6463,5776,5272,4859,4485,4096,3759,3413,3283,3022,2952,2872,2807,2704,2557,2484,2434,2430,2411,2386,2345,2294,2324,2346,2280,2281,2226,2197,2198,2193,2194,2246,2268,2276,2350,2448,2503,2546,2570,2475,2471,2511,2554,2555,2592,2714,2724,2798,2866,2874,3003,3004,2955,2997,3043,3147,3126,3218,3241,3376,3390,3387,3339,3274,3326,3268,3343,3338,3247,3176,3164,3241,3261,3176,3162,3168,3124,3127,3242,3278,3327,3278,3281,3273,3292,3265,3291,3299,3339,3400,3421,3383,3403,3345,3293,3376,3363,3410,3378,3432,3407,3473,3462,3526,3590,3591,3612,3668,3658,3637,3598,3567,3574,3565,3530,3514,3533,3364,3373,3299,3351,3311,3286,3244,3169,3129,3158,3223,3261,3290,3237,3143,3165,3165,3204,3174,3232,3124,3136,3163,3160,3115,3088,3132,3115,3041,3064,3086,3044,3068,3073,3110,3106,3141,3142,3143,3146,3175,780,355,261,223,244,233,211,207,200,205,211,203,192,183,197,178,172,151,128,115,123,113,109,113,124,113,119,95,114,120,122,138,157,164,155,149,144,152,161,154,163,155,148,179,147,154,143,137,118,93,79,81,101,88,97,90,98,114,124,126,127,133,131,130,108,89,101,87,79,86,82,95,99,103,102,112,117,125,143,157,182,161,171,160,158,160,156,128,123,106,100,98,115,121,113,107,103,106,113,112,131,113,111,106,114,112,110,125,118,116,99,78,71,70,80,88,92,77,77,83,77,69,71,62,49,48,48,41,52,51,61,56,52,57,54,59,62,58,48,46,52,62,67,69,72,77,67,82,77,81,96,102,99,95,84,79,76,74,72,78,83,90,81,84,91,119,117,128,113,107,99,102,81,62,56,44,37,34,28,25,23,17,13,15,15,15,18,19,13,10,10,16,14,10,10,12,16,13,12,15,15,16,17,20,12,9,9,10,12,17,12,17,19,19,20,24,22,29,25,27,23,19,14,14,17,26,25,19,12,17,17,16,23,30,26,27,29,24,21,22
9648,17047,18110,12693,12445,11192,10402,9480,8675,7903,7161,6589,6028,5495,5192,4685,4268,3914,3636,3455,3328,3132,2899,2845,2691,2610,2513,2494,2455,2446,2433,2434,2413,2389,2397,2437,2387,2452,2496,2451,2460,2477,2529,2604,2668,2750,2864,2968,2936,2905,2923,3034,3070,3128,3227,3164,3163,3186,3204,3109,3119,3112,3260,3345,3353,3350,3371,3377,3331,3329,3290,3232,3209,3216,3217,3237,3247,3327,3404,3505,3572,3580,3551,3547,3557,3621,3697,3759,3788,3723,3716,3606,3520,3515,3511,3571,3600,3568,3623,3608,3621,3580,3627,3607,3620,3588,3602,3567,3478,3418,3445,3492,3548,3644,3607,3659,3608,3522,3467,3386,3407,3356,3362,3371,3416,3422,3486,3600,3485,3439,3434,3356,3314,3340,3320,3287,3241,3124,3081,3037,2977,3018,3003,2959,2924,2924,2924,2963,3020,3063,3074,3023,2909,2847,2839,2895,2912,2968,3038,3030,3108,3080,2978,2950,2916,2884,2823,2880,2836,685,286,201,162,145,145,122,129,111,96,86,82,78,75,86,87,91,100,91,94,82,92,99,118,111,107,110,115,107,95,94,101,104,91,80,85,72,63,44,40,33,34,39,39,33,22,21,23,19,13,13,16,14,17,19,19,19,20,16,17,15,16,17,19,16,21,18,35,34,32,32,38,35,31,28,27,29,27,25,33,33,29,27,22,20,18,14,12,13,14,13,14,11,7,16,21,20,21,19,25,26,21,25,19,22,19,18,10,14,15,16,16,11,12,11,12,16,16,15,18,16,19,20,20,24,26,31,42,43,47,43,44,42,40,39,51,64,86,88,72,76,78,77,62,70,59,66,56,61,50,45,47,46,44,40,27,20,28,25,27,17,13,13,7,10,14,16,19,18,15,12,8,11,16,20,25,20,23,23,35,28,22,21,18,14,11,12,15,22,21,15,10,7,7,9,13,11,12,9,7,11,18,15,15,15,14,12,13,16,18,24,18,18,13,15,20,16,17,18,12,10,12,12,8,12,17,15,12,11,9,10,14,15,15,15,11,10,13,21,31
9730,17297,18293,12695,12271,10869,9915,9070,8233,7452,6877,6290,5706,5227,4875,4565,4183,3928,3669,3415,3211,2960,2847,2681,2573,2440,2377,2372,2271,2215,2206,2204,2134,2121,2089,2131,2166,2081,2111,2095,2153,2136,2180,2157,2182,2284,2361,2431,2417,2378,2302,2332,2386,2516,2564,2653,2676,2711,2766,2814,2737,2795,2770,2796,2780,2740,2807,2852,2852,2864,2891,2875,2966,2956,2978,2946,3025,3074,3097,3003,3034,3006,3123,3154,3222,3155,3118,3018,3041,3113,3119,3068,3155,3175,3215,3282,3313,3393,3425,3385,3357,3348,3269,3172,3128,3128,3197,3180,3220,3197,3215,3140,3222,3285,3259,3187,3190,3140,3143,3048,2963,2971,2923,2978,3019,3033,3047,3064,3098,3060,3086,3066,3092,3083,3104,3157,3095,3074,3180,3246,3270,3346,3358,3417,3335,3237,3219,3230,3227,3256,3246,3216,3213,3209,3244,3325,3331,3329,3222,3167,3164,3135,3146,3096,3078,3143,3119,3153,3140,814,352,232,160,160,180,217,254,259,253,240,244,241,225,230,229,262,248,286,281,260,244,220,203,202,194,214,199,197,166,145,144,136,126,138,131,128,112,118,109,104,105,104,94,93,88,98,91,83,68,69,77,81,86,100,103,94,84,95,79,76,61,63,71,66,55,48,36,29,27,32,20,22,20,21,28,28,34,44,42,51,48,51,53,51,55,51,56,50,45,50,55,57,52,46,50,45,46,55,52,44,44,51,57,65,57,53,46,50,50,53,62,67,54,68,68,62,78,68,61,71,66,49,38,41,42,43,48,40,32,33,40,51,54,60,64,62,80,80,81,74,71,63,72,70,68,65,65,67,56,51,68,62,63,53,57,46,38,51,50,49,28,36,36,37,32,30,23,21,24,23,25,27,27,24,23,13,10,14,15,19,15,19,18,16,15,22,20,20,18,14,14,10,7,7,5,12,17,21,21,22,26,39,39,40,33,33,31,23,23,19,18,18,18,18,17,14,25,25,28,33,38,35,36,24,30,23,24,32,36,33,28,17,17,24,27,24,24,26,31
9789,17296,18260,12746,12304,11132,10182,9450,8612,7859,7007,6512,6077,5592,5025,4521,4122,3871,3630,3491,3286,3035,2866,2720,2588,2510,2477,2468,2464,2492,2514,2599,2563,2546,2517,2507,2453,2527,2564,2594,2570,2507,2561,2596,2678,2624,2667,2668,2745,2728,2757,2789,2811,2925,2995,3028,3068,3118,3020,3106,3149,3139,3225,3227,3232,3187,3165,3189,3269,3284,3280,3233,3247,3328,3302,3360,3396,3326,3335,3271,3356,3383,3377,3355,3242,3272,3250,3281,3420,3402,3464,3575,3534,3632,3581,3627,3563,3632,3551,3592,3528,3474,3412,3440,3439,3479,3459,3389,3261,3185,3200,3221,3214,3218,3183,3152,3144,3198,3139,3227,3242,3210,3198,3298,3272,3315,3358,3391,3396,3395,3426,3397,3470,3448,3434,3385,3403,3350,3282,3253,3287,3375,3389,3445,3484,3474,3536,3557,3628,3613,3528,3557,3580,3448,3250,3208,3160,3166,3095,3059,3120,3144,3192,3203,3225,3235,3201,3086,3115,753,324,233,174,178,162,168,192,205,213,192,200,211,225,224,217,216,210,221,216,234,212,204,201,203,203,192,187,177,170,165,150,158,165,166,179,178,175,164,148,132,132,123,134,130,154,178,191,211,205,205,194,202,200,204,197,209,179,168,164,178,170,178,174,186,221,224,206,218,205,202,185,180,180,178,204,214,211,246,241,277,278,261,237,243,237,240,239,236,254,273,262,246,244,266,233,215,227,213,222,206,210,180,186,176,196,191,193,195,199,219,204,184,175,150,149,139,156,175,165,161,152,156,176,189,189,193,181,189,189,185,188,198,178,193,179,170,157,176,177,166,176,160,143,137,148,158,163,156,142,140,128,121,123,121,107,95,86,94,101,106,110,99,97,105,93,74,68,62,55,57,61,58,53,33,33,38,34,35,33,30,40,45,47,45,42,42,47,55,61,66,49,44,33,23,19,15,15,11,13,11,14,12,11,10,13,15,10,7,10,13,15,17,16,20,21,16,17,13,14,14,13,11,22,31,34,31,27,27,37,41,57,55,71,60,51,41,38,37,43
9754,17382,18381,12887,12592,11281,10227,9279,8528,7731,6948,6245,5695,5289,4854,4530,4159,3852,3616,3432,3338,3155,2926,2745,2568,2542,2461,2363,2296,2267,2275,2247,2178,2154,2107,2108,2075,2111,2131,2194,2276,2332,2350,2389,2385,2473,2558,2649,2700,2691,2734,2697,2723,2699,2702,2669,2741,2767,2750,2785,2818,2848,2809,2839,2788,2879,2860,2896,2900,2797,2776,2838,2920,3020,3036,3047,3069,3205,3255,3241,3318,3476,3506,3558,3623,3575,3588,3552,3527,3494,3481,3485,3523,3552,3607,3636,3649,3700,3726,3732,3717,3708,3635,3643,3562,3444,3403,3309,3394,3376,3351,3278,3262,3273,3186,3156,3155,3156,3152,3170,3121,3175,3188,3267,3219,3186,3016,2949,2831,2948,2960,3032,3083,3102,3203,3256,3216,3213,3173,3240,3321,3423,3438,3430,3319,3307,3257,3212,3185,3211,3195,3242,3280,3332,3217,3154,3089,3060,3096,3030,3006,2957,3009,3036,3027,3014,3113,3229,3252,835,390,292,234,206,222,216,208,208,220,216,244,234,217,204,196,181,186,191,193,189,151,145,135,137,137,139,141,135,128,123,111,98,107,121,116,117,129,126,151,159,166,198,186,188,189,171,198,189,213,208,217,232,223,209,220,229,240,253,259,253,244,243,200,189,190,167,166,177,190,211,213,225,237,231,240,240,230,202,178,167,171,177,200,204,202,205,205,230,238,246,251,233,224,223,238,247,255,233,225,207,236,218,216,215,191,175,172,163,165,171,151,182,170,154,155,163,157,156,148,129,128,126,124,121,111,118,130,126,130,126,119,113,97,95,97,97,91,79,76,84,68,68,70,54,55,54,52,34,35,43,50,52,51,62,51,43,42,39,45,50,57,54,51,42,52,46,42,38,38,47,54,57,61,75,70,63,53,54,52,55,72,82,69,51,40,32,25,32,40,36,29,28,33,38,33,29,32,33,34,36,38,42,46,50,46,41,27,22,21,21,22,23,24,24,26,24,26,29,35,38,46,57,42,43,42,35,24,29,31,32,27,29,33,27,29,27,29,36,39
9603,17114,18191,12611,12213,11035,10200,9200,8431,7694,6959,6251,5611,5132,4728,4217,3786,3564,3283,2989,2810,2688,2560,2460,2362,2271,2117,2113,2009,2071,2065,2101,2108,2166,2228,2220,2222,2203,2249,2207,2219,2219,2229,2258,2276,2287,2319,2349,2431,2457,2408,2384,2430,2518,2553,2634,2716,2725,2788,2897,2940,2963,3015,3042,3060,3145,3150,3176,3283,3322,3363,3340,3305,3285,3218,3243,3211,3155,3108,3193,3089,3103,3114,3113,3075,3026,3021,3050,3129,3126,3143,3166,3162,3121,3124,3164,3086,3051,3037,3020,3018,3048,3069,3088,3100,3099,3130,3147,3206,3201,3236,3230,3201,3190,3176,3218,3282,3268,3322,3300,3201,3157,3191,3183,3151,3202,3227,3196,3151,3125,3113,3051,3015,2973,2939,2962,3041,3048,3018,3009,3008,3019,3053,3032,2946,2901,2867,2815,2820,2794,2804,2822,2796,2820,2745,2644,2706,2750,2761,2834,2798,2820,2824,2871,2862,2847,2774,2772,2752,716,309,222,168,136,130,105,111,120,108,114,88,104,110,108,117,105,123,126,131,131,133,136,123,139,131,109,129,125,119,119,127,134,144,170,184,180,178,152,165,168,176,174,182,211,198,206,198,211,214,205,209,195,196,195,187,178,174,148,137,142,146,170,190,206,225,210,230,201,176,180,172,178,179,173,185,181,182,173,198,204,209,201,211,219,237,250,247,258,241,240,246,223,216,220,234,254,262,249,241,254,243,239,209,240,251,264,264,274,252,244,249,254,246,229,225,227,244,235,243,251,260,267,262,271,257,251,238,252,230,240,244,263,297,291,277,268,248,246,237,232,218,228,234,212,216,223,199,201,208,224,262,245,232,223,218,242,261,287,307,298,283,289,310,283,319,310,286,254,239,230,244,253,262,257,251,247,272,309,291,308,321,296,272,278,286,305,303,315,295,288,306,296,312,314,320,334,327,301,290,278,275,269,283,301,309,351,335,315,324,315,305,299,278,281,244,268,279,295,288,241,245,258,263,265,259,257,256,232,254,283,264,258,261,248,251,247,258,241,257
9572,17063,18184,12747,12407,11071,10114,9140,8248,7620,6900,6304,5783,5285,4956,4622,4203,3836,3636,3464,3254,3028,2798,2658,2506,2440,2347,2251,2119,2039,1983,1958,1936,1988,2035,2077,2050,2095,2136,2181,2214,2227,2262,2316,2345,2334,2430,2410,2360,2414,2393,2464,2456,2470,2412,2391,2498,2473,2522,2537,2663,2688,2824,2817,2893,2935,2934,2996,3006,3027,2994,3007,3017,3093,3109,3213,3168,3190,3276,3280,3394,3495,3531,3613,3602,3695,3732,3774,3806,3830,3842,3885,3870,3871,3871,3755,3778,3817,3880,3803,3765,3660,3675,3590,3526,3410,3347,3293,3321,3223,3285,3399,3497,3517,3415,3258,3204,3221,3115,3112,3056,3056,3054,3058,3051,3040,3054,3055,3059,3039,3036,3149,3193,3191,3239,3191,3171,3168,3137,3007,2949,2967,2918,2883,2871,2828,2845,2851,2904,3001,2969,2943,2860,2972,2890,2895,2843,2888,2946,2917,2839,2800,2762,2886,2962,2927,2942,2897,2857,738,330,245,195,202,200,189,198,203,192,174,159,168,164,148,148,156,149,155,154,149,157,156,150,153,135,137,126,137,136,140,157,137,134,129,143,136,122,108,111,109,96,87,92,85,86,93,93,101,105,110,126,132,154,162,153,160,181,175,196,206,219,225,235,239,245,269,264,224,209,211,206,230,235,227,228,217,234,245,256,275,279,274,258,248,253,278,270,259,247,233,256,262,240,237,233,239,230,245,237,255,244,239,255,243,218,222,225,241,223,254,252,245,235,245,224,207,173,174,181,176,186,202,207,201,218,213,225,213,228,212,201,187,182,192,186,184,180,178,179,185,195,170,156,146,143,120,111,119,127,141,140,126,120,115,120,111,104,87,83,85,87,74,80,61,51,52,43,54,51,40,37,43,54,49,39,33,39,38,42,47,53,41,33,29,33,37,40,45,54,55,54,50,51,48,49,58,65,46,43,41,47,41,50,46,43,40,35,37,39,39,32,32,29,24,20,17,20,20,17,18,20,21,19,18,13,9,8,5,5,5,8,7,9,6,6,8,6,7,10
9702,17227,18258,12941,12450,11268,10303,9441,8641,7982,7217,6649,6140,5617,5153,4699,4521,4147,3805,3564,3313,3089,2895,2712,2578,2457,2440,2366,2338,2246,2331,2294,2296,2303,2320,2359,2372,2448,2485,2509,2570,2550,2554,2605,2656,2775,2762,2827,2897,2937,2944,2966,3002,3053,3137,3159,3141,3149,3180,3221,3323,3306,3391,3348,3236,3253,3275,3249,3160,3220,3284,3336,3299,3320,3293,3326,3322,3421,3529,3551,3534,3473,3552,3533,3543,3634,3724,3771,3857,3822,3840,3862,3816,3778,3767,3748,3683,3689,3651,3670,3688,3654,3656,3641,3629,3643,3604,3536,3485,3474,3480,3521,3379,3251,3172,3101,3162,3167,3060,3092,3130,3079,3016,2952,2872,2861,2905,2830,2857,2802,2852,2761,2838,2829,2884,2959,2913,2932,2935,2950,2870,2932,2977,3056,2989,2972,2942,2881,2886,2956,2935,2948,2957,2955,3030,2996,3007,3105,3119,3099,3087,2992,2955,2994,2950,2900,2879,2930,2859,717,310,259,180,168,168,186,161,170,158,156,169,176,156,154,137,135,128,107,97,113,121,118,119,102,102,100,98,105,98,87,88,88,76,80,76,66,63,60,70,75,64,63,60,60,55,50,43,35,23,23,24,23,23,28,28,22,17,13,16,16,13,14,13,16,14,15,16,13,8,12,16,12,15,14,11,9,5,7,5,10,8,11,7,8,13,10,9,13,12,12,16,15,14,11,13,8,11,12,8,8,10,14,14,11,10,7,7,14,15,12,5,9,9,10,13,12,7,13,10,7,5,6,7,2,7,10,13,10,16,10,12,12,13,12,12,23,23,16,17,22,17,22,41,45,41,31,27,23,21,18,18,17,10,10,12,10,6,6,3,3,3,6,6,8,9,2,3,6,9,11,13,13,15,19,21,21,21,19,12,15,10,8,8,9,13,13,11,6,8,11,12,15,11,13,14,13,12,15,24,29,26,28,23,26,27,29,28,28,26,25,21,16,13,20,24,21,16,17,22,31,28,34,33,36,39,40,41,47,48,64,59,40,35,27,25,28,26,29,29
9592,17051,17979,12515,12202,10820,9988,8945,8212,7599,6999,6340,5841,5342,4991,4551,4171,3930,3701,3485,3314,3071,2914,2810,2786,2694,2621,2557,2627,2590,2611,2575,2581,2515,2501,2455,2420,2401,2406,2494,2475,2458,2498,2548,2584,2644,2708,2714,2798,2866,2804,2852,2867,2874,2954,2880,2812,2865,2858,2911,2854,2848,2842,2877,2876,2971,3009,3046,3021,3067,3063,3052,3018,2948,3008,2980,3045,2976,3023,3099,3135,3123,3116,3054,3091,3148,3183,3226,3236,3185,3183,3104,3064,3068,3030,3081,3092,3171,3159,3206,3199,3219,3224,3239,3175,3207,3234,3296,3307,3287,3306,3193,3205,3207,3299,3343,3335,3244,3206,3221,3294,3311,3274,3176,3173,3126,3124,3111,3085,3079,3146,3055,3122,3117,3149,3150,3161,3153,3114,3079,3078,3028,3098,3175,3212,3274,3273,3261,3251,3304,3302,3226,3226,3186,3221,3224,3247,3198,3168,3108,3171,3216,3185,3256,3239,3223,3236,3194,3170,795,353,249,199,191,200,185,176,161,170,155,150,155,146,141,141,137,137,115,123,130,131,123,130,153,176,161,151,161,164,171,160,163,161,160,157,153,152,143,117,138,131,142,147,146,158,151,145,130,137,132,121,107,109,110,120,122,109,123,141,146,137,140,143,140,139,170,181,182,162,166,169,165,164,163,162,150,176,166,180,158,152,130,138,147,128,124,131,118,130,152,144,161,161,161,165,156,165,183,176,158,171,177,179,182,188,184,187,177,175,172,162,148,179,164,168,160,173,178,164,160,173,180,152,154,136,146,141,139,140,142,124,123,133,122,120,108,105,105,94,103,119,117,114,110,111,120,93,91,76,81,68,66,48,44,40,41,42,46,42,31,32,39,38,37,34,42,34,30,37,38,35,34,34,31,40,51,50,44,50,58,62,63,51,57,50,52,48,50,52,49,39,34,32,29,20,20,20,20,21,22,26,25,18,17,15,18,15,10,14,8,9,7,14,20,15,18,21,21,16,16,16,10,13,12,14,11,12,12,14,11,12,8,8,6,6,3,6,11,14
9671,17194,18222,12636,12235,10992,10120,9259,8428,7795,7030,6394,5781,5194,4747,4325,3959,3603,3367,3138,3058,2979,2963,2911,2857,2766,2656,2487,2491,2348,2308,2180,2149,2065,2013,1960,1973,1962,1953,2027,2100,2085,2064,2048,2113,2156,2248,2303,2322,2374,2435,2504,2556,2622,2650,2769,2821,2839,2799,2839,2805,2760,2692,2749,2733,2851,2928,2989,3011,3100,3206,3266,3371,3317,3338,3354,3307,3322,3266,3148,3154,3168,3126,3119,3110,3120,3128,3054,2979,2924,2916,2922,2952,2980,2976,2908,2871,2896,2829,2929,3006,3126,3131,3185,3105,2995,2970,2872,2806,2764,2714,2692,2715,2667,2653,2692,2683,2751,2825,2814,2821,2852,2860,2905,2953,3036,3042,3057,3027,3032,3010,3026,3077,3128,3194,3164,3209,3104,3183,3246,3340,3344,3406,3440,3489,3406,3397,3404,3381,3370,3408,3398,3470,3442,3423,3389,3360,3303,3288,3235,3208,3206,3161,3163,3116,3131,3203,3278,3255,838,372,272,194,162,166,190,195,168,146,133,127,147,153,154,163,166,165,146,141,146,135,153,139,147,147,142,158,182,181,180,172,151,139,133,110,120,116,126,123,127,139,136,153,164,161,165,162,170,180,188,177,184,186,200,182,189,162,160,142,140,137,150,186,201,217,219,210,205,213,207,191,193,193,178,170,168,162,158,165,152,152,148,151,158,161,167,141,146,155,153,136,127,123,107,110,107,115,91,102,93,91,76,69,74,74,77,90,93,91,113,103,108,91,78,61,59,66,71,58,53,57,59,64,58,56,46,44,46,49,50,45,59,64,51,54,47,42,45,40,33,24,20,14,16,15,15,12,12,12,11,8,7,11,13,12,15,20,19,24,16,14,10,8,12,12,10,12,12,10,9,13,10,11,8,9,11,13,12,14,13,14,7,13,16,16,14,13,23,20,17,13,19,20,11,14,14,13,13,14,17,18,18,18,23,22,26,24,24,15,11,8,10,8,8,11,14,21,26,44,50,45,39,37,30,29,28,34,45,48,37,33,33,28,22,19,21,23,26,36
9621,17301,18244,12825,12454,11242,10446,9388,8508,7669,6986,6458,5776,5281,4960,4731,4402,4203,3913,3622,3342,3142,3009,2867,2697,2625,2551,2536,2552,2542,2539,2554,2551,2525,2497,2519,2546,2557,2608,2638,2668,2617,2573,2570,2593,2581,2567,2538,2597,2603,2648,2648,2686,2770,2830,2833,2857,2923,3025,3018,2979,3005,3014,3130,3122,3171,3212,3188,3257,3246,3222,3153,3134,3119,3085,3115,3138,3110,3092,3051,3091,3068,3067,3069,3042,3118,3171,3213,3205,3301,3386,3393,3418,3399,3394,3333,3266,3225,3208,3141,3092,3127,3056,3072,3123,3128,3096,3097,3069,2991,3048,3050,3071,3134,3115,3146,3104,3115,3119,3222,3245,3321,3396,3278,3291,3273,3295,3254,3340,3248,3259,3230,3217,3108,3093,3113,3043,3025,2958,2879,2924,2916,2931,2984,3071,3100,3065,3042,3019,3010,2973,3007,3053,2954,2953,2947,2992,2916,2885,2925,2882,2829,2926,3014,3067,3084,3080,3058,2994,702,303,210,181,168,180,185,209,211,198,194,172,188,189,168,147,139,129,130,123,119,100,103,103,107,102,106,114,121,115,119,114,98,100,103,91,94,100,101,106,102,86,83,81,89,98,108,113,108,108,101,102,103,86,83,79,82,85,92,73,72,62,57,60,76,78,82,83,74,64,52,49,49,54,66,68,61,65,67,68,58,55,71,65,84,82,80,70,69,75,70,68,59,61,53,56,50,48,48,47,45,37,35,29,34,25,26,22,24,21,19,16,14,19,22,24,27,27,19,16,16,24,19,25,26,38,42,50,47,34,33,31,37,28,28,30,40,39,33,29,29,34,29,37,46,54,50,41,33,25,27,32,27,33,45,61,70,82,73,87,81,75,79,58,68,61,66,63,68,72,77,78,67,58,51,50,48,57,65,65,69,56,63,64,60,50,43,50,60,48,51,39,29,30,36,43,34,35,43,47,51,45,43,55,64,73,71,69,75,73,70,54,50,59,50,36,36,41,54,61,51,41,44,40,30,24,25,27,30,34,26,31,29,36,31,39,49,55,66,52
9800,17429,18375,12813,12462,11231,10321,9570,8741,7914,7313,6652,6115,5527,5197,4773,4478,4099,3883,3658,3494,3358,3222,3144,3061,3077,3099,3095,3072,3022,2868,2945,2883,2864,2764,2715,2696,2739,2787,2770,2803,2806,2871,2862,2868,2747,2742,2621,2678,2682,2729,2685,2598,2711,2719,2641,2587,2567,2588,2652,2720,2768,2871,2894,2949,3085,3126,3235,3268,3339,3440,3429,3313,3318,3334,3409,3370,3371,3357,3366,3392,3450,3515,3572,3584,3669,3710,3723,3665,3595,3610,3521,3455,3433,3365,3314,3206,3191,3227,3231,3188,3157,3138,3107,3090,3166,3239,3243,3282,3293,3240,3185,3242,3353,3368,3481,3507,3520,3524,3486,3446,3423,3417,3427,3377,3337,3342,3287,3263,3263,3265,3254,3250,3194,3233,3373,3332,3356,3255,3197,3169,3257,3247,3279,3232,3228,3221,3212,3140,3143,3139,3192,3254,3200,3197,3222,3191,3239,3319,3316,3244,3288,3283,3316,3358,3377,3367,3351,3310,958,403,284,224,180,196,180,185,194,196,205,195,183,187,171,169,183,191,187,176,192,174,162,168,156,142,146,135,139,121,117,124,143,143,132,119,119,116,118,114,135,147,150,161,161,156,149,166,171,176,173,177,182,190,185,191,180,195,189,197,213,216,222,219,206,221,213,206,222,244,237,262,268,284,262,261,263,254,231,240,231,262,271,261,260,243,223,225,233,248,241,273,272,275,258,237,231,235,216,225,225,226,195,181,184,184,191,187,169,163,168,180,203,212,218,222,232,244,230,221,238,256,253,259,270,266,260,236,228,194,185,170,167,201,229,241,225,222,213,219,227,213,189,181,192,182,194,191,188,177,163,166,154,129,119,115,128,119,115,110,97,92,84,82,68,50,49,43,52,43,42,34,43,34,37,29,25,39,35,33,29,34,35,30,33,31,40,46,50,49,49,51,52,53,57,60,60,64,53,57,53,47,58,56,48,38,53,49,53,63,74,84,102,108,106,95,79,87,87,84,69,51,37,28,24,19,20,28,34,38,32,32,29,32,39,37,32,35,33,23
9704,17230,18241,12836,12560,11219,10321,9505,8570,7933,7167,6516,5944,5402,4968,4658,4266,3985,3704,3463,3244,3011,2901,2736,2638,2539,2511,2449,2402,2378,2409,2277,2280,2230,2203,2228,2189,2219,2214,2212,2222,2326,2350,2414,2423,2444,2475,2547,2592,2643,2695,2678,2720,2717,2714,2771,2895,2998,3009,3028,3114,3193,3156,3152,3094,3114,3112,3117,3109,3142,3199,3122,3141,3091,3079,3048,2931,2899,2902,2929,2959,3020,2999,3143,3170,3164,3235,3173,3256,3289,3305,3291,3367,3376,3406,3435,3471,3473,3480,3459,3466,3519,3549,3568,3458,3504,3415,3455,3482,3467,3476,3446,3457,3445,3243,3290,3290,3344,3278,3183,3140,3076,3054,3130,3176,3184,3210,3240,3232,3146,3143,3038,3041,3025,2980,2954,3029,3000,3041,3064,3150,3153,3111,3135,3163,3245,3244,3274,3274,3355,3292,3291,3264,3247,3276,3337,3313,3265,3285,3329,3358,3437,3460,3457,3513,3520,3531,3489,3518,870,355,260,180,151,143,173,168,170,183,201,202,187,179,177,160,173,177,168,169,164,191,195,208,184,171,164,186,187,198,197,177,169,164,156,172,160,165,177,199,209,203,208,196,200,219,231,225,204,200,193,174,173,184,182,190,193,194,179,196,209,219,248,264,241,231,239,250,267,270,283,275,275,276,251,251,240,218,222,213,210,216,230,233,261,290,286,291,288,292,289,304,304,304,307,336,334,329,291,283,287,276,270,258,236,229,248,254,262,244,247,249,282,269,250,226,235,254,236,227,235,223,229,209,220,224,225,186,168,180,165,156,164,169,174,169,154,146,146,151,175,181,191,194,187,173,168,144,141,136,126,120,118,107,113,94,91,89,96,82,72,75,70,66,64,63,63,60,52,53,54,66,75,88,97,96,96,87,78,72,81,83,78,76,62,62,63,65,65,55,63,65,60,50,44,35,41,47,49,44,38,42,35,41,48,55,61,70,70,66,73,73,63,58,54,55,51,54,51,51,54,53,38,33,30,34,29,31,38,29,27,24,26,26,20,19,26,23,25,22
9572,17289,18303,12972,12647,11433,10527,9585,8781,7996,7234,6588,5950,5434,4982,4620,4254,3962,3651,3515,3327,3260,3110,3095,2968,2798,2681,2556,2460,2413,2376,2438,2475,2459,2455,2514,2545,2574,2566,2572,2529,2547,2569,2581,2687,2697,2757,2741,2812,2950,2949,3048,3105,3193,3315,3240,3146,3162,3229,3293,3284,3246,3281,3404,3434,3495,3501,3476,3577,3567,3583,3528,3489,3536,3543,3682,3663,3739,3722,3798,3790,3767,3701,3621,3563,3446,3398,3351,3342,3363,3368,3383,3325,3329,3273,3242,3175,3178,3211,3169,3148,3110,3076,3133,3197,3269,3226,3170,3170,3132,3158,3275,3293,3300,3375,3422,3392,3345,3295,3322,3218,3200,3290,3409,3439,3436,3431,3443,3334,3487,3477,3554,3546,3534,3513,3525,3485,3486,3468,3434,3440,3412,3410,3460,3465,3557,3612,3692,3759,3861,3833,3852,3848,3720,3660,3510,3522,3509,3515,3504,3501,3394,3420,3405,3413,3461,3385,3334,3344,854,382,299,199,182,216,226,246,261,263,270,262,248,248,266,268,263,275,300,302,304,321,321,316,328,338,368,377,405,432,428,432,438,416,395,410,415,410,418,417,424,443,477,467,504,486,533,529,527,512,484,505,525,514,511,543,534,504,506,490,501,497,490,499,504,510,508,468,467,461,445,424,420,385,395,384,370,336,331,314,321,309,287,305,329,320,300,262,269,263,289,291,270,243,228,213,196,194,185,189,194,203,192,198,204,200,192,177,180,188,192,193,194,193,184,184,193,177,177,165,152,143,151,147,136,136,139,154,163,148,169,168,154,138,120,120,131,143,144,129,122,132,134,131,123,138,127,126,132,126,121,129,130,139,149,147,169,177,165,168,163,183,194,198,232,231,207,185,185,181,193,177,170,167,155,148,134,132,122,119,103,99,85,87,74,68,68,76,57,63,69,65,66,64,64,55,50,54,55,52,47,47,61,49,51,44,38,37,46,57,64,63,73,64,71,59,61,62,53,68,62,62,69,85,87,96,105,96,84,89,86,75,57,52,39,38,44,38,38,32
9801,17227,18208,12676,12295,11119,10108,9204,8351,7450,6632,6044,5581,5136,4838,4401,4052,3833,3700,3472,3311,3239,3085,3043,2957,2906,2784,2683,2631,2639,2678,2653,2623,2580,2555,2525,2493,2537,2630,2673,2622,2609,2573,2619,2650,2677,2714,2781,2826,2842,2865,2797,2829,2874,2902,2988,2944,3009,2982,3001,3088,3083,3139,3120,3052,3094,3038,3040,3072,3123,3156,3170,3202,3191,3214,3265,3300,3354,3376,3409,3499,3530,3571,3609,3653,3513,3460,3403,3408,3342,3318,3284,3283,3286,3350,3390,3381,3336,3338,3452,3449,3441,3432,3431,3504,3501,3490,3578,3575,3601,3595,3613,3589,3602,3604,3652,3671,3680,3668,3650,3588,3587,3610,3680,3687,3714,3631,3559,3545,3473,3518,3580,3682,3747,3731,3680,3636,3598,3571,3616,3650,3662,3709,3621,3552,3485,3357,3418,3519,3567,3569,3609,3580,3551,3422,3386,3354,3275,3289,3343,3397,3383,3407,3450,3417,3486,3561,3522,3392,857,378,267,219,226,231,218,211,200,210,203,210,221,200,209,235,240,242,245,253,277,272,284,254,244,238,273,271,302,306,336,297,310,303,302,310,307,323,347,350,327,349,294,278,275,297,284,281,267,229,225,198,216,201,191,184,208,196,204,192,203,222,204,212,215,220,213,215,212,226,240,240,236,244,241,250,266,262,277,256,250,261,290,313,300,322,310,288,273,260,274,250,226,212,222,222,231,233,233,241,232,229,219,227,245,240,235,245,235,230,222,208,209,214,226,219,204,193,187,180,165,170,179,171,182,180,184,192,193,203,199,198,174,171,175,166,163,149,163,173,206,220,228,211,222,221,239,262,264,290,271,267,255,264,260,271,262,254,264,269,301,289,284,280,293,275,256,239,213,199,218,218,211,203,189,192,183,181,187,168,194,203,219,200,205,204,212,203,184,183,182,170,163,165,177,183,187,183,188,181,168,155,156,178,189,185,202,181,168,133,111,112,108,105,102,97,101,100,103,97,115,113,126,123,129,138,157,161,181,185,196,209,207,212,229,214,216,215,219,209
9683,17027,17784,12424,12080,10720,9842,8902,8082,7424,6772,6174,5572,5153,4887,4431,4128,3771,3560,3294,3145,2946,2735,2639,2529,2477,2469,2446,2362,2380,2385,2389,2346,2309,2311,2324,2293,2210,2172,2145,2162,2199,2226,2212,2249,2367,2358,2372,2395,2437,2414,2516,2628,2651,2698,2799,2918,2889,2844,2876,2842,2823,2880,2963,3091,3126,3163,3179,3176,3146,3164,3082,3076,3073,3048,3013,2964,3032,2996,2999,3040,3069,3048,2983,3011,3057,3132,3158,3121,3120,3128,3111,3132,3041,3027,3070,2993,2960,2868,2884,2902,2965,2939,2893,2867,2884,2888,2871,2822,2820,2820,2892,2839,2800,2850,2818,2851,2902,2907,2832,2852,2803,2879,2878,2917,2923,2881,2927,3012,3022,2998,3055,3159,3203,3241,3200,3154,3147,3192,3236,3183,3106,3051,3047,3023,3008,2993,2906,2904,2876,2851,2775,2675,2698,2660,2758,2699,2720,2716,2730,2728,2673,2644,2637,2648,2643,2654,2670,2646,665,294,237,204,205,210,224,231,238,231,221,226,230,223,194,219,236,246,231,221,201,167,166,169,169,187,200,208,223,240,248,249,241,225,224,220,214,237,240,249,233,237,210,185,178,180,174,174,162,174,161,153,148,134,119,123,118,120,123,115,114,123,142,144,145,177,185,189,160,149,149,154,152,143,140,128,123,138,133,144,165,128,146,123,145,147,142,137,129,123,112,110,108,106,99,92,90,96,107,116,112,112,115,101,96,88,91,90,99,79,80,78,75,76,80,99,92,82,98,92,80,84,79,82,86,91,92,91,106,87,84,65,55,55,56,58,59,61,53,41,28,34,29,23,27,19,18,15,16,17,19,18,13,18,19,17,16,13,13,12,8,8,9,18,21,25,17,16,19,10,12,11,18,18,25,20,13,12,13,11,10,11,8,6,7,6,5,9,10,12,14,13,16,15,11,5,11,11,13,15,16,16,16,15,15,15,12,11,12,10,6,9,15,17,14,11,10,8,3,5,7,5,5,5,9,9,10,13,19,14,11,13,17,16,8,6,6,3,7,8
9585,17103,18098,12632,12359,11206,10447,9635,8790,7929,7308,6604,5987,5366,4909,4506,4149,3836,3520,3281,3013,2842,2706,2584,2544,2504,2412,2316,2358,2337,2355,2400,2372,2450,2497,2467,2482,2430,2393,2394,2345,2399,2440,2488,2465,2458,2495,2509,2519,2551,2595,2579,2550,2521,2478,2433,2416,2438,2410,2398,2472,2525,2565,2635,2602,2619,2677,2713,2776,2854,2955,2975,2991,2940,2955,2994,3095,3273,3250,3315,3327,3363,3350,3414,3419,3478,3453,3466,3495,3422,3355,3289,3246,3362,3388,3333,3343,3355,3448,3396,3393,3379,3377,3355,3338,3290,3227,3221,3132,3057,2951,2935,2972,2986,3006,3084,3165,3197,3134,3113,3109,3121,3079,3020,2960,2833,2740,2793,2740,2751,2763,2748,2763,2763,2792,2868,2884,2918,2897,2947,2962,3009,3032,3042,2969,2972,2973,2953,2991,2951,2944,2924,2984,2970,2973,3003,2941,2963,2872,2747,2763,2844,2873,2919,2981,2972,3046,3065,3148,798,328,254,189,153,150,154,158,168,163,174,188,196,213,215,199,189,196,214,224,220,195,189,196,194,201,194,189,180,187,204,246,241,242,243,246,242,236,236,252,245,258,275,330,325,351,345,321,325,313,337,368,343,334,345,353,356,367,329,305,289,307,314,305,292,303,286,309,271,266,243,255,241,235,220,211,191,178,189,195,183,185,182,163,160,144,149,140,134,137,145,151,148,123,127,125,121,125,122,111,102,79,82,98,86,86,87,77,75,67,64,65,66,60,75,62,63,70,76,67,61,56,56,54,53,52,44,50,54,51,43,36,49,56,50,47,42,48,35,39,37,42,39,29,23,19,15,18,20,16,9,8,5,3,3,7,6,5,8,6,7,10,14,13,11,16,19,15,18,19,16,12,15,13,10,11,9,8,6,7,11,14,23,21,17,20,22,25,26,36,39,48,39,52,38,44,41,49,46,43,51,57,58,59,55,49,51,50,54,56,58,53,62,55,56,50,45,46,53,68,76,68,78,77,73,57,55,60,55,57,57,45,40,36,40,34,35,25,22,19
9671,16972,17915,12442,11989,10906,9852,9064,8371,7604,6945,6349,5840,5413,5028,4594,4217,3906,3630,3430,3242,3093,2908,2746,2665,2569,2559,2495,2483,2417,2407,2410,2410,2410,2350,2395,2348,2418,2374,2452,2544,2606,2700,2694,2681,2632,2642,2605,2640,2607,2643,2599,2610,2530,2548,2541,2553,2613,2566,2627,2643,2659,2667,2667,2697,2758,2777,2857,2907,2966,3129,3196,3227,3232,3249,3348,3330,3325,3224,3154,3151,3184,3219,3160,3159,3276,3356,3461,3464,3518,3519,3436,3385,3327,3299,3380,3398,3435,3372,3320,3331,3334,3296,3300,3302,3231,3307,3339,3285,3405,3369,3357,3304,3285,3266,3336,3365,3382,3412,3424,3460,3422,3500,3478,3449,3475,3475,3415,3448,3316,3340,3208,3198,3088,3048,3126,3097,3184,3184,3188,3160,3097,3167,3198,3203,3103,3081,2976,3055,3108,3124,3125,3120,3141,3155,3088,3000,2934,2825,2850,2897,2933,2961,2914,2922,2932,2955,2875,2879,747,319,225,183,179,189,194,191,210,207,193,200,205,193,180,174,187,181,182,187,160,164,179,157,162,169,180,192,194,198,205,207,215,210,239,244,258,259,245,235,245,234,272,269,249,233,252,232,230,223,235,262,280,270,266,266,265,284,275,285,294,315,331,320,320,343,350,361,388,384,341,339,331,321,315,312,277,279,255,249,224,241,228,244,244,276,274,277,290,304,293,299,295,296,294,298,307,287,290,278,259,244,240,224,208,216,221,194,181,153,161,156,159,166,158,143,126,114,126,136,121,110,91,89,83,70,78,76,79,73,86,81,86,98,99,95,109,130,130,115,116,112,105,105,98,100,96,80,69,60,64,57,63,63,73,73,86,82,70,64,50,56,60,64,66,74,71,68,77,81,84,66,56,51,40,40,51,57,64,69,76,71,61,54,47,62,60,61,63,62,78,73,67,60,57,41,32,29,31,32,35,26,21,21,21,25,20,18,14,9,12,12,11,24,28,19,18,27,33,40,36,41,54,51,46,43,45,45,42,37,32,36,46,48,53,59,63,61,68,66
9746,17481,18432,13110,12761,11365,10319,9105,8166,7362,6765,6231,5637,5113,4767,4364,4076,3810,3612,3438,3277,3156,3070,2936,2835,2758,2699,2704,2633,2541,2492,2496,2541,2543,2586,2653,2701,2845,2804,2767,2750,2845,2932,2848,2839,2840,2812,2781,2787,2817,2793,2786,2735,2756,2748,2860,2962,3072,3182,3291,3289,3468,3486,3468,3456,3513,3500,3450,3534,3578,3606,3721,3745,3762,3727,3736,3713,3705,3759,3729,3660,3615,3589,3526,3393,3359,3277,3260,3180,3177,3165,3124,3136,3098,3049,3051,3004,3123,3093,3104,3061,3000,3064,3051,3136,3149,3265,3353,3376,3297,3260,3250,3283,3231,3173,3155,3168,3137,3146,3088,3032,3009,3121,3059,3047,3046,3005,3022,2969,2925,2914,2895,2929,2912,2988,3035,3086,3183,3230,3238,3280,3332,3429,3487,3552,3662,3682,3741,3737,3808,3780,3728,3679,3718,3619,3536,3472,3465,3451,3416,3488,3428,3356,3291,3295,3325,3246,3255,3242,840,344,257,208,186,197,175,166,179,212,236,245,244,251,263,260,246,240,241,232,226,211,203,168,164,157,170,156,161,164,187,199,186,185,185,189,209,203,187,190,153,146,137,137,150,149,136,132,144,146,147,133,135,111,111,113,115,112,113,102,104,106,100,115,115,102,98,82,97,98,102,101,79,84,79,91,105,106,102,105,102,118,123,114,101,85,89,93,96,99,96,76,64,77,86,83,88,93,99,102,111,120,116,112,114,112,99,93,82,97,108,131,144,141,130,124,107,89,76,70,67,65,46,43,37,45,36,33,31,30,28,40,37,37,42,49,52,50,47,49,50,42,49,65,79,69,69,69,74,86,80,83,83,77,79,91,97,94,107,88,82,90,95,105,121,116,118,112,112,104,111,94,95,93,90,100,105,114,124,118,103,98,79,86,85,86,76,84,74,74,61,54,53,45,49,52,73,76,75,71,79,76,66,55,44,40,43,45,54,56,58,53,58,48,49,49,40,34,31,29,33,28,30,25,25,29,30,49,45,36,39,34,38,34,31,40,46,49,52,46
9871,17358,18443,13272,12873,11549,10366,9367,8626,7821,7112,6474,5881,5385,5004,4715,4458,4128,3853,3668,3401,3241,2962,2907,2794,2738,2669,2555,2460,2422,2393,2282,2245,2257,2211,2248,2246,2317,2314,2234,2225,2181,2150,2126,2061,2164,2196,2236,2178,2199,2252,2351,2447,2494,2492,2558,2510,2583,2595,2731,2831,2939,2971,3041,3107,3103,3186,3160,3217,3184,3260,3263,3229,3253,3220,3159,3050,3024,3107,3157,3206,3203,3259,3247,3284,3253,3255,3221,3209,3142,3209,3109,3091,3040,3077,3126,3184,3218,3107,3057,3072,3194,3258,3406,3468,3526,3535,3506,3575,3564,3560,3526,3530,3591,3641,3564,3550,3501,3479,3458,3475,3436,3386,3319,3272,3225,3186,3174,3207,3197,3192,3176,3076,3071,3061,3084,3099,3086,3091,3037,3085,3095,3138,3188,3213,3284,3296,3354,3405,3355,3346,3381,3287,3408,3399,3356,3478,3514,3562,3605,3577,3581,3515,3412,3302,3272,3314,3458,3448,854,354,236,169,167,175,166,174,179,185,185,196,203,202,191,189,175,180,174,178,173,196,212,225,223,216,219,209,231,241,242,219,218,224,224,214,205,207,197,207,204,180,168,164,177,183,171,160,149,154,145,134,147,132,147,142,125,130,143,140,155,137,115,116,108,111,102,97,100,88,89,95,93,78,72,73,62,67,78,84,83,100,97,96,89,88,103,104,93,94,83,86,85,89,97,93,98,101,80,83,79,84,90,87,78,76,67,73,88,92,85,98,92,87,87,102,102,82,86,93,90,80,96,97,107,107,97,94,90,89,85,92,87,83,81,82,85,73,83,76,92,102,101,101,112,105,104,98,81,88,93,96,85,90,78,73,54,49,61,60,55,60,80,82,78,92,96,92,83,68,66,65,73,62,65,76,81,68,92,86,95,86,79,66,68,71,70,60,68,74,62,56,55,62,66,68,80,73,77,82,75,75,78,89,83,99,95,105,123,116,125,116,132,126,116,100,87,95,117,143,147,154,162,164,169,163,175,161,164,149,147,149,159,155,160,173,169,182,187,170
9685,17058,18046,12596,12157,10950,10009,9054,8322,7566,6806,6184,5621,5139,4787,4425,4144,3833,3603,3481,3316,3145,3031,2855,2756,2576,2543,2524,2513,2516,2430,2500,2394,2443,2428,2461,2416,2416,2453,2433,2465,2472,2497,2551,2571,2601,2645,2738,2851,3049,3088,3094,3046,2964,2863,2952,2988,3047,3087,3093,3150,3215,3138,3108,3082,3141,3208,3300,3337,3418,3397,3417,3462,3475,3555,3571,3613,3586,3626,3573,3666,3597,3673,3635,3582,3609,3562,3497,3542,3595,3545,3579,3570,3594,3599,3537,3523,3509,3487,3325,3249,3180,3226,3282,3299,3273,3325,3306,3346,3340,3297,3229,3169,3175,3181,3248,3231,3327,3270,3338,3244,3298,3345,3271,3280,3253,3236,3214,3244,3208,3222,3173,3227,3316,3272,3173,3072,3075,3067,3056,3097,3156,3172,3239,3285,3228,3249,3203,3071,3014,2925,2950,3000,3039,3074,3048,3006,3042,3025,3113,3148,3208,3263,3182,3180,3226,3242,3232,3208,779,340,233,182,194,218,218,214,223,214,218,213,247,266,269,296,292,290,322,295,277,261,266,269,268,274,273,264,247,257,252,257,269,266,254,259,255,260,239,231,246,229,211,213,217,220,210,221,213,213,205,195,218,225,207,200,215,201,170,160,170,191,243,260,245,238,258,272,267,255,253,257,256,225,231,227,238,219,242,242,248,240,241,234,222,220,247,267,266,245,223,194,202,208,205,209,217,212,215,183,159,148,161,127,123,128,136,133,125,122,133,137,133,131,112,108,111,116,113,105,117,148,123,114,100,92,73,74,67,71,61,69,61,51,37,36,41,48,44,36,26,19,16,14,15,11,7,12,10,10,12,10,11,10,15,15,14,18,22,25,16,12,16,14,14,14,15,14,8,4,5,6,7,8,11,14,10,3,9,15,13,11,5,3,5,8,8,6,6,7,13,10,8,10,16,19,21,22,14,10,11,10,10,7,8,8,11,12,12,13,16,22,15,20,23,20,11,13,18,29,41,43,35,36,41,37,32,29,28,21,12,13,10,7,8,11,15,14,6,5
9743,17074,18081,12688,12379,11245,10474,9758,8879,8066,7250,6663,6162,5669,5132,4740,4315,4014,3715,3481,3340,3208,3081,2941,2703,2581,2581,2486,2454,2437,2393,2343,2284,2311,2346,2349,2319,2404,2433,2438,2460,2498,2513,2498,2503,2506,2530,2637,2650,2711,2749,2739,2741,2759,2834,2798,2857,2847,2929,3004,2969,3031,3055,3125,3137,3114,3098,3087,3144,3161,3207,3204,3235,3180,3225,3267,3246,3370,3429,3449,3440,3376,3248,3256,3334,3381,3372,3387,3379,3354,3389,3384,3355,3316,3329,3255,3251,3177,3224,3176,3162,3107,3127,3055,3047,3032,3034,3012,3016,3004,2990,3003,3023,2954,2968,2909,2789,2839,2849,2920,2914,3003,3038,3180,3151,3182,3145,3049,3061,3031,3154,3174,3232,3226,3152,3207,3277,3429,3449,3520,3472,3511,3473,3558,3617,3687,3812,3795,3742,3775,3707,3745,3703,3702,3714,3681,3644,3682,3563,3567,3517,3517,3544,3590,3509,3465,3406,3296,3264,857,385,246,183,173,171,181,193,192,185,182,178,159,170,178,172,154,161,154,175,166,184,192,186,178,177,197,173,158,143,171,159,151,148,155,172,177,143,142,153,136,139,113,92,94,109,105,99,113,117,115,123,106,123,151,162,173,162,157,151,170,158,168,159,159,158,153,161,152,124,133,141,148,156,153,152,150,161,161,155,147,135,120,119,106,102,98,107,108,107,96,93,89,82,76,71,85,98,90,80,89,86,87,82,82,86,79,75,62,53,50,50,49,42,49,56,51,47,46,46,48,47,40,41,34,28,33,34,38,37,38,43,39,43,41,46,48,37,32,31,34,23,23,31,34,28,31,37,41,38,36,29,35,35,27,22,24,24,26,25,23,15,16,23,23,34,47,52,59,47,46,43,36,30,26,34,33,34,33,42,39,34,28,24,30,20,17,15,17,14,16,21,12,13,15,16,22,28,25,28,30,27,30,25,22,23,31,21,16,15,19,24,23,22,19,26,24,28,30,33,40,34,37,35,38,39,42,52,64,60,61,74,70,73,71,64,60,62,70,65
9735,17318,18329,12960,12660,11447,10469,9619,8755,7988,7204,6591,5866,5457,5012,4650,4338,4038,3727,3593,3375,3204,3012,2913,2772,2601,2524,2445,2435,2310,2272,2204,2115,2060,2013,1974,1948,1969,2019,2011,2052,2130,2220,2320,2384,2337,2370,2316,2295,2339,2436,2460,2420,2423,2496,2554,2553,2608,2666,2725,2756,2893,2912,2910,2877,2990,2973,3006,3065,3046,3043,3114,3148,3139,3220,3218,3316,3309,3356,3399,3440,3364,3380,3256,3306,3441,3521,3555,3539,3522,3491,3434,3449,3529,3504,3575,3520,3506,3433,3403,3381,3365,3354,3329,3311,3311,3216,3162,3202,3247,3297,3249,3240,3151,3088,3060,3130,3327,3332,3399,3422,3406,3466,3465,3504,3554,3470,3453,3408,3408,3373,3388,3460,3383,3377,3296,3292,3315,3320,3450,3347,3405,3330,3280,3319,3263,3277,3113,3135,3070,3087,3132,3101,3081,3051,3030,2946,2925,2972,2925,2940,2941,2932,2980,2926,2919,2997,3044,2981,757,332,220,152,127,141,138,128,122,115,111,105,106,105,97,62,52,52,59,59,54,46,57,55,66,71,63,58,81,94,98,89,76,77,90,83,81,85,92,98,107,112,101,88,78,71,76,75,84,80,78,76,72,67,69,75,87,89,81,90,108,102,89,96,89,88,94,88,99,94,110,125,150,151,147,154,149,147,127,105,92,97,103,98,105,117,119,130,122,135,141,153,161,143,135,127,115,118,101,107,106,93,91,98,95,88,85,101,94,102,79,87,78,68,68,60,58,57,59,49,50,45,55,41,45,34,37,52,51,58,63,76,75,73,73,74,67,62,61,56,53,46,42,41,40,53,57,60,76,76,58,52,60,68,64,71,80,76,80,86,96,108,99,103,117,125,118,108,95,85,81,55,55,53,44,41,31,25,31,36,33,47,45,39,40,47,48,43,47,40,41,35,38,36,33,39,40,43,34,30,30,28,30,24,18,21,17,15,17,20,21,17,12,13,13,15,21,19,13,8,14,11,11,11,10,7,9,11,18,20,18,15,22,15,22,25,27,27,31,26
9626,17357,18337,13090,12720,11534,10453,9647,8608,7788,7014,6417,5863,5293,4907,4565,4320,4008,3742,3572,3347,3172,3086,3022,2971,2869,2787,2733,2637,2638,2554,2527,2474,2434,2468,2444,2460,2508,2544,2607,2655,2646,2664,2691,2757,2751,2777,2826,2832,2866,2904,2932,2994,2983,2949,3047,3049,3170,3199,3286,3396,3424,3486,3547,3567,3595,3581,3490,3476,3361,3323,3357,3419,3404,3375,3324,3249,3240,3286,3267,3239,3208,3168,3216,3274,3263,3318,3358,3298,3233,3189,3200,3234,3377,3501,3475,3572,3508,3462,3505,3579,3650,3691,3623,3588,3542,3616,3663,3654,3651,3735,3718,3732,3718,3689,3643,3634,3652,3644,3612,3570,3665,3647,3629,3622,3574,3502,3349,3352,3393,3431,3398,3320,3268,3279,3203,3156,3026,3007,2932,3001,3067,3038,3094,3118,3103,3062,3147,3206,3283,3248,3259,3258,3239,3261,3335,3308,3284,3243,3227,3245,3259,3388,3392,3406,3440,3432,3478,3569,878,381,311,249,230,237,230,219,198,211,217,270,257,253,270,288,290,312,317,335,320,320,305,302,301,298,280,282,275,282,286,273,286,286,295,303,304,288,293,328,342,318,335,357,364,382,402,400,378,365,346,344,373,404,466,465,444,484,513,492,512,504,515,535,546,555,511,499,499,489,488,537,507,481,471,474,472,485,461,454,451,480,480,487,495,478,492,493,481,490,462,462,434,401,414,418,410,378,386,358,337,360,333,349,339,317,307,272,275,269,263,269,278,291,274,272,287,258,258,269,272,275,250,226,212,226,209,205,215,212,205,176,170,159,153,163,164,173,179,159,162,190,177,176,180,181,166,166,166,191,196,192,179,187,185,198,226,250,239,223,217,245,235,235,211,195,165,164,177,185,196,214,231,227,203,187,172,167,157,140,156,160,162,140,149,153,133,129,127,115,103,92,87,94,93,106,110,106,100,105,123,121,114,99,100,88,98,90,96,97,75,76,68,72,84,88,76,77,72,69,68,58,64,74,71,80,79,89,80,92,82,92,94,101,106,114,112,102,87,96
9650,17069,18052,12795,12281,11095,10150,9410,8589,7899,7229,6525,5969,5429,4983,4587,4187,3941,3711,3476,3244,3073,2897,2796,2630,2540,2484,2375,2371,2360,2320,2378,2390,2329,2344,2370,2368,2372,2304,2297,2287,2266,2252,2202,2264,2269,2267,2291,2294,2344,2421,2536,2597,2641,2646,2666,2626,2595,2672,2658,2702,2756,2822,2907,3001,3047,3075,3071,3005,2994,2996,2977,2990,3015,2927,2989,3069,3070,3071,3015,2923,2965,2919,2885,2890,2926,2867,2815,2907,2941,3037,3123,3074,3064,3033,3015,2991,2926,2921,2932,2849,2815,2817,2852,2894,2925,2919,3014,3079,3022,2929,2918,2774,2783,2817,2943,2951,2945,2904,2924,2950,2963,2931,2859,2875,2901,2962,3009,3011,2936,2922,2922,2982,2960,2988,2941,2910,2816,2801,2837,2807,2750,2784,2778,2718,2752,2731,2725,2754,2839,2885,2883,2918,2932,2988,2944,2897,2911,2846,2824,2730,2724,2709,2708,2742,2785,2752,2748,2733,666,268,184,158,157,174,162,160,159,174,160,166,167,165,158,196,186,194,207,216,225,216,203,198,206,212,235,263,262,245,269,260,272,281,280,278,290,284,294,285,265,263,252,275,301,305,290,273,302,296,319,317,306,294,322,333,333,319,313,295,290,295,304,275,257,245,245,224,216,216,191,169,166,178,175,186,181,156,152,138,146,159,169,170,156,143,168,158,157,162,167,157,151,160,148,157,154,153,167,171,145,162,143,163,177,184,186,179,184,191,179,176,183,195,190,163,150,135,136,138,150,153,178,185,198,193,201,207,232,256,243,230,229,204,235,250,242,210,192,184,166,183,158,166,170,162,158,154,134,127,121,122,121,144,144,158,169,167,156,176,181,150,154,138,116,111,101,99,97,120,115,109,120,116,120,122,115,121,125,155,159,154,149,134,133,107,101,92,88,80,75,73,69,74,72,80,86,102,106,110,102,96,70,83,88,83,91,89,92,106,100,92,81,63,58,49,43,42,36,29,31,26,23,23,18,18,19,15,17,18,20,28,33,22,21,26,29,27,31,27
9750,17424,18407,12923,12435,11399,10367,9452,8615,7919,7149,6596,5928,5476,5023,4674,4329,3918,3586,3483,3414,3173,3063,2991,2917,2831,2711,2652,2541,2541,2502,2479,2492,2411,2341,2314,2258,2181,2151,2108,2154,2186,2236,2346,2388,2425,2468,2461,2492,2510,2516,2555,2570,2576,2649,2620,2677,2668,2684,2717,2830,2908,2997,3041,3082,3174,3184,3166,3158,3188,3168,3235,3273,3278,3307,3290,3294,3315,3275,3321,3255,3295,3330,3355,3332,3310,3322,3325,3404,3413,3423,3482,3430,3407,3402,3542,3510,3518,3535,3519,3530,3623,3628,3763,3794,3810,3809,3871,3806,3792,3816,3819,3770,3791,3757,3660,3521,3425,3340,3345,3367,3422,3513,3524,3481,3457,3470,3373,3380,3362,3391,3325,3289,3273,3247,3180,3047,3084,3107,3136,3143,3189,3079,3131,3089,3068,3085,3132,3131,3224,3287,3177,3159,3197,3145,3025,3038,2940,2981,3057,3165,3178,3248,3270,3256,3358,3384,3316,3281,820,381,292,221,232,256,262,258,253,267,260,263,258,245,260,241,245,247,219,182,164,179,184,160,163,129,109,106,110,122,137,144,120,107,101,108,98,100,96,79,73,65,49,48,55,48,49,51,59,67,73,68,67,58,71,69,59,55,50,45,47,39,30,30,24,26,32,28,26,23,25,21,14,17,11,15,20,31,33,29,33,33,39,44,46,40,37,31,29,33,34,24,16,17,27,29,30,33,32,33,39,45,51,65,66,47,44,44,49,56,68,59,62,59,51,48,53,61,60,55,48,46,55,45,64,54,49,51,38,44,47,40,51,63,61,59,60,66,69,66,67,61,64,63,61,68,62,67,58,53,36,33,38,36,39,35,35,29,27,31,37,29,19,16,17,23,24,21,28,29,18,24,33,32,35,44,42,37,45,47,38,34,34,34,32,39,37,35,43,41,39,28,31,22,24,28,26,24,16,17,18,13,17,20,17,24,33,36,31,21,23,29,35,32,37,45,52,63,57,52,47,54,47,44,56,59,55,45,37,34,27,26,24,25,28,32,34,27,26,28
9795,17172,18155,12857,12360,11063,10020,9058,8247,7576,6957,6348,5764,5215,4800,4407,4083,3852,3656,3348,3192,3009,2788,2695,2490,2407,2299,2151,2157,2051,2068,2045,1984,1948,1913,1916,1988,1987,1985,2000,2003,2066,2032,2009,1981,2026,2073,2093,2128,2167,2192,2186,2229,2301,2344,2365,2396,2491,2554,2510,2572,2529,2568,2573,2581,2589,2565,2580,2625,2723,2769,2802,2851,2912,2943,2935,2971,2904,2855,2879,2885,2918,2955,2903,3020,3071,3145,3055,3072,3086,3046,3010,3011,2947,2988,2909,2932,2951,2954,2965,2933,2977,2984,3030,3054,3033,3008,2919,2939,2884,2905,2897,2965,2972,3015,3062,2976,2973,2941,2932,2897,2885,2949,2999,3056,3103,3024,2988,2975,2978,3052,3087,3082,3111,3047,3102,3161,3210,3214,3216,3245,3200,3184,3147,3090,3139,3157,3111,3014,2974,2943,2835,2866,2749,2771,2711,2781,2755,2749,2747,2741,2752,2800,2701,2672,2673,2719,2715,2757,707,318,207,161,128,130,118,113,116,122,113,109,118,108,121,120,134,143,149,149,147,136,133,161,163,161,142,125,115,113,126,112,121,142,135,147,149,147,164,168,164,172,161,173,174,170,147,124,124,114,116,100,101,107,98,104,120,113,114,120,127,124,136,129,126,125,123,131,137,148,140,146,135,123,126,121,133,133,137,133,124,111,108,113,121,112,94,88,90,95,94,87,78,67,62,63,61,68,77,82,76,83,79,78,80,82,79,92,92,98,91,88,91,81,100,98,85,90,94,101,99,87,79,78,89,98,94,102,106,115,114,94,87,86,84,71,79,96,99,85,74,52,51,67,76,64,58,54,52,53,59,57,59,62,60,66,63,61,69,66,80,78,72,85,83,69,67,69,64,85,92,92,78,82,78,66,58,57,63,58,61,58,58,66,68,73,71,82,61,60,61,59,58,64,69,64,72,69,72,67,84,83,80,89,87,91,94,97,90,96,89,86,89,93,94,102,104,105,88,78,51,53,60,49,50,37,41,43,39,50,53,69,83,85,78,83,82,95,83,105
9739,16983,17951,12720,12179,11102,10136,9255,8281,7680,7053,6390,5769,5366,4975,4566,4269,4060,3814,3549,3323,3153,2986,2889,2714,2654,2561,2499,2460,2424,2486,2426,2527,2470,2455,2481,2528,2565,2563,2559,2520,2529,2556,2451,2516,2514,2563,2574,2601,2605,2581,2616,2727,2826,2891,2887,2870,2824,2880,2849,2780,2835,2825,2892,2914,2905,2827,2776,2777,2809,2870,2914,2975,3069,3075,3135,3150,3161,3210,3278,3327,3362,3387,3392,3348,3376,3367,3281,3214,3194,3267,3282,3303,3368,3357,3400,3452,3397,3351,3425,3412,3383,3411,3365,3372,3366,3282,3300,3286,3352,3371,3343,3278,3210,3122,3100,3100,3098,3090,3140,3107,3109,3123,3123,3191,3240,3260,3278,3286,3232,3177,3167,3238,3183,3151,3095,3105,3128,3171,3191,3104,3096,3083,2999,3054,3079,3126,3157,3142,3132,3106,3118,3109,3060,3035,3077,3054,3046,2979,2946,2897,2850,2923,2976,2950,2892,2890,2951,2973,828,355,264,202,177,184,206,183,186,160,144,122,111,103,103,93,110,116,126,118,115,102,99,93,94,100,117,127,129,127,134,137,141,128,119,107,115,121,128,130,118,116,106,103,95,94,83,78,75,78,76,85,79,72,74,82,91,105,105,105,129,127,145,121,106,96,92,88,73,60,61,56,61,62,63,59,68,74,76,78,81,77,89,85,79,72,63,59,63,76,102,127,120,118,110,118,106,108,105,108,109,125,139,149,138,149,149,154,152,186,197,224,217,203,203,192,179,181,166,179,166,172,171,185,208,199,174,172,176,167,180,160,153,146,154,158,171,157,159,148,146,153,155,150,151,132,133,118,123,115,111,115,100,116,122,116,95,84,93,75,77,63,55,60,64,57,51,58,59,56,53,62,62,60,52,50,51,56,53,50,43,38,34,41,41,43,31,28,22,30,23,23,15,15,11,8,10,6,8,14,21,21,25,32,27,22,19,21,19,20,23,27,28,16,11,16,20,13,15,13,18,22,26,20,23,28,29,40,37,34,29,27,26,26,23,24,20,22,22,18
9427,17031,18059,12621,12157,11218,10491,9512,8637,7881,7250,6565,5985,5543,5222,4830,4482,4180,3972,3758,3526,3319,3089,2929,2905,2784,2723,2647,2642,2585,2541,2469,2551,2585,2555,2579,2596,2588,2643,2594,2625,2621,2648,2645,2650,2644,2684,2612,2631,2630,2622,2639,2709,2686,2685,2634,2632,2652,2702,2728,2823,2871,2853,2859,2869,2932,2855,2875,2942,2944,3004,3034,2969,2983,3057,3089,3307,3256,3265,3301,3324,3356,3312,3335,3340,3431,3422,3489,3585,3729,3736,3820,3869,3826,3798,3775,3725,3713,3733,3808,3805,3815,3865,3841,3816,3722,3707,3635,3596,3670,3718,3763,3668,3647,3588,3497,3398,3460,3384,3332,3493,3435,3403,3430,3439,3462,3358,3279,3281,3226,3203,3169,3134,3090,3222,3255,3338,3374,3218,3246,3330,3268,3340,3353,3336,3259,3187,3147,3085,3033,3093,3081,3053,3025,2999,2979,2931,2962,2970,2957,2921,2917,2914,2950,2889,2818,2802,2767,2760,759,345,270,235,221,252,241,246,257,247,278,301,307,307,271,270,269,255,256,247,255,253,269,243,248,280,304,329,346,375,380,410,424,406,393,390,357,346,343,364,375,430,438,420,442,487,483,519,525,519,509,491,499,472,442,407,355,331,344,377,392,369,349,336,354,345,350,343,311,303,289,281,269,248,257,243,228,233,218,220,217,190,168,152,155,159,156,146,139,147,128,138,122,124,115,118,120,125,112,94,90,83,83,83,81,86,83,71,64,64,64,65,64,59,75,73,71,73,73,65,57,61,64,68,78,79,90,82,70,69,74,77,72,75,63,41,58,63,68,76,74,68,68,69,61,62,68,72,78,85,87,91,92,86,85,91,84,91,87,77,59,46,36,38,37,39,53,51,50,34,22,17,14,20,16,10,15,14,14,15,12,11,11,13,17,23,15,17,20,21,25,41,48,47,37,29,18,15,18,16,14,13,18,21,22,22,18,19,9,18,23,24,27,22,25,25,26,21,29,31,27,29,29,32,28,41,51,56,54,53,48,38,42,33,26,33,32,28,32,33
9653,17110,18172,12732,12487,11203,10293,9400,8425,7569,6903,6337,5722,5296,4949,4573,4354,4111,3816,3529,3380,3158,3012,2918,2822,2710,2637,2617,2642,2488,2477,2490,2471,2434,2379,2350,2326,2333,2350,2368,2459,2513,2596,2637,2660,2674,2748,2828,2809,2933,2939,2994,3014,3024,3070,2990,3080,3067,3076,3107,3029,3037,3113,3135,3162,3278,3322,3333,3252,3237,3188,3196,3262,3337,3283,3324,3356,3324,3318,3400,3468,3494,3630,3651,3680,3750,3710,3737,3818,3752,3762,3715,3705,3654,3613,3512,3485,3439,3332,3283,3351,3442,3552,3720,3767,3825,3814,3723,3711,3716,3839,3776,3916,3883,3842,3806,3705,3684,3711,3693,3661,3588,3446,3333,3328,3320,3372,3356,3356,3401,3417,3450,3536,3595,3522,3518,3462,3442,3327,3250,3238,3230,3205,3250,3192,3214,3189,3199,3214,3219,3180,3137,3134,3146,3197,3221,3109,2990,2996,2977,2991,3096,3080,3067,3032,3069,3110,3190,3194,790,358,254,215,214,205,215,196,197,175,179,186,193,191,223,237,302,334,327,341,312,297,309,301,291,309,309,289,287,321,334,340,335,320,325,315,330,330,334,298,273,256,268,270,263,263,229,230,219,222,238,242,238,233,219,227,226,226,221,218,203,224,232,237,247,241,243,220,221,202,218,209,257,265,283,296,296,322,314,307,306,301,296,284,287,308,311,292,276,299,269,282,285,286,291,284,248,241,251,246,246,266,258,267,269,276,251,241,258,263,273,265,270,280,278,300,290,279,321,324,337,337,303,284,281,268,261,248,254,256,288,332,336,368,362,359,384,387,385,392,396,382,373,379,379,387,397,418,448,435,438,433,436,418,402,390,443,451,480,488,476,492,479,492,493,493,478,471,484,469,484,467,485,479,469,490,506,510,533,520,547,565,573,534,574,614,609,613,594,623,645,659,651,633,631,609,603,595,615,635,646,677,657,671,689,657,645,706,752,801,779,792,766,759,769,779,831,849,846,820,816,838,843,833,879,877,909,951,946,1025,1071,1083,1105,1068,1026,1072,1111,1152,1155,1177
9726,17487,18504,13196,12838,11613,10459,9551,8579,7818,7119,6490,5803,5173,4798,4394,4076,3777,3612,3344,3158,3039,2897,2758,2672,2521,2445,2422,2428,2380,2362,2426,2460,2430,2440,2399,2381,2403,2438,2485,2502,2502,2530,2568,2487,2583,2562,2582,2521,2623,2699,2744,2767,2763,2807,2835,2797,2768,2742,2748,2746,2790,2811,2788,2737,2755,2782,2850,2948,2961,3021,3064,3120,3166,3167,3185,3139,3118,3116,3142,3171,3200,3150,3159,3088,3071,3234,3214,3240,3242,3291,3314,3325,3376,3399,3449,3498,3546,3614,3753,3694,3607,3642,3649,3637,3596,3655,3661,3679,3663,3613,3509,3473,3414,3431,3337,3293,3304,3281,3206,3174,3117,3100,3063,3090,3039,2960,2942,2912,2954,2973,2998,3014,2979,2930,2889,2830,2779,2827,2852,2859,2897,2988,2966,2962,3032,3037,3115,3114,3123,3141,3155,3197,3276,3232,3254,3246,3206,3209,3227,3216,3200,3127,3089,2998,2923,2940,3052,3189,828,375,273,190,175,191,189,192,181,182,180,183,189,180,195,204,206,219,197,178,182,188,212,218,227,240,234,228,223,214,213,204,198,188,179,183,171,166,160,149,139,113,105,107,112,105,106,105,86,79,74,77,60,61,54,56,55,70,65,56,51,48,42,38,38,32,26,28,24,19,21,24,30,20,19,23,33,31,29,31,27,21,19,19,12,13,18,17,20,19,17,12,9,7,7,6,14,12,10,10,8,14,16,14,12,12,3,8,13,9,11,12,12,8,18,21,25,35,38,45,40,29,34,31,32,40,36,46,40,33,45,48,49,52,53,48,45,44,48,40,34,36,34,34,33,35,36,40,44,50,42,44,55,42,49,56,54,66,63,59,61,58,49,42,38,40,35,24,26,17,20,21,18,10,19,19,20,13,12,10,14,19,20,19,15,17,23,28,29,34,35,33,28,36,36,43,42,44,43,39,51,42,37,42,46,45,47,57,62,57,55,65,57,61,48,49,47,55,66,64,60,63,65,56,51,45,43,36,34,36,34,35,29,28,31,28,18,16,17,17
9764,17122,17962,12479,12164,11070,10159,9334,8493,7771,7130,6540,5963,5508,5029,4653,4222,3946,3629,3467,3265,3098,2968,2777,2645,2586,2541,2502,2420,2392,2343,2304,2282,2254,2185,2199,2224,2228,2200,2169,2193,2186,2286,2294,2418,2425,2471,2506,2534,2626,2626,2607,2564,2569,2644,2698,2716,2704,2697,2724,2755,2777,2777,2846,2902,2915,2934,3012,2989,2991,3029,3022,3004,3039,3157,3254,3290,3343,3311,3400,3354,3352,3383,3370,3357,3387,3393,3376,3277,3271,3253,3310,3332,3363,3359,3451,3464,3450,3474,3506,3462,3371,3392,3376,3297,3373,3433,3433,3335,3344,3383,3398,3417,3387,3425,3452,3435,3412,3346,3289,3216,3238,3273,3225,3179,3128,3136,3151,3131,3062,3004,2931,2985,2987,3001,2975,2987,3025,3111,3121,3161,3232,3205,3109,3012,2990,2993,3099,3137,3146,3201,3232,3132,3165,3069,3047,3067,3088,3158,3218,3167,3201,3133,3152,3157,3144,3149,3164,3150,833,361,267,201,191,179,191,193,184,181,177,184,196,196,214,203,221,207,188,212,203,200,196,190,170,165,153,147,155,158,158,182,195,189,189,198,207,194,158,166,166,154,135,125,131,141,144,121,118,115,99,101,106,98,103,98,98,114,106,114,121,120,114,108,116,99,90,88,81,73,59,67,78,76,73,72,92,88,96,96,124,131,147,138,133,119,120,120,118,117,112,112,110,104,98,86,82,87,101,96,91,90,77,80,92,109,110,109,93,81,79,84,78,58,70,81,74,67,61,66,80,86,79,83,77,86,97,100,109,125,152,160,164,156,162,169,170,168,160,159,158,164,175,167,173,158,150,163,168,164,182,175,162,163,153,152,156,175,171,155,174,174,157,149,159,157,146,140,142,166,170,177,194,206,201,213,221,222,243,238,229,204,182,193,215,208,255,258,258,262,284,284,287,279,291,293,309,298,295,306,317,327,338,309,286,289,312,311,320,317,329,323,310,289,287,321,329,339,346,342,352,366,360,360,365,342,336,335,335,318,324,314,342,339,372,378,374,381,412,429
9642,17033,17841,12318,11819,10704,9753,8995,8171,7324,6722,6153,5578,5036,4747,4393,4025,3680,3476,3361,3258,3207,3065,2988,2857,2679,2541,2487,2434,2386,2319,2258,2200,2193,2169,2194,2149,2196,2152,2219,2220,2160,2173,2203,2163,2202,2154,2217,2294,2348,2367,2367,2453,2556,2622,2627,2714,2681,2726,2822,2783,2862,2887,2755,2725,2824,2859,2931,2896,2900,2863,2919,2950,2974,2954,2928,2978,3009,3059,2958,2940,2830,2814,2770,2766,2648,2701,2667,2695,2634,2567,2623,2612,2620,2693,2770,2894,2881,2890,2846,2951,2890,2886,2841,2851,2823,2834,2835,2836,2896,2931,2899,2943,2920,2899,2952,3023,3016,3045,3103,3169,3129,3200,3097,3179,3038,3066,3037,3101,3091,3151,3160,3131,3103,3044,3046,2968,2939,2921,2902,2924,2898,2878,2819,2811,2807,2790,2797,2782,2767,2817,2793,2796,2829,2865,2892,2901,2916,2990,2996,2949,2968,3024,3040,3071,3086,3132,3107,3133,793,318,230,169,159,180,182,193,183,181,166,180,160,155,157,149,148,137,131,132,137,137,156,160,174,174,178,188,198,204,212,215,191,180,184,191,209,213,229,251,238,249,243,269,280,306,309,305,311,313,328,336,330,325,317,311,293,278,267,244,229,219,220,226,224,230,233,214,204,196,221,232,249,266,250,245,242,236,240,217,208,213,206,194,199,190,171,145,146,160,189,163,154,129,114,104,99,82,94,85,80,83,93,87,86,101,90,77,93,96,100,94,98,93,77,74,81,83,85,98,107,106,103,118,101,86,89,82,88,85,79,81,80,82,69,62,57,59,65,72,68,67,64,72,71,82,71,76,78,87,98,114,111,97,95,82,74,79,74,75,77,81,69,66,59,49,37,36,42,38,31,26,25,29,28,25,31,33,33,35,35,36,40,45,59,60,61,65,53,60,56,47,43,41,29,32,31,33,31,29,30,29,23,24,29,26,26,22,22,13,13,16,20,19,26,27,31,24,21,27,24,22,24,25,30,24,25,20,23,33,37,46,41,43,44,47,56,55,47,54
9682,17223,18015,12582,12191,10945,10142,9266,8395,7773,6949,6362,5771,5309,4833,4517,4068,3759,3469,3296,3178,3054,2991,2826,2746,2693,2623,2606,2607,2661,2576,2481,2492,2488,2534,2511,2489,2527,2496,2510,2501,2554,2499,2526,2473,2498,2452,2484,2534,2461,2592,2597,2634,2668,2683,2677,2735,2744,2780,2887,2970,2996,3063,3011,3007,3058,2985,3023,3114,3171,3246,3220,3306,3325,3333,3311,3300,3313,3298,3319,3344,3265,3240,3193,3220,3173,3188,3234,3165,3156,3148,3125,3135,3174,3209,3266,3377,3460,3462,3472,3485,3578,3724,3675,3622,3622,3678,3752,3670,3613,3653,3549,3563,3561,3518,3375,3233,3125,3085,3136,3067,3051,3048,2985,2972,2957,2881,2835,2893,2902,2967,3008,3027,3005,3023,3007,3082,3056,3092,3101,3168,3233,3253,3256,3232,3287,3292,3266,3225,3223,3316,3309,3344,3312,3217,3234,3270,3273,3278,3171,3182,3166,3132,3123,3063,2955,2999,2952,3054,748,304,217,153,143,141,130,116,131,128,146,154,158,149,137,111,124,122,119,109,109,101,107,126,122,128,129,135,127,122,125,141,132,155,143,152,151,159,166,152,129,132,132,130,123,117,115,116,115,131,122,128,129,125,110,110,128,146,147,145,148,150,170,180,188,199,183,180,182,197,197,189,164,168,190,204,234,222,215,196,185,155,139,142,155,155,151,134,141,139,136,133,117,113,118,125,117,124,121,130,126,126,139,132,132,149,147,145,143,121,123,120,124,129,136,129,130,124,107,133,136,143,163,179,191,170,178,166,162,162,174,165,149,163,155,163,167,167,185,207,218,239,228,214,200,199,205,191,195,208,204,184,165,151,161,143,134,135,145,145,136,120,113,121,120,116,105,102,93,107,103,96,97,97,108,126,131,120,116,107,116,125,114,112,113,99,101,90,86,100,101,116,109,114,110,113,114,134,129,138,121,113,121,112,118,125,112,99,104,110,108,115,127,152,177,187,182,175,180,171,162,181,172,168,168,161,162,178,164,177,188,185,196,187,180,168,155,163,148,136
9598,17225,18224,12811,12317,11050,10082,9187,8261,7471,6743,6161,5550,5063,4583,4155,3810,3590,3310,3110,2916,2850,2685,2576,2435,2348,2314,2303,2343,2360,2306,2225,2216,2272,2220,2164,2159,2143,2160,2212,2241,2196,2300,2243,2297,2285,2351,2271,2358,2444,2547,2535,2600,2608,2587,2682,2683,2723,2784,2863,2808,2759,2808,2776,2798,2817,2880,2932,2995,3024,3079,3114,3115,3064,2989,2998,3015,3050,3059,3043,3022,3028,3014,3013,3048,3056,3046,2966,2986,2985,2984,3059,3070,3045,3095,3080,3012,3047,3124,3118,3196,3186,3252,3274,3175,3234,3228,3273,3302,3220,3197,3097,3088,3064,3019,3006,2916,2846,2862,2893,2982,3047,3062,3022,3070,3048,3039,3054,3028,2980,3024,2991,2963,2952,3091,3221,3186,3268,3243,3181,3114,3091,3072,3022,3129,3091,3150,3149,3116,3107,3103,3050,3087,3047,3102,3146,3168,3166,3160,3212,3172,3241,3295,3294,3301,3313,3358,3330,3322,876,383,294,247,235,244,250,252,240,226,220,209,197,187,191,194,188,186,154,152,141,139,156,153,138,147,142,151,149,161,147,142,164,174,180,179,174,175,187,186,201,182,177,176,210,211,206,217,234,265,278,268,283,272,250,227,216,201,203,226,234,250,238,248,242,227,230,219,237,237,216,234,223,230,227,239,218,231,222,196,214,209,183,201,166,167,153,150,148,137,133,104,100,87,76,76,85,92,94,84,107,114,115,112,102,92,81,82,71,63,58,45,48,51,36,37,27,25,33,34,33,26,25,29,34,30,35,39,37,25,25,16,18,22,18,13,6,5,9,9,6,8,7,9,9,9,7,7,5,11,15,10,13,14,18,18,30,33,23,19,17,13,14,20,26,32,35,39,40,42,41,42,41,38,27,29,30,36,32,32,25,27,26,19,24,30,32,34,32,38,33,27,24,24,29,21,13,6,12,12,9,8,9,22,26,27,26,25,23,17,13,17,16,15,17,12,13,14,16,16,20,19,16,7,8,11,10,11,12,13,13,17,24,22,17,18,15,14,18,22
9856,17436,18422,12790,12253,10916,10149,9184,8301,7478,6898,6179,5692,5162,4792,4408,4102,3856,3562,3318,3162,2976,2882,2754,2755,2716,2588,2438,2345,2261,2210,2238,2267,2288,2240,2244,2244,2153,2142,2164,2222,2221,2281,2312,2381,2408,2493,2555,2613,2621,2630,2627,2671,2713,2735,2735,2813,2821,2867,2894,2975,3018,3073,3118,3122,3092,3095,3141,3130,3103,3046,3062,3057,3017,3026,3023,3046,3074,3051,3115,3060,3071,3071,3033,3033,3031,3119,3122,3201,3222,3191,3125,3153,3150,3163,3156,3139,3241,3252,3306,3271,3267,3215,3220,3218,3262,3346,3430,3477,3419,3376,3319,3299,3211,3203,3097,3100,3069,3059,3021,3074,3145,3108,3137,3125,3152,3130,3157,3130,3124,3108,3125,3115,3148,3157,3132,3238,3294,3415,3399,3373,3288,3338,3246,3219,3240,3273,3439,3415,3431,3435,3447,3409,3466,3323,3299,3192,3069,3163,3108,3072,3172,3124,3130,3129,3123,3228,3158,3198,772,332,237,209,206,221,227,200,175,160,153,173,182,181,197,208,192,186,165,157,143,143,134,131,119,113,114,118,107,115,124,116,133,114,112,109,101,98,93,107,107,110,98,111,108,113,111,123,115,121,123,134,113,113,99,115,103,112,117,95,104,95,81,92,90,121,122,123,132,139,142,139,123,125,126,131,134,125,112,106,102,90,85,81,82,82,76,72,65,50,55,49,55,66,79,85,83,77,84,86,109,112,104,116,125,125,109,96,85,100,93,83,79,88,82,85,104,104,114,115,124,120,126,117,102,109,108,98,95,102,97,94,109,134,131,143,125,124,127,132,147,140,144,142,149,158,165,167,161,176,181,190,197,218,205,238,270,305,287,282,274,267,245,240,214,210,210,209,218,223,247,256,225,243,244,229,211,223,211,225,219,211,198,195,188,208,225,212,230,216,205,214,237,225,229,212,204,199,193,197,185,203,190,201,203,214,225,221,216,199,218,238,227,233,247,240,230,221,211,211,218,216,218,220,202,195,185,201,191,197,178,169,177,171,172,170,171,174,155,163
9771,17351,18180,12869,12678,11405,10508,9494,8689,7774,7163,6441,5936,5459,5114,4729,4342,4009,3727,3410,3314,3144,3040,2882,2786,2694,2636,2520,2447,2337,2240,2125,2017,1917,1830,1807,1878,1876,1927,1967,1999,2073,2048,2089,2128,2187,2297,2300,2328,2237,2229,2217,2265,2312,2352,2406,2489,2656,2695,2712,2710,2744,2825,2904,3003,3013,2962,2951,2983,3092,3196,3264,3299,3408,3316,3352,3315,3322,3337,3243,3227,3174,3202,3186,3235,3227,3191,3269,3360,3488,3495,3574,3625,3670,3582,3464,3415,3378,3428,3476,3518,3524,3508,3497,3431,3425,3359,3306,3250,3327,3271,3273,3224,3283,3229,3275,3245,3217,3271,3338,3313,3295,3278,3283,3393,3377,3350,3357,3388,3324,3234,3159,3143,3182,3178,3168,3126,3204,3144,3215,3255,3160,3146,3130,3114,3091,3069,3078,3127,3134,3197,3131,3140,3076,3039,3053,3180,3183,3192,3164,3072,3072,3140,3180,3220,3239,3272,3332,3319,847,365,266,207,196,196,195,211,259,262,249,284,286,295,277,269,245,228,240,241,222,205,209,192,205,187,172,171,164,139,143,141,151,146,156,133,148,140,146,129,130,131,141,144,145,156,153,137,126,124,102,110,116,104,120,104,87,85,70,70,58,52,48,50,56,57,51,60,71,78,82,89,77,69,66,55,59,61,56,73,82,81,84,94,94,116,110,113,128,128,118,116,130,142,146,171,173,171,164,165,166,175,196,190,170,167,163,164,185,215,191,196,230,247,242,252,245,253,263,253,242,258,234,240,233,256,251,237,251,253,263,261,237,217,222,227,211,206,182,211,202,194,180,181,163,169,193,203,206,181,186,174,187,189,191,191,194,206,210,203,188,200,218,228,248,220,220,224,226,219,224,202,221,206,216,230,249,236,238,192,205,209,209,213,181,190,171,178,183,203,211,223,230,257,250,267,282,285,262,244,257,257,272,285,270,284,270,281,275,244,245,209,201,206,206,203,197,205,206,214,193,191,185,179,175,188,230,224,260,272,272,299,315,300,289,265,267,274,270,290
9719,17067,17997,12574,12133,10928,10007,9259,8375,7854,7042,6551,6006,5551,5166,4770,4378,4093,3845,3632,3480,3268,3164,3006,2906,2934,2751,2680,2502,2455,2365,2318,2316,2292,2286,2346,2241,2261,2201,2215,2266,2306,2349,2414,2352,2357,2399,2460,2497,2502,2498,2564,2612,2579,2652,2701,2797,2911,2918,3011,3017,3113,3163,3209,3231,3215,3179,3081,3073,3047,3093,3018,2946,2965,2923,2985,3057,3136,3181,3121,3092,3007,2907,2929,2979,3080,3171,3120,3151,3210,3190,3336,3383,3476,3549,3532,3514,3470,3435,3449,3423,3451,3440,3373,3300,3195,3126,3190,3250,3322,3275,3271,3253,3301,3316,3287,3237,3149,3254,3264,3280,3301,3239,3165,3197,3147,3183,3100,3019,2987,2909,2887,2882,2784,2794,2705,2832,2770,2915,2963,3169,3275,3327,3368,3377,3470,3375,3362,3258,3210,3186,3235,3242,3279,3282,3242,3235,3303,3324,3356,3388,3329,3310,3249,3242,3263,3257,3267,3183,774,351,244,198,204,220,236,240,230,221,221,216,201,198,203,201,172,163,146,149,152,152,172,177,179,171,147,135,114,116,114,119,126,131,124,133,129,143,133,106,95,93,90,75,77,75,72,75,66,72,72,67,68,62,67,72,78,78,76,78,71,79,79,97,97,94,94,85,87,76,71,88,97,93,90,80,70,73,72,70,90,92,100,97,86,107,114,109,115,108,93,77,63,62,56,66,63,76,78,71,66,71,74,78,82,76,68,62,67,73,77,83,74,63,67,67,71,80,87,79,78,66,74,79,86,73,72,70,61,51,47,44,50,42,29,22,13,11,15,15,17,17,15,17,13,20,18,16,12,14,15,13,13,12,7,7,8,6,12,12,5,13,10,10,8,7,7,9,12,8,4,5,7,4,6,7,7,9,9,6,6,6,7,7,8,10,10,9,7,6,9,10,6,8,9,7,8,12,14,19,20,29,28,24,28,39,33,34,25,25,21,20,26,23,23,18,19,18,17,18,23,22,18,13,20,22,21,15,13,18,17,18,13,11,12,15,13,10,10,8
9599,17206,18042,12697,12286,11096,10185,9230,8504,7666,6976,6324,5566,5003,4565,4134,3788,3554,3395,3237,3031,2963,2854,2813,2821,2683,2567,2402,2345,2229,2217,2174,2172,2220,2253,2173,2153,2181,2095,2177,2173,2218,2246,2223,2321,2385,2456,2468,2527,2551,2643,2692,2762,2829,2898,2930,2884,2927,2787,2857,2885,2893,2907,2926,2981,3105,3193,3147,3165,3130,3232,3145,3114,3073,3148,3248,3295,3225,3269,3330,3303,3300,3363,3435,3462,3475,3431,3463,3473,3470,3435,3370,3341,3418,3426,3475,3441,3374,3332,3361,3392,3484,3427,3471,3414,3458,3431,3440,3444,3324,3355,3408,3426,3415,3396,3285,3306,3250,3349,3412,3366,3215,3210,3172,3277,3270,3322,3348,3246,3338,3349,3297,3239,3207,3136,3226,3253,3277,3434,3396,3349,3338,3400,3289,3329,3328,3301,3366,3455,3467,3425,3319,3270,3175,3113,3221,3199,3203,3168,3079,3089,3136,3120,3122,3141,3153,3159,3111,3091,828,342,238,187,199,215,209,234,241,251,253,241,231,250,261,272,265,279,275,268,249,248,279,268,265,245,234,217,235,245,252,249,247,255,256,250,254,229,210,215,213,217,206,202,202,209,209,186,191,202,200,210,202,186,180,146,150,139,124,151,149,141,148,144,163,174,160,159,144,132,150,148,165,174,158,145,131,141,141,150,144,146,146,145,145,145,135,145,144,168,186,176,165,169,165,164,152,166,151,143,141,169,183,185,170,164,171,167,157,154,149,142,119,131,114,111,121,126,108,105,106,119,112,96,102,106,96,98,103,114,121,118,116,117,127,137,127,120,118,106,99,100,93,100,81,79,80,70,55,58,56,59,71,72,65,75,69,69,78,66,67,67,52,49,51,53,59,57,58,56,61,60,55,65,80,85,83,92,92,99,101,97,97,96,100,87,100,83,71,58,70,57,43,51,39,40,32,36,52,47,39,49,54,54,49,51,61,50,43,42,37,33,30,31,30,31,29,23,21,20,19,14,15,16,16,8,9,12,14,17,16,22,22,19,15,18,22,27,31,21
9701,17005,17950,12650,12283,10943,10007,9077,8282,7518,6922,6320,5795,5272,4796,4407,4095,3752,3421,3182,2973,2738,2539,2404,2324,2258,2217,2178,2187,2199,2251,2225,2258,2291,2271,2302,2299,2435,2499,2600,2577,2530,2530,2495,2467,2486,2545,2597,2577,2576,2529,2526,2505,2521,2553,2590,2586,2544,2561,2495,2478,2524,2546,2593,2614,2631,2687,2752,2761,2882,2924,3011,3013,3116,3136,3164,3137,3207,3172,3105,3088,3038,3023,3054,3091,3165,3115,3136,3034,3024,2988,2913,2899,2912,2981,3014,3032,3098,3097,3182,3226,3253,3335,3306,3249,3180,3104,3157,3222,3277,3357,3314,3306,3278,3257,3308,3288,3332,3359,3263,3289,3298,3367,3405,3392,3512,3563,3628,3695,3649,3671,3679,3717,3689,3699,3657,3531,3457,3453,3433,3410,3405,3450,3374,3334,3266,3185,3214,3167,3185,3112,3036,2943,2944,2842,2829,2767,2844,2871,2832,2861,2921,2892,2881,2859,2909,3032,2948,2970,747,354,254,181,151,162,159,166,151,149,145,149,150,150,146,144,165,162,154,151,133,132,130,141,141,153,147,141,141,148,165,157,167,163,169,179,185,171,159,138,122,123,133,126,138,133,134,132,115,112,113,134,144,147,153,156,158,150,145,147,156,177,175,161,146,136,121,115,107,113,105,136,131,125,134,116,137,128,126,151,138,134,128,118,115,110,97,90,92,93,101,108,122,133,128,115,111,106,93,94,95,100,101,94,91,85,90,90,90,78,72,72,81,85,74,73,75,75,81,76,91,94,87,91,82,75,74,58,56,61,61,58,58,50,56,59,63,67,69,63,62,77,80,65,66,69,73,75,86,104,129,121,124,139,154,142,116,99,95,83,83,75,72,68,65,70,75,74,93,78,65,81,73,78,77,69,61,49,60,58,59,62,58,53,44,46,42,45,43,46,49,50,45,39,52,46,51,53,56,65,76,81,61,56,46,40,42,39,32,25,26,27,27,22,23,24,21,21,23,20,20,27,40,40,42,36,38,32,23,22,21,15,17,17,13,9,13,19,15,15
9738,17203,18056,12594,12179,10853,9997,9047,8207,7420,6753,6216,5642,5067,4665,4208,3952,3611,3305,3094,3051,2974,2897,2863,2735,2657,2537,2549,2548,2539,2541,2601,2548,2573,2530,2555,2482,2496,2389,2367,2442,2437,2507,2439,2530,2630,2727,2791,2829,2865,2923,2943,2922,2903,2877,2800,2791,2751,2777,2808,2864,2929,2928,2985,3018,3018,3067,3025,2998,2985,2937,2945,2984,3050,3032,3060,3056,3013,3006,3009,2998,3013,3014,2985,2985,3001,3026,3041,3081,3042,2993,2966,2971,3045,3054,3112,3167,3153,3189,3206,3323,3369,3370,3290,3261,3272,3278,3234,3200,3214,3194,3261,3189,3206,3184,3225,3217,3201,3288,3305,3312,3293,3340,3301,3292,3321,3302,3362,3347,3336,3269,3263,3234,3224,3169,3215,3207,3211,3281,3161,3230,3208,3167,3229,3283,3404,3338,3368,3280,3253,3113,3158,3118,3074,3052,2979,2989,3005,2969,2965,2944,2949,2871,2867,2907,2941,3015,3037,2995,755,312,233,178,181,203,198,196,188,182,166,145,150,144,126,142,157,152,113,101,96,97,88,85,80,81,73,71,61,51,54,55,61,66,63,58,57,65,69,70,70,74,60,63,59,60,74,82,71,73,73,77,80,68,78,72,77,79,71,64,54,50,50,59,57,60,56,55,54,47,48,45,46,42,44,36,38,33,36,40,41,45,49,38,37,38,42,42,43,44,53,56,69,65,72,61,65,65,65,74,77,69,66,69,65,53,60,60,72,73,63,71,75,77,75,57,54,53,45,53,59,43,46,49,50,48,46,47,54,57,71,68,76,83,84,89,92,90,84,80,77,80,88,98,88,88,95,114,117,128,138,136,142,149,149,132,136,128,123,135,148,151,154,137,146,131,136,155,174,172,161,165,143,151,148,147,147,148,170,161,166,157,150,155,138,134,114,114,112,121,110,130,129,131,122,121,113,99,91,89,73,72,63,64,52,55,61,75,70,64,64,66,61,61,49,56,44,52,59,59,49,43,37,34,32,34,39,32,39,39,37,35,29,28,35,29,34,44,56,66
9810,17449,18428,12832,12279,10994,10083,9270,8445,7615,6975,6356,5756,5295,4902,4580,4280,3946,3708,3437,3206,2969,2848,2756,2710,2636,2611,2562,2548,2422,2396,2310,2182,2082,2132,2146,2188,2251,2288,2324,2304,2339,2402,2467,2549,2509,2524,2458,2503,2579,2582,2566,2595,2588,2546,2569,2539,2554,2571,2565,2617,2627,2664,2628,2608,2663,2760,2776,2814,2824,2858,2789,2798,2789,2821,2807,2792,2863,2876,2935,2969,2978,3041,3071,3055,3026,3005,3087,3098,3118,3201,3244,3173,3193,3171,3174,3252,3230,3196,3256,3258,3247,3111,3146,3167,3261,3305,3334,3281,3332,3343,3505,3556,3650,3646,3600,3551,3552,3617,3546,3599,3603,3590,3477,3446,3309,3353,3319,3272,3200,3182,3159,3219,3285,3284,3304,3235,3167,3133,3151,3191,3195,3091,3112,3019,2907,2848,2674,2694,2687,2745,2774,2814,2824,2819,2861,2851,2815,2824,2743,2760,2781,2785,2865,2844,2878,2874,2887,2829,691,300,204,140,118,121,146,147,149,156,150,159,170,161,161,153,155,143,141,140,131,129,129,106,99,84,86,101,96,112,96,115,121,138,136,162,168,173,171,175,161,184,186,184,172,170,151,160,162,179,170,181,169,151,122,121,113,139,136,145,153,133,126,125,119,98,79,66,54,57,59,75,98,96,105,94,80,93,99,102,95,96,103,94,101,88,94,101,101,94,101,93,98,94,119,114,133,125,133,114,116,130,128,133,128,138,127,107,97,94,92,97,109,92,106,107,102,97,84,88,70,67,75,79,72,67,68,68,65,66,71,65,52,44,52,53,55,61,69,73,61,59,47,44,37,48,45,44,36,24,18,15,15,17,20,17,16,18,15,17,23,22,25,25,26,21,16,15,21,21,22,23,15,17,22,23,22,20,23,19,17,21,17,25,29,38,37,41,40,40,51,55,61,42,44,43,49,52,44,49,49,44,48,51,49,40,37,33,39,35,47,39,38,41,39,44,39,44,51,55,51,38,33,25,30,31,29,27,25,38,35,38,44,37,29,36,36,35,30,37
9763,17238,18164,12653,12248,11150,10341,9395,8523,7654,6942,6316,5696,5211,4820,4424,4073,3743,3461,3216,3034,2972,2870,2665,2610,2609,2529,2473,2410,2371,2377,2373,2334,2268,2290,2292,2319,2312,2365,2418,2455,2526,2558,2671,2647,2720,2763,2825,2824,2718,2714,2756,2727,2786,2784,2916,2877,2894,2909,2929,2984,3084,3116,3142,3150,3134,3133,3037,3060,3125,3095,3124,3219,3187,3170,3189,3224,3220,3206,3238,3283,3322,3201,3254,3346,3391,3415,3470,3493,3573,3548,3517,3504,3431,3377,3331,3351,3369,3352,3306,3247,3197,3189,3073,3089,3023,3066,3141,3109,3104,3069,3109,3185,3166,3237,3203,3178,3138,3129,3156,3170,3136,3140,3133,3144,3049,3018,2952,2937,2906,2817,2777,2765,2752,2825,2787,2778,2773,2863,2926,2905,2906,2977,3054,3073,3038,3016,3007,2998,2969,2936,2913,2924,2988,2880,2907,2819,2739,2705,2705,2651,2661,2667,2742,2761,2838,2839,2754,2788,675,309,243,207,178,171,188,185,187,171,157,136,122,122,105,96,105,90,75,77,82,85,79,82,72,73,80,80,79,85,73,61,58,63,83,67,77,82,88,81,83,75,62,52,49,52,49,55,56,60,59,61,69,73,81,78,73,72,68,79,82,76,81,82,79,65,66,52,48,46,49,51,61,61,74,72,60,47,46,50,45,50,47,52,49,56,41,56,54,57,53,55,57,58,47,45,43,34,42,52,65,52,47,38,43,35,42,53,56,55,44,48,52,55,47,49,39,33,44,49,59,52,49,38,37,36,27,24,19,15,15,17,18,17,18,12,17,17,26,19,23,17,20,15,14,11,10,8,9,13,14,11,12,12,10,7,4,8,9,5,9,8,10,5,14,20,17,10,8,13,12,8,7,5,4,5,7,9,8,5,8,8,9,8,10,11,8,10,6,6,9,9,11,9,9,11,13,13,18,21,15,16,17,14,23,37,41,44,40,51,50,41,46,45,44,45,37,32,29,32,32,30,31,27,22,15,14,10,9,13,11,13,15,13,17,12,16,27,28,27
9497,16843,17944,12646,12207,10877,10072,9227,8376,7666,6874,6199,5582,5099,4751,4274,3876,3548,3355,3260,3115,3021,2902,2828,2722,2685,2612,2476,2443,2435,2409,2402,2361,2326,2296,2236,2244,2293,2347,2421,2541,2594,2531,2475,2434,2378,2405,2427,2508,2546,2579,2603,2641,2744,2827,2794,2814,2842,2853,2929,2862,2943,2936,2955,3056,3006,3017,3112,3128,3073,3086,3033,3059,2979,2917,2937,3046,3129,3166,3086,3109,3086,3041,3080,3079,3091,3075,3039,3030,3007,3020,2925,3033,3062,3013,2927,2980,3016,2916,2962,2989,3062,3029,3070,3076,2998,2969,2860,2893,2884,2931,2987,3007,2987,2969,3034,3047,3071,3091,3037,3109,3067,3073,3106,3071,3085,3017,3027,3104,3090,3102,3063,3111,3099,3137,3129,3085,3115,3074,3056,3016,3034,3050,3007,3030,3078,3026,3045,3116,3139,3233,3148,3101,3029,2980,2989,3088,3122,3200,3224,3280,3265,3231,3211,3203,3118,3204,3219,3196,773,328,237,174,167,149,143,126,116,114,106,94,82,74,62,51,42,48,60,55,54,58,70,80,81,87,92,98,98,70,63,68,71,69,72,64,62,65,71,78,76,74,71,56,42,29,35,38,32,27,27,30,28,28,37,41,45,53,48,48,45,45,54,53,43,35,30,18,25,31,33,39,43,49,47,44,38,39,35,32,21,24,20,12,17,20,20,24,27,31,33,32,25,25,24,18,21,23,18,25,22,27,31,34,31,28,21,21,29,32,46,49,46,54,47,44,43,53,55,59,54,60,65,62,61,65,68,73,68,71,79,87,83,77,83,77,81,63,67,56,58,56,45,41,30,35,34,38,37,38,34,30,32,28,24,21,19,14,19,21,26,27,31,27,33,39,27,35,39,41,54,40,50,52,47,59,50,43,32,27,25,26,28,35,38,43,40,40,46,46,48,52,50,45,38,43,48,39,36,31,31,37,32,37,22,29,19,19,24,28,21,26,30,33,23,27,34,41,37,40,34,31,37,42,47,54,37,44,56,52,44,41,43,40,35,34,39,39,32,30
9722,17284,18196,12711,12424,11299,10310,9495,8731,7811,7141,6487,6061,5498,5106,4731,4423,4120,3861,3669,3568,3327,3225,3067,2985,2810,2713,2633,2611,2518,2464,2438,2379,2322,2285,2301,2282,2318,2255,2278,2307,2253,2206,2161,2199,2172,2145,2098,2083,2166,2119,2203,2244,2281,2314,2308,2343,2453,2496,2477,2537,2593,2609,2605,2632,2741,2871,2952,2985,3000,3063,3065,3038,3122,3102,3128,3274,3242,3293,3288,3286,3416,3446,3524,3548,3563,3569,3641,3614,3691,3680,3692,3781,3744,3771,3819,3806,3815,3848,3892,3825,3700,3635,3474,3427,3378,3375,3396,3398,3458,3479,3457,3457,3502,3485,3508,3550,3603,3566,3462,3455,3467,3391,3379,3384,3316,3223,3171,3233,3289,3258,3173,3093,3012,2931,2974,2887,2956,3089,3015,2974,2898,2825,2747,2816,2804,2759,2712,2688,2765,2834,2848,2875,2927,2866,2858,2910,2942,2912,2943,2948,2974,2987,3011,2980,2985,2976,2926,2888,736,315,226,190,189,200,177,166,166,162,159,155,139,144,149,166,157,155,138,150,141,135,129,134,134,126,118,121,116,119,141,129,120,114,105,85,80,82,84,101,101,90,86,92,79,67,74,67,61,59,51,55,50,57,62,58,52,36,31,25,30,42,41,39,46,50,59,66,75,64,64,77,76,72,59,61,62,57,43,47,43,41,34,34,36,34,29,22,20,23,30,23,20,20,19,22,23,21,22,25,26,34,27,32,24,29,32,34,35,29,29,37,43,52,47,42,48,49,50,43,43,42,37,44,43,45,42,39,42,39,39,47,37,39,56,62,59,58,51,52,47,42,43,39,36,31,26,30,29,37,41,41,37,32,27,29,34,29,38,34,24,21,16,19,15,11,8,9,12,10,12,12,10,9,10,14,19,22,15,14,12,11,13,13,12,17,21,27,29,26,24,17,16,12,12,13,14,17,23,16,17,24,21,19,20,14,12,15,6,10,11,11,16,22,21,23,26,25,32,39,43,51,46,40,31,28,33,26,25,32,43,40,31,30,32,33,29,21,25,28
9655,17064,18059,12801,12415,11226,10221,9318,8509,7685,6944,6502,5859,5278,4864,4516,4337,4089,3966,3706,3505,3389,3229,3103,3057,3044,2996,3019,2893,2797,2686,2610,2455,2444,2422,2409,2417,2410,2400,2432,2510,2502,2466,2408,2497,2494,2524,2539,2592,2602,2634,2567,2638,2658,2623,2708,2692,2674,2629,2617,2684,2724,2803,2816,2914,2911,3010,2946,2982,2919,2975,3000,3038,2985,3000,3110,3002,3038,3043,3017,3032,3011,3075,3066,3086,3106,3054,3026,3030,3106,3109,3137,3176,3267,3344,3304,3307,3365,3427,3469,3556,3680,3734,3743,3788,3902,3920,3895,3874,3997,3877,3914,3804,3683,3544,3464,3486,3419,3371,3283,3335,3394,3429,3382,3300,3208,3275,3303,3253,3298,3273,3249,3184,3163,3087,3103,3060,3051,3091,3161,3141,3139,3224,3196,3193,3120,3096,3022,2945,2950,3054,3017,3076,2968,3023,2954,2878,2900,2941,2999,3083,3070,2961,2891,2823,2771,2858,2855,2897,751,314,237,177,166,176,183,194,191,193,202,195,195,212,218,225,205,197,172,179,167,164,165,159,162,163,173,174,188,175,177,194,197,220,240,274,282,271,279,283,279,276,255,260,258,256,254,253,268,257,243,232,224,225,256,252,248,227,197,192,183,194,212,249,268,274,290,308,296,311,313,324,302,338,330,355,357,346,374,396,386,389,414,442,444,401,387,388,441,428,477,444,442,465,480,478,490,470,474,486,520,547,583,620,605,613,644,626,630,638,625,639,673,687,707,740,711,688,685,678,714,714,722,733,723,736,724,674,654,674,720,758,771,806,807,824,776,757,767,777,786,772,760,803,858,864,854,808,801,817,798,848,843,812,816,788,767,741,758,796,799,846,854,858,869,852,855,871,880,886,870,909,934,961,965,958,928,908,883,903,891,872,879,839,828,818,804,857,892,897,872,860,801,840,859,835,827,805,828,815,802,852,838,894,887,898,867,769,764,788,811,810,792,762,742,712,715,715,756,765,766,783,811,812,841,835,825,813,812,823,812,818,851,883,840,816,833,843,903,927
9678,17277,18229,12849,12377,11240,10191,9339,8356,7580,6847,6261,5801,5309,4890,4473,4033,3789,3476,3208,3015,2842,2709,2637,2598,2584,2535,2527,2573,2514,2514,2446,2446,2388,2421,2439,2396,2399,2384,2408,2376,2416,2390,2462,2448,2443,2460,2398,2421,2512,2562,2584,2593,2580,2488,2462,2393,2469,2535,2657,2714,2760,2709,2662,2673,2657,2660,2671,2732,2713,2714,2754,2765,2796,2816,2813,2800,2809,2821,2895,2912,3032,3097,3139,3206,3160,3203,3152,3178,3231,3267,3240,3274,3318,3173,3167,3093,3125,3046,3132,3104,3099,3172,3058,3089,3023,3078,3107,3126,3069,3148,3115,3193,3186,3133,3045,2965,3051,3045,3092,3033,3108,3137,3166,3231,3141,3112,3053,3040,3052,3035,3004,2978,2931,2875,2876,2884,2943,2961,3031,3016,3079,2994,3015,2998,3056,3055,3052,2987,2934,2864,2880,2833,2794,2802,2798,2808,2833,2886,2988,2994,3015,2968,2942,2923,2960,2923,2878,2900,735,353,250,191,174,194,208,208,183,140,177,174,173,177,152,147,131,139,132,124,127,140,132,139,118,105,107,105,95,104,102,113,112,99,101,109,109,102,99,96,89,100,111,112,122,122,131,118,112,109,99,106,102,100,92,108,107,140,144,156,155,161,169,169,180,170,174,158,150,139,134,156,154,143,122,128,139,131,129,130,128,124,103,119,104,97,101,85,81,87,82,86,83,88,99,113,116,99,104,101,105,103,97,93,93,65,66,61,60,50,48,35,38,43,37,28,24,29,30,33,35,46,33,32,32,34,33,30,44,50,52,52,48,52,48,39,40,33,36,32,32,29,39,38,44,41,42,44,42,31,30,21,19,21,12,10,12,16,19,19,24,25,19,21,23,19,19,27,24,21,15,16,22,24,25,31,31,30,27,24,20,25,24,25,13,12,13,7,6,8,9,9,11,12,9,14,12,13,9,8,6,10,10,6,11,15,10,12,11,16,20,22,30,32,42,50,47,46,40,54,56,63,66,74,88,85,70,54,46,52,58,64,70,64,78,81,73,89,75,64
9677,17188,18019,12686,12368,11312,10281,9374,8518,7618,6842,6239,5659,5194,4832,4521,4176,3901,3689,3417,3264,3047,2834,2749,2640,2560,2587,2502,2490,2435,2363,2323,2238,2158,2169,2169,2153,2165,2102,2167,2249,2326,2415,2469,2492,2541,2578,2603,2568,2562,2660,2607,2629,2652,2678,2674,2736,2879,3019,3068,3011,3103,3106,3133,3146,3167,3157,3205,3225,3177,3156,3085,3183,3161,3272,3299,3347,3378,3372,3458,3361,3487,3447,3372,3381,3446,3578,3603,3633,3534,3475,3380,3366,3419,3352,3344,3298,3208,3210,3293,3289,3237,3196,3206,3193,3094,3033,2984,2989,3024,3025,2938,3008,3003,3020,3051,3012,2945,2893,2877,2957,3033,3103,3093,3134,3110,3136,3155,3173,3200,3210,3244,3263,3255,3255,3206,3224,3319,3269,3238,3205,3205,3222,3197,3239,3193,3087,3129,3147,3154,3216,3203,3116,3118,3201,3199,3277,3237,3339,3343,3344,3381,3388,3462,3431,3313,3295,3306,3317,872,316,248,185,193,204,213,200,192,204,215,218,213,219,210,199,208,203,224,210,207,190,186,186,189,181,188,203,229,204,208,189,200,205,225,229,244,262,274,294,280,287,311,306,322,283,281,285,297,301,297,258,245,252,262,247,224,197,189,207,216,214,209,255,252,285,290,302,296,302,281,247,263,259,271,273,287,284,305,307,310,290,305,286,283,267,261,234,246,231,219,239,233,231,256,282,271,267,256,242,242,227,248,246,228,211,220,218,200,215,231,232,212,200,176,167,172,182,147,131,126,140,135,121,103,92,94,90,87,78,84,86,92,96,79,82,85,82,79,93,119,125,110,93,84,88,88,111,101,107,109,105,97,85,81,81,74,50,52,54,59,55,49,55,62,69,60,61,65,58,49,50,41,41,34,38,33,29,26,28,27,30,27,31,38,37,53,46,47,37,52,62,71,77,84,94,81,91,98,92,101,99,102,90,78,59,51,53,64,59,56,56,51,52,50,50,40,44,45,43,20,11,5,10,13,15,16,17,19,20,17,17,14,9,11,14,14,9,13,10
9727,17289,18262,12814,12318,11145,10068,9233,8344,7574,6855,6166,5670,5194,4918,4574,4144,3861,3722,3505,3297,3061,2880,2743,2590,2567,2495,2418,2310,2239,2172,2118,2085,2029,1977,1988,1984,2045,2063,2082,2129,2172,2175,2160,2190,2211,2289,2320,2403,2526,2549,2581,2646,2585,2605,2656,2665,2663,2698,2787,2828,2874,2922,2901,2916,2910,2977,2948,2975,3010,3077,3128,3157,3206,3291,3288,3325,3423,3421,3470,3394,3390,3449,3418,3369,3442,3415,3442,3408,3338,3371,3324,3251,3277,3204,3157,3159,3187,3157,3083,3087,3106,3154,3201,3230,3149,3105,3016,2992,2954,2949,2966,3028,3112,3220,3189,3192,3147,3085,3031,3059,3092,3147,3134,3199,3131,3155,3130,3044,3064,3117,3130,3110,3098,3077,3147,3105,3085,3169,3173,3196,3188,3073,3053,3065,3030,3014,3024,3008,3013,2976,3001,2918,2892,2894,2897,2820,2738,2793,2877,2915,2853,2803,2810,2781,2786,2684,2652,2712,687,291,219,180,163,175,180,195,209,193,188,186,182,184,182,173,158,158,137,136,144,155,151,177,192,175,173,157,143,136,113,93,91,76,76,60,49,39,45,36,39,28,36,34,34,36,46,53,59,61,49,54,53,55,54,48,38,40,32,41,40,42,56,60,70,74,78,75,62,58,59,56,53,43,41,44,43,47,44,39,41,43,37,33,28,39,37,36,42,43,47,52,46,46,44,46,50,64,62,58,70,77,81,70,65,75,74,80,72,64,61,67,59,73,77,80,72,73,75,65,52,61,55,51,53,44,38,39,43,43,56,52,49,43,43,50,60,70,55,43,35,36,35,24,27,30,40,49,37,42,50,68,59,57,70,60,54,55,56,67,69,70,66,66,60,53,50,53,61,49,49,48,53,60,62,51,53,56,69,74,72,63,46,50,47,41,39,46,56,54,58,70,76,71,79,74,65,59,48,42,51,55,57,50,44,51,53,46,40,44,48,55,59,66,59,63,73,87,95,93,93,103,94,95,98,92,84,69,76,82,80,71,70,68,67,59,62,56,66,62
9759,17331,18434,12958,12466,11138,10201,9414,8561,7782,7070,6336,5765,5374,5073,4815,4491,4080,3906,3724,3480,3397,3234,3068,2941,2778,2676,2604,2606,2507,2448,2474,2442,2396,2326,2265,2284,2307,2319,2313,2297,2252,2222,2302,2346,2426,2568,2581,2609,2656,2725,2675,2764,2810,2876,3004,2930,2891,2904,2942,2994,3115,3175,3216,3226,3206,3236,3254,3298,3320,3296,3189,3146,3124,3060,2943,2883,2886,2845,2860,2904,2921,2879,2882,2876,2867,2818,2845,2964,2960,3003,3007,3081,3083,3106,3237,3286,3318,3310,3274,3323,3338,3303,3360,3307,3275,3376,3397,3364,3351,3344,3329,3315,3411,3427,3431,3464,3397,3300,3279,3361,3321,3328,3382,3355,3349,3407,3367,3343,3321,3367,3384,3491,3407,3487,3491,3521,3505,3528,3478,3526,3520,3554,3503,3551,3537,3498,3486,3504,3503,3569,3604,3611,3639,3717,3631,3645,3690,3651,3677,3616,3551,3502,3466,3513,3534,3556,3663,3686,866,390,289,231,265,269,262,228,218,229,230,226,209,206,219,226,241,226,209,217,217,230,234,272,281,269,282,287,260,254,260,324,359,344,362,352,377,371,381,378,378,389,391,366,382,420,407,403,402,374,387,371,356,353,374,389,410,407,388,384,381,350,356,356,352,350,362,360,383,386,419,419,415,417,412,417,394,377,341,322,320,340,304,323,326,335,321,331,304,301,296,279,260,260,267,242,239,241,251,226,196,167,154,147,154,172,178,189,174,179,163,151,155,141,133,156,140,133,121,154,139,149,135,119,136,131,139,134,130,137,148,160,169,161,144,163,172,163,167,158,164,157,154,141,135,132,113,106,109,113,119,135,132,139,148,158,171,173,165,156,140,119,126,112,116,124,119,110,106,88,85,85,75,77,77,83,92,82,80,82,76,83,82,81,89,88,86,91,86,87,99,115,110,112,108,108,119,116,134,132,134,121,103,74,81,82,86,94,89,86,95,83,80,74,74,81,69,69,63,62,50,49,51,59,50,35,39,41,34,35,26,17,18,13,18,20,16,7,7,8
9690,17192,18169,12762,12453,11186,10350,9511,8700,7970,7226,6602,5908,5359,4967,4540,4246,3893,3535,3321,3116,3006,2818,2687,2581,2473,2378,2273,2271,2255,2321,2324,2348,2375,2348,2351,2358,2322,2310,2286,2268,2204,2265,2307,2337,2321,2352,2420,2478,2559,2587,2575,2665,2674,2652,2693,2751,2817,2842,2913,2854,2934,2897,2962,2901,2896,2994,2984,3049,3041,3089,3081,3020,2992,3001,2995,3041,3098,3066,3143,3175,3143,3158,3083,3042,3006,2965,3046,3106,3126,3201,3209,3232,3239,3209,3141,3091,3149,3123,3094,3073,3030,2999,2935,2963,3011,3113,3097,2980,3001,3046,3047,3092,3108,3113,3120,3098,3185,3182,3132,3184,3165,3123,3163,3173,3200,3166,3148,3104,3090,3027,3082,3039,2991,3049,3040,3010,3012,3014,3113,3088,3098,3180,3168,3172,3126,3136,3136,3166,3246,3240,3231,3136,3064,3044,3025,2981,3068,3086,3225,3200,3131,3129,3139,3146,3117,3081,3128,3262,847,346,277,190,173,172,191,184,193,191,206,243,236,237,225,230,253,239,228,217,239,236,236,241,227,228,214,193,166,167,147,149,136,125,107,109,112,110,114,124,106,118,121,109,120,106,120,120,133,137,137,149,156,168,151,144,131,129,127,125,125,130,130,135,130,137,130,127,125,137,139,140,131,120,103,117,109,95,92,88,93,77,81,71,77,79,68,60,49,38,46,54,36,27,28,26,32,34,34,33,29,25,12,8,8,14,11,7,9,4,7,9,6,7,13,18,16,25,25,28,35,36,37,51,42,39,45,43,48,51,50,43,50,50,52,51,57,61,70,64,61,61,71,72,68,68,83,89,90,93,94,104,104,114,105,105,102,105,122,135,134,118,126,133,128,128,123,128,116,130,119,116,118,127,130,137,143,119,131,129,130,106,98,89,89,88,92,97,96,87,88,74,77,75,96,90,89,83,72,67,73,64,55,47,53,52,44,49,48,58,45,55,52,51,49,65,81,74,62,57,63,55,52,44,49,42,50,38,49,59,46,38,44,34,30,35,34,34,33,31
9663,17337,18368,12925,12657,11414,10487,9552,8632,7752,7045,6426,5926,5516,5032,4588,4196,3888,3628,3369,3220,2989,2804,2658,2623,2505,2551,2582,2550,2553,2490,2456,2474,2401,2437,2453,2436,2452,2437,2479,2542,2624,2645,2697,2735,2786,2779,2692,2713,2727,2830,2885,2909,2952,2981,2942,2999,3060,3068,3058,3002,2980,2963,2875,2949,2907,2980,2938,2990,3018,3056,3080,3038,3001,2944,3008,2961,2966,2966,2986,3010,3023,3048,3051,3039,3074,3089,3129,3160,3246,3207,3233,3146,3155,3132,3250,3317,3378,3370,3406,3369,3358,3328,3315,3305,3221,3077,3040,3017,3015,3018,3026,3012,3044,3062,3110,3159,3066,3014,2934,2898,2983,2952,3045,3033,3032,3036,3129,3134,3043,3036,2962,2920,2872,2899,2968,2990,2966,2983,2998,2978,3008,3049,3131,3073,3109,3124,3178,3123,3137,3068,3185,3157,3101,3056,3012,2982,2978,2970,2944,2996,3046,3083,3088,3145,3164,3170,3174,3248,855,379,279,201,205,240,269,257,251,212,214,203,198,204,206,187,176,185,200,217,237,243,243,242,226,207,204,201,229,232,218,213,190,193,186,170,171,155,155,149,151,158,144,158,155,158,147,149,151,148,162,180,178,168,187,178,190,189,198,203,210,226,233,222,258,253,262,241,259,261,289,305,306,334,321,293,269,259,276,282,271,263,246,232,225,208,213,198,194,174,148,161,170,141,117,121,134,140,142,152,151,159,156,141,120,121,144,140,141,147,132,130,124,133,123,123,118,112,104,102,97,86,86,84,68,74,84,83,76,60,70,77,80,73,61,54,64,61,69,63,67,72,73,64,59,43,51,55,51,48,45,48,57,62,73,68,57,64,72,96,103,93,87,77,82,95,105,119,121,110,108,127,127,122,132,129,114,119,138,127,125,139,131,142,139,147,155,152,151,144,144,148,139,119,103,85,84,73,84,84,81,68,70,76,65,57,58,57,56,46,50,53,60,57,52,54,46,44,32,26,27,33,41,39,41,41,35,39,39,34,38,34,35,31,34,26,25,28,21,32
9550,17046,17919,12480,12026,10661,9829,9174,8313,7631,6812,6276,5581,5087,4589,4263,3996,3752,3562,3371,3217,2995,2903,2853,2707,2635,2570,2524,2389,2307,2203,2139,2088,2154,2208,2293,2299,2247,2249,2230,2184,2136,2124,2144,2175,2121,2104,2051,2031,2086,2081,2088,2094,2105,2187,2221,2231,2214,2158,2212,2221,2236,2278,2215,2228,2194,2236,2190,2202,2276,2362,2378,2395,2397,2371,2330,2357,2329,2285,2264,2227,2279,2267,2298,2235,2249,2304,2331,2312,2325,2302,2317,2316,2301,2347,2358,2354,2358,2326,2378,2418,2532,2563,2546,2632,2652,2668,2689,2772,2808,2834,2807,2829,2863,2978,3051,3016,2937,2928,2893,2889,2824,2823,2827,2832,2818,2796,2789,2765,2783,2815,2793,2679,2737,2770,2743,2764,2777,2739,2730,2777,2774,2716,2666,2731,2682,2690,2722,2684,2701,2655,2645,2643,2674,2664,2693,2627,2676,2688,2653,2649,2673,2638,2627,2631,2644,2713,2733,2703,665,315,229,191,188,209,216,252,236,213,220,217,228,214,223,211,196,186,163,170,162,172,182,189,198,196,188,193,207,204,205,211,223,202,218,206,208,210,204,218,229,243,247,227,223,206,205,220,213,230,222,222,212,201,201,161,176,157,146,142,162,172,183,173,164,161,174,166,163,171,154,151,139,131,137,142,136,165,174,194,185,176,183,160,159,158,163,155,128,106,94,85,92,90,116,126,131,124,123,118,119,110,120,120,125,120,108,96,101,89,113,133,154,148,146,163,170,169,154,140,128,131,140,144,135,118,101,103,94,92,83,96,121,106,111,102,94,92,94,83,81,60,63,52,45,55,61,56,60,67,71,81,69,68,58,71,58,44,47,46,54,54,45,38,32,37,49,41,46,37,37,43,44,34,51,52,59,47,39,35,31,36,39,36,40,46,49,49,41,49,45,44,44,38,44,48,46,50,51,36,45,54,53,40,40,38,41,34,27,23,28,23,19,23,30,31,32,20,26,19,28,29,21,15,13,14,16,14,17,15,16,17,20,21,23,30,30,30,29,22
9608,17203,18257,12898,12488,11217,10182,9378,8602,7943,7263,6521,5989,5398,4942,4486,4040,3777,3559,3361,3057,2995,2828,2716,2591,2453,2373,2291,2236,2172,2223,2154,2147,2121,2130,2119,2139,2155,2139,2187,2199,2259,2212,2172,2237,2281,2280,2309,2351,2387,2490,2522,2533,2527,2538,2697,2630,2669,2666,2640,2618,2686,2657,2668,2631,2647,2633,2660,2669,2729,2834,2777,2828,2887,2953,2941,3012,2958,2955,3012,3045,3098,3083,3060,3034,3007,3110,3140,3177,3064,3058,3096,3111,3241,3362,3435,3343,3277,3314,3366,3361,3389,3350,3342,3355,3377,3337,3357,3269,3356,3290,3229,3214,3242,3162,3273,3339,3398,3446,3445,3505,3469,3458,3408,3425,3441,3419,3382,3469,3360,3406,3313,3311,3230,3264,3229,3187,3229,3314,3321,3382,3295,3344,3301,3202,3163,3119,3119,3151,3107,3096,3092,3130,3195,3071,3094,3041,3083,3044,3112,3127,3125,3145,3156,3142,3079,3156,3124,3109,780,328,265,215,194,199,204,192,197,202,205,215,196,206,191,178,182,171,156,159,168,171,173,159,169,170,178,154,144,148,146,156,179,180,201,208,206,193,188,199,190,183,165,163,164,171,183,190,186,165,165,146,151,113,119,109,117,119,134,126,123,101,97,87,100,99,113,120,134,144,141,131,126,112,123,126,123,127,124,132,129,128,124,133,119,101,101,114,115,133,147,152,143,140,126,124,120,120,126,133,130,136,138,130,133,116,104,102,99,92,87,79,65,74,68,67,69,78,74,64,60,60,67,72,84,81,82,80,77,76,60,58,53,47,44,61,67,67,71,82,84,88,56,57,52,39,48,63,78,72,60,51,52,60,55,61,50,45,39,40,35,37,37,45,45,34,30,20,20,28,24,25,18,21,24,30,37,44,43,46,42,45,41,34,32,32,35,38,32,34,34,35,42,44,46,50,46,41,42,41,36,32,37,33,32,32,31,31,30,28,29,36,31,26,31,34,37,34,24,29,31,35,34,25,25,22,28,30,36,43,48,51,48,49,52,63,63,71,69,64
9480,17100,18091,12718,12407,11286,10239,9302,8343,7565,6839,6487,5928,5516,5129,4799,4440,4081,3734,3395,3204,2975,2858,2721,2629,2584,2605,2606,2479,2448,2380,2402,2399,2381,2353,2301,2367,2329,2308,2337,2404,2463,2441,2461,2474,2531,2523,2561,2525,2531,2545,2596,2659,2726,2810,2853,2826,2856,2786,2853,2832,2812,2778,2829,2879,2872,2898,2953,2911,2995,2939,2975,3034,3037,2995,3022,3053,3074,3041,3012,2971,2904,2909,2897,2872,2931,3031,3031,3009,3015,2899,2849,2906,2941,2976,2922,2865,2882,2943,2999,3020,3086,3120,3135,3141,3168,3232,3253,3181,3112,3143,3185,3252,3279,3275,3253,3352,3368,3414,3449,3429,3418,3451,3381,3317,3275,3327,3213,3093,3019,3091,3024,3076,3107,3108,3138,3113,3252,3313,3275,3184,3149,3096,3150,3097,3024,3095,3040,3070,3080,3095,3146,3202,3225,3240,3168,3079,3139,3106,3113,3045,3079,3116,3103,3086,3115,3164,3214,3072,776,321,242,184,165,176,195,218,226,229,226,236,231,243,242,263,259,246,253,235,232,235,242,254,293,279,291,282,289,281,288,292,301,299,305,296,306,324,338,322,332,353,328,297,278,263,270,258,241,232,239,215,225,231,223,219,230,230,233,254,268,280,294,279,300,298,278,272,279,305,314,331,322,299,321,292,320,306,305,323,327,310,297,276,280,300,294,291,284,295,286,293,286,286,263,284,269,265,273,263,251,255,259,245,259,287,295,309,302,283,278,276,271,291,263,259,247,255,239,224,232,226,230,212,196,173,167,181,192,171,149,151,168,191,213,210,197,172,158,131,143,148,176,183,187,183,185,188,185,185,169,185,185,204,198,203,191,171,157,168,175,187,172,168,153,151,128,143,171,162,154,144,141,130,123,113,121,102,115,111,125,132,143,152,174,182,184,173,152,154,163,176,177,179,167,153,160,165,180,187,156,154,161,165,171,172,167,160,140,147,138,143,141,123,124,104,104,89,85,80,83,82,83,67,76,101,97,110,92,82,67,58,48,40,34,41,44,36,37,30
9760,17333,18252,12833,12393,11083,10092,9166,8457,7725,7004,6430,5926,5455,4992,4676,4318,4041,3779,3567,3241,3004,2768,2606,2497,2433,2433,2349,2297,2229,2207,2264,2215,2201,2111,2104,2100,2079,2111,2092,2155,2159,2186,2150,2185,2174,2209,2246,2266,2315,2294,2347,2402,2435,2414,2445,2507,2542,2499,2547,2490,2502,2532,2531,2596,2532,2552,2561,2645,2641,2690,2692,2672,2693,2710,2648,2636,2654,2713,2731,2652,2653,2637,2569,2611,2581,2604,2701,2717,2704,2697,2689,2690,2724,2723,2739,2731,2741,2806,2906,2901,2881,2872,2862,2882,2851,2918,2847,2910,2860,2867,2883,2975,2982,3026,3080,3166,3183,3227,3201,3241,3298,3317,3332,3367,3299,3253,3248,3270,3194,3160,3175,3186,3123,3096,3126,3118,3086,3027,2984,2919,2915,2858,2894,2912,2966,2996,3035,3026,3006,2953,2861,2777,2767,2672,2630,2693,2656,2697,2704,2725,2740,2846,2914,2960,2937,2968,3001,2997,744,325,223,184,169,176,181,173,158,149,144,149,173,186,172,170,165,189,193,183,177,183,178,170,172,171,173,182,192,177,197,203,209,198,213,205,194,195,182,194,166,158,141,130,123,124,127,139,148,124,118,129,135,142,120,110,101,96,104,106,99,95,80,81,91,81,71,70,70,82,79,77,72,64,71,82,85,83,83,92,100,101,114,132,132,135,145,155,143,151,155,154,146,133,120,138,144,136,136,121,107,88,71,74,80,90,91,91,71,71,59,61,66,49,50,52,55,42,21,15,24,26,35,44,32,25,18,18,21,25,36,48,47,60,68,68,65,56,48,40,41,38,39,36,46,54,69,69,63,49,45,39,40,58,54,54,53,58,49,43,36,42,39,33,23,29,27,28,32,23,24,23,18,17,16,16,16,9,13,13,7,10,14,18,13,19,23,19,13,11,10,14,15,9,7,12,21,21,24,20,21,20,20,28,24,17,22,31,35,32,31,31,29,28,26,28,28,33,43,43,43,46,38,34,36,28,25,24,29,36,32,41,43,40,40,41,43,53,46,40
9641,17150,18056,12882,12583,11315,10330,9307,8496,7795,6981,6410,5862,5415,4919,4512,4187,3859,3566,3342,3256,3071,2903,2768,2625,2609,2520,2487,2469,2374,2348,2315,2215,2118,2136,2109,2121,2148,2155,2107,2134,2165,2177,2168,2184,2205,2179,2134,2094,2155,2145,2260,2296,2326,2367,2426,2464,2493,2525,2564,2660,2724,2760,2850,2924,2972,2992,3050,3134,3200,3327,3418,3441,3340,3216,3176,3277,3343,3424,3469,3510,3416,3438,3396,3415,3394,3441,3453,3530,3482,3401,3341,3367,3431,3437,3544,3539,3496,3395,3325,3372,3328,3350,3281,3240,3216,3259,3316,3374,3268,3314,3282,3318,3280,3347,3332,3292,3343,3399,3416,3382,3376,3409,3385,3374,3335,3325,3305,3278,3189,3169,3194,3265,3267,3281,3244,3142,3202,3140,3199,3126,3062,3015,2974,3061,3067,3140,3066,3082,3038,3040,3003,3030,2993,3015,2955,2944,2996,3002,3048,3110,3034,2972,3025,2991,2998,3011,3007,3130,844,365,273,224,183,188,198,190,185,173,172,170,158,155,141,144,163,160,174,185,189,174,148,148,148,152,141,139,112,103,105,112,128,149,139,128,133,142,119,116,122,120,119,131,141,168,171,179,189,178,162,141,142,161,170,179,187,212,211,209,206,181,193,183,178,172,182,184,189,187,188,192,189,188,198,226,206,206,193,183,179,171,177,164,165,164,158,168,172,172,176,164,149,146,144,147,145,123,117,124,120,117,124,119,112,106,91,89,85,77,83,69,71,61,53,50,51,50,43,38,38,34,29,16,20,21,22,18,26,29,22,17,19,15,24,31,24,23,21,22,21,25,21,28,38,32,30,28,30,30,22,19,25,25,28,21,19,20,16,15,15,17,17,13,20,18,14,17,23,29,25,19,17,13,14,12,20,15,14,13,7,9,11,9,8,6,11,13,12,10,11,11,12,10,10,7,6,10,9,9,9,14,16,14,12,16,22,17,20,22,21,13,14,20,22,20,18,16,16,16,20,19,21,17,10,11,20,22,21,19,22,27,33,32,32,27,17,23,22,18
9844,17253,18333,12821,12436,11319,10372,9459,8461,7777,7073,6480,5805,5258,4843,4400,4026,3728,3462,3163,3084,2948,2886,2803,2753,2661,2626,2473,2413,2340,2421,2448,2381,2358,2366,2348,2312,2344,2375,2401,2415,2379,2370,2383,2420,2408,2439,2467,2479,2540,2585,2673,2636,2607,2568,2715,2743,2711,2770,2822,2885,2884,2914,2958,2947,2963,2954,2973,2929,2938,3000,2995,2961,2920,2896,2854,2830,2760,2708,2789,2776,2786,2876,2770,2769,2699,2701,2735,2770,2772,2799,2819,2843,2807,2828,2865,2892,2937,2870,2905,2993,2995,3001,3051,3085,3121,3164,3149,3170,3103,3138,3156,3169,3222,3250,3212,3189,3216,3130,3060,3002,2997,3057,3094,3115,3041,3109,3088,3053,3006,2980,2969,2953,2955,3010,3002,3001,2959,3009,2952,3025,2949,2977,3004,2959,2859,2877,2860,2910,2859,2876,2870,2903,2931,3016,3023,3052,3095,3079,3081,3037,3059,3043,2938,2884,2870,2908,2993,3025,773,343,232,178,146,151,152,163,153,140,117,104,115,108,101,102,92,92,90,97,86,81,79,88,84,76,87,92,94,97,87,85,88,80,79,80,76,76,66,73,68,74,71,78,58,57,41,32,24,16,14,13,18,21,24,31,26,26,23,20,16,21,18,21,23,29,27,15,18,14,16,27,21,20,23,27,29,39,31,41,39,35,41,41,36,36,35,45,46,48,36,26,20,17,18,18,16,22,30,29,30,28,28,28,30,19,22,23,24,26,27,31,37,37,25,24,21,24,26,35,36,34,41,30,33,34,29,29,42,44,49,48,49,61,61,72,74,78,83,69,75,74,85,88,74,75,84,96,80,83,77,74,69,58,58,54,53,59,62,60,65,63,46,38,37,41,42,39,38,48,41,30,28,31,43,37,36,44,48,52,52,47,41,35,50,41,40,41,43,33,24,29,29,34,35,44,44,45,50,52,40,39,24,24,29,20,20,22,22,25,32,43,35,34,26,24,19,14,13,8,7,5,8,9,8,10,12,14,16,16,19,23,26,22,28,25,24,22,25,36
9666,17012,17973,12573,12330,11190,10201,9259,8492,7840,7097,6332,5738,5298,4927,4523,4173,3880,3610,3323,3116,3016,2865,2764,2667,2564,2530,2531,2417,2337,2271,2268,2262,2325,2299,2279,2289,2280,2300,2311,2318,2309,2384,2364,2327,2420,2488,2566,2543,2598,2632,2672,2645,2664,2751,2766,2878,2868,2890,2907,2909,2874,2937,2958,2896,2943,2952,3006,3084,3120,3169,3179,3264,3209,3175,3172,3068,3146,3103,3035,3013,2958,2931,2941,2977,2982,3011,2980,3027,2986,3015,3047,3055,3131,3146,3123,3145,3135,3192,3100,3146,3133,3174,3128,3167,3199,3250,3307,3371,3335,3365,3444,3496,3639,3785,3790,3860,3823,3909,3971,3924,3863,3834,3829,3792,3849,3941,3824,3724,3719,3742,3713,3737,3694,3593,3595,3615,3579,3618,3522,3433,3388,3163,3100,3046,2976,3050,3073,3047,3031,2973,2976,3025,3103,3016,3030,2986,3029,2971,2949,2850,2834,2898,2871,2884,2836,2806,2862,2804,710,298,234,195,194,209,204,188,221,227,232,202,206,210,193,161,149,126,133,134,145,144,154,177,167,159,159,164,171,176,185,173,145,129,117,109,110,102,95,94,71,74,66,67,69,64,82,84,86,96,104,110,120,101,96,86,92,84,83,84,69,69,56,61,67,67,57,56,63,77,77,72,69,64,56,50,56,62,66,68,77,88,84,92,97,99,97,86,95,100,97,98,109,125,115,120,140,145,151,138,117,107,93,104,81,82,89,84,90,76,72,67,63,72,98,101,100,99,107,103,93,98,78,76,66,66,67,84,90,100,88,83,91,71,83,84,88,84,73,64,58,57,59,67,69,58,60,62,69,76,74,74,81,80,81,87,75,71,60,50,55,58,64,57,42,38,27,32,35,39,47,46,31,19,19,18,16,18,18,23,22,24,18,26,24,27,25,27,26,25,26,31,30,38,25,25,29,34,31,37,30,22,16,12,12,10,7,10,8,7,7,10,8,6,5,6,11,12,13,15,17,13,16,23,20,21,23,25,29,22,14,12,12,22,20,13,13,15,20,26
9532,16930,17985,12497,12222,11002,10099,9114,8230,7543,6990,6280,5745,5210,4815,4460,4038,3726,3570,3451,3165,3065,2951,2819,2730,2711,2613,2546,2527,2478,2537,2456,2515,2479,2484,2477,2409,2418,2397,2381,2392,2421,2499,2596,2679,2742,2708,2681,2768,2779,2741,2700,2719,2750,2781,2825,2884,2872,2811,2825,2985,3032,3145,3235,3308,3210,3255,3252,3289,3421,3436,3477,3468,3514,3505,3473,3488,3443,3402,3386,3342,3348,3342,3312,3307,3363,3332,3332,3326,3300,3216,3323,3277,3372,3415,3538,3579,3651,3648,3670,3675,3743,3639,3564,3566,3503,3508,3521,3587,3649,3621,3583,3585,3521,3385,3403,3492,3491,3449,3391,3380,3338,3343,3427,3318,3365,3359,3340,3317,3308,3304,3342,3310,3363,3419,3462,3425,3353,3339,3267,3264,3224,3238,3191,3122,3080,3134,3115,3097,3137,3204,3258,3254,3219,3266,3239,3287,3268,3252,3328,3235,3252,3278,3270,3336,3346,3419,3360,3322,809,393,289,214,178,203,193,196,195,185,186,187,181,208,204,193,168,168,174,197,184,194,188,173,157,158,176,184,182,214,207,198,202,223,214,221,233,239,270,282,275,299,299,314,338,378,396,442,435,430,430,396,420,405,374,359,320,304,274,295,267,266,248,260,271,261,241,228,210,208,192,210,216,228,217,221,213,213,209,197,197,179,178,186,177,187,183,197,186,195,205,220,225,207,214,231,221,232,218,221,187,178,172,157,140,139,135,151,158,156,136,126,130,118,106,104,95,116,113,113,112,110,101,101,96,99,95,96,88,97,91,77,82,69,74,84,102,106,95,96,85,91,106,94,109,108,101,90,88,73,72,59,61,68,64,54,43,42,33,35,26,24,27,21,23,26,27,27,28,23,20,19,21,24,30,30,25,29,24,19,19,22,25,33,34,29,27,19,17,18,19,24,31,31,32,33,24,24,26,24,25,18,17,15,20,21,21,18,17,17,22,23,22,29,40,34,33,27,26,25,19,11,7,10,15,12,12,13,18,25,25,27,23,20,13,16,16,12,15,19
9562,16983,17979,12715,12371,11023,10134,9288,8465,7644,6848,6313,5718,5267,4979,4645,4351,4117,3774,3552,3356,3115,3024,2857,2722,2606,2576,2489,2426,2422,2391,2396,2350,2342,2280,2297,2349,2379,2407,2314,2257,2277,2283,2313,2349,2362,2332,2279,2278,2229,2291,2282,2312,2363,2350,2380,2341,2368,2344,2345,2356,2440,2496,2572,2603,2659,2742,2741,2850,2942,3018,3002,3059,3166,3217,3357,3343,3351,3295,3348,3375,3325,3316,3255,3273,3215,3252,3111,3202,3159,3154,3120,3051,3005,3083,3021,2988,3022,3011,2999,2998,3054,3129,3214,3197,3270,3288,3284,3261,3305,3356,3395,3432,3369,3337,3275,3216,3294,3381,3299,3328,3287,3307,3230,3243,3232,3250,3271,3362,3386,3329,3273,3283,3214,3166,3216,3217,3193,3227,3262,3223,3226,3242,3274,3207,3129,3050,3068,3088,3009,2987,2973,2982,3070,3093,3105,3028,3075,3061,3095,3114,3175,3142,3128,3178,3228,3240,3221,3233,840,374,296,247,237,266,243,235,238,224,221,228,224,235,246,264,243,229,230,218,211,231,246,241,255,241,218,215,220,199,184,206,203,191,205,194,183,174,178,201,188,163,175,182,201,196,183,192,195,213,213,213,215,195,176,150,149,143,161,155,130,133,122,118,116,124,134,118,114,106,116,122,124,121,113,107,101,93,89,90,101,110,103,125,112,113,95,103,93,89,110,112,116,117,99,113,102,117,132,116,121,118,111,112,116,120,117,112,108,97,94,94,88,93,107,122,112,124,127,124,118,104,107,92,95,113,118,101,105,103,82,87,87,88,99,97,86,75,61,62,54,47,39,39,46,49,42,39,47,42,44,42,43,43,44,40,41,33,21,25,31,31,31,28,27,30,24,19,20,19,15,15,15,23,23,18,23,20,17,17,12,10,9,16,17,18,18,17,10,14,12,12,14,20,19,21,19,19,25,19,25,28,35,32,32,33,35,33,29,20,24,24,20,13,13,15,22,16,9,8,6,9,19,23,26,25,23,17,11,10,13,15,16,18,17,17,14,16,25,28
9604,17302,18317,12850,12362,11010,9903,9142,8418,7700,7040,6312,5763,5328,4871,4461,4079,3824,3601,3336,3225,3109,2991,2924,2886,2876,2798,2680,2554,2532,2468,2482,2474,2512,2506,2470,2527,2498,2585,2669,2618,2585,2521,2502,2486,2457,2484,2466,2482,2489,2552,2634,2771,2853,2896,2945,2959,2956,2972,3061,3082,3113,3113,3175,3145,3104,3119,3153,3181,3253,3276,3332,3256,3326,3313,3374,3310,3239,3215,3115,3056,3023,2942,2910,2884,2895,2919,2955,2961,2970,3014,3021,3005,3068,3050,3084,3153,3127,3215,3211,3204,3218,3220,3173,3211,3180,3212,3233,3316,3312,3371,3329,3303,3399,3393,3445,3457,3495,3406,3380,3450,3408,3421,3383,3344,3272,3280,3231,3231,3110,3027,3080,3105,3195,3214,3220,3221,3171,3106,3021,2984,2998,2990,2959,2892,2823,2864,2937,2919,2982,3116,3156,3246,3128,3165,3096,3093,3048,3081,3065,3165,3189,3136,3180,3222,3187,3148,3139,3129,820,385,300,265,261,282,305,300,311,298,280,279,299,267,261,252,267,280,259,256,247,230,213,226,234,256,269,267,269,272,286,305,283,277,282,262,269,257,263,275,274,257,256,257,235,243,246,241,253,241,262,243,215,204,199,178,192,200,187,196,201,169,181,178,165,156,138,127,134,126,112,107,115,108,85,78,78,82,87,85,87,90,78,71,77,75,78,74,83,84,91,93,87,81,80,73,84,79,99,95,85,90,97,93,104,98,83,76,72,80,79,67,63,70,55,42,37,39,44,54,56,70,78,70,74,72,77,77,77,76,84,71,58,57,53,56,57,45,34,41,51,51,51,49,49,49,45,42,33,38,34,29,30,31,43,42,36,37,45,48,47,51,51,50,53,49,48,47,57,62,82,79,76,67,63,62,54,62,58,58,58,60,66,72,72,82,79,90,107,106,97,104,97,98,98,107,114,105,115,101,99,91,100,91,92,108,120,112,115,124,121,111,108,115,108,119,118,117,121,130,134,140,149,137,137,145,145,156,168,152,142,135,140,159,156,151,145,135,124,110
9475,16851,17779,12622,12210,11022,10107,9282,8433,7742,6955,6275,5861,5357,4904,4448,4124,3729,3568,3338,3100,2931,2756,2670,2548,2451,2353,2279,2192,2159,2140,2101,2019,2041,1991,2029,2054,2088,2074,2113,2118,2132,2110,2082,2109,2127,2173,2220,2256,2223,2236,2299,2320,2364,2541,2565,2568,2618,2650,2698,2648,2702,2720,2651,2709,2676,2752,2753,2759,2750,2800,2852,2873,2885,2968,3035,3071,2980,3065,3094,3163,3136,3177,3218,3272,3357,3364,3446,3420,3392,3404,3383,3352,3319,3385,3300,3341,3269,3268,3309,3228,3270,3334,3371,3396,3313,3263,3199,3199,3287,3345,3308,3280,3183,3131,3069,3055,3021,3012,3021,2964,2945,2895,2967,2965,2978,3048,3103,3191,3129,3253,3281,3360,3314,3239,3146,3129,3085,3037,3008,2979,2920,2960,2951,3001,3044,2961,2830,2854,2775,2765,2848,2866,2869,2956,2955,3011,2955,2978,3026,2950,2964,3023,3009,2989,3102,3030,3048,3044,760,326,220,147,129,132,125,117,106,112,134,141,144,150,153,124,110,100,92,96,103,116,131,143,139,148,135,141,165,189,165,176,140,138,151,148,132,104,103,124,140,163,152,143,166,185,226,221,221,220,228,224,222,229,217,233,241,237,221,202,219,229,244,257,243,224,252,249,238,222,221,218,208,207,179,182,178,162,171,176,190,196,210,216,207,223,233,229,219,203,201,242,264,230,231,218,224,205,181,199,198,164,164,160,155,154,160,135,144,148,160,162,174,197,199,205,209,202,198,191,162,169,169,142,137,136,144,112,105,116,119,125,134,120,118,134,141,154,146,148,149,155,138,141,147,138,134,116,103,103,112,108,94,84,85,80,75,72,75,69,53,55,64,72,76,74,74,80,77,83,80,77,74,83,90,80,83,84,86,71,55,54,53,50,47,49,41,37,40,54,60,46,51,54,55,50,53,50,57,65,67,76,87,89,85,89,94,92,99,93,112,99,98,107,101,92,74,54,41,44,51,50,44,51,56,57,53,43,47,44,44,49,54,59,61,65,57,58,61,63
9624,17109,18060,12698,12211,11052,10151,9340,8636,7920,7133,6527,5976,5520,5084,4741,4387,4052,3701,3493,3287,3088,2974,2760,2680,2626,2478,2377,2274,2241,2201,2208,2185,2134,2167,2204,2215,2205,2206,2235,2209,2195,2272,2320,2369,2368,2362,2422,2366,2381,2356,2344,2365,2430,2459,2580,2606,2681,2708,2702,2687,2654,2689,2762,2763,2732,2722,2734,2744,2759,2676,2646,2599,2597,2646,2665,2693,2699,2721,2711,2769,2821,2793,2736,2676,2744,2793,2743,2774,2687,2715,2714,2774,2815,2833,2926,3013,2988,2993,2980,2951,2967,2984,3063,3054,3040,3049,3025,3018,2990,2998,3046,3050,3068,3118,3159,3210,3238,3171,3187,3125,3064,3045,2959,2934,2974,3076,3121,3154,3143,3188,3182,3197,3129,3108,3005,2960,2962,3044,3098,3103,3080,3012,2920,2890,2888,2850,2832,2852,2914,2987,2983,2965,2986,2977,3002,2993,3037,3046,3097,3080,3066,3071,3145,3271,3306,3337,3255,3192,882,358,250,217,203,201,211,216,207,198,187,181,174,167,155,152,143,147,128,136,137,122,128,110,108,113,113,112,119,123,118,108,110,106,127,113,110,101,96,108,113,100,92,89,77,81,84,99,84,85,68,70,62,65,72,72,60,51,59,52,61,72,73,62,65,60,62,65,51,52,59,70,81,82,79,90,90,94,92,116,99,95,88,97,96,91,81,84,93,77,92,95,97,107,106,98,81,71,68,65,69,60,56,56,60,59,52,52,56,40,47,59,63,71,64,71,64,54,67,75,85,72,69,67,64,52,49,53,54,51,59,62,55,48,50,58,62,50,43,40,39,35,34,37,39,37,33,41,36,28,32,29,25,23,25,26,23,19,16,19,21,18,32,35,34,28,32,35,34,36,25,21,20,29,29,17,16,17,20,22,21,26,28,29,29,29,24,29,31,33,30,28,17,19,20,17,16,16,14,19,13,12,10,9,9,10,12,7,8,8,10,13,12,15,15,9,14,11,6,5,4,5,9,5,14,10,17,15,14,16,20,18,23,26,27,26,27,30,30,22
9655,17200,18177,13024,12562,11495,10473,9489,8570,7906,7125,6551,5882,5322,4936,4543,4280,4026,3832,3623,3345,3132,2940,2776,2765,2682,2665,2610,2511,2566,2526,2575,2567,2594,2563,2576,2557,2600,2659,2691,2736,2757,2824,2850,2806,2936,3000,3047,3085,3026,3073,3069,3024,2954,2986,3032,3066,3125,3221,3191,3174,3126,3158,3081,3081,3084,3170,3166,3190,3270,3304,3315,3335,3314,3306,3238,3253,3199,3260,3279,3335,3353,3316,3394,3308,3396,3364,3415,3425,3481,3457,3413,3390,3472,3489,3506,3524,3448,3514,3504,3575,3526,3532,3571,3568,3514,3571,3514,3501,3504,3437,3426,3437,3442,3485,3330,3444,3468,3492,3398,3342,3233,3209,3162,3135,3158,3201,3196,3241,3222,3197,3192,3090,3041,3131,3079,3083,3069,3077,3009,2981,3035,2986,2966,3001,2987,2999,3011,2973,2952,2903,2923,2945,2937,2976,3045,3103,3112,3155,3120,3119,3094,3064,2921,3025,3016,3069,3131,3175,814,383,281,248,231,237,237,247,252,253,265,244,248,238,250,258,272,279,260,242,236,253,262,277,284,273,269,264,222,215,192,179,170,198,170,188,172,171,174,187,193,204,188,168,160,146,154,144,124,107,101,101,118,120,117,114,103,102,119,114,113,109,101,101,108,102,86,86,94,93,84,99,102,90,105,99,90,86,72,66,74,64,58,48,44,51,50,49,46,43,44,44,49,50,62,63,60,68,58,48,43,43,36,39,38,35,36,33,27,32,25,24,13,16,22,24,23,21,18,26,34,32,37,27,21,28,35,33,32,33,24,22,25,22,15,11,15,23,26,31,22,20,17,18,20,19,22,19,14,10,11,10,12,13,13,17,12,12,13,12,13,13,9,10,17,18,24,22,24,27,36,33,36,48,49,45,53,48,46,41,41,39,52,49,51,52,44,41,34,36,53,48,45,58,72,83,85,86,74,68,59,62,66,73,76,73,77,79,69,64,60,65,60,49,39,31,27,31,28,23,20,23,23,16,22,27,27,27,27,20,17,13,15,21,28,30,36,34,32,30
9761,17315,18373,12987,12505,11093,10089,9114,8257,7503,6804,6230,5600,5067,4630,4177,3877,3652,3468,3238,3112,3009,2986,2953,2843,2704,2519,2447,2314,2281,2158,2091,2137,2157,2163,2242,2223,2289,2298,2282,2304,2328,2329,2334,2368,2405,2455,2504,2615,2604,2605,2619,2646,2662,2734,2783,2770,2756,2787,2836,2930,2958,2948,2888,2887,2867,3015,3041,3088,3104,3157,3283,3306,3369,3462,3481,3496,3480,3495,3326,3333,3270,3267,3391,3336,3265,3254,3296,3331,3256,3256,3243,3324,3372,3376,3254,3337,3379,3367,3410,3346,3322,3227,3218,3164,3105,3114,3140,3110,3121,3107,3155,3106,3019,2990,2890,2940,2969,2935,2891,2925,3048,3167,3214,3197,3216,3230,3194,3190,3144,3166,3090,3071,3056,3032,3069,3078,3029,3116,3095,3104,3187,3309,3370,3419,3429,3514,3595,3536,3537,3514,3553,3504,3458,3397,3355,3404,3422,3370,3282,3280,3314,3260,3210,3139,3174,3157,3124,3135,884,361,285,234,252,254,259,272,280,271,288,295,284,275,251,249,236,233,231,251,277,267,301,281,282,277,276,280,280,286,271,291,280,293,269,255,257,263,260,247,240,253,253,284,271,283,301,293,287,323,322,323,321,308,319,289,302,312,347,374,385,380,357,358,358,348,330,367,383,405,395,330,337,333,343,405,404,418,404,419,423,436,431,426,442,414,405,409,381,398,386,396,420,404,411,426,439,459,473,461,451,457,465,481,456,447,456,457,477,459,441,438,421,424,411,386,371,368,419,394,402,406,411,407,380,382,394,402,421,418,404,379,359,370,363,380,358,337,333,309,286,303,335,355,350,359,385,399,413,421,399,390,388,404,404,414,406,381,337,293,295,312,307,327,304,279,264,266,258,278,295,306,297,300,324,314,305,291,310,288,273,259,249,229,186,187,193,198,183,152,147,152,157,174,166,163,154,144,132,122,111,113,105,90,92,93,99,103,93,95,89,91,103,118,124,137,127,131,116,117,115,125,126,133,145,147,161,164,150,147,131,134,149,148,157,143,142,150,186,195
9691,17171,18103,12571,12040,10716,9715,8934,8215,7493,6769,6184,5646,5167,4830,4409,4126,3768,3531,3337,3200,2975,2856,2761,2694,2503,2444,2399,2424,2320,2323,2321,2329,2327,2329,2330,2380,2353,2378,2288,2223,2150,2175,2252,2304,2358,2350,2353,2353,2293,2299,2255,2181,2166,2226,2284,2295,2355,2387,2437,2428,2432,2477,2504,2540,2575,2556,2552,2564,2604,2625,2698,2768,2731,2710,2653,2697,2744,2782,2736,2843,2927,3066,3134,3134,3200,3214,3367,3437,3428,3403,3364,3278,3220,3265,3301,3351,3385,3382,3370,3419,3340,3289,3251,3219,3138,3112,3104,3120,3150,3155,3118,3096,3116,3048,3038,3074,3104,3101,2993,2980,3005,2990,2980,3017,2955,3010,3010,2922,2872,2801,2809,2749,2733,2732,2722,2785,2810,2773,2768,2807,2771,2718,2713,2709,2736,2785,2814,2871,2897,2954,2926,2957,2908,2892,2832,2859,2874,2881,2839,2718,2697,2698,2672,2698,2668,2647,2646,2692,666,307,221,191,172,175,202,194,206,204,195,213,224,229,230,229,221,217,204,205,208,203,194,166,147,160,152,151,154,161,173,182,183,172,157,137,121,137,123,122,135,137,133,120,90,87,92,98,98,104,98,89,59,63,57,60,65,55,51,38,43,45,46,54,62,60,75,82,94,88,86,96,95,93,88,99,103,118,114,118,120,97,106,102,119,108,112,90,83,82,81,74,62,61,72,79,88,82,83,72,65,51,54,53,51,54,51,42,37,38,39,43,46,43,54,57,50,44,31,35,31,32,34,39,37,36,27,29,21,28,25,26,23,16,19,23,15,15,10,14,13,18,13,15,15,13,16,20,20,18,13,13,14,16,20,26,22,18,12,11,7,7,10,9,9,8,7,8,11,15,15,8,4,4,11,13,10,5,10,19,22,16,9,13,12,9,6,4,3,5,4,3,3,5,3,5,6,7,10,11,9,6,5,4,4,8,12,11,9,10,8,4,7,8,10,13,12,9,14,17,13,18,21,23,23,23,19,23,18,28,20,32,37,30,28,30,38,38,35,42
9622,17199,18144,12584,12226,11201,10500,9566,8639,7790,7178,6469,5844,5390,5039,4569,4150,3878,3559,3328,3067,2953,2714,2687,2603,2479,2446,2402,2448,2493,2552,2583,2649,2624,2576,2633,2607,2637,2579,2471,2495,2498,2451,2397,2420,2480,2460,2539,2614,2678,2691,2638,2691,2708,2797,2833,2830,2864,2965,3016,3014,3028,3085,3119,3147,3192,3228,3289,3312,3275,3326,3369,3397,3465,3508,3604,3600,3704,3667,3579,3622,3627,3624,3644,3591,3579,3614,3629,3565,3558,3496,3461,3528,3498,3470,3433,3472,3485,3463,3404,3406,3475,3432,3396,3357,3273,3242,3133,3073,2978,2949,3018,2991,3033,2975,3017,3100,3210,3107,3038,3015,2882,2860,2850,2817,2878,2843,2761,2749,2728,2813,2821,2899,2924,2813,2783,2822,2922,2989,3007,3005,3013,2960,2906,2887,2943,3038,3088,3080,2944,2964,2821,2820,2759,2832,2782,2802,2749,2775,2716,2677,2776,2770,2815,2826,2905,2851,2893,2879,746,321,244,182,159,173,176,182,159,164,179,201,188,175,189,176,175,156,137,132,122,105,100,103,98,99,107,106,109,120,119,104,91,85,93,94,102,101,112,125,118,122,129,129,136,134,133,129,116,100,82,79,79,85,87,86,103,107,112,122,112,128,138,141,136,123,132,135,136,140,121,121,126,108,104,97,100,97,110,103,103,96,85,93,80,88,94,98,92,93,89,70,72,82,87,90,77,60,60,53,57,42,49,66,69,60,60,65,58,51,50,52,38,39,40,36,34,34,48,38,31,24,23,23,18,19,20,17,20,21,21,23,20,17,12,10,8,7,8,9,13,8,8,10,12,14,15,9,9,8,11,11,14,13,11,12,9,9,6,9,23,22,13,16,20,27,25,19,18,17,18,25,24,27,27,29,26,22,27,20,17,14,18,22,21,20,20,16,13,12,10,11,8,7,8,10,9,10,10,7,6,7,9,7,5,10,10,11,5,2,7,14,9,4,9,12,8,7,17,19,18,21,26,28,24,20,23,30,26,21,24,21,12,12,13,14,21,14,19,14
9690,17181,18026,12556,12241,11152,10269,9318,8428,7628,7032,6387,5790,5185,4698,4330,3959,3661,3438,3199,3064,2908,2833,2679,2643,2540,2541,2388,2423,2373,2346,2334,2334,2322,2339,2208,2200,2200,2197,2265,2275,2316,2312,2394,2551,2538,2534,2599,2588,2577,2686,2768,2783,2832,2926,2999,3002,3020,3044,3121,3079,3153,3133,3160,3151,3142,3045,3047,3094,3204,3180,3207,3193,3235,3288,3265,3267,3193,3213,3217,3228,3237,3319,3341,3381,3410,3469,3569,3522,3438,3321,3196,3230,3259,3366,3458,3431,3374,3292,3195,3240,3270,3283,3303,3314,3313,3217,3204,3189,3114,3069,3052,3004,3011,2970,2976,2864,2763,2761,2770,2789,2841,2918,2966,3049,3086,3120,3117,3160,3271,3279,3349,3312,3302,3283,3291,3360,3409,3450,3454,3469,3488,3576,3639,3601,3695,3684,3684,3674,3734,3705,3635,3639,3699,3700,3665,3646,3571,3500,3417,3430,3364,3375,3442,3467,3435,3468,3514,3630,952,370,259,202,210,231,233,221,223,199,208,191,154,142,145,153,153,157,155,137,147,153,156,165,170,179,169,177,171,158,131,117,111,120,105,120,128,121,135,140,117,112,97,93,89,82,71,85,82,97,102,99,111,131,129,129,126,130,108,115,109,114,92,94,91,89,100,111,96,91,76,85,96,85,97,104,110,123,140,136,148,144,153,125,102,93,99,88,92,93,94,92,90,91,104,94,96,105,119,126,112,101,108,108,117,122,164,164,166,153,157,148,157,139,141,132,133,125,110,106,105,97,85,70,66,69,67,67,69,73,55,60,58,69,64,58,51,64,56,44,47,44,44,47,38,36,39,33,31,25,15,13,11,8,6,6,17,18,18,19,25,31,34,44,38,37,45,50,53,56,54,47,48,51,61,60,63,60,59,46,47,56,54,51,57,51,60,51,54,55,54,71,69,71,72,85,84,77,72,73,74,78,78,71,61,58,53,48,55,59,56,55,49,51,60,53,54,66,62,47,37,36,36,38,35,31,27,16,15,17,21,19,20,20,23,24,20,23,20,24
9631,17000,18090,12630,12298,11075,10141,9215,8414,7643,6915,6285,5684,5152,4710,4411,4200,3976,3757,3590,3334,3133,2993,2876,2712,2642,2595,2473,2431,2320,2270,2186,2175,2161,2175,2120,2178,2234,2255,2268,2198,2251,2254,2293,2318,2411,2446,2361,2346,2344,2387,2396,2345,2401,2429,2528,2567,2581,2659,2736,2697,2837,2891,2904,2979,2987,3014,2951,2915,2949,2911,2932,2893,2890,2892,2952,2979,3072,3136,3196,3213,3341,3404,3493,3552,3539,3489,3569,3524,3551,3601,3476,3390,3395,3410,3532,3532,3518,3550,3613,3687,3691,3689,3631,3546,3544,3546,3541,3518,3552,3538,3568,3592,3620,3715,3685,3689,3619,3581,3538,3542,3465,3413,3425,3472,3386,3399,3301,3295,3276,3239,3185,3163,3146,3134,3116,3081,2978,2912,2873,2906,2861,2834,2942,2962,3001,3048,3020,3046,3045,3122,3089,2996,3054,3033,3061,3008,2971,2912,2854,2821,2832,2859,2838,2848,2834,2853,2802,2806,730,317,211,149,151,166,217,214,204,193,193,182,184,192,175,180,177,176,192,173,178,165,155,148,158,164,162,138,137,130,133,137,144,146,145,151,152,160,155,130,126,133,137,142,139,138,145,143,141,139,120,136,128,148,161,165,152,149,174,193,207,219,206,204,182,201,214,196,218,199,194,177,180,161,163,146,153,151,138,143,146,132,140,124,137,152,153,151,152,136,131,123,125,127,137,130,121,125,123,141,148,149,136,150,155,168,153,168,182,178,197,214,215,203,194,176,157,165,190,189,215,191,189,159,157,146,154,142,147,141,148,131,143,125,131,136,145,137,130,155,138,141,143,163,158,158,141,129,111,92,85,92,94,94,73,82,84,105,119,114,109,116,110,111,97,94,96,103,103,99,99,123,124,129,139,134,139,128,123,128,139,135,130,128,119,144,148,128,123,109,106,95,93,99,103,96,105,87,80,83,91,82,73,59,49,59,67,72,66,62,46,45,46,44,53,45,48,45,45,53,49,57,48,50,50,50,40,38,36,43,51,58,70,65,67,68,65,65,64,54
9615,17103,18159,12770,12406,11136,10277,9316,8616,7719,7042,6376,5817,5304,4934,4545,4164,3841,3597,3385,3277,3133,2924,2771,2668,2591,2496,2426,2406,2246,2232,2284,2222,2305,2282,2281,2258,2227,2251,2212,2213,2270,2329,2354,2398,2446,2479,2493,2513,2631,2743,2848,2902,2947,2993,2983,3064,3076,3038,2979,3054,2976,3068,2995,3137,3232,3230,3218,3199,3167,3173,3196,3242,3246,3151,3083,3081,3027,3020,2984,2924,3101,3080,3037,3086,3059,3085,3100,3098,3135,3180,3185,3234,3297,3256,3299,3237,3223,3162,3099,3098,3086,3089,3108,3098,3142,3129,3208,3302,3236,3204,3237,3140,3158,3178,3208,3241,3242,3372,3449,3530,3579,3612,3604,3660,3743,3723,3748,3746,3705,3670,3686,3614,3580,3692,3646,3660,3657,3649,3556,3445,3308,3252,3170,3073,3184,3118,3162,3165,3146,3180,3199,3302,3266,3335,3245,3203,3259,3263,3277,3363,3275,3301,3164,3130,3036,2967,2963,2980,824,344,258,192,179,193,197,200,209,195,193,177,172,164,151,141,155,164,168,184,198,202,186,159,143,127,123,140,152,146,153,161,130,126,137,146,135,119,124,116,108,105,97,82,85,90,91,88,83,73,73,82,87,94,103,120,123,119,118,115,125,130,140,143,137,130,141,164,189,204,210,195,200,170,151,148,143,157,168,158,169,171,161,163,158,156,153,142,130,128,119,124,124,127,129,137,170,167,162,151,133,136,143,139,152,156,153,153,174,190,178,179,175,174,176,175,194,189,196,163,169,187,192,177,180,155,138,142,130,133,132,136,122,111,113,100,85,86,86,83,87,75,73,60,52,48,56,54,54,46,40,51,44,35,31,26,34,35,29,27,28,26,27,20,25,27,22,17,18,16,18,21,22,20,15,21,23,20,15,16,20,17,17,15,23,26,27,27,38,33,26,29,28,26,22,22,23,21,28,28,32,37,36,38,48,49,50,55,51,54,50,42,43,42,38,41,41,32,28,27,29,31,28,30,34,34,28,36,38,45,51,45,62,65,62,61,57,65,64,54
9645,17266,18122,12719,12299,10943,9938,9106,8343,7615,7055,6426,5835,5383,4973,4597,4301,4024,3785,3562,3287,3175,3020,2966,2828,2801,2776,2715,2607,2557,2537,2476,2488,2462,2397,2396,2380,2335,2299,2289,2249,2238,2269,2294,2264,2153,2099,2123,2221,2240,2264,2328,2295,2361,2438,2535,2631,2662,2746,2811,2948,3038,3107,3138,3259,3293,3303,3264,3285,3278,3326,3350,3297,3423,3388,3376,3352,3314,3312,3305,3313,3312,3265,3263,3180,3175,3141,3110,3177,3172,3152,3134,3064,3021,2986,3018,2997,3054,3043,3095,3152,3133,3195,3238,3280,3302,3363,3404,3462,3527,3466,3489,3459,3451,3525,3477,3477,3505,3541,3583,3548,3507,3519,3540,3550,3590,3645,3606,3640,3554,3588,3602,3536,3425,3386,3383,3454,3442,3445,3447,3397,3397,3427,3453,3416,3542,3499,3491,3428,3430,3434,3406,3426,3349,3370,3309,3404,3292,3330,3277,3169,3186,3124,3156,3233,3317,3320,3383,3470,863,365,259,194,169,181,190,195,176,169,164,176,169,151,170,173,139,155,150,161,166,149,132,115,108,109,110,108,112,111,116,114,96,94,85,97,88,102,103,118,111,101,105,90,96,85,77,73,77,75,73,77,87,86,72,83,85,95,109,112,103,93,77,82,88,86,92,81,70,77,81,84,82,80,82,74,69,59,62,48,38,34,33,20,22,23,24,21,21,21,24,26,24,26,27,24,18,20,15,13,17,17,16,13,14,18,18,16,21,22,27,24,23,29,40,41,48,48,44,51,59,59,60,56,55,49,48,62,59,62,58,59,70,58,45,44,51,63,64,56,52,54,63,59,54,48,45,57,74,69,69,73,81,74,71,71,59,53,60,57,60,62,66,59,60,44,49,47,43,28,34,28,26,25,21,16,18,21,21,27,30,31,32,33,35,31,34,38,41,41,33,22,19,15,14,13,5,5,5,7,10,9,9,11,11,9,7,11,14,19,13,13,16,12,12,14,17,12,14,16,15,15,12,7,5,6,6,6,11,12,15,15,12,15,13,13,18,24,28,24
9596,17280,18434,12987,12612,11230,10292,9461,8525,7645,6897,6217,5592,5045,4611,4267,4000,3762,3589,3313,3148,3029,2836,2685,2614,2483,2517,2425,2371,2412,2368,2397,2400,2401,2332,2338,2283,2320,2324,2310,2339,2338,2370,2318,2379,2425,2470,2557,2567,2632,2642,2713,2749,2723,2697,2696,2669,2770,2868,2857,2883,2807,2760,2754,2842,2856,2863,2886,2871,2939,2960,2964,2969,2931,2983,2971,3030,2947,3046,2972,3025,3048,3075,3164,3282,3329,3372,3425,3547,3626,3605,3554,3485,3525,3498,3601,3470,3525,3480,3470,3488,3548,3477,3477,3501,3516,3492,3643,3729,3687,3646,3530,3491,3473,3508,3559,3544,3598,3582,3659,3566,3550,3539,3492,3489,3503,3482,3514,3562,3547,3595,3547,3613,3597,3616,3676,3778,3600,3566,3574,3679,3700,3583,3587,3507,3360,3305,3248,3242,3212,3143,3135,3097,3210,3263,3264,3242,3273,3327,3303,3267,3313,3304,3310,3323,3307,3333,3404,3292,857,356,259,203,188,210,235,239,219,201,182,179,186,180,175,166,155,156,146,132,147,180,182,194,212,214,205,204,196,189,207,200,201,184,181,172,146,145,147,150,139,146,154,150,165,153,161,148,142,144,155,176,185,185,198,195,204,210,189,179,172,178,178,182,193,198,198,184,167,154,156,158,154,146,137,156,159,159,151,162,149,146,136,130,131,129,126,119,110,82,61,71,66,63,55,51,64,66,80,71,63,46,45,49,56,52,60,53,45,41,42,43,41,36,26,21,27,33,30,23,22,20,21,19,24,29,28,37,34,33,57,60,50,49,46,42,29,26,22,33,40,30,30,30,31,33,25,20,14,15,12,11,13,12,12,12,9,6,7,9,14,15,18,20,14,14,14,17,16,10,8,11,14,23,25,27,27,22,15,22,21,20,20,17,17,13,10,7,5,7,9,8,11,10,7,3,3,4,4,7,11,9,11,11,9,12,14,11,13,21,18,23,24,35,37,37,33,29,26,17,17,29,37,37,31,24,18,24,27,23,19,15,10,10,8,8,12,11,17,19
9755,17166,18183,13048,12569,11293,10210,9369,8658,7829,7094,6433,5857,5274,4850,4412,4104,3826,3522,3388,3143,2967,2759,2616,2553,2483,2406,2363,2319,2279,2246,2180,2155,2199,2240,2212,2301,2222,2211,2238,2278,2202,2242,2297,2296,2323,2445,2488,2438,2437,2429,2482,2527,2612,2654,2580,2658,2696,2849,2833,2883,3034,3008,3002,2973,2920,2900,2924,3045,3081,3126,3156,3216,3279,3384,3293,3263,3267,3256,3292,3239,3299,3291,3429,3533,3566,3582,3638,3642,3639,3618,3604,3623,3639,3644,3625,3628,3649,3629,3551,3578,3558,3572,3521,3562,3601,3633,3651,3677,3596,3676,3723,3727,3527,3492,3430,3366,3364,3368,3345,3327,3246,3172,3047,3117,3104,3152,3218,3200,3067,3077,3066,3108,3032,3043,3028,2999,2926,2945,2920,2911,2915,2831,2845,2844,2858,2859,2860,2857,2909,2892,2934,2827,2774,2775,2737,2709,2670,2682,2753,2711,2648,2578,2560,2532,2612,2646,2722,2721,680,321,251,182,155,153,148,157,163,161,172,165,148,133,114,101,85,90,105,99,105,93,115,106,109,116,92,97,92,102,91,119,137,129,136,128,134,137,135,139,139,143,137,159,157,174,195,184,170,175,162,179,187,196,197,181,178,170,176,188,208,198,176,159,162,151,158,145,144,145,136,132,123,103,84,63,53,45,51,56,57,53,55,57,46,42,39,48,41,32,30,33,29,27,29,23,37,37,45,52,55,52,62,59,61,51,50,58,70,79,77,73,70,55,59,55,62,52,48,52,41,31,29,41,54,49,50,57,68,67,57,57,62,63,60,62,64,56,54,60,58,40,43,42,38,39,44,45,52,51,45,41,41,51,56,63,68,68,75,90,84,88,99,105,110,105,109,118,113,109,110,121,106,116,111,109,102,106,112,106,111,98,102,96,100,83,71,60,57,70,70,82,83,69,75,68,78,68,56,59,57,68,85,82,83,97,103,113,104,105,87,82,76,68,70,80,74,74,67,75,75,82,84,77,79,77,79,65,72,74,79,79,86,72,67,66,78,81,85,87
9512,17105,18133,12673,12271,11061,10254,9583,8945,8128,7337,6682,6122,5573,5059,4646,4293,3996,3779,3556,3309,3009,2885,2745,2647,2499,2441,2453,2400,2391,2413,2452,2456,2491,2434,2379,2399,2403,2420,2399,2403,2378,2406,2417,2417,2505,2516,2421,2469,2484,2562,2576,2566,2680,2661,2701,2766,2819,2881,2965,2942,2926,2959,2996,3032,3025,3039,3026,3087,3151,3147,3231,3210,3343,3412,3404,3376,3439,3364,3406,3417,3441,3505,3500,3596,3596,3620,3638,3615,3590,3556,3525,3588,3560,3539,3627,3558,3527,3386,3395,3353,3349,3394,3350,3391,3380,3373,3303,3342,3348,3283,3387,3329,3422,3402,3271,3204,3060,3077,3086,3091,3108,3148,3138,3203,3252,3282,3255,3263,3272,3298,3305,3293,3352,3285,3363,3320,3299,3271,3194,3264,3274,3309,3301,3365,3408,3403,3419,3384,3373,3446,3411,3457,3535,3482,3492,3555,3548,3616,3590,3565,3590,3498,3492,3519,3494,3501,3462,3416,854,401,298,231,222,233,222,249,281,314,294,288,262,255,251,259,259,251,264,274,274,266,292,303,292,286,287,327,327,311,296,292,282,250,259,287,300,265,285,279,279,302,301,326,334,354,353,357,352,356,324,324,325,340,353,358,367,361,365,387,410,377,404,402,426,434,421,354,335,322,322,347,338,333,351,361,356,336,342,348,348,350,344,356,353,347,350,351,345,329,318,286,290,280,285,275,319,305,311,301,323,331,341,340,312,314,311,289,295,306,294,297,292,291,304,296,292,260,246,250,226,227,218,232,219,207,189,209,212,195,196,195,191,182,179,173,155,142,142,143,128,112,105,103,111,96,86,88,91,89,83,94,93,90,80,68,52,59,61,62,53,56,66,72,70,69,73,62,67,69,62,55,68,81,105,113,108,106,88,85,87,85,75,83,85,87,97,106,115,124,117,116,105,122,128,115,126,113,118,98,96,98,95,85,76,75,73,64,77,69,63,62,55,56,55,55,60,73,83,110,106,93,84,106,115,101,101,98,105,94,82,85,74,69,63,69,72,66,60,68
9472,17030,18027,12554,12248,11048,10024,9381,8537,7809,7156,6507,5892,5376,5107,4778,4385,4039,3811,3520,3305,3212,3198,3049,2912,2805,2773,2692,2582,2525,2507,2405,2345,2345,2266,2249,2151,2201,2165,2227,2229,2269,2327,2350,2319,2306,2319,2346,2342,2341,2341,2392,2466,2482,2566,2563,2599,2657,2714,2854,2955,3041,3056,2987,3030,3059,3123,3144,3155,3237,3299,3314,3326,3337,3276,3329,3371,3396,3409,3327,3351,3391,3357,3419,3412,3368,3353,3302,3278,3300,3271,3249,3211,3171,3244,3232,3244,3307,3350,3465,3487,3484,3351,3312,3318,3324,3303,3324,3338,3359,3312,3282,3220,3161,3129,3109,3196,3091,3168,3175,3177,3100,3110,3013,2991,2962,2945,2998,2939,2939,2840,2862,2873,2971,2958,2972,3027,3050,3073,3125,3088,3102,3116,3156,3112,3108,3163,3221,3243,3321,3291,3283,3372,3301,3407,3411,3430,3409,3415,3424,3317,3333,3301,3309,3276,3253,3184,3272,3319,869,417,299,215,179,182,151,141,140,150,136,142,157,171,187,183,199,204,236,247,239,240,212,187,202,194,198,205,251,276,268,262,255,260,262,250,246,241,227,233,232,232,214,220,239,214,213,197,200,186,196,206,227,216,221,212,207,207,206,212,201,219,208,206,180,190,178,184,183,190,206,202,200,186,160,150,158,151,160,138,129,142,144,150,146,151,142,134,143,151,151,154,156,158,171,154,156,171,171,168,171,153,159,129,122,110,100,88,87,85,90,81,72,71,66,65,58,47,57,49,53,52,44,53,50,63,58,50,44,34,29,24,21,26,24,26,30,38,41,39,41,47,47,52,50,44,35,38,45,39,40,46,49,54,64,62,50,42,48,32,31,24,24,27,30,38,38,47,42,39,40,39,29,19,21,24,20,23,23,22,11,13,18,17,18,23,21,17,13,15,16,11,17,13,11,18,20,30,24,23,20,25,29,30,35,35,37,43,50,48,42,55,63,57,59,50,51,42,36,34,27,35,37,36,31,33,41,36,29,25,26,30,34,31,29,32,32,23,23,26
9670,17120,18016,12472,12117,10960,9915,9090,8231,7432,6611,6020,5551,5240,4852,4452,4052,3854,3534,3274,3089,2940,2903,2753,2664,2599,2518,2478,2472,2404,2330,2279,2244,2165,2171,2131,2153,2215,2246,2297,2360,2407,2527,2481,2543,2619,2686,2726,2688,2775,2899,2908,2918,3015,3056,3073,3111,3168,3235,3212,3178,3199,3211,3203,3156,3219,3136,3120,3117,3133,3215,3224,3148,3191,3184,3135,3041,3078,3103,3065,3045,3055,3037,3066,3060,3151,3151,3137,3044,2985,2911,2882,2799,2800,2811,2934,2969,2918,2973,3046,3114,3083,3101,3119,3179,3190,3165,3174,3240,3291,3294,3323,3361,3349,3440,3435,3404,3382,3267,3157,3098,3140,3205,3231,3228,3283,3338,3357,3370,3345,3430,3489,3532,3571,3515,3455,3444,3388,3497,3457,3356,3345,3265,3146,3175,3234,3272,3238,3234,3168,3127,3175,3186,3226,3148,3120,3101,3075,3130,3118,3115,3117,3131,3149,3197,3209,3117,2982,2970,707,325,258,209,206,207,225,230,236,224,219,234,241,272,255,253,272,272,263,256,257,235,262,269,304,341,347,352,343,349,377,384,386,408,422,388,391,383,396,420,440,453,451,445,451,448,415,401,405,435,451,433,435,427,438,405,352,386,350,317,301,290,254,262,262,259,225,237,244,242,239,243,238,208,228,231,210,194,194,205,221,212,219,236,252,247,255,266,275,287,283,302,320,348,353,334,323,312,278,300,287,260,250,205,185,159,135,111,114,107,109,91,73,73,78,72,82,86,94,93,100,96,106,116,129,127,127,131,116,112,120,113,109,101,104,118,113,92,71,70,63,62,65,62,68,66,52,38,36,43,40,48,40,50,53,61,67,65,63,63,69,76,80,96,88,85,86,77,78,79,79,77,79,81,77,86,93,95,87,89,91,95,87,80,81,86,77,77,66,71,71,65,60,55,58,67,86,89,77,86,89,89,77,67,61,69,76,79,98,80,84,81,80,73,62,54,69,59,53,48,55,53,62,58,63,52,43,47,39,36,34,30,25,23,19,18,16,16,13,13
9801,17173,18115,12710,12341,11290,10182,9201,8291,7586,6891,6190,5619,5254,4845,4558,4295,4037,3751,3414,3142,2963,2747,2672,2525,2411,2391,2274,2221,2233,2181,2131,2122,2174,2141,2123,2106,2000,2011,2054,2131,2151,2153,2238,2281,2350,2427,2498,2466,2449,2461,2466,2486,2531,2548,2619,2639,2674,2672,2662,2745,2751,2791,2729,2757,2722,2751,2692,2702,2665,2663,2663,2677,2659,2588,2641,2687,2690,2660,2676,2716,2839,2877,3001,2962,2990,3009,3026,3013,3075,3071,3116,3168,3254,3361,3438,3434,3490,3470,3469,3440,3509,3506,3655,3720,3709,3622,3435,3313,3276,3347,3466,3498,3510,3566,3537,3571,3611,3580,3561,3502,3601,3606,3596,3574,3445,3362,3413,3398,3426,3423,3441,3410,3342,3309,3247,3221,3200,3148,3127,3052,3061,3001,3065,3028,3009,2923,2794,2814,2804,2732,2730,2686,2702,2621,2604,2545,2582,2579,2679,2595,2599,2525,2462,2445,2494,2582,2632,2677,667,326,225,172,152,166,158,158,157,145,165,164,162,130,123,139,161,160,143,132,120,137,150,148,132,137,126,122,136,136,125,135,137,128,115,101,83,76,78,69,66,58,48,40,31,22,17,14,13,8,12,14,15,20,22,19,7,8,17,15,14,12,13,18,18,23,20,23,26,27,21,14,11,9,11,10,11,17,18,23,17,25,33,32,28,30,20,12,10,10,12,17,20,25,25,30,33,35,29,37,45,59,62,66,55,53,54,48,47,51,55,59,60,65,61,62,56,66,68,63,63,59,52,51,61,59,53,48,59,58,53,59,64,63,63,83,82,82,69,73,60,61,76,70,77,75,68,61,60,64,61,61,75,88,80,70,45,53,50,43,47,47,39,31,22,28,39,31,43,51,65,58,51,49,46,61,63,65,72,56,50,52,52,46,36,43,47,40,44,45,48,42,43,42,52,50,54,35,43,40,42,33,29,33,37,38,39,32,29,34,38,30,30,24,23,26,26,25,24,22,25,31,24,32,32,34,40,46,38,43,34,36,36,28,35,34,33,33,41,36
9638,17030,18197,12619,12271,10908,9919,9085,8275,7621,6997,6413,5716,5336,4816,4399,3943,3779,3564,3389,3214,3076,3071,2974,2901,2852,2782,2680,2619,2584,2563,2578,2642,2589,2583,2562,2540,2583,2565,2641,2618,2560,2521,2526,2444,2453,2460,2471,2417,2371,2308,2284,2304,2337,2342,2356,2394,2408,2349,2429,2431,2478,2507,2508,2559,2544,2577,2641,2675,2792,2865,2890,2936,2991,3058,3049,3027,3015,2977,2941,3022,3111,3163,3192,3218,3171,3112,3121,3112,3035,2925,2829,2798,2844,2834,2758,2768,2764,2813,2843,2970,3003,2974,3005,3050,3064,3088,3187,3234,3272,3356,3408,3349,3395,3291,3316,3292,3271,3254,3261,3239,3242,3236,3217,3200,3185,3134,3095,3100,3023,3040,2940,2849,2806,2680,2687,2537,2612,2591,2667,2608,2649,2621,2658,2570,2618,2552,2623,2639,2600,2574,2623,2627,2642,2616,2662,2608,2624,2574,2557,2501,2408,2457,2538,2662,2680,2724,2716,2766,671,263,187,164,160,168,162,166,174,198,203,209,193,200,198,183,170,193,187,183,178,167,176,184,170,173,167,168,159,160,167,178,167,169,159,162,179,179,169,175,179,174,167,160,163,152,147,162,169,160,168,173,186,163,151,146,151,137,143,161,180,190,195,181,167,156,159,159,153,158,147,176,204,226,218,220,187,188,190,170,190,181,199,188,197,200,181,192,211,238,254,260,252,261,243,277,276,268,264,286,269,283,283,302,296,299,300,303,326,330,358,358,351,355,306,313,330,343,342,371,399,404,400,398,385,391,371,387,399,365,352,357,374,342,310,303,297,296,310,301,314,315,340,371,398,407,420,418,422,409,392,383,411,409,396,424,391,411,409,404,410,397,361,405,433,407,401,406,405,422,441,446,454,430,416,407,407,432,451,444,508,544,566,561,545,541,535,594,586,575,563,556,561,599,607,607,620,673,682,679,667,705,707,721,698,712,704,686,710,713,684,671,623,609,627,641,639,649,662,683,705,738,724,706,678,665,650,655,636,631,665,654,638,629,619,582,570,551,579,596
9655,17130,17986,12631,12073,10901,9810,8987,8137,7450,6716,6229,5640,5277,4862,4458,4134,3765,3404,3136,2955,2829,2727,2686,2622,2549,2539,2517,2515,2494,2592,2512,2458,2491,2464,2511,2585,2592,2675,2645,2606,2578,2580,2514,2627,2683,2672,2713,2674,2710,2760,2832,2781,2728,2689,2763,2758,2794,2800,2860,2907,2930,2870,2963,3074,3009,2984,2892,2883,2891,2855,2813,2744,2827,2869,2886,2962,2916,2925,2931,2912,2910,2952,2935,2972,2984,2939,2979,3025,2973,2967,2971,2989,3027,3115,3110,3173,3147,3104,3155,3216,3322,3419,3441,3366,3342,3331,3301,3288,3320,3293,3344,3293,3290,3263,3186,3202,3215,3179,3239,3183,3157,3046,2997,2968,2950,2983,2977,2997,2995,3054,3043,3030,3016,3002,3059,3018,3020,2979,2932,2934,2894,2940,2946,3016,3039,3103,3138,3124,3102,3115,3052,3027,3051,2987,2854,2832,2865,2911,2974,2967,2943,2933,2957,2933,2924,2892,2888,2948,777,328,244,181,169,183,206,220,232,239,242,239,222,230,224,203,206,206,194,185,190,216,216,208,215,210,229,219,216,189,181,172,159,159,145,129,106,108,103,110,99,90,85,96,99,101,113,101,116,122,149,142,143,132,140,138,136,147,153,145,150,147,128,116,129,123,125,147,145,136,131,121,127,128,132,133,140,129,136,129,134,133,134,136,135,135,132,143,143,139,175,173,204,191,170,170,153,170,176,161,145,138,124,126,122,123,130,134,137,125,118,104,90,86,97,85,70,74,80,87,102,95,97,95,94,91,94,90,82,90,85,93,106,108,108,92,88,102,111,109,89,94,102,88,99,89,93,96,96,106,110,119,116,126,123,129,122,136,128,144,141,141,153,168,173,187,179,171,159,174,179,180,192,198,209,222,246,241,256,267,252,258,230,220,221,205,213,193,170,133,114,115,154,149,163,157,158,172,168,176,149,150,115,117,116,124,117,136,144,135,137,124,112,118,117,102,116,123,131,138,163,142,160,146,134,119,135,125,116,116,95,77,75,77,87,96,84,79,93,87
9560,17033,18054,12729,12444,11167,10266,9380,8440,7775,7068,6302,5610,5098,4733,4468,4094,3789,3599,3427,3279,3138,2951,2839,2737,2698,2512,2372,2224,2086,2126,2132,2190,2281,2299,2294,2289,2326,2352,2271,2256,2202,2178,2217,2244,2231,2272,2292,2384,2406,2528,2522,2547,2534,2427,2433,2435,2475,2503,2686,2757,2799,2803,2859,2864,2894,2952,2976,2950,2993,3079,3077,3086,3097,3152,3185,3194,3262,3124,3127,3089,3060,3021,2990,3025,3043,3091,3139,3151,3146,3149,3166,3086,2993,2993,3058,3068,3080,3117,3092,3050,3052,3040,3111,3107,3025,3025,3014,3029,3043,2987,2981,3026,2992,3066,3190,3405,3459,3457,3438,3441,3498,3576,3617,3606,3550,3565,3576,3519,3494,3493,3459,3447,3391,3442,3381,3380,3376,3292,3211,3139,3141,3147,3089,3125,3199,3309,3293,3339,3308,3372,3337,3380,3448,3516,3495,3450,3456,3421,3405,3399,3435,3424,3405,3380,3406,3506,3512,3502,848,326,209,143,147,163,173,183,179,186,201,199,199,205,208,187,189,204,229,216,238,260,257,260,277,280,289,311,322,300,304,302,294,307,311,305,299,331,327,327,305,316,291,299,297,317,319,308,308,300,282,301,292,258,243,212,241,250,240,230,209,192,202,194,189,199,225,213,223,236,250,249,249,258,263,277,275,270,255,284,285,309,323,362,369,358,363,351,354,333,340,305,310,301,288,306,310,266,250,240,222,217,220,199,194,163,181,178,172,158,147,146,145,150,164,152,147,141,132,125,132,142,158,164,144,139,146,145,140,172,162,177,182,153,175,169,183,179,168,181,180,180,189,181,175,162,150,149,132,124,131,134,133,137,157,154,150,136,126,139,137,123,122,114,123,127,136,148,178,178,163,140,127,104,100,88,92,93,86,77,76,74,67,78,78,88,94,110,98,89,103,106,105,96,92,94,84,82,82,82,85,90,95,98,96,100,120,111,120,123,126,123,144,120,121,122,117,117,119,132,131,130,129,112,92,93,104,108,119,134,136,133,113,112,109,95,101,92,100,98
9761,17128,18051,12692,12412,11117,10183,9364,8686,7820,7089,6355,5756,5275,4848,4577,4208,3843,3621,3427,3264,3162,2925,2821,2671,2581,2508,2432,2336,2214,2199,2135,2101,2104,2090,2078,2154,2162,2138,2258,2242,2398,2429,2449,2449,2465,2476,2522,2535,2529,2598,2576,2613,2627,2644,2684,2746,2785,2834,2868,2923,2984,3039,3056,3136,3183,3304,3311,3273,3209,3249,3227,3174,3183,3182,3079,3132,3190,3220,3240,3269,3235,3293,3365,3295,3299,3318,3279,3324,3332,3376,3394,3401,3425,3451,3479,3500,3466,3496,3452,3398,3397,3353,3317,3306,3290,3229,3158,3285,3260,3243,3224,3175,3151,3201,3215,3223,3283,3283,3319,3251,3248,3266,3336,3350,3397,3291,3251,3236,3213,3209,3151,3179,3133,3050,3008,2946,2942,2937,3037,3048,3085,3159,3134,3088,3149,3184,3086,3117,3056,3013,2970,2971,2904,2921,2851,2858,2813,2742,2774,2806,2866,2853,2894,2952,2873,2983,2997,2955,772,348,243,217,190,206,195,196,203,203,206,219,236,251,218,212,199,194,189,193,178,177,182,174,150,169,169,174,182,165,157,173,172,179,166,130,115,103,106,96,92,79,83,56,54,70,70,72,59,68,68,58,71,85,92,104,117,112,117,132,133,127,121,130,130,138,129,120,113,112,113,108,96,100,104,104,98,95,87,84,76,86,81,75,67,54,53,52,55,60,61,59,60,59,55,56,66,74,72,70,67,60,54,58,57,55,61,74,79,74,71,57,59,53,48,45,49,48,43,41,42,45,44,45,37,27,25,25,33,33,32,30,42,28,22,19,19,14,17,21,18,18,18,20,20,21,26,30,23,20,20,23,27,24,28,36,35,35,36,39,41,41,44,49,57,48,45,44,40,42,50,51,62,71,65,65,57,43,40,46,52,53,48,49,52,49,42,33,29,30,32,33,29,23,34,41,36,36,42,51,47,43,40,34,29,35,35,38,41,44,35,36,36,45,49,54,66,58,50,40,38,39,30,35,26,18,19,18,17,23,25,28,27,30,32,42,44,41,32,33
9737,17499,18481,13110,12684,11257,10171,9231,8250,7439,6762,6093,5555,5037,4596,4203,3926,3627,3454,3252,3094,3031,2909,2806,2757,2679,2586,2486,2368,2346,2300,2248,2228,2222,2247,2347,2395,2394,2468,2487,2462,2407,2396,2430,2396,2357,2322,2331,2283,2317,2338,2329,2397,2422,2476,2514,2578,2583,2652,2718,2776,2778,2739,2800,2771,2852,2960,2992,3008,3133,3135,3072,3036,2943,2947,2990,3103,3133,3133,3024,2959,2986,3058,3024,3037,3080,3081,3169,3191,3295,3272,3244,3171,3178,3130,3076,3117,3118,3078,3071,3153,3145,3069,3145,3012,3117,3096,3123,3127,3076,3047,3086,3107,3043,3082,3030,3035,2960,2935,2943,2942,2913,2886,2856,2829,2920,2906,2940,2981,2958,3033,3086,3132,3074,3021,3018,2967,3021,2961,2956,2945,2935,3003,3106,3115,3166,3204,3253,3311,3308,3324,3387,3481,3480,3420,3428,3473,3462,3504,3448,3412,3417,3406,3441,3551,3584,3588,3463,3457,831,364,277,222,218,206,194,178,161,176,181,181,163,152,158,134,118,110,115,125,135,124,113,100,75,59,61,67,77,82,66,68,69,58,59,80,77,78,81,82,81,84,88,84,90,81,78,72,86,94,95,82,90,80,87,91,85,90,67,56,60,56,68,83,78,80,62,57,54,66,66,61,61,60,56,51,49,51,46,34,27,19,16,14,19,18,18,34,39,48,43,36,34,34,42,48,49,55,61,70,81,72,84,83,77,75,77,87,93,106,99,96,105,108,120,133,118,106,107,113,110,108,122,126,113,114,102,97,112,122,127,119,128,131,118,120,105,113,113,124,134,149,152,144,116,125,127,135,144,155,167,168,157,157,139,175,186,176,192,201,212,212,201,179,198,186,177,172,169,186,188,196,211,213,237,238,240,252,269,277,265,238,257,239,229,223,219,236,233,239,259,255,237,229,227,213,184,152,155,157,157,152,150,145,141,141,140,148,143,154,143,128,132,123,133,142,143,142,143,150,164,186,198,194,203,201,213,218,200,224,233,243,256,230,223,233,237,252,237,234
