0,0,0,0,0,0,0,0,0,0,0,0,0,0,0,0,0,0,0,0,0,0,0,0,0,0,0,0,0,0,0,0,0,0,0,0,0,0,0,0,0,0,0,0,0,0,0,0,0,0,0,0,0,0,0,0,0,0,0,0,0,0,0,0,0,0,0,0,0,0,0,0,0,0,0,0,0,0,0,0,0,0,0,0,0,0,0,0,0,0,0,0,0,0,0,0,0,0,0,0
0,0,0,0,0,0,0,0,0,0,0,0,0,0,0,0,0,0,0,0,0,0,0,0,0,0,0,0,0,0,0,0,0,0,0,0,0,0,0,0,0,0,0,0,0,0,0,0,0,0,0,0,0,0,0,0,0,0,0,0,0,0,0,0,0,0,0,0,0,0,0,0,0,0,0,0,0,0,0,0,0,0,0,0,0,0,0,0,0,0,0,0,0,0,0,0,0,0,0,0
0,4.37196775e-05,8.7707801e-05,0,0.000133291866,8.63595922e-05,8.72295994e-05,8.69337974e-05,0,0,8.703602e-05,8.78849803e-05,4.35218023e-05,8.78696058e-05,8.86445718e-05,0.000130907197,0,4.4087794e-05,0.000176010108,0.000174680008,4.39695701e-05,4.3780903e-05,8.72865516e-05,0.000174139955,0,8.72144118e-05,0.000176257972,8.76118271e-05,4.39617938e-05,8.64977726e-05,8.82068067e-05,0.000130310153,0.000130174499,8.76886097e-05,8.76924472e-05,4.38982021e-05,4.40762077e-05,0.000131417752,8.71916668e-05,4.43281869e-05,4.32302126e-05,0,4.38904174e-05,8.81833875e-05,4.40004848e-05,8.75466448e-05,8.88335992e-05,6.4669093e-05,4.41364986e-05,8.75274837e-05,8.67001219e-05,0.000131233528,8.68432061e-05,8.71117703e-05,0.000131498134,0.000130622138,4.41462044e-05,0,4.36509836e-05,4.36719001e-05,4.40567016e-05,8.6929978e-05,4.40024983e-05,4.35199006e-05,4.42438773e-05,0.000129500169,0,4.38038937e-05,4.37310989e-05,8.69830052e-05,4.37942755e-05,0.000132684602,0,4.38326656e-05,0.000132555568,4.3942512e-05,0.000131118823,4.38461662e-05,8.6983036e-05,0.000130850122,0.000131775556,0.000130707538,0,4.37503217e-05,0,8.74355559e-05,0,4.34215906e-05,0,4.40159715e-05,0.000131411627,0,8.75005849e-05,0,0,8.83432604e-05,8.75541682e-05,8.71649706e-05,0,4.36586099e-05
3.98278929e-05,3.91773017e-05,7.91296164e-05,3.94213063e-05,0.000240220676,0.000116261109,7.88861806e-05,7.85454145e-05,0.000118319942,0,0.00011783189,0.000158522483,7.86380137e-05,0.000119698592,8.05380267e-05,0.000235802896,0,7.94376293e-05,0.000276691082,0.000197832017,3.9269606e-05,0.00013848234,7.92297621e-05,0.000196309593,7.95513735e-05,9.81044707e-05,0.000159852724,0.000237294514,7.90826292e-05,0.000117384626,7.92203959e-05,0.000215542805,0.000195419626,0.000158679481,0.000118572298,0.000157990309,7.96907283e-05,0.00023692017,0.000117947616,0.000179676333,0.000117370777,0.000118469433,9.86154973e-05,0.000118840151,3.96621301e-05,0.000196897079,0.000140895971,0.000156133932,7.95704358e-05,0.00027696472,0.000195671484,0.000157903194,0.00019601688,7.86781959e-05,0.000178649563,0.000118291811,0.000159311695,0,0.000118012767,7.93083969e-05,0.00011930346,0.000117398342,7.93997823e-05,0.000117642229,0.00011999033,0.000273245721,0.000119531469,0.000158466067,0.000137405849,0.00015705364,0.000197044505,0.000199912081,0.000117481265,3.95883063e-05,0.000178493465,0.000198019959,0.000274671348,3.96887941e-05,0.000117315881,0.000196309595,0.000198704466,0.000196710882,3.96369103e-05,0.000118859146,3.94664081e-05,7.86935562e-05,3.88605746e-05,3.93190227e-05,3.94851333e-05,7.93021833e-05,0.000197067532,3.94228032e-05,0.000118854295,0.000193753452,7.83730361e-05,0.000119650512,0.000198294473,0.000157356271,0,0.000118138249
3.72218025e-05,7.36945699e-05,0.00018375613,3.66568841e-05,0.00022348865,0.000217336309,0.000110684677,0.000109745346,0.000183708599,3.70261002e-05,0.000219723562,0.000185370633,0.000220110541,0.000111735908,7.54774063e-05,0.000331052429,7.30194044e-05,0.000111308972,0.00036915393,0.000295094169,3.66447782e-05,0.000277870423,0.000148500088,0.000255539842,0.000148627173,0.000238628528,0.000261398717,0.000312695269,0.000148230444,0.000218356737,0.000110758253,0.000201501937,0.000237191409,0.000148137262,0.000147868848,0.000222049894,7.46018465e-05,0.000259009827,0.000183641026,0.000223530285,0.000109721383,0.000184767568,0.000128676511,0.00011105757,8.33703547e-05,0.00033207815,0.000149835281,0.000145311932,0.000111727851,0.00025874184,0.000255744865,0.00018447447,0.000255885532,0.000110180741,0.000240767556,0.000147270046,0.000185363658,7.48896403e-05,0.000147015582,7.4565605e-05,0.000148815182,0.000218158213,7.43411987e-05,0.00021990109,0.000112149648,0.000293051279,0.000222957095,0.000260020003,0.000201561277,0.000183816771,0.000221067481,0.000186643887,0.000254591535,7.41097982e-05,0.000314500079,0.000307310265,0.0002918111,0.00011100841,0.000145915976,0.000257599198,0.000278014652,0.000233521215,7.41097715e-05,0.000148770852,3.67687834e-05,7.34779784e-05,7.23904073e-05,0.000110148329,7.35782235e-05,0.000148610402,0.000275522384,7.34672061e-05,0.000148071347,0.000253568164,0.000182688486,0.000111499135,0.000222214125,0.000146896887,3.66838151e-05,0.000184583486
3.60762997e-05,7.15256123e-05,0.000267237169,0.000177714469,0.000252152533,0.000245312774,0.00021660659,0.000141512873,0.000214018237,7.17565626e-05,0.00021255483,0.000179423499,0.000355884733,0.000181067557,7.29714216e-05,0.000411935275,0.000211737625,0.000144764872,0.000448768769,0.000462650547,0.000106841442,0.000295688041,0.000144336386,0.000335321592,0.000143611113,0.000248809251,0.000361885766,0.000384433858,0.000215710935,0.000319329893,0.000178476006,0.000337849503,0.000248033335,0.000251717022,0.0001433949,0.000288039162,0.000181349941,0.000305491727,0.000178807452,0.000433792471,0.000106070617,0.00021466131,0.000195931854,0.000214938091,0.000134587037,0.000429491783,0.00025443456,0.000240162349,0.000108534364,0.000324382538,0.000317785467,0.000250196786,0.000460356149,0.000178667003,0.00030581034,0.000177368114,0.000251500098,7.23143655e-05,0.000178545903,0.000180936507,0.000216653346,0.000246721951,0.000215046067,0.000300331902,9.05271986e-05,0.000355101197,0.000251699087,0.000323717589,0.000231985797,0.000196204825,0.000250062312,0.000306350623,0.000282585725,0.000107933148,0.000429521749,0.000406285034,0.000317280939,0.000180472797,0.000194676389,0.000319295922,0.000359763532,0.000271385657,0.000107630989,0.000108448275,7.12325498e-05,7.10102311e-05,0.000140399937,0.000142126374,0.000106761534,0.000180225499,0.000372749829,0.000107001584,0.000179359425,0.000316544433,0.000319579463,0.000181126559,0.000215339503,0.000424823908,0.000106545432,0.000214484979
3.74152715e-05,0.000110795087,0.000384502644,0.000220726095,0.000262970179,0.000291704836,0.00026352464,0.000183951779,0.000387683576,0.000224483419,0.000293556526,0.000297519272,0.000445914194,0.000227100655,0.000228266956,0.000464632895,0.000284920945,0.000187913415,0.000557351785,0.000516453173,0.000147819592,0.000311130726,0.000150065585,0.000267717853,0.000259894501,0.000443279145,0.00037661921,0.000397130727,0.0002059926,0.00036974016,0.000184918073,0.000462381031,0.000405455248,0.000336624933,0.00014965563,0.000337824623,0.000188153887,0.000468743262,0.000185887503,0.000490269801,0.000183412021,0.000305593329,0.00027699821,0.00022300667,0.000251199995,0.000557786798,0.000301613529,0.000342218925,0.000150065623,0.000387016335,0.000511621174,0.000259605456,0.00057056631,0.000185110169,0.00039430718,0.000129008479,0.000224123329,0.000187596022,0.000223388926,0.00018891447,0.000452864257,0.000366972194,0.000223972578,0.000294095971,0.000132025596,0.000368134052,0.000411599211,0.000336498669,0.000316585131,0.000205362191,0.000334447953,0.000430678842,0.000404560182,0.000187391952,0.000589344467,0.000567927767,0.000401356787,0.000263524634,0.000184952548,0.000442233602,0.000522564216,0.00037249526,0.000186887897,0.000150116475,0.000111020681,0.000110229216,0.000108908708,0.000221647977,0.000184904495,0.000299872553,0.000538233008,0.000185542544,0.000260649085,0.000328263533,0.000369508073,0.000150744385,0.000354888099,0.000497127803,9.25137796e-05,0.000260804409
4.24809002e-05,0.000126608946,0.000453439864,0.00029201938,0.000340672191,0.000431672631,0.000298839182,0.000165610838,0.000463275534,0.00029555837,0.000389327044,0.000381566012,0.000592818694,0.000302951693,0.000345796562,0.000653318696,0.000361903286,0.000257433448,0.000664847324,0.000624349592,0.000208655083,0.000362457723,0.00021299236,0.000344011661,0.000380308493,0.000668058809,0.000299401041,0.000489831203,0.00031874195,0.000422582791,0.000208907962,0.00052565137,0.00041881304,0.000383076917,0.00029890282,0.000469964796,0.000258275315,0.000640424135,0.0003370977,0.000574052513,0.000290143471,0.000348837135,0.000398423099,0.000296308589,0.000458709202,0.000655999886,0.000421778237,0.00037415821,0.000191996169,0.000523775802,0.000831599905,0.000377184433,0.000665087176,0.000168364404,0.000388215638,0.000167757082,0.000338452764,0.000255721901,0.000295022668,0.000282510303,0.000642013514,0.000460347805,0.000427223004,0.000376790073,0.000280305123,0.000462943878,0.000598111807,0.000634598382,0.000484843437,0.000233803444,0.000338080532,0.000527855608,0.000539867048,0.000256388197,0.000700965001,0.000739831892,0.000413993112,0.000303687523,0.000253004632,0.000562500068,0.000634463546,0.000500648764,0.000213201472,0.000257942452,0.00012565973,0.000124605385,0.000165460135,0.000421692325,0.000292924091,0.000405083083,0.000853947186,0.000338480873,0.00021007501,0.000414627855,0.000503947455,0.000171408722,0.000340933414,0.000645350075,0.000231891457,0.000486360475
0,0.00018439114,0.000514380143,0.000317489145,0.000279108657,0.000624748871,0.000420482226,0.000180123326,0.000505584391,0.00050507405,0.000427523864,0.00043508098,0.000604791427,0.000283809147,0.000518745473,0.000816655787,0.000559033943,0.000466135074,0.000781537152,0.000632168577,0.000316885862,0.000372717183,0.000326645307,0.000374531944,0.000461659325,0.000891428972,0.000421328307,0.000485151869,0.000558191929,0.000576302057,0.000226541535,0.000665138155,0.000503617266,0.000279759535,0.00037502356,0.000510891565,0.000281096038,0.00079213454,0.000645102126,0.000669900434,0.000271027202,0.000336360882,0.000569164921,0.000369942179,0.000704592602,0.000840996226,0.000398070461,0.000798139992,0.000348593716,0.000623024057,0.000790746439,0.000478621893,0.000811981541,0.00022901093,0.000306213707,0.000205507651,0.000320366227,0.000392809331,0.00041697549,0.000427756858,0.000793206388,0.000457812816,0.00042091493,0.000411597859,0.000274277427,0.000529393123,0.000650890197,0.000689876861,0.000662139741,0.000256171374,0.000465095081,0.000620126282,0.000599954862,0.000419541067,0.000981395862,0.000846141219,0.000313704139,0.000380680548,0.000322283609,0.000657864454,0.000756117196,0.00113299968,0.000372838544,0.000565264757,0.000181628424,9.0698829e-05,0.000269881167,0.000603388322,0.000365881858,0.000324976871,0.00102441796,0.000302016457,0.000319401554,0.000545132498,0.00057171656,0.000235194509,0.000416203964,0.000795237139,0.000484719745,0.000576408697
9.964117e-05,0.000352078271,0.000603748126,0.000394069313,0.000404407936,0.0009672581,0.000510438933,0.000268725048,0.000630358488,0.000599609805,0.000463437355,0.00069780178,0.000606888272,0.000360435027,0.000615479845,0.000894542849,0.000850339792,0.000611745255,0.000928482095,0.000638883598,0.000542085823,0.000329113821,0.000507691407,0.000356922746,0.000503423032,0.00106826953,0.000511116253,0.000431523644,0.000554016336,0.000550798198,0.000293800642,0.000601353758,0.000548026114,0.000355618663,0.000410276822,0.000581423963,0.000406586374,0.000761189782,0.000629152343,0.000775736321,0.000295435799,0.000224505837,0.000673047741,0.000454982379,0.000888467803,0.00103252477,0.000605083061,0.000974855197,0.000405042203,0.000522783444,0.00093674561,0.000596599218,0.000869833239,0.000249413898,0.000336874778,0.00019739454,0.00044991006,0.000475379581,0.000610904053,0.00041782011,0.00101558997,0.000504643174,0.000433164527,0.000351988744,0.000280612062,0.000426385353,0.000760378567,0.000645481322,0.000657994858,0.000454477245,0.000509944293,0.000903961488,0.000702662976,0.000582396011,0.00102335405,0.000678017269,0.000292368963,0.000412860433,0.000406896593,0.000591453534,0.000722687035,0.00150874977,0.000408225936,0.000643633828,0.000295566591,0.000148023802,0.000343541262,0.000913705168,0.000400299686,0.000455234623,0.00117875375,0.000482895946,0.000398446447,0.000645898753,0.00062121067,0.000256924038,0.000402555862,0.000941340743,0.000575230416,0.000632336134
0.000324587172,0.000441355534,0.000527286666,0.000377399829,0.000385951571,0.00113528423,0.000450805661,0.000294322032,0.000633015886,0.000707022205,0.000425757766,0.000704683569,0.000554723481,0.000503806337,0.000726582385,0.000733257257,0.000897335319,0.000669083093,0.000982801095,0.000748582264,0.000566679696,0.000305368554,0.00069041743,0.000546188584,0.000718709865,0.00125504881,0.00078387343,0.000377684288,0.000605826995,0.000680717906,0.00032049609,0.000767417448,0.000514709732,0.000553465176,0.000561324016,0.000555709153,0.000470601217,0.000720342209,0.000744745684,0.000681236427,0.000429737751,0.000408541573,0.000790062143,0.000553158576,0.000997027938,0.00119358898,0.00060469378,0.00114403968,0.000613462464,0.000684956234,0.00112353549,0.000569661621,0.000717818326,0.000271518078,0.000510232972,0.000268874879,0.000572925604,0.000435160495,0.000673061006,0.000687482182,0.000997174395,0.000556700111,0.000527484188,0.000442820521,0.00030676579,0.000411093585,0.000614867704,0.000590413876,0.000581652594,0.000829507814,0.000730418093,0.000930944103,0.000933238522,0.000751922522,0.00102323674,0.000516388349,0.000478493902,0.000571004165,0.000389234875,0.000752970817,0.000731034531,0.00207708444,0.00050377848,0.000649938713,0.00048625052,0.000267737472,0.000427304261,0.000948500786,0.000440044015,0.000547915182,0.00146126672,0.000638817742,0.000759506891,0.000603599502,0.000569167425,0.000170048671,0.000436681646,0.00110768693,0.000818821903,0.000578800733
0.000470643913,0.000421915238,0.000545569894,0.000560041861,0.000481637,0.0012006173,0.000551538374,0.000377358464,0.000933228683,0.000858597158,0.000346860626,0.000829088949,0.000603464286,0.000546779883,0.000788595508,0.000788413521,0.000860732295,0.000668043239,0.00112599322,0.000931856894,0.000587060762,0.000393795896,0.000754011069,0.000665161906,0.000722325614,0.00123500777,0.000917038624,0.000411063643,0.000661892071,0.000620493383,0.000379894594,0.00072020246,0.000765560804,0.000538244762,0.000582037248,0.000821718339,0.000665174677,0.000841497931,0.00108049672,0.000645539664,0.000472645128,0.00059665876,0.000764980952,0.000664572422,0.00108167566,0.00115157215,0.000533396605,0.00121001147,0.000760202901,0.000816006541,0.00129080447,0.000706921967,0.000578870807,0.000294360013,0.000554665531,0.000409093784,0.000655034617,0.00058397635,0.000794331197,0.000745387276,0.00102465052,0.000487983272,0.000632720403,0.000482887752,0.000393676881,0.000358658128,0.000549350311,0.000863108174,0.000571806769,0.000964610719,0.000738779559,0.000992422808,0.000970474676,0.00072983908,0.00112544142,0.0005073404,0.000576004423,0.000498100752,0.000366659003,0.00075876961,0.000825276671,0.00291070918,0.000487300184,0.000735744718,0.000588442988,0.000409212899,0.00052210266,0.00109809685,0.000480653622,0.000650155772,0.00203130746,0.0008172418,0.000799951718,0.000781109969,0.000386077235,0.000311022634,0.000532008444,0.00127528351,0.000916079637,0.000570227863
0.000571356052,0.000727272739,0.000659382241,0.00104494914,0.000525831634,0.00140434562,0.000736820125,0.00028609554,0.00105554871,0.0009630159,0.00033914113,0.000777705446,0.000798509658,0.000527948097,0.000922082639,0.000836282072,0.00100382621,0.000733479883,0.00122108079,0.00102177596,0.000708763197,0.000397351442,0.000919119672,0.00097398643,0.000726024132,0.00145697141,0.00117213607,0.000646663404,0.000981930196,0.000704676327,0.000351213502,0.000789942184,0.000836711956,0.000586663314,0.000599680698,0.000705550487,0.000762245389,0.000787764003,0.00112055734,0.000631592441,0.000519683741,0.000657505448,0.000723018564,0.000730508733,0.00116648079,0.0015874101,0.000481324739,0.00145095906,0.000898263636,0.000989706992,0.00112598488,0.0008311493,0.000704721213,0.000319897465,0.000809551411,0.00044357166,0.000650533509,0.000569655839,0.000870845709,0.00108444974,0.00114867239,0.000469294907,0.000599560567,0.000462289854,0.000529625404,0.000260943168,0.000937647645,0.000560154469,0.000522636669,0.00111409529,0.000812237872,0.000887048797,0.000922410704,0.000893685381,0.00130199591,0.000522568175,0.00068887852,0.000540796115,0.000333689424,0.000764575077,0.000863945617,0.00305632272,0.000533511233,0.000808734366,0.000704270197,0.000569116042,0.000721638427,0.00110176346,0.000525313353,0.000642177562,0.00227656942,0.00103271358,0.00104207431,0.000927458149,0.000450798885,0.000474479399,0.00070400047,0.00124166645,0.00104017698,0.000726024518
0.000828329387,0.000794281437,0.000478223612,0.00122653078,0.000636447774,0.00154046732,0.00080356622,0.0004170719,0.0013358367,0.000872354531,0.000312695485,0.000747117949,0.00069196623,0.000647902118,0.000867490864,0.000804702745,0.000895256433,0.000731475,0.00140449291,0.000979774855,0.000775960127,0.000434247658,0.00107457708,0.00103648394,0.000893266154,0.00148284072,0.00143108758,0.000713470523,0.00114967304,0.000418585134,0.000531425414,0.00100828245,0.000978747463,0.000709571184,0.000619759548,0.000772059128,0.00109577068,0.000573394475,0.00130302704,0.000618089664,0.000524558982,0.000875976399,0.000579080913,0.000731048625,0.0012758732,0.00178797563,0.000692904534,0.00169467578,0.000837886501,0.00107442055,0.00102068528,0.000767621038,0.00112312042,0.000345470583,0.00116916298,0.000481561788,0.000741840324,0.000755183007,0.0010156714,0.00103649875,0.0010643572,0.000444049667,0.000549732891,0.000579583879,0.000578201566,0.000493932234,0.000942916433,0.000601163911,0.000496629546,0.00139824876,0.000736214405,0.00079302206,0.00100521301,0.000908760998,0.00140790393,0.000858246277,0.000709603757,0.000810671295,0.00043607821,0.000766978368,0.000844238109,0.00335296324,0.000730566018,0.000894053644,0.000981835614,0.000766282661,0.00105108208,0.00131916475,0.000718596936,0.0010519653,0.00243230681,0.00108940361,0.00136641664,0.000651985708,0.00063447264,0.000665483122,0.000833332431,0.00121986242,0.00106352947,0.000801749036
0.0007421154,0.00100884684,0.000523065126,0.00172097113,0.000607810393,0.0018368833,0.000785793663,0.000521221035,0.00167628341,0.0010880849,0.000189408236,0.000767635517,0.00075378807,0.000940070836,0.000943396718,0.000787121686,0.000940061413,0.000712305744,0.00160195343,0.00128544448,0.000766635162,0.000708103548,0.00109000376,0.00110630492,0.00120526133,0.00135604361,0.0020473722,0.0011656826,0.00140023154,0.000675523664,0.00069278796,0.00102136901,0.000976858372,0.00107017375,0.000628931618,0.000834458747,0.00126292566,0.000545213666,0.00124108059,0.000813309215,0.000391389281,0.000868260933,0.000551833208,0.000952759765,0.00144783918,0.00166112787,0.000930821661,0.00198019839,0.00114344284,0.00131446585,0.000809955169,0.000603136236,0.00137394121,0.000295573893,0.00150209392,0.000523208429,0.00103384923,0.000820711125,0.000938011698,0.00095900275,0.000940614192,0.000398470006,0.000521418873,0.000546661861,0.000747325921,0.000532440868,0.000868878245,0.000647342259,0.000384467378,0.00166964423,0.000722137613,0.00101049519,0.00140460207,0.000825602079,0.00163168702,0.000855232843,0.000908825521,0.000873987628,0.000314861692,0.000603226828,0.000874991002,0.00390286969,0.000880775182,0.00100879681,0.00106100875,0.000979582112,0.00114477611,0.00128236051,0.000702740852,0.00121010457,0.00327355431,0.00132605263,0.00171113054,0.000591949938,0.000693855847,0.000882187948,0.000812648336,0.00124513551,0.00107775349,0.000673266931
0.00104467998,0.0011950484,0.000719120383,0.00237796822,0.00065767867,0.00180368867,0.000937206558,0.000489676314,0.00211506391,0.00179432386,0.000207917441,0.000501588026,0.000819955764,0.00118063838,0.000893388435,0.000415075596,0.00090542469,0.000732758569,0.00205913977,0.00155610099,0.000933865748,0.000855651885,0.00126560905,0.00125903705,0.00115453786,0.00158135741,0.00227928145,0.00161991718,0.00143097537,0.0010578572,0.000850919521,0.000853970912,0.00122699285,0.00136623395,0.000558995917,0.000869035984,0.00138998543,0.000424880991,0.000964684405,0.000607729863,0.00052201168,0.00112417957,0.000597779684,0.00120533767,0.00170223489,0.00162594484,0.000879328644,0.00201852319,0.000903614505,0.00142426128,0.00095977063,0.000988223597,0.0012485422,0.00031847158,0.00202428928,0.000726039639,0.00112070346,0.000977436588,0.000601013159,0.0010418475,0.0012296096,0.000610660568,0.000478136583,0.000765241305,0.000811965468,0.000489915219,0.00111856768,0.00092994528,0.000494519435,0.00160717291,0.000786919838,0.00101291442,0.00115074894,0.000774660205,0.0025994823,0.00123635707,0.00126863295,0.00116741759,0.000344263649,0.000654825073,0.000991079941,0.00411815565,0.00079148677,0.00106091537,0.00116009272,0.00114989771,0.0010513931,0.00141193089,0.00103368047,0.00123772551,0.00354098111,0.00164404453,0.00191342505,0.000942507861,0.000676475109,0.000867378645,0.00104300366,0.00139724008,0.000755857507,0.00078294887
0.00102977848,0.00119058588,0.000918104352,0.00275456352,0.000707589085,0.00187740504,0.00101251889,0.000533570765,0.00200400499,0.00174358918,0.000182298971,0.000537923426,0.000887021392,0.00151140448,0.00119320652,0.000532954552,0.00117169956,0.00104018967,0.00203001101,0.00141517595,0.000832409203,0.000925326142,0.00157436451,0.00109996514,0.00134670799,0.00165488839,0.00262946962,0.00212490946,0.00110548146,0.00120460445,0.00112486029,0.000743494321,0.00122936249,0.00153707133,0.000650316166,0.0010352931,0.00145879001,0.000650134676,0.00107981579,0.000622332739,0.000709421313,0.00121905507,0.00037122943,0.00130063342,0.00139677329,0.002257657,0.00121015894,0.00220264432,0.000743840617,0.00174953863,0.000873669443,0.000892618119,0.00135931281,0.000428009708,0.00293378072,0.000611300051,0.00117001236,0.00105587339,0.000837832506,0.00123117762,0.00132182047,0.000520931889,0.000518818607,0.0009298859,0.000887849552,0.000796600748,0.000706679911,0.000834585419,0.000762195072,0.00133443587,0.000848176683,0.00128099428,0.0011020988,0.000658637572,0.0026103744,0.00119276974,0.00140989304,0.001420321,0.00046511689,0.000707151447,0.00129788708,0.00317112071,0.000865301336,0.00115052936,0.00116832958,0.00152247772,0.00129008375,0.00174232775,0.00131344463,0.00124455474,0.00417943494,0.00168059554,0.00202802445,0.00115719231,0.00055005489,0.000661125297,0.000992749092,0.00101056502,0.00082266818,0.00085397063
0.000833797199,0.00128814888,0.00129417661,0.00290406207,0.000860914132,0.00184992183,0.000897487331,0.000673335271,0.00235086888,0.00165378767,0.000398723909,0.000776095795,0.000811768105,0.00154582492,0.00118460034,0.000666032238,0.00107463891,0.000930040874,0.00181470994,0.00152453525,0.000807591934,0.00110965577,0.00170957092,0.00113743963,0.00171578887,0.00182411605,0.00293132153,0.0027008095,0.00119343695,0.00132068029,0.00122737171,0.0011063051,0.00142247418,0.00133359678,0.000697072783,0.000707140902,0.00181384494,0.00080685757,0.000876680644,0.000770638075,0.000728939277,0.00143472006,0.000404899869,0.00154523169,0.00121808563,0.00248756212,0.00130171539,0.00210929774,0.000700489744,0.00189224234,0.00115462347,0.0014477377,0.00138476784,0.00036423224,0.00297770996,0.000661437934,0.0011549561,0.00133396768,0.000966236208,0.00148140729,0.00143047759,0.000564855506,0.00061149621,0.00121016403,0.00115426783,0.00110513253,0.000609755787,0.000810299413,0.000868558681,0.00105825318,0.00102522066,0.0011724482,0.00133945636,0.00091808757,0.00259698152,0.00149760634,0.00193977094,0.00195232279,0.00060325769,0.000949757695,0.00121654534,0.0030396623,0.000951677663,0.00104079978,0.00116189079,0.00141477257,0.00134663207,0.00191897825,0.00153170919,0.0012936002,0.00434515636,0.0015270709,0.00210568537,0.00174842634,0.00089990969,0.000818248523,0.00128502757,0.000892061976,0.000918635681,0.000824998339
0.000891795073,0.00127483157,0.00140328089,0.00349879537,0.00112809291,0.00234814111,0.000745317999,0.000934093794,0.00277516041,0.00177741297,0.000750671983,0.000625391905,0.000867776178,0.00174045214,0.00138048369,0.00071876,0.00115960598,0.00140623441,0.00193499516,0.00188891103,0.00108589387,0.00130534026,0.00189661144,0.00120882189,0.00217935876,0.00214833826,0.00347458959,0.00263440994,0.00120423766,0.00154600457,0.00133659756,0.00118279667,0.00101245272,0.00140830045,0.000850430705,0.000864024778,0.00196783922,0.000865705042,0.0011409643,0.00082491203,0.00106981968,0.00154406002,0.000431360315,0.00152788698,0.00125274035,0.00248755852,0.00157937504,0.00167982996,0.000962260894,0.00183032106,0.00123838804,0.00134422656,0.00161620558,0.000483325691,0.00278658653,0.00101450927,0.00108526998,0.00154671023,0.00104453333,0.00143219638,0.00163900708,0.000389406596,0.000859846884,0.0014144261,0.00108944068,0.00138589622,0.000764441684,0.00106931044,0.00104427835,0.00164401533,0.00133393213,0.0011530416,0.0012306455,0.000772199633,0.00296484445,0.00157198826,0.00195,0.00194034766,0.000976348814,0.000911945658,0.00141702539,0.00410722256,0.00102951145,0.00117792215,0.001249871,0.00146382515,0.00119137702,0.00174723173,0.00164095517,0.00138646341,0.0043473487,0.00163712493,0.00242456896,0.00177858644,0.000863280417,0.000776054366,0.00147083206,0.00063198021,0.00105999701,0.00135195764
0.000852696139,0.00130815982,0.00172790977,0.00337756876,0.00154439912,0.00271257686,0.000674537671,0.00113714066,0.00261808437,0.00211570988,0.00128294952,0.000782908696,0.000698406267,0.0018937122,0.00118684378,0.00127339321,0.00124392292,0.00188863136,0.00217781574,0.0021949051,0.0011806407,0.00138664386,0.00215819081,0.000962669486,0.00212189255,0.00240858185,0.00339506311,0.00250494712,0.00127255985,0.00170267671,0.00179489976,0.00130518489,0.00151269741,0.00175808916,0.000743112213,0.000821596377,0.00183396595,0.00126655096,0.000999774587,0.00110729892,0.00157575658,0.00182331471,0.000465656908,0.00188568096,0.00121332086,0.00257578067,0.00191089727,0.00177753674,0.00113288933,0.00221652053,0.0014454049,0.00167074778,0.00128070857,0.000516314567,0.00288032137,0.00129884283,0.00110448146,0.00134258271,0.00148579917,0.00129747217,0.00208882691,0.00054171014,0.00101844798,0.00162300228,0.00106056849,0.00138319943,0.0010615705,0.000887729528,0.00113185964,0.00153428628,0.00168087037,0.00089907971,0.0011065598,0.000839127359,0.00309894148,0.00167455947,0.00235621623,0.00227409075,0.00128654973,0.000969722955,0.00164101385,0.00429492384,0.00124100143,0.00113582066,0.00160932323,0.00134937507,0.00162677178,0.00164411203,0.0018827994,0.00105321688,0.0047821444,0.00185248072,0.00226113083,0.00191726753,0.000822752299,0.00095591035,0.00136685044,0.00101913399,0.00168577194,0.0018201625
0.00103246261,0.00102458962,0.00183846062,0.0031806512,0.00211889242,0.00272382596,0.000717791998,0.00108748061,0.00207420016,0.0024370491,0.00139381846,0.000839125837,0.000996887946,0.0017532885,0.00120467165,0.00166231592,0.00146341333,0.0021701961,0.00262819789,0.00234246577,0.00112824209,0.0018822976,0.00215570234,0.00125156678,0.00151018941,0.00282719604,0.00347129159,0.00254626514,0.00111620701,0.00198463622,0.00165816327,0.00173798393,0.00170106392,0.00176500362,0.000492428148,0.000999375341,0.00176678523,0.00128503189,0.00131926266,0.00191318837,0.00232617906,0.0022530949,0.000494193167,0.00215680917,0.00129244607,0.00326546422,0.00204654296,0.00158879691,0.000841952531,0.00231105834,0.00165543085,0.00182331253,0.00113851793,0.000655452122,0.00286925484,0.00139308038,0.00082101622,0.00143901859,0.00147435726,0.001396824,0.00206514119,0.000966622396,0.000837521527,0.00198831987,0.00113665358,0.00158357622,0.00152808035,0.000785457445,0.00109196972,0.00152129934,0.00181136188,0.00107784141,0.00120307971,0.00103199152,0.00308752245,0.00160692024,0.00262887236,0.00219383384,0.00125438936,0.00102634285,0.00203300964,0.00457524224,0.00155070155,0.00132894396,0.00227708554,0.00144092406,0.00186012134,0.00176630476,0.00204207392,0.00119104171,0.00573192237,0.00170047064,0.00217661427,0.00255356096,0.00113550351,0.000896172573,0.00130178209,0.00107423987,0.00188634963,0.00201403366
0.000727450965,0.00088573806,0.00194527521,0.00314681104,0.00230846411,0.00303835383,0.000891834904,0.00115919854,0.00175791147,0.00309691915,0.00191702011,0.00102801522,0.00165518859,0.00161616087,0.00127959046,0.00202814191,0.00130633928,0.00275501716,0.00274994,0.00250941288,0.00119920374,0.0025441884,0.00214397225,0.0013334969,0.00146393488,0.00213300223,0.00419451156,0.00219619652,0.0013872388,0.00226648468,0.00160900874,0.00213728701,0.00166369221,0.00200320451,0.00104918174,0.00105485346,0.00147285694,0.00121779398,0.00165858974,0.00203977551,0.00295208322,0.00211556416,0.000655393758,0.00234144744,0.00111579272,0.00317739149,0.00212925555,0.00192581632,0.00114097516,0.00306830063,0.00175548781,0.00155472571,0.000939470308,0.000928832052,0.00265604053,0.00197433649,0.000749813729,0.00143005468,0.00190217923,0.00158730016,0.00204486108,0.000946841509,0.000832051962,0.00185553126,0.00133636099,0.00212792481,0.00148387723,0.00095306308,0.0011744728,0.00216362651,0.00191859959,0.000886976183,0.00113866286,0.000822366979,0.0030504322,0.00168590496,0.00310343361,0.00212445035,0.00107613591,0.00108289942,0.00226700386,0.00442535276,0.00165229702,0.00133137992,0.0032249915,0.00140971553,0.00210859242,0.00201555099,0.00182863735,0.00138801388,0.00572776442,0.00180249977,0.00216905685,0.00322453637,0.00148428186,0.00122432379,0.00107539865,0.0014612479,0.00224243617,0.00214206939
0.000767656882,0.00105014403,0.00205057822,0.00262657964,0.00227090464,0.0035937746,0.000799043097,0.00137912028,0.00159872368,0.00328990091,0.00239895192,0.00108843373,0.00187525873,0.00141622991,0.00135281148,0.00213248136,0.00202174948,0.00265111501,0.00258364518,0.00306953222,0.000992767786,0.0023414215,0.00220113045,0.00152632841,0.00112851031,0.00174473094,0.00392630423,0.00219670946,0.00187839004,0.00273668684,0.00113026473,0.0022896774,0.00184230171,0.00217178132,0.00126068154,0.00153545743,0.00133313478,0.00169837223,0.00191413517,0.00217449951,0.00319907143,0.00236143728,0.000831256138,0.00210319655,0.00157397757,0.00335857899,0.00330513041,0.00190438802,0.00117893665,0.00263570194,0.00158228191,0.00182362718,0.000856896843,0.00134919432,0.00291585105,0.00234710992,0.000800105663,0.00111872713,0.00243239607,0.00152375313,0.00190864986,0.00129217411,0.000889316496,0.00125313223,0.0016951562,0.00170335421,0.00127514768,0.00113507147,0.00124257613,0.00267003684,0.00175412707,0.00120837566,0.00148728845,0.000870576666,0.00264549831,0.00151744913,0.00279159637,0.00201525696,0.00171870194,0.00115236915,0.00271846933,0.0047605733,0.00160648785,0.00192175571,0.0039570774,0.00135117024,0.00223276775,0.001678875,0.0017963264,0.00134030131,0.00554450083,0.0024563337,0.00174678839,0.00373547678,0.00169875663,0.0015786443,0.00162422273,0.00193462127,0.00215489175,0.00220978227
0.00092912314,0.00129657585,0.00227369534,0.0029056486,0.00287719309,0.00335335332,0.000996868461,0.00131348718,0.00153459926,0.00304382587,0.00332868677,0.00131176197,0.00242545614,0.000904566499,0.00221270517,0.00209790115,0.00243758116,0.00293464341,0.002279732,0.00375567348,0.000895254006,0.00290682493,0.00200572756,0.0014373459,0.00147973031,0.00141482841,0.00429936251,0.00193222643,0.00181343985,0.00234265288,0.00133096493,0.00232908964,0.00206052795,0.0024498917,0.00164992094,0.00146219997,0.00170437246,0.00162912513,0.0024626986,0.00245949225,0.00323823639,0.00274566667,0.000660308292,0.00178784402,0.00166343009,0.00299805771,0.00387221171,0.00178131125,0.0013663101,0.00328015416,0.00152186054,0.00148769527,0.000756659029,0.00143697261,0.00306614093,0.00259420913,0.000717155435,0.000890471309,0.00268937701,0.00201525803,0.00199285214,0.00178757736,0.00101818436,0.00130947287,0.00206855554,0.00218698774,0.00133018108,0.00119079008,0.00101258466,0.00249889632,0.0021571624,0.00141523,0.00156918521,0.00119260622,0.00263888921,0.00156717037,0.00306577306,0.00224854025,0.00180153407,0.00115348133,0.00337371964,0.00452488797,0.00165771924,0.0019965765,0.00501412548,0.00128314815,0.00203222588,0.00160077,0.0017444389,0.0015501669,0.00605143151,0.00334935224,0.00211185267,0.00411433705,0.00177541351,0.00180641072,0.0018417491,0.00269971238,0.00322271244,0.00255141002
0.000974113975,0.00176031267,0.00294073847,0.00287723828,0.00251963658,0.00384160636,0.00104571572,0.00198473345,0.0010268433,0.00357844692,0.00365995868,0.0018162553,0.00305924148,0.000790390102,0.00208147748,0.00190923597,0.00292083038,0.00314361517,0.00230543571,0.00392825171,0.000943542729,0.00302887743,0.00230929773,0.00162734127,0.00154059305,0.00147884986,0.00513986197,0.0026017762,0.00265876627,0.00231481635,0.00151698995,0.00227887861,0.00192998881,0.00302231931,0.00222965486,0.00213025112,0.00178977851,0.0017171911,0.0026636247,0.00258319774,0.0036,0.00283243976,0.000852582508,0.00187412419,0.00216763137,0.00264921103,0.00394275782,0.00144258816,0.00128810765,0.00332752114,0.00204200894,0.00112044705,0.000475963964,0.00145429215,0.00303305909,0.00215796024,0.000762309919,0.00109976356,0.00341827488,0.002080233,0.00179572155,0.00235405359,0.0010839289,0.00105247055,0.00216819156,0.00285388426,0.00123973594,0.00165106881,0.00134268248,0.0021508653,0.00177964533,0.00161503332,0.00164670805,0.00107974943,0.00276725496,0.00207499654,0.00316456035,0.00160060969,0.00175550295,0.00106594501,0.00378301001,0.00471134133,0.00206543579,0.00266864019,0.00476190893,0.00134168286,0.00197388236,0.0014945215,0.00166162652,0.00191910133,0.00654324002,0.00413223312,0.00197328141,0.00430188335,0.00202208574,0.00190204476,0.00158023611,0.00320513086,0.00377869261,0.00258648353
0.00129533565,0.00195708997,0.00305250536,0.00233216601,0.0023444838,0.00395533576,0.00124863093,0.00215311192,0.0010824168,0.00425158109,0.00525118254,0.00221764517,0.00275946673,0.00116414369,0.0022484109,0.00215682897,0.00366534354,0.00211721258,0.00274924583,0.00364735966,0.0013082553,0.00376850372,0.00206453929,0.00155917735,0.00158529028,0.00138355196,0.0050251218,0.00270786674,0.00339063059,0.002260087,0.00172386552,0.00208333928,0.00159522659,0.00279955187,0.0023182601,0.00219573023,0.00167841854,0.00156592777,0.00304389634,0.00240038576,0.00374375681,0.00262062194,0.000885813094,0.0024489802,0.00282317847,0.00300033052,0.00454821817,0.00191232696,0.00104197826,0.00278141746,0.00222018166,0.000731209184,0.000832085478,0.00182534982,0.00323957208,0.00211352543,0.000965561972,0.00115435557,0.00357026514,0.00201301018,0.00150488955,0.00262682933,0.0019815015,0.0010871279,0.00176905206,0.0031724953,0.000960924069,0.0015834176,0.00124532922,0.0017549506,0.00153087262,0.00183094398,0.00228778417,0.00110637149,0.0022699772,0.00215053909,0.00401271683,0.00131172776,0.00194158033,0.000883001777,0.00400060256,0.00356423577,0.00257201403,0.00253611872,0.00486579305,0.00171767212,0.00188294386,0.00153191683,0.000951930687,0.00183936085,0.00707189908,0.00432761262,0.00174160891,0.00382719553,0.00226171445,0.00178513557,0.00166238492,0.00357523619,0.00497032119,0.00233956992
0.00165612701,0.00158490385,0.00273908516,0.00224022424,0.00224863658,0.00418275313,0.000986843891,0.00239947391,0.00129491981,0.00324577214,0.0048451424,0.00164365772,0.00298039504,0.00146805205,0.00248756367,0.00191113133,0.00427280155,0.00207719996,0.00287398961,0.00468497746,0.000835559516,0.00355275145,0.00188827466,0.00145179966,0.00148441478,0.0017372094,0.00578395702,0.00280945533,0.00357897845,0.00268432519,0.001600511,0.00231160758,0.00184214236,0.00262380794,0.0026068862,0.00190597125,0.00188743742,0.00145678369,0.00335064158,0.0024975,0.00405592184,0.00283063039,0.00122930906,0.00253293096,0.00304090415,0.00313784375,0.00498732973,0.00205981339,0.00091616974,0.00289214011,0.00227130551,0.00107378609,0.0010217999,0.00202641702,0.00275794704,0.00250195126,0.00119739791,0.00102809954,0.0031650794,0.00241002168,0.00157108943,0.00323570031,0.00190905991,0.00126482417,0.00181040201,0.00374732541,0.000828364636,0.00180180004,0.00112594395,0.00165152947,0.00154852147,0.0018227908,0.00285481545,0.00129996762,0.0022841832,0.00218510847,0.00480617836,0.00165328723,0.00210157443,0.00120608903,0.0043932711,0.00358109726,0.00242005723,0.00334981353,0.00467060558,0.00129428812,0.00161368129,0.0022960085,0.0011479175,0.00218023462,0.00666549638,0.00582349402,0.0017991492,0.00362202477,0.00219409344,0.00185185041,0.00182163749,0.00415892247,0.00623651462,0.00171968964
0.00153515793,0.00200927693,0.00299400944,0.00212426962,0.00254139936,0.00384937048,0.00102951002,0.00247990454,0.00133044869,0.00337625076,0.00610653332,0.00188711723,0.00274636549,0.00224094858,0.0031911286,0.00148417025,0.0050573083,0.00212878906,0.00291948561,0.00586952426,0.00104076614,0.00406503523,0.00210389361,0.00136301629,0.00187905491,0.00128431316,0.0059284988,0.00303592943,0.00410729094,0.0031429087,0.00147953692,0.001759154,0.00227106009,0.00272433153,0.00198091496,0.0022324959,0.00190972116,0.00101385685,0.00310291211,0.00244029806,0.00342218811,0.00244180547,0.00161317555,0.00292598942,0.00309693773,0.00247681784,0.00494328042,0.00210280297,0.00063251174,0.00175963179,0.00194521154,0.00142925391,0.00139567125,0.00210575648,0.00267961694,0.00242287445,0.00159546477,0.000897184452,0.00308060602,0.00250208804,0.00147299404,0.00404359869,0.00255288272,0.00143426715,0.00197726372,0.00478141688,0.00136472051,0.00200709873,0.00148662036,0.00119576181,0.00184924056,0.00188215936,0.00403918645,0.00117056726,0.00239986581,0.00128865635,0.00501780761,0.00167892789,0.00236449401,0.00122737071,0.0048958612,0.00348065237,0.00337119151,0.00323866354,0.00527569976,0.00183425022,0.00150905726,0.00236621797,0.00152180977,0.00192759168,0.00762665526,0.0065449564,0.00234544949,0.00405696183,0.00226994592,0.00207541261,0.00199235996,0.00558480644,0.00687560069,0.0019766408
0.00205858902,0.00192461962,0.0040997368,0.00217864363,0.00226358246,0.00347583957,0.00125380467,0.0030707104,0.00138026422,0.00291686442,0.00719755858,0.00175346133,0.00234348939,0.00256069822,0.00396688389,0.00102267067,0.00515995745,0.00235891617,0.00335945806,0.00695055704,0.00126513883,0.00516105464,0.00217028635,0.00125529634,0.00245700038,0.00130633669,0.00613207954,0.0029606391,0.00464235988,0.00289072603,0.00169519997,0.00150401129,0.00210115827,0.00230169974,0.00185631987,0.00274370113,0.00194449159,0.0015845047,0.0035958267,0.00224376192,0.0040770919,0.00259283886,0.00145249603,0.00281590482,0.00270055202,0.00177242037,0.00546629493,0.00205273716,0.00048473111,0.00179179262,0.00249086901,0.00177935936,0.00160886817,0.00242914781,0.00271600356,0.00187011101,0.00165868337,0.00111255544,0.00297567296,0.00255275868,0.00143970436,0.00510111041,0.00288517021,0.00147299308,0.00168435101,0.00547166156,0.0012282839,0.00219711828,0.00118443283,0.000872145058,0.00232683153,0.00194651392,0.0050657668,0.00119230203,0.00301568318,0.00115759817,0.00494303176,0.0017020607,0.0028719149,0.0012610331,0.00522657205,0.00352113198,0.00357461758,0.00340425949,0.00565270456,0.00205937901,0.00135984804,0.00265957958,0.00233402427,0.00268444875,0.00806300985,0.00704979717,0.00277248177,0.00332254153,0.00195764601,0.00159631193,0.00190015232,0.00642589976,0.00694673734,0.00240251677
0.00225406541,0.00259361704,0.0044793787,0.00213160532,0.00161839864,0.00214515553,0.00111982233,0.00371915717,0.00158954405,0.00249625373,0.00799039957,0.00126103431,0.00257687902,0.00330932584,0.00389380699,0.000873669643,0.00391781151,0.00203816814,0.00389990666,0.00839654085,0.00163576751,0.00518558575,0.00204707863,0.00088410267,0.00219378037,0.00140845063,0.00642273364,0.003004066,0.00511194132,0.00313602877,0.00208115968,0.00182958517,0.00170410614,0.00262123298,0.00170551672,0.00296492139,0.00196674498,0.00144770221,0.00403891791,0.00203064334,0.00345092153,0.00302193396,0.00156521748,0.00236363408,0.00244698147,0.0021921827,0.00509079061,0.00209474628,0.000330142253,0.00202952185,0.00332084984,0.00233489132,0.00181126744,0.00217938175,0.00295497728,0.00208550423,0.00150915172,0.00209204833,0.00286944009,0.00294831242,0.0020207341,0.00628635438,0.00321027275,0.00149030992,0.001629222,0.00657197912,0.00144170267,0.00233156568,0.00156467596,0.000895095098,0.00279783313,0.00214850365,0.00615695464,0.00174947853,0.00248756403,0.000839350287,0.00516884665,0.00138323994,0.00316705887,0.00161264187,0.0058510577,0.00339213272,0.00425570188,0.00434934245,0.00424198038,0.00174794908,0.00172235828,0.00253956169,0.00355113964,0.00244299684,0.00876854429,0.00863320907,0.00282137422,0.00273504235,0.00164564021,0.00178252985,0.00216021664,0.00703059428,0.0078492871,0.00265452867
0.00265164228,0.00278323693,0.00524775978,0.00235006551,0.00199687453,0.0021949894,0.000754148348,0.00429584491,0.00143600791,0.00282196284,0.0088634021,0.0014746556,0.0024682669,0.00388911727,0.00490373833,0.00072595211,0.00386235687,0.00203741051,0.00382377333,0.00777346665,0.00167472855,0.00648875993,0.00225380927,0.000742819696,0.00209364091,0.00152207075,0.00602409629,0.00285408447,0.00557754639,0.00338645108,0.00211901889,0.00197948211,0.00191479212,0.00234879509,0.00211132649,0.0028164397,0.00200182279,0.0016688339,0.00386136324,0.00242491841,0.00401724651,0.00360535255,0.00176304874,0.00262172383,0.00202156632,0.00203816818,0.00482925171,0.00195248546,0.000672380098,0.00149672727,0.00396414898,0.00246724571,0.00184672149,0.00258665425,0.00251075992,0.00214285555,0.00150347841,0.00233690238,0.00255520889,0.00250223326,0.00171852306,0.00707862802,0.00370523257,0.00148686392,0.00157811508,0.00734798081,0.00183688062,0.0027013783,0.00196218434,0.000732466959,0.00283208303,0.00166025819,0.00674157553,0.00237801443,0.00303811788,0.000850630515,0.00504336061,0.00156636181,0.00387596362,0.00151336768,0.00650480956,0.00334743036,0.00612879339,0.00523513308,0.00365736789,0.00195312796,0.00210896355,0.00242032963,0.00435650805,0.00261048086,0.00993765319,0.00829605207,0.00307581017,0.00275957064,0.00131381599,0.00252025295,0.00148230418,0.00647277402,0.00743756479,0.00293369836
0.00289066195,0.00264113699,0.00498251203,0.00292287582,0.00219992841,0.00167941658,0.00116256559,0.00494108761,0.00180050104,0.00308369986,0.0104078132,0.00187723108,0.00307581095,0.00484337256,0.00496719442,0.000371125947,0.00335629268,0.00206108126,0.00403293327,0.00863226637,0.00169045992,0.00665451073,0.00211379028,0.000763357419,0.00248311406,0.00206789773,0.00629245189,0.0023818247,0.0060561583,0.00397634907,0.00249553997,0.00130743235,0.00242600859,0.0013152562,0.00213054541,0.0023125209,0.00202727765,0.00169779274,0.00428408851,0.00247194802,0.00508778918,0.00357717658,0.00159914816,0.00249711887,0.00191105129,0.00207508147,0.00514924093,0.00196206963,0.0010191961,0.0018889306,0.00383809874,0.00240881401,0.00185769994,0.00282736061,0.00291226799,0.00217352106,0.00191717974,0.00240529003,0.00202503635,0.00255521149,0.00206069769,0.00687984357,0.00365199121,0.00117429905,0.00214630689,0.00761509218,0.00204879446,0.0030405396,0.00236320554,0.000936329393,0.00229273605,0.00156249934,0.00602864111,0.00225794244,0.00412216476,0.00103092564,0.00580867741,0.00151540996,0.00395915717,0.00246783346,0.00589282555,0.00358873272,0.00735020528,0.00514068919,0.00355379602,0.00215865766,0.0023276621,0.0024803647,0.00548939233,0.00396976017,0.0106132148,0.010143537,0.00296022414,0.00254213266,0.00134357134,0.00200109162,0.0015235186,0.00772720875,0.00716098915,0.00279608509
0.00331646236,0.00333111331,0.00481885213,0.00258868815,0.00238684374,0.00171265517,0.00137985466,0.00373706394,0.00200437306,0.00341973467,0.0118665956,0.00153639153,0.00330274996,0.00508298888,0.00516054608,0.000377146088,0.00266098942,0.00220264128,0.0038337023,0.00893920415,0.00225988827,0.00768949757,0.00179597933,0.000862665358,0.00272880247,0.00158926542,0.00612244649,0.00202952189,0.00691976847,0.00405658348,0.00307636617,0.00155551155,0.00261994741,0.0016722388,0.00230991661,0.00246872962,0.00201133857,0.00195350883,0.0046604569,0.00210043791,0.00409249403,0.0038537362,0.00146092025,0.00235155524,0.00107180914,0.00232603137,0.00474683345,0.00262209414,0.00138551996,0.0019212306,0.00334330371,0.00285614881,0.00190694105,0.00325145265,0.00333394476,0.00220345259,0.00154469644,0.00264604443,0.00223089607,0.00275128353,0.00289798799,0.00773903732,0.00361842546,0.00102916202,0.00199059101,0.00786850961,0.00208333563,0.00296710208,0.002423563,0.000945360055,0.00308754154,0.00140252659,0.00600686489,0.00258780157,0.00515562538,0.00103627177,0.00667764214,0.00171232988,0.00354980448,0.00273174104,0.00584400457,0.0038071098,0.00833956991,0.00552836607,0.00345598417,0.00291385539,0.00235720895,0.00213995134,0.00603317689,0.00567963068,0.0108932529,0.00994336628,0.00281584384,0.00242172373,0.00235063488,0.00148892621,0.00211051573,0.00820793181,0.00923189865,0.0030985357
0.00345438496,0.00337552333,0.0039797446,0.00309597203,0.00283335838,0.0019331103,0.00120264536,0.0043394426,0.0019945627,0.00325379406,0.0132350046,0.00174824934,0.00315282054,0.00478369362,0.00487044854,0.000671268942,0.00250133879,0.00278792731,0.00323936296,0.00841683374,0.00225945713,0.00893021241,0.0020287742,0.00122249377,0.00346395499,0.0016325037,0.00570032972,0.00185048103,0.0075800674,0.00337766343,0.0031319111,0.00177444844,0.00297323967,0.0015141697,0.00250723174,0.00229057955,0.00200913098,0.0019872805,0.00455840748,0.00172249047,0.0037546939,0.00430648015,0.00148560764,0.0025901605,0.000919119619,0.00195312978,0.00538890229,0.00247198458,0.00193730029,0.00249999846,0.00340746034,0.00257092311,0.00213882806,0.00274423604,0.00411368835,0.00169236799,0.00135816907,0.00268373435,0.0020579977,0.00313479938,0.00317964935,0.00701344481,0.0028280517,0.00139324001,0.00201243851,0.00748107346,0.00213674891,0.00246892661,0.00228093611,0.00115852293,0.00292772484,0.00156985932,0.00509909705,0.00259836664,0.0060217522,0.00120295756,0.0081451341,0.00198549817,0.00380067784,0.00259259127,0.00549609134,0.00371885524,0.0118293615,0.00592309453,0.00311721036,0.00295094427,0.00288586535,0.00222271725,0.00702620378,0.00682762733,0.0107771366,0.0105433971,0.0032529651,0.00241712844,0.00237342107,0.00148533276,0.00211701081,0.00859254176,0.00972581693,0.00350989251
0.00269347742,0.00432716873,0.00365697772,0.00312988557,0.00300141651,0.00136798866,0.00123051507,0.00404498191,0.00257684502,0.00323974124,0.0150792485,0.00198058882,0.00316220262,0.00460347668,0.00536246902,0.00143375579,0.00232516752,0.00291036081,0.0031551294,0.00669642398,0.00222098459,0.00999141215,0.00204422923,0.00176771972,0.00444543689,0.00168602438,0.00489196946,0.00202989624,0.00707322547,0.00338552659,0.00372856329,0.0019980006,0.00308435652,0.0021286153,0.00229797571,0.00163880871,0.00148147957,0.00243753408,0.00368898646,0.00263852528,0.00395807014,0.0044335861,0.00131677829,0.00260782271,0.00055959632,0.00159108921,0.00634075152,0.0024748388,0.00230660179,0.00268507746,0.00342095627,0.00196956172,0.00332746348,0.00352897726,0.00335132735,0.0019004202,0.00195122136,0.00251203372,0.00204498807,0.00348202837,0.00263424216,0.00639905889,0.00285844597,0.00159801235,0.00234389799,0.00675202031,0.00260260078,0.00252823354,0.00232918858,0.00152788031,0.0032151352,0.00189982974,0.00431779467,0.00337520823,0.00692142629,0.00174306843,0.00835547771,0.00232718369,0.00380388903,0.00246491966,0.00518762114,0.00398812694,0.0131870303,0.0048428391,0.0027530742,0.002620743,0.00273895349,0.00224164998,0.0076893863,0.00800433925,0.0119880157,0.0112782031,0.00304182403,0.00205725927,0.00301810468,0.00128961034,0.00258570894,0.00903925676,0.009678633,0.0030461313
0.00236149073,0.00471132699,0.00350618297,0.00334843357,0.00265439912,0.00137632505,0.00123762714,0.00349023109,0.00314581619,0.00366923656,0.0165271776,0.00259377469,0.00320150911,0.00503356066,0.00502714604,0.00237011614,0.00214438861,0.00271370472,0.00283185822,0.00597322759,0.00216294008,0.0112103432,0.00185666746,0.00215710746,0.00460363737,0.00170551774,0.00534429981,0.00258302619,0.00672947856,0.00319625061,0.00395927955,0.00199640792,0.00313188039,0.00231534978,0.00271580445,0.00133355097,0.00147248108,0.00209205178,0.00377429901,0.00265553584,0.00399568977,0.00620324412,0.001134,0.00281463436,0.000570557953,0.00162965715,0.00651283296,0.00282344941,0.00252388832,0.00250096355,0.00291864094,0.00215053182,0.00409756241,0.00354941103,0.003619046,0.0016942755,0.00216706296,0.00274666779,0.00204346961,0.00400000095,0.00295256028,0.00568182471,0.00331732482,0.00196674434,0.00294957329,0.00604626924,0.00295375621,0.0029995014,0.00216279987,0.00172711599,0.00275280105,0.00221729365,0.0036384574,0.00398406364,0.00783699379,0.0015587098,0.00954745989,0.00234986631,0.00377904186,0.00249376477,0.00524384366,0.00439745968,0.0137337552,0.00439721584,0.00298635141,0.00223922486,0.0028024721,0.00250854892,0.00745983378,0.00810997129,0.0106039145,0.0106579191,0.00343053104,0.00239275451,0.00305498905,0.00113164765,0.00236384195,0.00912534958,0.0108229316,0.00306211818
0.00202391962,0.00683383523,0.0033444855,0.00398089085,0.00295011657,0.00178465175,0.00123406177,0.00351547054,0.00350165755,0.00371242132,0.0182914163,0.00283802659,0.00224173253,0.0052910001,0.0067622091,0.00245607542,0.00205871935,0.00273865286,0.00258928061,0.00664757429,0.0016187044,0.00989917735,0.00128558302,0.0019985457,0.00537757587,0.00174182551,0.00471118225,0.00203854268,0.00627291893,0.00365120806,0.00488080319,0.00221194515,0.00335457787,0.00285035781,0.00297678121,0.001665559,0.00218978288,0.00254993813,0.00390552646,0.00265957783,0.00472112455,0.00591387827,0.00133434858,0.00332259303,0.000770415803,0.00125971253,0.00642490539,0.00300701244,0.00273672381,0.00307337407,0.00254916277,0.00199022914,0.00391159963,0.00304297883,0.00363705868,0.0014185727,0.00198648901,0.00251572541,0.00169619468,0.00403148516,0.00316455653,0.00548804329,0.003228781,0.00254360332,0.00279869021,0.00534431442,0.00323051126,0.00392713287,0.00178926372,0.00213384533,0.00273323565,0.00272526147,0.00255653831,0.00382848094,0.00904443763,0.00189884134,0.00981902345,0.00297879191,0.00447333818,0.00307574167,0.0056032281,0.00389289645,0.0135135226,0.0035029525,0.00235546464,0.00261388517,0.00274240187,0.00277777359,0.00750144351,0.00892732598,0.00987857434,0.0114285754,0.00303260227,0.00237368672,0.00380579852,0.00132001112,0.0025060303,0.00974007294,0.0132335352,0.00329597908
0.00183553791,0.00918257954,0.00303203027,0.00417328464,0.0029842708,0.0013869642,0.00144628222,0.00273778354,0.00408012184,0.00406724252,0.0202856506,0.00266666422,0.00226116232,0.00473285225,0.00754224031,0.00253807261,0.0018063601,0.00219385832,0.00245991386,0.00797014172,0.00285764967,0.0104767187,0.00127504397,0.00174632611,0.0061714308,0.00137416272,0.00469196033,0.00239190753,0.00574041141,0.00323345266,0.00545916482,0.0021964892,0.00354430085,0.00306748262,0.00308457698,0.00181548103,0.0019816236,0.00299209377,0.00368935422,0.00343249171,0.00456423065,0.00575567353,0.00193873552,0.0037,0.000772795865,0.00170939869,0.00664532345,0.00249211324,0.00348560374,0.00421214405,0.00308138561,0.00146439881,0.00496820088,0.00249567698,0.00322152649,0.00177836178,0.0022,0.00227743105,0.00149114418,0.00492848459,0.00310301988,0.00534654246,0.00346260368,0.0025763658,0.00259465941,0.00448154169,0.00370369955,0.00518946311,0.00200481073,0.00235063196,0.00272875915,0.00376454629,0.0017956906,0.00286369213,0.0107643685,0.00192880788,0.011253081,0.0033274916,0.0041169756,0.00306278267,0.00693835674,0.00397727362,0.0143012307,0.00300163927,0.00255754488,0.00279589738,0.00345669145,0.00255813896,0.00783489998,0.0079568122,0.0120207294,0.0110909406,0.0033853712,0.0025449589,0.00412371124,0.00171396069,0.00230202477,0.00951733997,0.0155180214,0.00244010731
0.00183688127,0.0106567957,0.00229929402,0.00466362529,0.00222945054,0.00137903975,0.00123076808,0.00245599239,0.00380263054,0.00409761245,0.0229508378,0.00331057482,0.00172512859,0.00535152509,0.00698946459,0.00280163604,0.00162866471,0.0022389615,0.00259836975,0.00760455757,0.00354044439,0.00987884214,0.00127365489,0.00191991497,0.00840909024,0.00217348038,0.00448613624,0.00242040366,0.00526008413,0.00370935846,0.00545201797,0.00317334444,0.00400199646,0.00357739096,0.00353107705,0.00181398464,0.00232683058,0.00300493298,0.00301424678,0.00359168601,0.00391559886,0.00465722338,0.0021346812,0.00466177388,0.000393314028,0.00175092827,0.00842916292,0.00232287972,0.00351787166,0.00497417172,0.00345077834,0.0012825199,0.00491062323,0.00212847853,0.00366128305,0.00224089326,0.00179784013,0.00205001989,0.00111524378,0.00559737239,0.00289675571,0.00510102,0.00348270135,0.0026007788,0.00277512419,0.00409051503,0.00322441714,0.00560975457,0.00241935474,0.0023767094,0.00254406479,0.00354729396,0.00158888014,0.0036850278,0.0115601029,0.00195625033,0.0108009832,0.00333683538,0.00386140532,0.00304297725,0.00732983707,0.00345356896,0.0142935304,0.00280187876,0.00214087162,0.0026129166,0.00277150805,0.00332462493,0.00746974426,0.00831370657,0.0105295405,0.0109812554,0.00348431797,0.00205479622,0.00475305259,0.001545296,0.00193584178,0.00835450547,0.0165902355,0.00225835758
0.00182149002,0.0117293141,0.00330097312,0.00408692362,0.00244424003,0.00136372539,0.00100421843,0.00284610357,0.00456370803,0.00409090663,0.0239091219,0.00391671949,0.00195579881,0.00608732304,0.0069937173,0.00264599997,0.00144430351,0.00247882922,0.00305385438,0.00763888937,0.00404217651,0.0110456585,0.00181751967,0.00168532819,0.00808989106,0.00238378602,0.00352326063,0.00243263684,0.0047188346,0.00284962724,0.00632403192,0.00314403382,0.00462733649,0.00343275793,0.00283457872,0.00181637866,0.00194278034,0.00257345021,0.00263396168,0.00340071878,0.0040650439,0.00452714036,0.00344036052,0.00409836,0.000785392506,0.00177738265,0.00739559805,0.00283569909,0.00450957705,0.00571973519,0.00362384319,0.00166327856,0.00503290373,0.00213841091,0.00411985447,0.00222552114,0.00198255122,0.00143943986,0.00185254016,0.00679216275,0.00293378256,0.00459356109,0.00351123283,0.00203515291,0.00330002653,0.00340254396,0.00258508998,0.00574620679,0.00279497233,0.0029803318,0.00200108993,0.00383524808,0.00218731753,0.0036986521,0.0129406996,0.00160256678,0.0102617863,0.00348007354,0.0040477192,0.0022800696,0.00865799972,0.00341064363,0.0129222883,0.00279229017,0.00256520127,0.00304878425,0.00255310585,0.00406212802,0.0080963937,0.00829417178,0.00983737794,0.0107741316,0.00338620804,0.00186061938,0.0043415362,0.00174859086,0.00226860024,0.00940589229,0.018165506,0.00206611515
0.00127341848,0.0129688101,0.0035516919,0.00386290921,0.00243932097,0.000962649925,0.000982899457,0.00323232329,0.00588127681,0.00375045749,0.0242335409,0.00433704668,0.0013594845,0.00620732596,0.00774719598,0.00310968556,0.00108912531,0.0020648415,0.00357076164,0.0081034567,0.00374531557,0.010454878,0.00165077075,0.0018548452,0.00880864033,0.00199960016,0.00316706068,0.00257684435,0.00473839606,0.00287356254,0.0086752457,0.00272745366,0.00443452528,0.00282021264,0.00243160821,0.00198642822,0.00224874222,0.0021321996,0.00234023564,0.00302171486,0.00385632047,0.00394440364,0.00416351999,0.00398565576,0.00137470269,0.00183865621,0.00712635709,0.00279422003,0.00413611041,0.00642378601,0.0036877089,0.00148864909,0.00531195575,0.00184609487,0.00481124762,0.00221443165,0.0021346809,0.0022244656,0.00183688191,0.00751433849,0.00271058945,0.00562926963,0.00354023892,0.00165654047,0.00356405578,0.00281392821,0.00235697188,0.00558524069,0.00277117492,0.00279218534,0.00144404154,0.00457113782,0.00241158016,0.00392618653,0.0124357804,0.00124644049,0.0119819767,0.0039817001,0.0039244854,0.00208096757,0.0108882088,0.00328883834,0.0121139187,0.00311332364,0.00193715119,0.00302972697,0.00197177194,0.00384153526,0.00818757075,0.00683907472,0.00929627963,0.010340017,0.00389587576,0.00230871033,0.00444123005,0.00174486485,0.00222856275,0.0102461294,0.0171334004,0.00253281255
0.0012612603,0.0126050293,0.00352872074,0.00388136942,0.0019866337,0.000765696653,0.000960062311,0.0034308774,0.00646113719,0.00322046096,0.0232728539,0.00410424656,0.00116913605,0.00648036013,0.00726538947,0.00343994201,0.000908759949,0.00209511976,0.00532318966,0.00774126299,0.00406577368,0.0102684258,0.00220183193,0.00158954349,0.00969670145,0.0025712045,0.0031219507,0.00282023784,0.00412979118,0.0033333303,0.0103377651,0.00368074143,0.00588010498,0.00255161374,0.00308896368,0.00184038768,0.00241670514,0.00207468914,0.00328014666,0.00291792333,0.00400534387,0.00358085534,0.0043363524,0.00259067926,0.00273972587,0.00235348906,0.00661001267,0.00210867886,0.00350312633,0.00642500888,0.00418745918,0.0018601194,0.00555874453,0.00201923246,0.00463564124,0.002224282,0.00211092041,0.00218124271,0.00181455177,0.00776273951,0.0026837328,0.0055821383,0.00404088338,0.00146627207,0.0035250476,0.00268144289,0.00246094235,0.00519440024,0.00298447766,0.0025671384,0.00197026546,0.00504799064,0.0022026393,0.00389863529,0.0101365382,0.00144875099,0.0121245984,0.00344885341,0.00453564011,0.0022484517,0.013742489,0.00310257431,0.0117832636,0.00355594892,0.00192925761,0.00299065486,0.00176165912,0.00337919545,0.00741423891,0.00830530474,0.00820645366,0.00878577944,0.00393976128,0.00211107177,0.0046073249,0.00194932022,0.00207857413,0.0111074218,0.0183447579,0.00436379891
0.00107449803,0.0128731177,0.00369290441,0.00337435169,0.00236105979,0.000757719862,0.00132150164,0.00378939137,0.00621234698,0.00297453025,0.0221805479,0.00438060336,0.00117485967,0.00736757507,0.00738118496,0.00328638281,0.00071878011,0.00167468887,0.00610939104,0.00751366496,0.00466093489,0.011302001,0.00240518139,0.00191704874,0.0106666576,0.00317334499,0.00193835892,0.00350467629,0.00464252769,0.00381337115,0.0125721512,0.00386921877,0.0057872338,0.00275481409,0.00313676807,0.00151133375,0.00273224518,0.00225271085,0.00360344876,0.00267626601,0.00380143861,0.0030245765,0.00437779031,0.00299281619,0.00419267019,0.00259556223,0.0060498838,0.00175915285,0.00374601761,0.00755546457,0.00503597186,0.00178236428,0.00485529478,0.00250048167,0.00478116875,0.00240963901,0.00207978822,0.00239903933,0.00214822686,0.00746268486,0.00225780296,0.00444400526,0.00403513487,0.00110497212,0.00334634243,0.00288652344,0.00249837289,0.0050489235,0.00292283847,0.00218167463,0.00198019774,0.00661593926,0.00199520946,0.00387747278,0.00985477607,0.00126605408,0.0118095684,0.00387335851,0.0038759713,0.0025873251,0.0155495727,0.00388274414,0.0116236146,0.00371521585,0.00217817176,0.00331126203,0.00135954756,0.00311600953,0.00942706316,0.00816960226,0.00738188724,0.0086520913,0.00311958012,0.0019308106,0.00417972346,0.00194589978,0.00237466627,0.0116445994,0.0198022823,0.00478359078
0.00122763889,0.0129138317,0.00325421298,0.00346192276,0.00234572364,0.00170067818,0.00128818369,0.00363815636,0.00593529864,0.00354213332,0.0217041041,0.00486717538,0.00137957997,0.00844129931,0.00799200237,0.0033094316,0.00107623176,0.00187305093,0.0059592483,0.00688384745,0.00402709982,0.011197394,0.0028376842,0.00207792112,0.0107036811,0.00353356469,0.00269178966,0.00398794561,0.00461014121,0.00329095973,0.0132900837,0.00418250326,0.00633617175,0.00224820057,0.00317662515,0.00167672787,0.0025501511,0.00262785521,0.00372422865,0.00266495282,0.00311110971,0.00282326863,0.00495234467,0.00340408011,0.00533279935,0.00261096943,0.00652933376,0.00188087891,0.00377571977,0.00784202703,0.00573580643,0.00262270576,0.00487347596,0.00265151568,0.00515938289,0.00277726339,0.00189501775,0.00267910092,0.00159546405,0.00718095739,0.00182333766,0.00382653498,0.00332462205,0.00109489148,0.00369140017,0.00319926609,0.00227076066,0.00493562849,0.0031152642,0.00258912878,0.00182215974,0.00771505334,0.00199322078,0.00347826048,0.0104602594,0.000806449699,0.012925457,0.00423940131,0.00319624855,0.00223588667,0.0179388058,0.00406503969,0.0113846829,0.00457290834,0.00217391103,0.00329429044,0.00188402567,0.00285442465,0.00995575493,0.00840080896,0.00701753975,0.00822769458,0.00256060018,0.00176140697,0.00410095333,0.0025145114,0.00276673423,0.0137772869,0.0203244018,0.00471380559
0.00137033546,0.0115645211,0.0047160967,0.0034530349,0.00236020266,0.00190186349,0.0016351731,0.00360905195,0.00569168075,0.00392523364,0.0209765221,0.00575990067,0.00138312419,0.00975657536,0.00908357428,0.00332164973,0.000989564733,0.00205634137,0.00672043415,0.00635510241,0.00438275838,0.0129487256,0.00344761485,0.00285714035,0.00971074396,0.0034951484,0.00324985587,0.0040485789,0.00494071425,0.0037722945,0.0140977377,0.00460653122,0.00895696884,0.00177501522,0.00383387242,0.00150325856,0.00267379513,0.00275916644,0.00410889045,0.0023576377,0.00264958852,0.00283876186,0.00570413386,0.00342327135,0.00710116646,0.00306315127,0.00639036053,0.00202082607,0.00353619985,0.00889813854,0.00521114523,0.00297842339,0.00427430509,0.00301091086,0.00496210561,0.00275482223,0.00151515191,0.00264135787,0.00195104827,0.00801315127,0.00161714449,0.00348230269,0.00282685143,0.00135869607,0.00368255941,0.00293470479,0.00299721876,0.00454889923,0.00365595672,0.00255152054,0.00180765992,0.00703021064,0.0021662074,0.00339174375,0.00921516057,0.00100972861,0.012262055,0.00337171166,0.00318742097,0.00203327245,0.0194690224,0.00371747519,0.011390978,0.00388735039,0.0021682583,0.00311640511,0.0014743056,0.00332225532,0.0115622645,0.0090170388,0.00681251649,0.00811223123,0.00234741882,0.00159871994,0.00496513597,0.00233054763,0.00249913341,0.0143711472,0.0216042878,0.00535236079
0.00134907176,0.0116225072,0.00561692665,0.00347153105,0.00220143253,0.00188395026,0.00232641448,0.00337772705,0.00455073444,0.00355206786,0.0229587199,0.00579536162,0.0011808711,0.0101707944,0.00973380637,0.00365697732,0.00143317778,0.00286943977,0.00651609287,0.00576540747,0.00418181715,0.0118598503,0.00328121922,0.00313221284,0.00970873718,0.00270270194,0.00267278165,0.00424389258,0.00505550355,0.00348028256,0.0149364317,0.00447993772,0.00945765124,0.0017586304,0.00379427008,0.00148050752,0.0021720938,0.00255905521,0.0043741561,0.0021664557,0.00306613917,0.0018709102,0.00585610322,0.00307565487,0.00884869441,0.00256709117,0.00564414876,0.00183710775,0.00275431498,0.00882185286,0.00513976992,0.0034373911,0.00428145755,0.00290752166,0.00487847769,0.00311070895,0.00169077623,0.00295682978,0.0021250193,0.0091477846,0.00197746147,0.00330032966,0.00326340009,0.00153818435,0.00350876719,0.00283519942,0.00338481354,0.00462754985,0.00365174018,0.00245146385,0.00269783944,0.0070205699,0.00215011664,0.00262861358,0.0100740139,0.00138172472,0.0128136006,0.00352170093,0.0029952981,0.00144014346,0.021083669,0.00393622757,0.0118461919,0.0042031253,0.00172228133,0.00218499702,0.00167539172,0.00306170719,0.0124359845,0.0100684303,0.00633150109,0.00780074563,0.0024793358,0.00128617359,0.00567226725,0.0017424993,0.0022986574,0.0138980139,0.0236425397,0.00520487751
0.00148809551,0.0127969426,0.00567019881,0.0034354087,0.00219378248,0.00205376738,0.00280997194,0.00260216308,0.00500578014,0.0033815505,0.0245081331,0.00608559643,0.00117233394,0.0119320299,0.0101798812,0.00419020761,0.00250581685,0.0032540185,0.0065457344,0.00610376636,0.00467373517,0.010691825,0.0041176485,0.00402965219,0.011095568,0.0032996886,0.00265151599,0.00492312243,0.00483425071,0.0039803293,0.0166595274,0.00497658279,0.0106974486,0.00173460657,0.00433312167,0.0013067604,0.00165207135,0.00291375418,0.00345907393,0.00195451266,0.00280595798,0.00185460011,0.0058268565,0.00310302034,0.0101488401,0.00296060682,0.00511464446,0.00180913409,0.00220062074,0.00878816135,0.00558709134,0.00450616368,0.00495512809,0.00295475227,0.0048834844,0.00289226017,0.00206379069,0.00255905368,0.00191371293,0.00857992303,0.00155702391,0.0029832925,0.0034666048,0.00227107668,0.00364630577,0.00372647908,0.00399915861,0.00475482423,0.00376222456,0.0022235131,0.00304604892,0.00700082592,0.00233145565,0.00314465611,0.00872274463,0.00136586955,0.0147111748,0.00316557751,0.0029711364,0.00133570535,0.0212486603,0.00353982616,0.0122126577,0.00395733267,0.00150440551,0.00270611924,0.00211327007,0.00300647594,0.0125683069,0.0109237226,0.00502845919,0.00708349519,0.00227901785,0.000790639974,0.00525873081,0.00172479881,0.00227311405,0.0148178649,0.0246277398,0.00610569349
0.00163506038,0.0127740089,0.00543880001,0.00262492674,0.00234868689,0.00240696341,0.0033095335,0.00247618747,0.00485908466,0.00336322737,0.0248164455,0.0057971062,0.00117531741,0.0130929925,0.010701548,0.00362384263,0.00268096579,0.00343712078,0.00598526794,0.00629824999,0.00514069849,0.0100909164,0.00418743824,0.00397645944,0.0112502442,0.00388846731,0.00291956708,0.00547007714,0.00442825956,0.00402366577,0.0172748843,0.00480297856,0.0109155582,0.00173799779,0.00444256928,0.0011481049,0.00179416517,0.00249424383,0.00323049649,0.00139324173,0.00318878047,0.00182282076,0.00539646936,0.00264442349,0.0106175783,0.0028805673,0.00555849138,0.0016556305,0.00219057837,0.00924215154,0.00564772497,0.00565226033,0.00452574641,0.00331187399,0.00544752915,0.00344016003,0.00207508194,0.00217907926,0.00171585153,0.00980195731,0.00134434324,0.00279888202,0.00319634914,0.0026097908,0.00322118727,0.00390843361,0.00503990204,0.00555388838,0.0031675056,0.00239417373,0.0030254516,0.00669469172,0.00253115247,0.00248939642,0.0107605495,0.00162454558,0.0151812647,0.00304438811,0.00188402534,0.00160485395,0.0207418441,0.00383028452,0.0139236008,0.00351810911,0.00190355448,0.0021695894,0.0020981988,0.00252525169,0.0115349651,0.0118933319,0.00583225684,0.00667779104,0.00192092386,0.000952379566,0.00493800833,0.00132701308,0.00245015201,0.0160369047,0.0254977877,0.00578034297
0.00185304426,0.0134670353,0.00612699404,0.00218092157,0.00214861254,0.00256786396,0.00392157045,0.00216776261,0.00407134737,0.00296570865,0.0253616611,0.00699962236,0.0013610728,0.0134546154,0.0100277929,0.00382096505,0.00300141174,0.00340545081,0.0058264575,0.00498676584,0.00622223072,0.00717529152,0.00378255939,0.00344827219,0.0138753899,0.00461915733,0.00387743297,0.00539264955,0.00399922624,0.00385913914,0.0194468388,0.00387058187,0.0124764998,0.00149828766,0.00493386325,0.00115378214,0.00159362961,0.00310137361,0.00254453181,0.00190246063,0.00300020976,0.00162045132,0.00486752903,0.00241254334,0.0103986131,0.00300300075,0.00578034793,0.00165662585,0.00165532386,0.00868213887,0.00602089715,0.00640687988,0.0047717094,0.00386669565,0.00624179003,0.00302652548,0.0026022335,0.00180722824,0.00150125198,0.00961666043,0.00149225685,0.00260625488,0.0031524478,0.00292035659,0.00297879631,0.00538649997,0.00723119955,0.00641237405,0.00313595516,0.00283768366,0.00261643286,0.00639925114,0.00345489663,0.00230499784,0.0126871819,0.00217746132,0.0155807418,0.00349539139,0.00207899947,0.00106138153,0.0186976797,0.00364101837,0.0144335999,0.00382092277,0.0016704966,0.00216255335,0.00189353658,0.00246305567,0.0117371008,0.0119252066,0.00537830127,0.00825770335,0.00221905509,0.000795800073,0.00508087612,0.00170036208,0.00225300276,0.0154933985,0.0286447565,0.00508849488
0.00168512431,0.0140740352,0.00546600577,0.00223588889,0.00215749367,0.00196991417,0.00436240902,0.00234346013,0.00406032457,0.00305555452,0.0247163193,0.00733910614,0.000979815377,0.0150250109,0.00937561857,0.00366434634,0.0027991631,0.00337167844,0.00542318263,0.00458622666,0.00607180784,0.00689654852,0.00331372227,0.00270677182,0.0153338924,0.00555659666,0.00361111128,0.00502512326,0.00420907952,0.00453028394,0.0206962053,0.00361881367,0.0142513657,0.00169240754,0.00696176518,0.00148367918,0.00125786311,0.00383068631,0.0020421007,0.00137386401,0.0028600604,0.00124644098,0.00538615362,0.00238568479,0.00975144046,0.00342099632,0.00431870497,0.00140761438,0.00161493161,0.00868151166,0.00561600538,0.00613927984,0.00511437741,0.00382263151,0.00613992611,0.00264457073,0.00257305672,0.0016243665,0.0016339892,0.0104146491,0.00166235435,0.00261411681,0.00444148754,0.00319792932,0.00253764523,0.00608943858,0.00834535437,0.00626547384,0.00307859607,0.00281215051,0.00243436093,0.00689203986,0.00343118174,0.00281562023,0.0130299904,0.00242543656,0.0163591994,0.00365474608,0.00204081713,0.00141869,0.0189617324,0.00342198163,0.0143372335,0.00388513532,0.00207296985,0.00231481567,0.00227932142,0.00241492779,0.0117341437,0.00996801807,0.00502242012,0.00907294303,0.00202051358,0.000636739745,0.00452954187,0.0016990752,0.00189612003,0.0161363354,0.0310955141,0.00379379837
0.00136392679,0.0135055936,0.00497696546,0.00264936808,0.00196358373,0.00178444043,0.00437857686,0.00176481392,0.0041666673,0.00303699378,0.027728322,0.00708371326,0.00118203584,0.0161026668,0.00791096291,0.00401753122,0.00257643637,0.00324931234,0.00486725475,0.0045454497,0.00583142317,0.00660274702,0.00269905449,0.00265957798,0.0179457564,0.00554511205,0.00312902211,0.0048800634,0.00446862996,0.00494350381,0.0209643748,0.00300842937,0.0137495655,0.00176605277,0.00756634355,0.00165590283,0.00093254398,0.00366582916,0.00170331456,0.00152232351,0.00328097181,0.00123066168,0.00515273601,0.00252084199,0.00950389542,0.0033564121,0.00389448636,0.00176704386,0.00176960121,0.00865332605,0.0055234137,0.00632529388,0.00554016596,0.00444001516,0.00617284297,0.00209095406,0.00353645738,0.00141728936,0.00143586693,0.00964812724,0.00236191777,0.00217606361,0.00638345069,0.00310344589,0.00166889142,0.00743282727,0.0082183424,0.00673246486,0.00268865872,0.00275279846,0.00208261059,0.00682168239,0.00377714395,0.00286276537,0.014168336,0.001878018,0.0190088535,0.00440767515,0.00200843806,0.0015937642,0.0184343299,0.0025052963,0.0139548494,0.00405816473,0.00224352788,0.00229925889,0.00207684143,0.00303424581,0.0108924789,0.0109223269,0.00469775928,0.00973040578,0.00186625287,0.000635323847,0.00368249141,0.00242945265,0.0013694194,0.017313099,0.0302842908,0.00423162407
0.00136788049,0.0146131379,0.00504677661,0.00277231614,0.00264410759,0.00249776597,0.00463346644,0.00157000265,0.00611563735,0.00238357139,0.02629724,0.00634256416,0.00156250372,0.0160893242,0.00782488281,0.00393559973,0.00287259251,0.00296764441,0.00481679416,0.00420167983,0.00490196074,0.00658963796,0.00240173029,0.00266938272,0.0183364639,0.00707108739,0.00289959971,0.00476738333,0.00524169768,0.00557664582,0.02414008,0.00278829329,0.0122767863,0.00195191854,0.00844222112,0.00249542673,0.000762660314,0.00451662595,0.00183402114,0.00166306028,0.00366119133,0.00105041962,0.00545354857,0.00210163607,0.00792602854,0.00248138385,0.00419800399,0.00234982961,0.00157700865,0.00880660894,0.00486195581,0.00700519972,0.00520452303,0.00476018764,0.00615900986,0.00171203703,0.00501343263,0.00159394518,0.00140559161,0.00961894449,0.00249866383,0.00175438943,0.00629203421,0.0033253722,0.00187785836,0.0100270007,0.0087405617,0.007583829,0.00289880552,0.00318355175,0.00189589573,0.00630285406,0.00391645052,0.00273272584,0.0153814635,0.00219876397,0.0214351186,0.00509992984,0.00239712327,0.00209350639,0.0203089509,0.00209085921,0.0146826239,0.0033484011,0.00222716845,0.00228070476,0.00184237274,0.00253378599,0.00945047413,0.0108431508,0.00525946763,0.0104620798,0.00184729164,0.000783699734,0.0030562359,0.00238051636,0.00150007946,0.0167375839,0.0319214636,0.00383834268
0.00142225093,0.0141121329,0.0042143481,0.00259996527,0.00261323952,0.0029866472,0.00458640092,0.00154376892,0.0069917614,0.00257494884,0.0280381338,0.00786306294,0.0021215052,0.0178295578,0.00955665893,0.00422163606,0.00320674807,0.00207625096,0.00531466233,0.00424901532,0.00469647261,0.00564456678,0.00252831367,0.00186755053,0.0204558015,0.0068991219,0.00288704291,0.00412931296,0.00517241446,0.00434272689,0.0239984049,0.00293829415,0.0124828932,0.00231854863,0.00919698837,0.00199733931,0.00134649991,0.0050844185,0.00189998512,0.00149775374,0.00335634354,0.00103501817,0.00548067927,0.00246445258,0.00695091757,0.0022321431,0.00373392838,0.00228782041,0.00172979937,0.00907441603,0.00482093409,0.00830640809,0.00538889811,0.00472689083,0.00784805341,0.00152594061,0.00474824683,0.00118906108,0.00122081631,0.00850246773,0.00244073214,0.0014628458,0.00733885898,0.00337039889,0.00182916971,0.0113897345,0.0083151946,0.00846165934,0.00282002605,0.00316455742,0.00128622675,0.00607708564,0.00303196982,0.00314136132,0.0146793213,0.00190311308,0.0219083942,0.00514951659,0.00225711625,0.00208550379,0.0203906682,0.00206301635,0.0162147813,0.00296247755,0.00219560983,0.00225420107,0.00162999315,0.00269709633,0.00839894639,0.00984581517,0.00527043475,0.0110497203,0.00176353381,0.00138525302,0.00360216303,0.00294695384,0.00131172878,0.0184240149,0.0332512008,0.00295858024
0.00139816708,0.0124800078,0.00414247586,0.00275898968,0.0024217242,0.00355162907,0.00487328943,0.00146466481,0.00755712635,0.0028839184,0.030271753,0.00793649994,0.00226886203,0.0176163414,0.0107671663,0.0032229982,0.00283995472,0.00314581717,0.00528434662,0.00340334572,0.00538552733,0.00507522317,0.00317083196,0.00147950232,0.0208999899,0.00717439317,0.00288652685,0.0042173564,0.00620154487,0.0052570106,0.023643285,0.00372476089,0.0107288892,0.0022602198,0.00988564835,0.00232172288,0.00148257925,0.00623082775,0.00241727976,0.00133222278,0.00333142642,0.00103181382,0.00594286909,0.00260320075,0.00633339247,0.00181123121,0.0044837889,0.00288418766,0.00171057069,0.00899928412,0.00508560131,0.00930365701,0.00615547926,0.00378071506,0.00859509682,0.00134205593,0.00460421329,0.00136266248,0.0013541965,0.00737973236,0.00259695059,0.00153403958,0.00828960766,0.00345964567,0.00211731378,0.0117105008,0.00773395021,0.00922256503,0.00254108111,0.00330415848,0.00127442992,0.00618690807,0.00274373237,0.0032236187,0.0143734239,0.00189198675,0.0222020051,0.00605390371,0.00193013032,0.0020650467,0.0209822906,0.00225521749,0.0184823424,0.00269563627,0.00195274204,0.00204533973,0.00159968019,0.00183523659,0.00877646468,0.00976418488,0.00501081547,0.0108035047,0.00197149155,0.00152765074,0.00398009914,0.00322412209,0.00136198611,0.0181925615,0.0318934259,0.00250912327
0.000933125754,0.0115492707,0.00294082478,0.00271786865,0.00205902057,0.00393632985,0.00457684466,0.00199890839,0.0072659682,0.0030259861,0.0308422514,0.0102888041,0.00203477866,0.0197368698,0.0107465035,0.00366019865,0.00282439599,0.00284821928,0.0057983273,0.00312618306,0.00524978871,0.00405572361,0.00275049422,0.00167785161,0.0223072165,0.00579920613,0.00339285193,0.00479616627,0.00702164502,0.00474976371,0.0247069965,0.00365736814,0.0103832516,0.00240477226,0.00988997113,0.00316301614,0.00101302593,0.00577214441,0.00290567984,0.00186282742,0.0032362437,0.00172950675,0.00650148515,0.00356740497,0.00496225747,0.00220175956,0.00446352773,0.00300014935,0.00217718718,0.00725921189,0.00442847507,0.00808424951,0.0056720407,0.00409137321,0.00927913702,0.00182542685,0.00496862062,0.00175952972,0.00118976728,0.00669479394,0.00222717465,0.00133105022,0.00858324381,0.00391517602,0.00257169497,0.0140048079,0.00775194661,0.00938720074,0.00332668214,0.00321830945,0.00117666582,0.0060250584,0.00227148864,0.0027236694,0.0143074794,0.00203355503,0.0233454116,0.00687285258,0.00210124333,0.00237328156,0.0196786475,0.00277264377,0.0178445286,0.00252155493,0.00209883414,0.00201782333,0.00157263979,0.0020820936,0.00828122471,0.0103574719,0.00482762773,0.010168363,0.00173166867,0.00198019833,0.00426604262,0.00331463485,0.00104680829,0.0192211194,0.0320664979,0.00272727499
0.00122511451,0.00927476255,0.00245398678,0.00242929171,0.00222717306,0.00413920502,0.00487454599,0.00218978419,0.00660174935,0.00264830968,0.0306958621,0.0108932416,0.00201909044,0.0205173135,0.0116800663,0.00407925301,0.00298457936,0.0030674813,0.00701435431,0.0028624183,0.00651707382,0.00263574374,0.00266666603,0.00214681276,0.024134713,0.00556253879,0.00387178661,0.00572245875,0.00769231208,0.00577315061,0.0239299803,0.00404623994,0.00904481313,0.00208096816,0.0100379118,0.00385232999,0.000858613109,0.00619251917,0.00414752995,0.00166445054,0.0028253863,0.00188517652,0.00692041388,0.00431519614,0.00494042157,0.00213509255,0.00479577365,0.00337787902,0.00231061557,0.00784556286,0.00403682195,0.0105004824,0.00571428698,0.00365266204,0.0105637488,0.00276963586,0.004708908,0.00182973723,0.00103458577,0.00645806347,0.00285043875,0.00149253685,0.00991325912,0.00411091143,0.00244948056,0.0165950343,0.00666158931,0.00955272456,0.00307245214,0.00378854121,0.00117944384,0.00575631303,0.00151921389,0.00343834296,0.0143178139,0.00202292602,0.0213262502,0.00758049799,0.0020916506,0.00258505958,0.0179992279,0.00274172946,0.0192050039,0.00168107454,0.00280846205,0.00164284957,0.00155581568,0.00222265138,0.00738222571,0.0102113895,0.00472231522,0.00839527238,0.00213864397,0.00238913205,0.00468003914,0.00404557394,0.00103550345,0.0195898445,0.0302388808,0.0030385884
0.0012104715,0.0110297364,0.00171909997,0.00198139149,0.00240508743,0.00429365692,0.00502986382,0.00236536125,0.00750162595,0.00350631517,0.030352455,0.0114879837,0.00234149638,0.0213184239,0.011187356,0.00415580568,0.00299999933,0.00328363138,0.00728391234,0.00275457833,0.00641337571,0.00209937697,0.00243036071,0.00257337228,0.0242101527,0.00531726813,0.00423881228,0.00597672673,0.00895166362,0.00540362061,0.0244490549,0.00478561041,0.0089330388,0.00241995216,0.00865208675,0.00445940013,0.00142470172,0.0063747236,0.00551389673,0.00131536018,0.00288963508,0.00220078033,0.00649350575,0.00525733468,0.00416381051,0.00226287652,0.00512946287,0.00333913957,0.00211004296,0.00827381391,0.00251492827,0.0108202748,0.00497678822,0.00319148862,0.0110136656,0.00276243203,0.00414762835,0.00199316561,0.000588235549,0.00440124208,0.00165782237,0.00128960917,0.0110271589,0.00591715411,0.00303305586,0.0178724984,0.00644916785,0.00972079313,0.00364500706,0.00405242528,0.00132691938,0.00519228001,0.00148445689,0.0040707719,0.0125408933,0.00201477489,0.02208774,0.00917286397,0.00256507602,0.00238213112,0.0166583805,0.00291971047,0.0198725781,0.00249116167,0.00349007929,0.00211210772,0.000959509992,0.00311085991,0.00759804147,0.0105646301,0.0039467745,0.00742494104,0.00168473691,0.00302717178,0.00396460001,0.00480769573,0.00101996267,0.0208402333,0.0273781052,0.00346281421
0.00112833004,0.00961137142,0.00149526848,0.00227005265,0.00205725572,0.00439834145,0.00516512814,0.00217746216,0.00898300109,0.00426532565,0.0292360242,0.0109806103,0.0023185243,0.0228443653,0.0113374554,0.00440352746,0.00265957253,0.00368938721,0.00699043829,0.00259201537,0.00750158762,0.00210933476,0.00237920908,0.00264219234,0.0237917375,0.00539693762,0.00460704385,0.00652781886,0.00939773334,0.00482455664,0.0241640674,0.00480861166,0.00772645968,0.00254314257,0.00769506774,0.00466707693,0.00174751565,0.00695594228,0.00587370896,0.00132122322,0.00220062195,0.00250208608,0.00652024339,0.00536265921,0.00466433768,0.00218978279,0.00535144087,0.00305676471,0.00210594612,0.0093553287,0.0026275198,0.0107893213,0.00517967723,0.00264889645,0.0109183362,0.00367882493,0.00494882457,0.00214432358,0.00044273921,0.00401385892,0.00212037461,0.00127180217,0.0130942732,0.00674603127,0.00326598136,0.0215063812,0.00633750345,0.00985572724,0.00415512789,0.00405953863,0.00148196744,0.00481239646,0.00138097665,0.00443696864,0.0118444847,0.00250459617,0.0222101614,0.0104035391,0.00252856307,0.00268118416,0.0136607485,0.00305481362,0.020693029,0.002431908,0.00359389555,0.00256246121,0.000747664276,0.00448964848,0.00656189768,0.00945315735,0.00498816438,0.00671628527,0.00180011427,0.00393815964,0.00435967382,0.00581121831,0.0013152144,0.0201962169,0.0263971441,0.00338708657
0.00112393298,0.0096675483,0.00113433715,0.00183333599,0.00219557091,0.00370981238,0.00602501205,0.00232766263,0.00842917903,0.00471779804,0.0280889439,0.0108515822,0.00246435203,0.0255143122,0.0107795811,0.00501911481,0.00231023435,0.00459829941,0.00690671581,0.00288136076,0.00722965737,0.00234538098,0.00268096642,0.00289734963,0.0254989318,0.00495473014,0.00582646513,0.00624999769,0.0119312371,0.00449389628,0.0255688798,0.00476280718,0.00628777091,0.00322061104,0.00760390035,0.00433430386,0.0017139745,0.00557077273,0.00666666424,0.000987167994,0.0017580877,0.00245982285,0.00627012594,0.00558457689,0.00432724308,0.00230128825,0.00585245544,0.0030563211,0.00209340154,0.0085919275,0.002263125,0.0115744703,0.00539682708,0.0016783901,0.0110814364,0.00357085921,0.00440199473,0.00230840216,0.000441371358,0.00399853879,0.00194457924,0.00107066391,0.0140253822,0.00767063737,0.00356347102,0.0242429521,0.00589998016,0.00956983566,0.00419161986,0.00411252239,0.0027250188,0.00470017275,0.00155172448,0.00428200044,0.010724588,0.00315561899,0.0224539912,0.0110622945,0.00175828011,0.00311103942,0.0113144761,0.00320341558,0.0227922674,0.00322528541,0.00302868481,0.00253928038,0.00129008513,0.00445474783,0.00663893314,0.00824912151,0.00455826731,0.00635525245,0.00162085897,0.0042840525,0.00435091783,0.00526717436,0.00103366868,0.0225674387,0.0249777756,0.00332178335
0.00127570433,0.00935492181,0.00111820913,0.0018254278,0.00200333897,0.00383861139,0.00708471514,0.00266335635,0.00982993184,0.00520122708,0.0268414414,0.0105042009,0.00245012544,0.0266506655,0.0112974435,0.00534674796,0.00232751505,0.0050496264,0.00635236572,0.00248303705,0.00753351474,0.00285121805,0.00226323452,0.00301410983,0.0247808091,0.0033630379,0.00634494449,0.00572204007,0.0113911358,0.00423101478,0.0257188757,0.00470544047,0.00507982785,0.00408018317,0.00776886194,0.00497173339,0.00222702364,0.00672604277,0.00763694366,0.0014534897,0.00169376713,0.0027592894,0.00679347124,0.0057017524,0.00488547225,0.00242423942,0.00572546935,0.00274685281,0.00207899892,0.00970560039,0.00252862867,0.01295951,0.00527808625,0.00157158703,0.0117134322,0.00371893956,0.00393441784,0.00230032622,0.000440528637,0.00362778515,0.00192926023,0.00070237193,0.0145858843,0.00853830445,0.00340036009,0.0243945779,0.00567758332,0.00996905904,0.00395256506,0.00476729449,0.00305180036,0.00355526651,0.00171821114,0.00479890357,0.00980921431,0.00283853835,0.025106748,0.0116189106,0.00211708188,0.00361010273,0.0091614428,0.00317684537,0.0228579658,0.00381497132,0.00281096106,0.00327971657,0.00160313281,0.00469691974,0.00654057856,0.00898623832,0.00452005695,0.00650877241,0.00153075293,0.00443185852,0.00382742303,0.00565013679,0.000737245353,0.0227864562,0.02594326,0.00351213606
0.00126075394,0.00958577854,0.00149629895,0.00164500978,0.00165125178,0.00370489249,0.0075361934,0.00300619509,0.0105844557,0.00504626644,0.0247388174,0.0109309604,0.00241754662,0.0271214052,0.00884282518,0.00615264358,0.00248756115,0.0049974161,0.0063909686,0.00274592368,0.0070279576,0.00332764287,0.00134975257,0.00322624436,0.0246990147,0.00382250808,0.00669249196,0.00504152252,0.0111334027,0.00433347215,0.0275410401,0.00506187202,0.00486521106,0.00391577229,0.00899279756,0.00464081235,0.00277300491,0.0070131293,0.00702062439,0.00191479293,0.00168463815,0.00222894378,0.00698137761,0.00668618422,0.00488573867,0.00222602845,0.00552446172,0.00228734679,0.00173885702,0.00876074687,0.00203843995,0.0119488526,0.00530752658,0.00140734869,0.0122104544,0.00337255165,0.00333441869,0.00209854285,0.000589971337,0.00363636244,0.00204917996,0.00120814407,0.0155737606,0.00866933072,0.00264978529,0.0237008738,0.00521596504,0.0103557858,0.00376157603,0.00489808446,0.00323115023,0.00305810664,0.00154267988,0.00398077385,0.0102149597,0.0030191233,0.0265588842,0.0127345017,0.00265276052,0.00355761728,0.00759184007,0.0024514102,0.0239221862,0.0041042931,0.00311795856,0.00316406866,0.00175407933,0.00471132799,0.00580585745,0.00832776088,0.00462661902,0.00592639323,0.00150808837,0.00454151713,0.00322033959,0.00525919935,0.000744379543,0.0235513493,0.0247101186,0.00336488035
0.00161266591,0.00977633351,0.00138760249,0.00206611441,0.0014868643,0.00364790075,0.00908292381,0.0033468356,0.0116492897,0.00513669795,0.0226233593,0.00993200276,0.00241254729,0.0276095174,0.00777504387,0.00632618707,0.00211933643,0.00541730434,0.00663749227,0.0025364637,0.0070637909,0.0039649117,0.00132319063,0.0030889613,0.0231400235,0.00331180617,0.00702370941,0.00477729493,0.0105570137,0.00384770903,0.0256955926,0.00483870713,0.00415425116,0.00396073875,0.00971039051,0.00515156717,0.00360655664,0.00788672577,0.00700867957,0.00157035016,0.00149303533,0.00174936308,0.00753643515,0.00703080558,0.00503562932,0.00233178149,0.00488053925,0.00184214135,0.00188708584,0.00881297258,0.00192967613,0.0106866448,0.00541601406,0.00109068437,0.0130891361,0.0031822397,0.00389444994,0.00233645092,0.000664010713,0.00374465463,0.00188088081,0.00102145136,0.0172413768,0.00923100163,0.00247740961,0.0238467455,0.00460320645,0.0105497111,0.00399030793,0.0054523075,0.00375939939,0.00368235115,0.00170155063,0.0032171168,0.00919031276,0.0027385885,0.0286346397,0.0125545,0.0033557013,0.00377643674,0.00767721989,0.00276577621,0.023346939,0.00411262242,0.00276290718,0.00302114088,0.00170736015,0.00600548849,0.00513017006,0.00752653274,0.00438247071,0.00570794986,0.000883869755,0.00480493569,0.00293542365,0.00466516294,0.00119278424,0.0253408126,0.0255636276,0.00345247706
0.00189669922,0.011038162,0.00152532026,0.00215767489,0.00180298674,0.00397691722,0.0100274102,0.00280259229,0.0127054232,0.00518688546,0.0217752953,0.00938674225,0.00171555958,0.024999965,0.00634182632,0.00663580866,0.00131147268,0.00613136504,0.00536404258,0.00288161576,0.00789662838,0.00479636851,0.00130165759,0.00313693243,0.0234576673,0.00356102266,0.00732884955,0.00490841666,0.0113681222,0.00318662046,0.0246158999,0.00504090299,0.00478099593,0.00421300271,0.00978390535,0.00510128888,0.00340090739,0.0085242426,0.0078170229,0.00154726974,0.001709263,0.00189124976,0.00758080271,0.00585990849,0.0050342417,0.0026380849,0.00448270686,0.00199487208,0.00173173928,0.0102560181,0.00222903495,0.0108659707,0.00527808502,0.000780153964,0.0120005571,0.00271865791,0.00405469957,0.00197948404,0.000785584016,0.0040414679,0.00172117003,0.00132978421,0.0180638592,0.00911671976,0.00277170331,0.0236989949,0.00529486938,0.0107693085,0.00330799874,0.00541678722,0.00394525414,0.00332805345,0.00118423174,0.00262329434,0.0084891576,0.00170787591,0.0307178825,0.0137220061,0.00361598424,0.00332790587,0.00589453643,0.00360576918,0.0245144909,0.00445080225,0.00310184461,0.00283624304,0.00185434714,0.0071295174,0.00556063414,0.00793396729,0.00434439829,0.0057002008,0.000882076126,0.00460963457,0.00294727454,0.0046616574,0.00133848929,0.0253295137,0.0251647144,0.002585518
0.00144969866,0.011471742,0.0013646707,0.0022992327,0.00162284887,0.00383612533,0.011578658,0.00259246524,0.0133091192,0.00389357441,0.020459004,0.00779036761,0.00236805957,0.02384516,0.00622336191,0.00677547985,0.00147034721,0.00754435268,0.00500847115,0.00231088676,0.00787739096,0.00558985017,0.0011283031,0.00330991941,0.0243881865,0.00335945769,0.00884434448,0.0045156573,0.01156073,0.00278164243,0.0250486846,0.00536622401,0.0043306565,0.0036855011,0.0101798349,0.00436584348,0.00401554376,0.00907473973,0.00742396259,0.00151034988,0.00168,0.00155159036,0.00772772341,0.00581977193,0.00505660809,0.00260501265,0.00423668916,0.00171086405,0.00142630945,0.0119970157,0.002324308,0.0104820039,0.00525621458,0.000618239228,0.011722585,0.00268035378,0.00363062385,0.00160456367,0.00122279234,0.00416304791,0.00125727224,0.00146175366,0.0200906133,0.00959964657,0.00249633099,0.0232452607,0.00518935933,0.00985738482,0.00318290872,0.00570267527,0.00403289678,0.003575311,0.0013291274,0.00264271147,0.00881581441,0.000887525463,0.0295526338,0.0146517868,0.00305535716,0.004300917,0.00563909798,0.00358178172,0.0246181832,0.00436992952,0.0032809551,0.00205912426,0.00217609442,0.00737290663,0.0056952168,0.00820447741,0.00360896888,0.00591357195,0.00128569269,0.00434405634,0.00232018343,0.0042175083,0.00119224757,0.0260731588,0.0246220923,0.00273011392
0.00164803821,0.0121985018,0.00120718497,0.00244060956,0.00176536864,0.00380922608,0.013390983,0.00312608086,0.0133283712,0.00288600194,0.0183348497,0.00730505021,0.00201410118,0.0249116698,0.00535743946,0.00717150296,0.00195122302,0.00686997383,0.00525135763,0.00198594532,0.00762868937,0.0051392533,0.000800510219,0.0034338841,0.0254813343,0.003130874,0.00844649927,0.00509616974,0.0107680576,0.00215855564,0.0266111007,0.00638618524,0.00471063659,0.00361329589,0.0097054887,0.00408677704,0.00407398021,0.00867000163,0.00733391551,0.00148676957,0.00180931608,0.00115118997,0.00816642684,0.00509676633,0.00411245462,0.00259108706,0.00328855012,0.00177380423,0.000952230112,0.0133529026,0.00251393004,0.0115649528,0.00594763698,0.000763241214,0.0124737186,0.00235777155,0.00281955167,0.00176429072,0.00138251004,0.0050897149,0.0017200926,0.00143655294,0.0188970471,0.0102639285,0.00236896311,0.0228515052,0.00622711193,0.00980934795,0.00291262054,0.00697931176,0.00401049039,0.00449691107,0.00148982269,0.00210875625,0.00827737007,0.000640615062,0.0284739378,0.0136138492,0.00278927222,0.00474956473,0.00512899975,0.002724796,0.0267683565,0.0045003132,0.0036045329,0.00201728913,0.00232171892,0.00761810874,0.00566208817,0.00666253058,0.00324124127,0.00580956136,0.00107541627,0.0036797187,0.00180668458,0.00442410017,0.00119278369,0.0263806896,0.0244206951,0.00266311924
0.00192389781,0.0128043348,0.00135583169,0.00225915426,0.00191052212,0.003654643,0.0150905794,0.00274395288,0.0153250671,0.00271651968,0.0185849431,0.00727650095,0.00174912409,0.0237954594,0.00555187477,0.00712643693,0.00213429916,0.00684253383,0.00574952269,0.00195430101,0.00615604955,0.00490767187,0.000955259721,0.00382858179,0.0295584965,0.00256489824,0.00809381798,0.00481927368,0.00996291343,0.00215813501,0.0257206751,0.0070776688,0.00459116254,0.00304973422,0.00970711379,0.00416728723,0.00429928624,0.0099414134,0.00667329573,0.00206519873,0.00226032751,0.00127704042,0.00665671734,0.00481163079,0.00425772814,0.00207933753,0.00356294386,0.00162521243,0.00110812123,0.013135462,0.00250203006,0.0123446759,0.00686352965,0.000753124953,0.0125103684,0.00182648405,0.00246951899,0.00209900345,0.00137295295,0.00692663167,0.00185672486,0.00172657116,0.0198825978,0.011109503,0.00297309633,0.0215885608,0.00676649919,0.00772094527,0.00350948919,0.00641214324,0.0045461537,0.00429227536,0.00106418057,0.00165463163,0.00791268764,0.00110777085,0.0265529246,0.0142103684,0.00279531153,0.00453707763,0.00490421504,0.00265957018,0.028336654,0.00414236788,0.00370434649,0.0020535349,0.00190428626,0.00790182516,0.00718825845,0.0062376426,0.00291366309,0.00508423031,0.00115020325,0.00371636678,0.00162962877,0.00499768976,0.0016250531,0.024245144,0.0248227248,0.00261096995
0.00221049739,0.013502272,0.00104806103,0.00173255548,0.00205989147,0.0031526838,0.0143501356,0.003407161,0.0154425885,0.0026954174,0.018394919,0.00572551822,0.00138707481,0.0226288554,0.00513840886,0.00677609235,0.0016087497,0.00593303663,0.00585991027,0.00224449707,0.00549530025,0.00505050511,0.00174881274,0.00382909992,0.0326461003,0.00263770287,0.00768350143,0.00461465801,0.00906136884,0.00215095826,0.0262772962,0.00819054132,0.00494906815,0.00275103071,0.00905052071,0.00443918105,0.00442272004,0.0103080574,0.00577301777,0.00144383218,0.00234668611,0.00134750682,0.00758955164,0.0039168501,0.0034241599,0.00224358588,0.0031210926,0.00177531424,0.00127348017,0.0120291639,0.00262202672,0.012090353,0.00615901191,0.00120937461,0.0125747442,0.0016226571,0.00235813221,0.00224486546,0.0015929009,0.00833333584,0.00193139951,0.00264591319,0.0194660808,0.0116507668,0.00301477483,0.0236863971,0.00775399908,0.00695016693,0.00418266124,0.00629162289,0.00427742115,0.00411246153,0.00113158559,0.00111890179,0.00771659477,0.00155690376,0.0235381998,0.0130219677,0.00295910751,0.00494420539,0.00660191519,0.00256834936,0.0251708759,0.00462391423,0.00452836473,0.00248862078,0.00236966286,0.00879020395,0.00700365412,0.00665769805,0.00332728415,0.00432802549,0.00126295924,0.00331075543,0.00160748311,0.00583359329,0.00190002872,0.0237076394,0.0211227624,0.00220628374
0.00135058499,0.0137347707,0.00150285779,0.00140012214,0.00222575944,0.00283370005,0.0155817408,0.00458481906,0.0157046341,0.00233499342,0.0187398165,0.00446203745,0.00161733886,0.0242477634,0.00542228492,0.00582980418,0.00175578774,0.00548563937,0.00651769493,0.00235536265,0.00519030575,0.00500797659,0.00176452046,0.00392443768,0.0347862801,0.00229990585,0.00709336834,0.00546221435,0.00860778305,0.00195007811,0.0273534508,0.008472999,0.00522968514,0.002829064,0.00919745699,0.00576411816,0.00542695198,0.0117633382,0.00526833331,0.00143492628,0.00330007875,0.00104089277,0.00748665571,0.00375319066,0.00299576419,0.00209306261,0.00262140992,0.00176229995,0.00143586831,0.0126266009,0.00275759728,0.0129113565,0.0060945817,0.00164867974,0.0112821816,0.00201612783,0.00238379063,0.00253292785,0.00173789142,0.0104078507,0.00291276793,0.00340715842,0.0179810069,0.0125137372,0.00422557064,0.0236430375,0.00799930677,0.00602076495,0.00431270771,0.00616457851,0.00509274072,0.00351596745,0.000965093435,0.000798258827,0.00850104996,0.00154344819,0.0239626824,0.0128298643,0.00314804233,0.00537409255,0.00649743534,0.00252114692,0.026913759,0.00380981751,0.00362013334,0.00224845212,0.00218481509,0.00840488899,0.00723522626,0.00592365361,0.00268456164,0.00430253312,0.00107772813,0.00271657213,0.00143492845,0.00650841329,0.00202722589,0.0213576177,0.0190761488,0.00360360194
0.00142085801,0.0132413702,0.00163837031,0.000608644247,0.00174520227,0.00291035969,0.0170833408,0.00462656935,0.0166618396,0.00199938627,0.0180581865,0.00352170217,0.00192461965,0.0250707092,0.00588235332,0.00566636002,0.00195122244,0.00538411655,0.00682146443,0.00224670644,0.00464306496,0.00394801844,0.00192987678,0.00359472289,0.033920388,0.00280642987,0.00731991655,0.00601825985,0.00887246065,0.00155098995,0.0273696889,0.00923555204,0.00638799546,0.00277777894,0.00746029708,0.00637736064,0.00558528678,0.0132728279,0.00450326964,0.00201178258,0.00425690777,0.000891395508,0.00852046207,0.00332839906,0.00229193614,0.00158478997,0.00245633362,0.00162154502,0.00190053789,0.0127648311,0.00262202411,0.0141282201,0.00641338355,0.00208799075,0.0110668066,0.00204254041,0.00280236542,0.00257989435,0.00209145073,0.0112586142,0.00254354157,0.00402246207,0.0182305779,0.0113524177,0.00522193572,0.0241448578,0.00852419224,0.00537263957,0.00388230164,0.00674474522,0.0049529825,0.0032309039,0.00110584629,0.00100661508,0.00983267672,0.00154368699,0.0233234818,0.0111781306,0.00313676469,0.00465498066,0.00737951315,0.00235313162,0.0289001696,0.00394357226,0.00362498661,0.00212917169,0.0023745458,0.00929338929,0.00690243379,0.00526923494,0.00332054652,0.00420294523,0.00120192343,0.00292533176,0.00157120588,0.00679450329,0.00184685618,0.0201756603,0.0181285502,0.00370370852
0.00142510961,0.0138414626,0.00177435704,0.00118378352,0.00190961018,0.0026622609,0.0162660105,0.00444224537,0.0158625617,0.00151538095,0.0187118876,0.00347278195,0.00255509419,0.0283859093,0.0061939657,0.00514216363,0.00219905656,0.00528507408,0.00650605553,0.00251220106,0.0039113527,0.00314049611,0.00178455309,0.00335255477,0.0350561917,0.0031975041,0.0077798211,0.00711646323,0.0074407478,0.00172810782,0.029926977,0.00948851953,0.00688420461,0.00218786793,0.00696445993,0.00765418653,0.00529535091,0.0126485402,0.00390731726,0.00206729613,0.00393175168,0.000732495215,0.00871956198,0.00297486127,0.00214500099,0.00202114718,0.00203307063,0.00133090288,0.00239234661,0.0131279291,0.00253671557,0.0143629421,0.00652804098,0.00239844227,0.00965885915,0.00170694956,0.00242825522,0.00346820932,0.0023689894,0.0105811134,0.00331381435,0.0041490629,0.0172168948,0.0116720972,0.00593154939,0.0207981289,0.00826799184,0.00428294627,0.00426021613,0.00728584683,0.00531328176,0.00290944786,0.00186974438,0.000932300479,0.0110784084,0.0015482277,0.0236367587,0.0116780677,0.00310945479,0.00415531968,0.00745706613,0.00209104032,0.0294765655,0.00390566552,0.00373619174,0.00258027917,0.00239640949,0.00923381978,0.00675569382,0.00485714677,0.0031309169,0.00370146099,0.00160192567,0.0020268171,0.00156116396,0.00713634335,0.00184031893,0.0189854665,0.0162064224,0.00431853293
0.0012931025,0.0142729218,0.00204170438,0.00116329645,0.00204499059,0.00245949176,0.0167836144,0.0056488069,0.0164309228,0.00164032086,0.0195069191,0.003185726,0.0026148977,0.0272273478,0.00568545647,0.00441266342,0.00205524747,0.00560090128,0.00662460623,0.00310252707,0.0030487821,0.00259698074,0.00145867418,0.00347547516,0.0351624676,0.00362158759,0.00711743384,0.00728782889,0.007526306,0.00191461111,0.0343226748,0.00948122857,0.0071952234,0.0017301028,0.00657999547,0.00799942551,0.00657613988,0.0132177093,0.00337337055,0.0023338026,0.0043324941,0.00101523128,0.00948196795,0.00321261693,0.00171747507,0.00139838509,0.00175438679,0.00131926305,0.00236406319,0.0133678548,0.00239266179,0.0150007675,0.00588994005,0.00314277365,0.0095997902,0.00180264232,0.00226574637,0.00376185784,0.00247175357,0.0107346603,0.00369458132,0.00411615069,0.0166841813,0.0131578996,0.00596604107,0.0217428172,0.00797514733,0.00360609836,0.00485759942,0.00868668771,0.00485776399,0.00275891578,0.00170622191,0.00100444931,0.0126124594,0.00138760214,0.0236032491,0.0108517104,0.00321715784,0.00395300537,0.00740242504,0.00198444204,0.0308614339,0.00394815596,0.00365485191,0.00257511258,0.00219130835,0.00892316677,0.00630020306,0.00553976791,0.0035579385,0.003693647,0.00159235277,0.00155787837,0.00188837927,0.00686481884,0.00153996807,0.0181977352,0.0140986213,0.00459966487
0.00173435738,0.015186035,0.00214930454,0.00130359501,0.00213202782,0.00216732105,0.0163559531,0.00655370133,0.0160541592,0.00146241965,0.0188183871,0.00272348847,0.0025236604,0.0279558937,0.00492689296,0.00393164632,0.00223399145,0.00502391853,0.00624684476,0.00361663113,0.00296286253,0.00242915037,0.00208734763,0.00384871076,0.0335240368,0.0038261539,0.00790514279,0.00678373807,0.00737123155,0.00188466037,0.0382665894,0.00827151197,0.00763154408,0.00173385485,0.0049380908,0.00857019267,0.00737726493,0.0162608419,0.00308063737,0.00289507129,0.00474937716,0.00143513087,0.00873860873,0.0032004681,0.00156139363,0.00153163042,0.00136147038,0.00111049601,0.00241432994,0.0134556236,0.00201383396,0.0154158544,0.00598899322,0.00322145395,0.0104824676,0.00163827181,0.00257542178,0.00349762157,0.00222996714,0.00951829694,0.00467647899,0.00425843804,0.0171610837,0.013416082,0.00780066701,0.0211800321,0.00784346542,0.00298859784,0.00477200954,0.0101258463,0.00506271773,0.00333936056,0.00167887483,0.00121341793,0.0154584256,0.000617567805,0.0246350628,0.0101067528,0.00338439121,0.00350762861,0.00698827951,0.00219573123,0.0317799857,0.00364909525,0.00351947267,0.0028236361,0.00224955024,0.00797471893,0.00635593358,0.00556966129,0.00386536714,0.00403225753,0.00144984368,0.00155206897,0.00224497892,0.00812152791,0.00210113516,0.0178806019,0.0144167653,0.00429467691
0.00145836215,0.0167352987,0.00213280568,0.00142409836,0.00212397745,0.00192857171,0.0178602261,0.00634719025,0.0165056364,0.000858372562,0.0180978543,0.00257441619,0.00294802089,0.0295999853,0.00475435539,0.00353543207,0.00215125206,0.00491189226,0.00545296082,0.00380306041,0.00235075839,0.0019277126,0.00188117133,0.00329989467,0.0325089058,0.00473766765,0.00823429344,0.00579035623,0.00614682074,0.00188822017,0.0427254514,0.00612293199,0.00739078705,0.00172191407,0.00558000287,0.00753698067,0.00735947143,0.0165622857,0.00433982647,0.00276242611,0.00489771812,0.00142918068,0.00910032705,0.00265173895,0.00182558637,0.00166919465,0.0013657463,0.000972628904,0.00253145012,0.0128665089,0.00186438028,0.0152909593,0.00542510254,0.00323502716,0.010040162,0.0013571146,0.00229188068,0.00303172318,0.00200248291,0.00982639301,0.00517079528,0.00423789627,0.0182456724,0.0135513741,0.008405274,0.019823381,0.00672572272,0.00263376375,0.00514757499,0.0118876088,0.00470500041,0.00253597974,0.00179748154,0.00119248118,0.0161219625,0.000617092742,0.0245085308,0.00929604396,0.00304386684,0.00358584603,0.00641408496,0.0018301068,0.0335173933,0.00321952657,0.00366614955,0.00314189783,0.00235779309,0.00906910987,0.00714285994,0.00544692573,0.00411873254,0.00380401656,0.00184065051,0.0013669486,0.00181538772,0.00851031238,0.00222345561,0.0174774663,0.0142857503,0.00506105212
0.00161054217,0.0178282345,0.0027766216,0.00141302983,0.00163474811,0.0013559821,0.0170387209,0.00598048247,0.0161565814,0.000556328154,0.0187531545,0.00212106714,0.00308452186,0.0303161287,0.00417388555,0.00291305888,0.00206134628,0.00525664323,0.00472518708,0.00389504022,0.00258922117,0.00191143654,0.00203857591,0.00289093313,0.0324531625,0.00466840165,0.00780057016,0.00566366173,0.00513547205,0.00243582356,0.0478760797,0.00566794111,0.00774278461,0.00165253917,0.00463185153,0.00791855757,0.00783339557,0.0168457088,0.00526317066,0.00339415231,0.00557163903,0.00126050342,0.00964327328,0.00227941286,0.00126404335,0.00165937326,0.00148890304,0.00125417836,0.00250455148,0.0140845052,0.00207039359,0.0159409677,0.00406374777,0.00406442867,0.00903453001,0.00102735236,0.00213423702,0.00416983887,0.00163799876,0.00821671893,0.0048122353,0.00456011281,0.0208440159,0.0136903577,0.00869167817,0.0187634309,0.0051328041,0.00238195253,0.00457371388,0.0141516229,0.00382309453,0.00259740183,0.00164769107,0.00146627403,0.0180765586,0.000764409878,0.0245475131,0.00841415089,0.00257823574,0.00361302287,0.00488310432,0.001209008,0.0343218738,0.00290178654,0.00313455834,0.0026212347,0.00276765676,0.0094733781,0.00593658156,0.00565626541,0.00417020257,0.00408657768,0.00182958967,0.00134730782,0.00250905828,0.00708795248,0.00219508876,0.0166910437,0.0154667729,0.00605770527
0.00118782368,0.0184250278,0.00274763638,0.00126227041,0.00175545498,0.00149126462,0.0172017888,0.00610329221,0.0163182967,0.00041186134,0.0186566751,0.00209710853,0.00367310195,0.0301646599,0.00434782809,0.00253013972,0.00222735497,0.00557422289,0.0038326271,0.00320120235,0.00225101144,0.00188590519,0.00185844884,0.00272621253,0.031797586,0.00469260537,0.00848727593,0.00569172484,0.00425273196,0.00259884897,0.052526297,0.00471859689,0.00753999337,0.00129069103,0.00460683023,0.00753075427,0.00759493659,0.0178428531,0.00560278989,0.00324493109,0.0055515517,0.00125191061,0.0097757242,0.00177672295,0.00141282884,0.00163812057,0.00136388324,0.000978335042,0.00202702514,0.0145922776,0.00195007542,0.0170168985,0.00355787617,0.00504510398,0.00943017491,0.000896630184,0.00177593923,0.00443947829,0.00162645688,0.00741468212,0.00432866622,0.00447802574,0.0230409493,0.0146862703,0.00948303086,0.0183660054,0.00502675609,0.00224340714,0.00393215906,0.01568964,0.00441089396,0.00228432764,0.00149119985,0.00188442149,0.0206858781,0.000899819753,0.0231493115,0.00889077287,0.00229236597,0.00370744494,0.00440204942,0.00118729547,0.0343580112,0.00325059451,0.00387421475,0.00304392239,0.0027644409,0.00913645514,0.005873137,0.00536248356,0.00456460443,0.00455304448,0.0019618074,0.00103443196,0.00270570454,0.00589817089,0.0020629909,0.0175054667,0.0150355017,0.00575251671
0.00104633858,0.0184087468,0.00274235955,0.00138580974,0.00192222297,0.00211894558,0.0156210446,0.0065150842,0.0167804154,0.000403605196,0.0191764558,0.00196689432,0.00320611152,0.0322813641,0.00550302775,0.00235536229,0.00188216001,0.00698304056,0.00361446007,0.00305872231,0.00222585669,0.0021739206,0.00185099622,0.00296658943,0.0303435505,0.00477921135,0.0100451292,0.00566737923,0.00384352928,0.00293094033,0.0580173424,0.0049421973,0.00706923855,0.00113636144,0.00409047167,0.00685087055,0.00779849155,0.0196465094,0.00631860897,0.00367075827,0.00615852721,0.00151286075,0.00863668912,0.00214655581,0.000983143933,0.00194058712,0.00136295222,0.00112422543,0.00178651184,0.0142301384,0.00156229393,0.0174737218,0.0032011206,0.00453036198,0.0100989839,0.0008935429,0.00193107245,0.00457317009,0.00148809215,0.0055591967,0.00375117328,0.00413223221,0.0249636597,0.0144364063,0.00978428732,0.0195153605,0.00467439544,0.0023789491,0.00340988778,0.017350715,0.00559034562,0.00252693106,0.00102473722,0.00228563399,0.0218143018,0.000747719782,0.021446248,0.0096259176,0.00281839214,0.00432068611,0.00441761653,0.00101684863,0.038394314,0.00311896862,0.00370762609,0.00273106184,0.00278062728,0.00972734196,0.00641620099,0.00502950328,0.00439575659,0.00474183229,0.00193999304,0.00103001461,0.00273522484,0.00529022377,0.00193343185,0.0179174956,0.0143527577,0.00603086345
0.00119224927,0.0178955059,0.00258890361,0.00137324964,0.00175182282,0.00281214956,0.0153981116,0.00679631872,0.0159612351,0.000532979073,0.0190589451,0.00198543491,0.00272727432,0.0336823534,0.00518847201,0.00204708036,0.00194678654,0.00782543312,0.00356960595,0.00216801629,0.00249060352,0.00247103797,0.00196679272,0.00234444707,0.0303771676,0.00428437804,0.0106008992,0.00497615926,0.003620747,0.00290803255,0.0610029765,0.00381109962,0.00684202901,0.00154256279,0.00381061142,0.00672371663,0.00795425915,0.0197223354,0.0070396001,0.00458059035,0.00556197578,0.00150643961,0.00862068783,0.00198763187,0.000985221778,0.00237107157,0.001357038,0.00111420802,0.0016516507,0.0130755333,0.00117831882,0.0177853818,0.00309741592,0.00481637951,0.0101946287,0.000899744625,0.00193740355,0.00438285923,0.00162513489,0.00421940718,0.00373948513,0.00477214953,0.0248555304,0.0140783742,0.0098741089,0.0189485529,0.00420643778,0.00238229089,0.00344858837,0.0188331669,0.0053223007,0.00245585779,0.00116245557,0.00304077618,0.0224064336,0.00104680772,0.0192428921,0.00998993169,0.00311095933,0.00481436041,0.00487732869,0.00100603348,0.037780402,0.00283624164,0.00335821536,0.00240929309,0.00234638395,0.00988658016,0.00752288013,0.00440847925,0.0061549049,0.00579557589,0.00154321149,0.00146692041,0.00265451273,0.00383084751,0.00190036462,0.019255902,0.0138372322,0.00651237944
0.000888755944,0.017073803,0.00266631489,0.000947484072,0.00129496437,0.00264403505,0.0163199318,0.00702027938,0.014899231,0.000793020122,0.0180660451,0.00183119039,0.0028549993,0.0350351465,0.00602777868,0.00202928316,0.0012989115,0.00996775457,0.0033311987,0.00203500497,0.00219180484,0.00294847999,0.00300693432,0.00183753963,0.0277074035,0.00504380811,0.00963636339,0.00546065858,0.0037375422,0.00222935334,0.061536237,0.00343868468,0.00606141122,0.0017881739,0.00389609855,0.00601920535,0.0071066621,0.0199728542,0.00774516092,0.00459506849,0.00491330163,0.00190632251,0.00847457799,0.00189863832,0.000986333979,0.00218881605,0.0017670245,0.00126103545,0.00194319989,0.0128813463,0.000919602461,0.0168522691,0.00291410735,0.00399702873,0.00960511724,0.00116353893,0.0019210878,0.00488213496,0.00151682348,0.00343834556,0.00270479355,0.00466215889,0.0266170785,0.0133176437,0.0108989043,0.0176969943,0.00272392251,0.00252631491,0.00347223105,0.0199436171,0.00605523714,0.00256612592,0.00143348718,0.00363770534,0.0229658782,0.00119724703,0.0188619958,0.0116378616,0.00220563321,0.00661765646,0.00507008499,0.000851064281,0.0391918479,0.00270757956,0.00332495797,0.00302008597,0.00208085834,0.00890916872,0.00727301224,0.00366396389,0.00622148012,0.00740684625,0.00139984896,0.001607012,0.0024499816,0.0033943376,0.00189985142,0.0187363649,0.014316921,0.00747989285
0.00102941348,0.0149439992,0.00211528126,0.000950571567,0.00099957211,0.00319045844,0.0172612782,0.00883309721,0.0152665903,0.000793019579,0.0182914622,0.00217645985,0.00260417229,0.0387513672,0.00770391856,0.00186166548,0.00145302129,0.0110090299,0.0037003384,0.00199468268,0.00172849304,0.00310414476,0.00361094055,0.00166453341,0.0280527763,0.00511368575,0.00860536521,0.00392887167,0.00329869556,0.00236717237,0.0620137557,0.00327332114,0.00718563136,0.0019209665,0.0037618543,0.00592432276,0.00645481987,0.0182760344,0.00780761897,0.00420717602,0.00465522704,0.00215082972,0.00877561934,0.00211401287,0.000977654409,0.00205489182,0.00189830394,0.000835769885,0.00193164857,0.0118867057,0.000652315283,0.0179525268,0.0027514501,0.00311188546,0.00856120132,0.00116944131,0.00236616123,0.00442477654,0.00151954951,0.00256369547,0.00200989434,0.00517473424,0.0271675281,0.0145849339,0.0118108166,0.0155407631,0.00252844807,0.00226854201,0.00305997428,0.0195290264,0.00735293717,0.0021653559,0.00142592241,0.00391321965,0.0242911683,0.00104743146,0.0178751959,0.0117005091,0.00274223023,0.00701499364,0.0048667191,0.00056697201,0.040515997,0.00211480191,0.00279906081,0.00309874446,0.00222420093,0.00735505576,0.00803395035,0.00363636439,0.00661248198,0.00897625994,0.00163603894,0.00173963937,0.00258502922,0.00275707777,0.00174778229,0.0191054517,0.0138323936,0.0084150833
0.00101537707,0.0138502299,0.00239513626,0.00122465696,0.00113026245,0.00402401043,0.0163797311,0.00832947833,0.0133688926,0.00104657431,0.01785452,0.00180921189,0.00257731572,0.0402209703,0.00999402674,0.00183434002,0.00158478881,0.0115149698,0.00357004705,0.00196104124,0.00183126119,0.00288117266,0.00385504857,0.00165205271,0.0296379771,0.00461934202,0.00818777221,0.00401414838,0.00293446903,0.00235437339,0.0616926066,0.00278597592,0.00787295433,0.0024288234,0.00322900729,0.00611208827,0.00612018502,0.0180331105,0.00678211805,0.00380562137,0.00398262937,0.00185824697,0.00953640243,0.00199356299,0.00139548011,0.00234089384,0.0020325167,0.000983835945,0.00177777535,0.0114466454,0.000651295223,0.0177127807,0.00270799225,0.00289687781,0.00958233755,0.00129065805,0.00278633222,0.0040711133,0.00194877281,0.00160025767,0.00192041619,0.00486778286,0.0270043197,0.0144320404,0.0104955176,0.0148200902,0.00218374713,0.00254165501,0.00273298113,0.0182952153,0.00795736699,0.00270270165,0.00140154102,0.00338752974,0.0225550995,0.00103351526,0.0156625058,0.0106001957,0.00266688159,0.00784996037,0.00493198964,0.000564256399,0.0436230139,0.00242644844,0.00241157432,0.002974578,0.001622419,0.00669801092,0.0102209468,0.00357840215,0.00683620775,0.00905109628,0.00149681924,0.00201845171,0.00298304657,0.00269461593,0.00159744279,0.0183576657,0.0131274773,0.00829509242
0.00100272196,0.0138888851,0.00235908692,0.00123034529,0.00111903903,0.00516796135,0.0165683415,0.00881024145,0.0130627305,0.00116489671,0.0176826449,0.00228795372,0.00263118879,0.0412850588,0.0117820335,0.00168137982,0.00188501884,0.0127246582,0.00421108081,0.00167073459,0.00183342276,0.00305452003,0.00450450664,0.0015327603,0.0308304401,0.00470772315,0.00785747984,0.00381748269,0.00273048843,0.00267011092,0.0665001161,0.00244101089,0.00750530817,0.00250758602,0.0030634155,0.00726868113,0.00627509604,0.0176610156,0.00691092047,0.00351391297,0.00318010416,0.00200320534,0.0100329777,0.00275246274,0.00146280448,0.00207315173,0.00241254157,0.00084626403,0.00147058956,0.0105695209,0.000906618585,0.0191917804,0.0033023069,0.0024048686,0.00920593859,0.00161041092,0.00235779258,0.00363635979,0.00166805944,0.00158881208,0.0018289912,0.00473745918,0.027977333,0.0146458138,0.012203694,0.0122104903,0.00201207273,0.00246896463,0.00233260453,0.0166015607,0.00795156109,0.00244871166,0.00151703197,0.00298710385,0.0211733713,0.00104104801,0.0145838609,0.0120439072,0.0027130525,0.00794403206,0.00496987118,0.000852516204,0.0438878028,0.00251448331,0.00168720839,0.00281803408,0.00119011994,0.00620036091,0.00992240366,0.00345862782,0.00706521706,0.00905218069,0.00123001056,0.00155984384,0.003074043,0.00255946867,0.00146413101,0.0170107898,0.0127216209,0.008314489
0.000995169331,0.0118556502,0.00208122902,0.00135925045,0.00112962434,0.00498449981,0.016525239,0.00951890045,0.0126950838,0.00128783008,0.0172869692,0.00213956622,0.00276807015,0.0412022415,0.0124291822,0.00138523042,0.0018549957,0.0130775584,0.00415660908,0.00212872223,0.00184137756,0.00298461419,0.00469998064,0.0016528942,0.030132867,0.00482902459,0.00679742599,0.00390226998,0.0022997609,0.00280898989,0.0675877978,0.00176508291,0.00757776876,0.0025193796,0.00345224632,0.00818393548,0.00642673599,0.0168208962,0.00632730704,0.00278102989,0.00346221241,0.00256444908,0.0104378491,0.00258908906,0.00206611521,0.00209455274,0.002462072,0.00113733505,0.00192023347,0.0106902974,0.00116655931,0.0188160351,0.00345397063,0.00231448959,0.00944502691,0.00212562855,0.00263658674,0.00360625149,0.00194066654,0.00159159993,0.00210811459,0.0041354917,0.0291517903,0.0145322181,0.0124452344,0.0119066167,0.00215550683,0.00229517234,0.00181412483,0.0149264087,0.00803388722,0.00240867307,0.00164158788,0.00290501245,0.0224797499,0.000734214536,0.0129845488,0.0126793592,0.00282131965,0.00836558494,0.00443168434,0.00155741205,0.0431510529,0.00220969641,0.00153598466,0.0025568523,0.0011968877,0.00632563669,0.0106367246,0.00335030814,0.00710226996,0.00867410957,0.00121906892,0.00154429126,0.00405918201,0.00208861954,0.00132450081,0.015727836,0.0132221385,0.00901719515
0.000977928529,0.0121406012,0.00206327545,0.00147393499,0.00119181067,0.00586744139,0.0163729412,0.0105309374,0.0106852772,0.00128303915,0.0177947112,0.00227975964,0.00280817764,0.0426572542,0.0130879111,0.00137438024,0.0020102042,0.0138115121,0.00478437057,0.00222085254,0.0016705255,0.00326695845,0.00507302363,0.00152439228,0.0342953781,0.00536931046,0.00680167813,0.00433811146,0.00154321003,0.00237610434,0.0708608848,0.00206087686,0.00697919308,0.00316415414,0.00472851773,0.0100699558,0.00734811485,0.0165812677,0.00563547523,0.00271022469,0.0039699715,0.00267916491,0.00985253453,0.00261706282,0.00230852911,0.00210716583,0.00251024058,0.000858983914,0.00221011226,0.0106680146,0.00129182141,0.0214735583,0.00316551374,0.0018846831,0.0084909274,0.00279965117,0.00230049869,0.00284391164,0.00179063164,0.00190657404,0.00227134421,0.00394424937,0.0268144427,0.0139749388,0.0126960729,0.0105093543,0.00226175928,0.0027553911,0.00169371664,0.0149428442,0.00808007759,0.00240160046,0.00188020181,0.00222072871,0.0211372652,0.000875784371,0.0125939063,0.0135653451,0.0019960069,0.00921361631,0.00483128794,0.00154515939,0.0415514204,0.00253534001,0.00211895343,0.00267629986,0.000894853765,0.00633984208,0.0108250438,0.00371270179,0.00707166565,0.00910453063,0.000960847827,0.00180680845,0.00363353299,0.00270351255,0.00117739872,0.0133830546,0.0137577116,0.0090344753
0.00137532966,0.011331157,0.00161711888,0.00188120772,0.00174581256,0.00596435265,0.0165078518,0.010341681,0.0102430066,0.00178845563,0.0190792948,0.00210628575,0.00235882583,0.0401938313,0.0141657419,0.00108976779,0.00201550653,0.0137807221,0.00387281326,0.00261843924,0.00166752231,0.00340293677,0.00568503405,0.00139700165,0.0368791985,0.00553673751,0.00572861113,0.00454836122,0.00152905058,0.00216702513,0.076307974,0.00255305723,0.00726630765,0.00330671494,0.00465915272,0.011767598,0.00682299063,0.0164533703,0.0061826697,0.00240454715,0.00502512508,0.00253807403,0.0092113836,0.0026606856,0.00207719131,0.00226141845,0.002511891,0.000574876172,0.00248610977,0.0110250967,0.00175461233,0.0229239704,0.00262329759,0.0017241377,0.007187784,0.00269744224,0.00254849451,0.00295935643,0.00149863919,0.00187529174,0.00195871261,0.00405962722,0.0250829722,0.0128239241,0.0122051961,0.00939792694,0.00231447111,0.00304709526,0.00155104288,0.0149949344,0.00874199461,0.00287122685,0.0017191206,0.00227515943,0.0211885024,0.00101493772,0.0113318715,0.0127939612,0.00196641899,0.00953328106,0.00429293087,0.0018020474,0.0387897639,0.00271739643,0.00220620495,0.00293255767,0.000741069874,0.00586870218,0.0113352473,0.00432665763,0.00670151384,0.00751087974,0.00108551517,0.00125733597,0.00446542746,0.00312872682,0.00130684918,0.0121649223,0.0128187476,0.00930360311
0.00109454497,0.0118738537,0.00148038194,0.00214649665,0.00203594513,0.00589416397,0.0162397415,0.0116050067,0.00874718016,0.00146534182,0.0199396199,0.0027009778,0.00245682802,0.0426189428,0.0148584006,0.00122598808,0.00186741644,0.0131211222,0.0040689668,0.00253776171,0.00139399665,0.00349758512,0.00579491347,0.00141297116,0.0412796095,0.0060694057,0.00586585001,0.00382262851,0.0012167288,0.00197595758,0.0804572311,0.00284675128,0.00733945269,0.00308490028,0.00526401456,0.0156019791,0.00674293921,0.0155049459,0.00593795386,0.00239026811,0.00477966188,0.00267665988,0.00881728795,0.00185134631,0.00193436293,0.00209675153,0.00307069241,0.000719630103,0.00292654166,0.0119661912,0.00240415906,0.0249585278,0.00225801308,0.00165929231,0.00608749957,0.00288834634,0.00282246357,0.00362222881,0.00176247534,0.00172359705,0.00254872669,0.00461601046,0.0250242763,0.0123834864,0.0123847925,0.0087396519,0.00279042263,0.00392129738,0.00157120548,0.0140457169,0.00894744275,0.00299237731,0.00190363624,0.0020253883,0.0215141946,0.00129254532,0.0107712085,0.0114847054,0.00208986424,0.00932252376,0.005389463,0.00206270832,0.0400538987,0.0032175034,0.0022640986,0.00269878521,0.00102624192,0.00550669868,0.010848847,0.00473613072,0.00605502524,0.00651510103,0.00108919065,0.000977515843,0.00430925323,0.00341601221,0.00130377991,0.0126174574,0.0121551674,0.00963538909
0.00164428734,0.0115517702,0.001609112,0.00185455219,0.00205208134,0.00478786529,0.0168594306,0.0105879018,0.00726155109,0.00159377716,0.0190798255,0.00221099137,0.00238462412,0.0436043918,0.013418201,0.00135556083,0.00152951973,0.0121034862,0.00341035159,0.00240326312,0.00139099376,0.00447807159,0.00576174352,0.00121096267,0.0431137765,0.00712859004,0.00609445072,0.00501396914,0.000911022246,0.00181308578,0.0850113811,0.00351606441,0.00769732251,0.00318744688,0.00529229788,0.0175123148,0.00674400249,0.0144836293,0.00659726937,0.00225651757,0.00509937852,0.00226516051,0.00800158156,0.00203334631,0.00199255918,0.00179748306,0.0036093989,0.000719940321,0.00255772846,0.0110494465,0.0026592302,0.0273194513,0.00196345287,0.00234417844,0.00570805838,0.00271169497,0.00238396105,0.00376496265,0.00175202395,0.00187119963,0.00314889744,0.00516625018,0.0242715678,0.013119348,0.0116984236,0.0094353941,0.0030424461,0.00445344067,0.00169947559,0.0144533534,0.00671047315,0.0026661197,0.00210526252,0.00203417693,0.0214759323,0.00115157559,0.0112528038,0.0127853307,0.00209017296,0.009022557,0.00552262243,0.00219628941,0.0383856412,0.0037467547,0.00237529411,0.00262123436,0.000871205608,0.00526061724,0.01053029,0.00421252744,0.00563342972,0.0055815893,0.00108853386,0.00151724133,0.0038408274,0.00353148748,0.00117050413,0.0120607596,0.0123431053,0.0108231053
0.00165357634,0.0120817442,0.00135234932,0.00170827779,0.0021821811,0.00373691954,0.0156958948,0.0107918793,0.00738084645,0.00171799421,0.0196382311,0.0018645121,0.00180480214,0.0436436072,0.0129543618,0.00134408898,0.00151239939,0.0116954912,0.00310687398,0.00270270032,0.00126710875,0.00518292527,0.00624720925,0.00126983974,0.0454069702,0.00754384224,0.00677672565,0.00518360386,0.00120138224,0.0016297283,0.0880278005,0.00463556104,0.00871829056,0.00404164533,0.0060936021,0.0199203319,0.00711951017,0.0156944348,0.00734312525,0.00280616424,0.00634784371,0.00221774608,0.00646523988,0.00147236101,0.00166267388,0.00194494183,0.00401210405,0.000868432658,0.00265174045,0.0107072298,0.00260960005,0.0276395487,0.00196433991,0.00240483019,0.00522378121,0.00272953386,0.0026261229,0.00457727667,0.00154986682,0.00218681261,0.00359604514,0.00664976532,0.0242760092,0.0124899914,0.0120107188,0.00959938736,0.00301603808,0.00505453616,0.00127950243,0.0154819122,0.00577160927,0.00305559847,0.00226123909,0.00177498241,0.0211360505,0.00129701661,0.0101133281,0.0129242176,0.00207961716,0.00962212422,0.00584662114,0.00204862242,0.0366302719,0.00358341252,0.00222849254,0.00338190225,0.00115975867,0.00425551609,0.0103623262,0.0039613316,0.00620104535,0.00496395829,0.0012244399,0.00124895851,0.0036391048,0.00353565564,0.000646410138,0.0125260986,0.0116918596,0.01107291
0.00192731146,0.0138584575,0.00169307284,0.00129215849,0.00244926331,0.00328774779,0.0154544927,0.0111929865,0.00752298924,0.00204708606,0.0196105911,0.00186945339,0.00151389876,0.0440315936,0.0135208841,0.00148528388,0.00127838959,0.0116724115,0.00296837727,0.00257885927,0.00114155225,0.00545950943,0.00572434514,0.00114489089,0.0470722473,0.00843737124,0.00722521832,0.00536627718,0.00118994386,0.000982800688,0.0959137436,0.00502828238,0.00840390973,0.00521920769,0.00604476856,0.0222442186,0.00621131453,0.016245188,0.00854856185,0.00328149412,0.00634511548,0.00202757768,0.00455746202,0.00211556353,0.00161116942,0.00192735363,0.00378034237,0.00116584042,0.00278153809,0.0104450791,0.00264096106,0.0283425455,0.00207931025,0.00290175336,0.0054580936,0.00306880321,0.00204471016,0.00483848379,0.00147968794,0.00184416782,0.00414630811,0.00815013551,0.0250113321,0.0120106102,0.0119943158,0.00962840333,0.00430782158,0.00569744447,0.00114236814,0.0149209121,0.00525464331,0.00268336604,0.00212822403,0.00190036199,0.022277247,0.00160513415,0.00936480667,0.0143543929,0.00208023308,0.0104767565,0.00630698509,0.00217450008,0.0353659362,0.00359657433,0.00177251981,0.00377769297,0.00159328097,0.00381930319,0.00980528905,0.00350297615,0.00606496107,0.0048318778,0.00141329506,0.00175635964,0.00398059524,0.00333671725,0.00090171208,0.0123936103,0.0119621578,0.0123278151
0.00192519591,0.0147709975,0.00190340368,0.000955049747,0.00225225441,0.00301520848,0.0142484085,0.00966049818,0.00677637339,0.00219043786,0.019031773,0.00137635791,0.00110253629,0.042566082,0.0133243712,0.00175438897,0.000900899345,0.0130073924,0.00244565278,0.00355936189,0.00138451764,0.00621086743,0.00626566496,0.00145311992,0.0484763069,0.00876095092,0.00834105953,0.00500679592,0.00134508875,0.0012926155,0.101035833,0.00498209516,0.00876153237,0.00565912757,0.00575738939,0.0244254606,0.00597108172,0.0162976948,0.0099606589,0.00465349525,0.00624673776,0.00188628871,0.00426950875,0.00196850598,0.00127379748,0.00163447189,0.00396132752,0.00147123937,0.00276490352,0.0101669831,0.0029232036,0.0272581291,0.0022624484,0.00317373022,0.00512214323,0.00323741573,0.0017459028,0.00505259675,0.00134535036,0.00204918016,0.00366192931,0.0099052043,0.0242967744,0.0138907301,0.0117099288,0.00924381834,0.00433901862,0.00557127435,0.00127587337,0.0147386237,0.00511220614,0.00296428375,0.00215343618,0.00191178393,0.0199899961,0.00175310476,0.0086009957,0.0134930499,0.00208830853,0.0110002417,0.00619990729,0.00176175671,0.0342830065,0.00387479541,0.00265761459,0.00361125801,0.00173711753,0.00218253535,0.0101983869,0.0031649733,0.00644363751,0.00525428532,0.00129533451,0.00211864351,0.00361055503,0.00272519118,0.00103052858,0.0139201271,0.0116225395,0.0128823851
0.00184779753,0.0162636165,0.00153031057,0.000757578377,0.00240656873,0.00311163085,0.0131399936,0.0102644492,0.00660520031,0.00212246046,0.0204942178,0.00134408709,0.00123490782,0.0418939965,0.01303538,0.00201368929,0.000151148927,0.0160462554,0.00202593094,0.00458155704,0.00164099871,0.00696026302,0.00643651632,0.00145385501,0.0486566964,0.009183243,0.00796377215,0.00471120944,0.00157138868,0.00129807008,0.104126301,0.00547362516,0.00934516644,0.0062533677,0.00500081007,0.0248723501,0.0078751431,0.0170539585,0.0106792472,0.00580729254,0.00567023075,0.00203032391,0.00343851145,0.00189542572,0.00106866287,0.00147601226,0.00402346113,0.00147361896,0.00261194389,0.00986055896,0.00348012436,0.0259542923,0.00248680369,0.00290818391,0.00497642817,0.00475299273,0.00160664071,0.00573265943,0.0015974412,0.00189508832,0.00335570071,0.0111517335,0.0239568898,0.014116758,0.0115919616,0.00978310287,0.00476948369,0.00569782222,0.00198300289,0.0132431423,0.00352803207,0.00252631953,0.00259243305,0.00204526419,0.0182671456,0.00232490848,0.00765305592,0.0137328235,0.00210209892,0.0120423293,0.00685758169,0.00175249061,0.0325237047,0.00341374471,0.00266824968,0.0044314031,0.00177506254,0.00178453592,0.00909967645,0.00299323666,0.00635456275,0.0058057047,0.00100099997,0.00305744872,0.00309751011,0.00241477158,0.00166688198,0.01363913,0.0117921155,0.0133888992
0.0019634432,0.0167137789,0.00177914961,0.000503903825,0.0032587096,0.00251677834,0.0140027859,0.00886932536,0.00648995824,0.00268324656,0.0185437604,0.0013436829,0.00123643704,0.0432718728,0.0121369765,0.00186071259,0.000602864128,0.0172316343,0.0021583685,0.00401655192,0.00247777189,0.00826446807,0.00647743145,0.0017043326,0.0514652928,0.00964496691,0.008181546,0.00468997503,0.00170496629,0.00164068963,0.105767734,0.00537714466,0.0086689776,0.00632590277,0.0050610561,0.0250144148,0.00817907996,0.0175784018,0.011302612,0.00685322796,0.00625090232,0.001702763,0.00302581865,0.00184089222,0.00134989092,0.00124250702,0.00427233336,0.00163763711,0.00275338517,0.00941279311,0.00333912352,0.0244945123,0.0034085741,0.00250626711,0.00461133427,0.00497866893,0.00132239936,0.00568501852,0.00172963915,0.00187603424,0.00368976793,0.0125949089,0.0217451003,0.0156547406,0.0123081096,0.0087126401,0.00515759022,0.00615403671,0.00244789718,0.0126445905,0.00329584978,0.00353007287,0.00254260991,0.00207756025,0.0168844413,0.00253513393,0.00740592384,0.0145732093,0.00210938287,0.0116862891,0.00744204493,0.00190657592,0.0325953442,0.00294117935,0.0026730012,0.00470413663,0.00162728196,0.00157832538,0.00813953748,0.00211348636,0.00622164545,0.00626999745,0.00100920873,0.00323579298,0.0027118772,0.00238328889,0.00167460902,0.0139989764,0.0113120118,0.0149626739
0.00208698039,0.0178927715,0.00171232968,0.000253132043,0.00337058111,0.00214655885,0.0132611337,0.00842020018,0.00671049154,0.00302790625,0.0176805327,0.00162962727,0.000957068473,0.0420753733,0.012751452,0.00225613675,0.000910056058,0.0166432287,0.00174285872,0.00415495596,0.00242007575,0.00777828599,0.00712188538,0.00183870165,0.0514740722,0.0109401501,0.00841958066,0.00444039696,0.00185487326,0.00164338709,0.10774134,0.00461201179,0.00857369802,0.00691945148,0.00539365158,0.0247192059,0.00974136021,0.017471999,0.0107012431,0.00797684424,0.0062707306,0.00150150062,0.00259377574,0.00187290884,0.0014757168,0.00148566293,0.00379313122,0.00165239756,0.00273668607,0.00824039906,0.00318936421,0.0220256774,0.00372911371,0.00223307645,0.00452066946,0.00513918503,0.00104629697,0.0051421702,0.00160749609,0.00185597551,0.0042797054,0.0141883528,0.0208573551,0.0162057982,0.0111460562,0.00798674282,0.00555554983,0.00602028248,0.00300195982,0.0123263251,0.00304206788,0.00348066267,0.00306497251,0.00152608268,0.0160027169,0.00295943731,0.00577382384,0.0142559143,0.00255140505,0.0117438427,0.0082344695,0.0019081319,0.0335823981,0.0026256604,0.0029607642,0.00491460546,0.00163074551,0.00185356985,0.00787080807,0.00267006356,0.0062925366,0.00668449726,0.00138295369,0.00363687602,0.00203628224,0.00210673916,0.00230208504,0.014301761,0.0107108538,0.0147953677
0.00187341032,0.0174595179,0.00194140535,0.000379073986,0.00345300873,0.00220347711,0.0128298599,0.00839664,0.00698684371,0.00304715913,0.0176702537,0.00102895776,0.00149496783,0.040878477,0.0132921642,0.00227577341,0.00107444365,0.0180073978,0.00213704123,0.00422949096,0.00277311655,0.00751654116,0.00766983247,0.00165900783,0.0530432003,0.00967007547,0.00806952391,0.00372059445,0.00197947464,0.00194017542,0.109455895,0.00489419695,0.00733039795,0.00688490412,0.00598371874,0.0233240509,0.0100053068,0.0187305808,0.0113420301,0.00886794845,0.00623821956,0.0018472894,0.00244805772,0.0018845079,0.00134155981,0.00149835115,0.00340326164,0.0019446565,0.00342210707,0.00724638313,0.00279776663,0.0206063116,0.00381850455,0.00207784984,0.00497044064,0.00511944887,0.00103600052,0.00372977296,0.00154134632,0.00228378061,0.00413342929,0.01509663,0.0197877661,0.0149741198,0.0108739692,0.00849099546,0.00617722116,0.00557434107,0.00372362311,0.012228792,0.00330438865,0.00369887154,0.00308430392,0.00138946924,0.015075806,0.0033749804,0.00449319752,0.0144070096,0.0028605825,0.011894286,0.00920245665,0.00231387168,0.0310028712,0.00246599534,0.00257202079,0.00529260987,0.00163980984,0.0016146374,0.00800216828,0.00291139372,0.00583459708,0.00758341299,0.00127242908,0.00380475603,0.00202106691,0.00157858602,0.0024916921,0.0143577199,0.0108981816,0.0156204761
0.00185430271,0.0178985356,0.00186328099,0.000633795179,0.00373204188,0.00219794468,0.0134961766,0.00702377029,0.00702905601,0.0033112572,0.0178522687,0.00102428899,0.00164405951,0.0431875994,0.0141200543,0.00228679325,0.00199999816,0.0185057915,0.00188248158,0.00489656824,0.00321542868,0.00681647976,0.00734106121,0.00129199092,0.0538350929,0.00992949149,0.00785420655,0.0032761458,0.00189697743,0.00241585177,0.107510627,0.00433177115,0.00803815937,0.00703670049,0.0073836255,0.0243989347,0.0110755626,0.0174850259,0.0102919467,0.0095106769,0.00646868137,0.0021229991,0.00201691957,0.00204387437,0.00146881914,0.00136219338,0.00329101837,0.00164818593,0.00350014946,0.00635960212,0.00278403471,0.0185670059,0.00320799166,0.00191885824,0.00480508456,0.00541465379,0.000902874093,0.0033423373,0.00195285931,0.00203547467,0.00382837847,0.0131752294,0.0186563211,0.0148711841,0.0101972756,0.00731124752,0.0070432471,0.00442643026,0.00360839313,0.0123719552,0.0033035334,0.00429340549,0.00347650907,0.00124481498,0.0152032796,0.00283848385,0.00431434673,0.0133223499,0.00289017049,0.0117436815,0.0107471058,0.00239956097,0.031202284,0.00165264226,0.00285881949,0.00519306242,0.00165135164,0.00147334992,0.00825392406,0.00309148491,0.00565509989,0.00963100961,0.00115354899,0.00271913074,0.00128299137,0.00121424661,0.00249042375,0.013359438,0.0110389998,0.0178204557
0.0018303033,0.0175300901,0.0024607462,0.000891835429,0.0041815152,0.00212979436,0.0144403464,0.00697855491,0.00711436319,0.00331877784,0.0180234801,0.00144113084,0.00179335093,0.0446603472,0.0148017223,0.0021424757,0.0024933758,0.0182973709,0.00204470928,0.00552283993,0.00380645631,0.00674288554,0.00783815806,0.000842731856,0.0529427021,0.00986889789,0.00797352732,0.00266634227,0.00189532198,0.00191022077,0.107369095,0.00362577299,0.00734631333,0.00757676648,0.00719770157,0.0267609244,0.0111615835,0.0167996968,0.0108428662,0.00970608332,0.00785494305,0.00226523853,0.00183799168,0.00206611627,0.00144622512,0.00167555442,0.00306005975,0.00197718487,0.00444510476,0.00551835064,0.00252692771,0.0150624732,0.00310880517,0.00149823212,0.00538881269,0.0060198318,0.00122596656,0.00351707836,0.00241740451,0.00275282963,0.00354918393,0.0123984735,0.0171440923,0.0162702528,0.0102831258,0.00652173896,0.00665834017,0.00329601483,0.0032305828,0.012881503,0.00297965433,0.00505865319,0.00455809603,0.000964586405,0.015485966,0.00280701995,0.00440411094,0.012500011,0.00251715994,0.0124516101,0.01200938,0.00266684501,0.0296388909,0.00179883276,0.00315820159,0.00582100598,0.00166280849,0.00162140449,0.00810186335,0.00331591005,0.00506215967,0.00972205864,0.00143509244,0.00242432137,0.00115095554,0.00127465362,0.00273397858,0.0121084812,0.0113162653,0.0178268141
0.00168503149,0.0178920326,0.00257520405,0.00101703131,0.00442074467,0.00308033366,0.0151811622,0.00546272249,0.00676123779,0.00365719134,0.018960194,0.00144612909,0.00193397205,0.0487323122,0.0161183448,0.0021262436,0.00294847752,0.0178836085,0.00207497519,0.00460235329,0.0040983673,0.006909088,0.00837069966,0.0012336046,0.0522835222,0.0107388257,0.00771674924,0.00242394621,0.00224637916,0.00157480131,0.103422755,0.0035320751,0.00671566244,0.00746267946,0.00738636855,0.0273522491,0.011323067,0.0153758788,0.0103248599,0.00913732135,0.0100160899,0.00240384775,0.00168897035,0.00193691439,0.00158248712,0.00185071263,0.00310795089,0.00219563704,0.00546045079,0.00497822299,0.00226545493,0.0145590836,0.00264472367,0.00132978994,0.0066758441,0.00482132249,0.00130157388,0.00255362412,0.00290738011,0.00272753234,0.00312636,0.0109747406,0.016502188,0.0153809651,0.0101203791,0.00562219205,0.00707029147,0.00268749081,0.00345010424,0.0129571149,0.00244845021,0.00508999115,0.0046999795,0.00108903161,0.0152834852,0.0024441364,0.00383373014,0.0120263047,0.0026861094,0.0108468352,0.0130891973,0.00288778703,0.0287500619,0.00245353318,0.00254417093,0.00535344472,0.00135520388,0.00137306003,0.00827471894,0.00373278974,0.00486306558,0.010842468,0.00145233937,0.00205254318,0.00119774998,0.00146960834,0.00274305263,0.0127240042,0.0112342637,0.0165829671
0.00141206797,0.0185858612,0.00233590082,0.00166410335,0.00425703759,0.00292682599,0.0168427771,0.00487033437,0.00660773241,0.00409154137,0.0185750312,0.00130491853,0.00179607842,0.048501235,0.0161443882,0.0023913889,0.00342465152,0.016662211,0.00180080044,0.00491232898,0.00441959969,0.00568836994,0.00961055264,0.00116883089,0.050485535,0.0101997109,0.00762331583,0.00216632224,0.00193742601,0.00155448212,0.101610601,0.0033093845,0.00590355007,0.00695652468,0.00686259354,0.0291716547,0.011291516,0.0143965296,0.00964775847,0.00859015929,0.0123900287,0.00225965855,0.00193273992,0.00166643788,0.00178170577,0.00169936842,0.00285591901,0.00210684596,0.00571895453,0.00480768829,0.00173495331,0.0146450743,0.00261437831,0.00144129857,0.00714484727,0.00452261032,0.00158688125,0.00280567443,0.00325149127,0.00215053774,0.00290782691,0.0121439915,0.0147775221,0.0144723949,0.00957828306,0.00530303061,0.00828466167,0.00211235311,0.00333511042,0.0110715626,0.00247685974,0.00464807819,0.0049764669,0.000811908139,0.0153688596,0.00257803613,0.00289796982,0.0103049088,0.00271493573,0.0107189587,0.0137739044,0.00292238995,0.0280360724,0.00228748693,0.00226404506,0.00593435611,0.00126957496,0.00152650478,0.00828561998,0.00401815096,0.00508259493,0.0105961121,0.00145946773,0.00149071719,0.00142670415,0.00185676429,0.00315275448,0.011117785,0.0105345226,0.0159733519
0.00128139224,0.0191440026,0.00223871536,0.00193398314,0.00467578548,0.00236909447,0.016036622,0.00436954056,0.00689964635,0.00434599464,0.0182932143,0.00157008403,0.00207814255,0.05187548,0.0173213504,0.00240834638,0.00327664396,0.0174996625,0.002148299,0.00524950544,0.00469635135,0.00532066675,0.00994764382,0.00119094843,0.0477493767,0.0102705721,0.00812647916,0.00230359097,0.00193078067,0.00168814955,0.0970807847,0.00263758151,0.0056895524,0.00589575138,0.00791983404,0.0324049411,0.0106051598,0.0133938145,0.00824781735,0.00805501079,0.0134188962,0.00205141884,0.00216864309,0.00168421047,0.00204108556,0.00204531523,0.00271661806,0.00279864365,0.00649933112,0.00518609368,0.00107368146,0.0160277091,0.00232524437,0.000911099455,0.00715702081,0.00386930413,0.00173889586,0.00369365444,0.00403386133,0.00184214093,0.0024901107,0.0131540942,0.0137540463,0.0131293818,0.00852272373,0.00440863627,0.00920859779,0.0021875,0.0032046967,0.0113486388,0.00229057482,0.00467913889,0.00508668702,0.00107859952,0.0138984186,0.00223713657,0.00202401995,0.0106428548,0.00231170442,0.00877077407,0.0152411328,0.00286018307,0.0271188534,0.00274929255,0.00183305203,0.00518418433,0.00140805103,0.00126068275,0.00967982619,0.00391184987,0.00431253195,0.0113252686,0.00135153046,0.00101337777,0.00177893821,0.0016010658,0.00265269935,0.0110599714,0.00963997729,0.0167152742
0.00127844766,0.0173178218,0.00208011738,0.00168897091,0.0045482752,0.00252100724,0.0171938171,0.00439037101,0.00655782169,0.00418321489,0.0181087129,0.00186620446,0.00237828636,0.0524967838,0.0164747632,0.00220058725,0.0034145566,0.0186413934,0.00200497532,0.0051713376,0.00387497582,0.00469483799,0.010506283,0.00106100865,0.0437820083,0.00905180791,0.00802137756,0.00231340353,0.00192061563,0.00105740043,0.097560924,0.00265308934,0.00659985757,0.00585928741,0.0077945501,0.0333732678,0.0114220051,0.0127309268,0.00867088808,0.00751685428,0.0152958067,0.00217332502,0.00303681926,0.00140370731,0.00213312202,0.00203219862,0.00284616161,0.0035703871,0.00646616227,0.00494324173,0.00121473881,0.01642122,0.00248138727,0.000906619349,0.00817341986,0.00319907011,0.00217007863,0.0041698319,0.00415622391,0.00183460102,0.00250221008,0.0146446554,0.0129247301,0.013367267,0.00821935754,0.00471124487,0.00933582502,0.00181818357,0.00302273722,0.0118005808,0.00241987977,0.00430586491,0.00571352798,0.00158835164,0.01367834,0.00160144344,0.00163220575,0.00982232256,0.00230826506,0.0077271613,0.0161641063,0.00386356992,0.0273302965,0.00272138827,0.00223838884,0.00493602051,0.00105351712,0.000851545942,0.00941147956,0.00344290345,0.00394452668,0.0124617868,0.0014998603,0.00114232188,0.00217034472,0.00225076313,0.00237324957,0.0103357288,0.0106207964,0.0174999621
0.00115904641,0.018531172,0.00216086358,0.00151296182,0.00512710173,0.00250178607,0.0178518931,0.00401103074,0.00573703954,0.00398803239,0.0173402646,0.00184371174,0.00198497335,0.0546770531,0.0152843791,0.00229477883,0.00322234152,0.0178783436,0.00191675714,0.00512499744,0.00336438882,0.00480565472,0.0101294643,0.00119442605,0.0414152169,0.0081624884,0.00892465718,0.00256629773,0.00169014035,0.00150783943,0.0934183194,0.00253182891,0.00726043399,0.00500441103,0.00714403066,0.0355545611,0.0109556741,0.0120017516,0.00906190506,0.00612478726,0.0183128977,0.00175913403,0.00382176504,0.00182353904,0.00253186967,0.00193738603,0.00270732351,0.00414581361,0.0067311958,0.00524000165,0.00121934787,0.016175517,0.00275913113,0.00102682367,0.00880807747,0.00326748881,0.00233228267,0.00398712154,0.00471327348,0.00169803408,0.00190616083,0.0131767336,0.0118932057,0.013793097,0.00801997538,0.00417246688,0.00953069675,0.00169555853,0.00305201433,0.010814748,0.002518558,0.00424038301,0.00600422755,0.0020936911,0.0136006884,0.001734913,0.00181207815,0.0108900728,0.00172880438,0.00671721863,0.0181448623,0.00435931042,0.0290630797,0.00240875529,0.00194931773,0.00558899893,0.00118549525,0.00141703282,0.00908784858,0.00272515002,0.00345357169,0.0133027567,0.00206383567,0.00107816853,0.00267660404,0.00239552998,0.00265205437,0.00998092199,0.0106896971,0.0167420502
0.00142394904,0.0165818096,0.00241458125,0.00161203441,0.00466485147,0.00245126996,0.0180318681,0.00438046606,0.00550420555,0.00502079985,0.0167516496,0.00158364793,0.00170140574,0.059149894,0.0146951354,0.00240446902,0.0029466519,0.0183789536,0.00149924498,0.00503042868,0.00316210753,0.00551368083,0.0092646912,0.00146705881,0.0403934516,0.00759204217,0.0100553716,0.00220426226,0.00177028735,0.00167504311,0.0906043746,0.0022299766,0.00650385481,0.00526870544,0.00632911687,0.0356121654,0.0112165076,0.0112881226,0.00804391424,0.00533250464,0.020734327,0.00122516052,0.00410060754,0.00195257912,0.00263887472,0.00192990299,0.00270077798,0.00466573747,0.00667576475,0.00531020211,0.00150068448,0.0174559092,0.00253845192,0.000772500261,0.00888380068,0.00360035815,0.00273448016,0.00383141489,0.00399329874,0.0017123278,0.00148919995,0.013281798,0.00992953383,0.0152355865,0.00820214441,0.00431304709,0.00949492556,0.00175835656,0.00238379038,0.0108738995,0.00307692397,0.00453149819,0.00591282953,0.00235078362,0.0143707983,0.00144787525,0.00232991519,0.0109029758,0.00219231863,0.00652375779,0.0186649125,0.00478312196,0.0316793237,0.00245770959,0.00193263369,0.00492732503,0.00144607994,0.00134123833,0.00875792716,0.00246528803,0.00325089569,0.0145733426,0.00289295988,0.00148108495,0.00377791097,0.00294314392,0.00230557725,0.0108547643,0.0112867357,0.0159773427
0.00117924495,0.0157882754,0.0016039503,0.00176247522,0.00462501745,0.00222329152,0.0199259466,0.0042692108,0.004297995,0.00456486776,0.0172491629,0.00158890618,0.00157075646,0.0624218895,0.0153460493,0.00257234535,0.00275229001,0.0182250302,0.00162228001,0.00473186807,0.0030381369,0.00550584432,0.00875141235,0.00173425619,0.0367505806,0.00655177878,0.00976420614,0.00221620209,0.00184083986,0.00195459389,0.0867950348,0.0022453268,0.00667738211,0.00467370621,0.00566931117,0.0346066355,0.0111111131,0.0114114856,0.00884695538,0.00528969927,0.0217212747,0.00177474517,0.0044171029,0.00238061501,0.00267773523,0.00174904757,0.00283045965,0.0054235874,0.00677115408,0.0054255912,0.00136779996,0.0169858275,0.00331774814,0.000897897587,0.00865644326,0.00274390207,0.00238940358,0.00396582775,0.00401710533,0.00143410179,0.001433748,0.0145409142,0.0100478465,0.0164319508,0.0092801201,0.00385402346,0.0106060529,0.00207312618,0.00227333698,0.0099439331,0.00350120983,0.00559070059,0.00646236676,0.0031809868,0.014327636,0.00146504592,0.00186021763,0.0116194112,0.00229042497,0.00651970028,0.0192505451,0.00460586585,0.0353618521,0.00217202639,0.00136444233,0.00414501611,0.00109829685,0.00175339974,0.00912972709,0.0026393684,0.00282922302,0.0151695332,0.00290014595,0.001594682,0.0045173885,0.00295659666,0.00268024365,0.0111045972,0.00984802534,0.0155390309
0.00146882022,0.017009152,0.00161671839,0.00150787943,0.00533857631,0.00181137568,0.0199373559,0.0041862208,0.00401305971,0.00499338634,0.0178319755,0.00159097415,0.00127986366,0.0630727437,0.0144148728,0.00244624801,0.00243457274,0.0166600308,0.00159447279,0.00465175214,0.00361569773,0.00573849416,0.00750144746,0.00212257783,0.0349023629,0.00548432763,0.00995988143,0.00196657157,0.00185053499,0.00198141008,0.082711804,0.00163800423,0.00720641651,0.00568157536,0.00583460727,0.0347490104,0.0115953108,0.0113258346,0.00827897795,0.00510204259,0.0224368228,0.00207900099,0.00405937099,0.00239133519,0.00319361179,0.00202885526,0.00241306298,0.00568489288,0.00709166129,0.00657813313,0.00150643938,0.0165764157,0.00389745923,0.000641189864,0.00808750699,0.00211768195,0.00199586686,0.00359823004,0.00448833225,0.00131771723,0.00150624999,0.0133879918,0.00957278218,0.0178014245,0.00894168235,0.00428489261,0.010445602,0.00207703701,0.00230790192,0.00992650409,0.00367781539,0.00544839231,0.00766666161,0.00380449396,0.0143051908,0.00111265638,0.00184380565,0.0133791456,0.00226073788,0.00579514389,0.0182631586,0.00499802591,0.0381564245,0.00229785768,0.00136630573,0.00391742662,0.00109995895,0.001604353,0.00916190182,0.00244688102,0.00248593603,0.0177565208,0.00263889009,0.0018491612,0.00535271979,0.0029423506,0.00252663352,0.0107880335,0.00945165312,0.0175126413
0.00107267147,0.0162748661,0.00101176004,0.00154885618,0.0050800326,0.00134886498,0.0208454619,0.00409731228,0.0036541659,0.0040433888,0.017369669,0.00143843286,0.0011400874,0.0632985304,0.0133923081,0.00263326964,0.00251665272,0.0136131268,0.00210498889,0.00423939684,0.00367262106,0.0055759528,0.0080864474,0.00252357741,0.0345629291,0.00462026212,0.00955232379,0.00205096599,0.0020054429,0.00196226625,0.0795573022,0.00187509125,0.00708770687,0.00568451952,0.00465391638,0.0341241789,0.0121393921,0.0120686534,0.00823588567,0.00535451561,0.0222905624,0.00194796002,0.00400413296,0.00283165729,0.00283247796,0.00183526584,0.0027279236,0.00505664011,0.00742000459,0.00640626612,0.00149537542,0.0162431182,0.00483703246,0.000639959583,0.00741121663,0.00197477961,0.00198902577,0.00273182525,0.00393901526,0.00145878884,0.00214460634,0.01430509,0.00999048782,0.0195695153,0.00936203715,0.00453904998,0.0103250816,0.00214619528,0.00231386962,0.0115737649,0.00352145465,0.005775691,0.00883534164,0.00451205787,0.0147750144,0.00111622623,0.00262467455,0.0137614799,0.00239951794,0.00494646815,0.0190845436,0.00444592327,0.0404164691,0.00172960781,0.00176943086,0.00331748377,0.00123507772,0.00172318769,0.00865866914,0.00266971066,0.00263966813,0.0184523769,0.00266966658,0.00192078638,0.00554048091,0.00292436799,0.00204889815,0.0109469424,0.0098363153,0.0183265809
0.00121786198,0.0169349331,0.000897553398,0.00172686921,0.00501742282,0.00173117434,0.0215893219,0.00452021327,0.00400939661,0.00424144381,0.0174683271,0.0015953599,0.0010009999,0.0634735125,0.0117112708,0.00262551254,0.00344171424,0.0130731919,0.0019739429,0.00384422017,0.00484292869,0.00625338751,0.00699400787,0.00294393097,0.0342215099,0.00410308179,0.0087832956,0.00228509728,0.00238576937,0.00249357609,0.0762066356,0.0018497444,0.00686954901,0.00646869232,0.00374022244,0.0338562971,0.0123725181,0.0121133212,0.00869236682,0.00492157121,0.0223397252,0.00251150483,0.00418409279,0.00300472404,0.00286807767,0.0020310471,0.00252088733,0.00474383327,0.00771294533,0.00623426228,0.00152621126,0.0162960107,0.00687056485,0.00104058434,0.00705778303,0.00197388032,0.00165243682,0.00211768224,0.00402402502,0.00192849721,0.00242263091,0.0139699,0.00976624474,0.0202508162,0.00991927859,0.00501331093,0.00936627055,0.00213701934,0.00232272359,0.0122975271,0.0040507599,0.00629070718,0.00885429676,0.00509217098,0.0150388271,0.00125873963,0.00289017315,0.0147841665,0.00194030007,0.00374098704,0.0204971458,0.00465920971,0.0424132039,0.00145942937,0.00170161058,0.00286818412,0.00178890712,0.00241345978,0.00740570516,0.00264783981,0.00271177538,0.0193292058,0.00255972591,0.00199840504,0.00634545757,0.00267728524,0.00218281298,0.0103710245,0.00947903654,0.0177474613
0.00148789418,0.0156843437,0.00116595198,0.00146821258,0.00493603726,0.00161010268,0.0231932017,0.00402544936,0.00449464588,0.00429502891,0.0158621847,0.00130680907,0.00113588032,0.0619786254,0.0114347194,0.00270828134,0.00373025374,0.0127857993,0.0018481806,0.0040660744,0.00496147444,0.00792898028,0.00708965547,0.00336700215,0.0332949248,0.00389554131,0.0102818404,0.0030167771,0.00282077087,0.00250417918,0.0718435146,0.00198244143,0.00657210074,0.00735583561,0.00319274166,0.031840202,0.0128936873,0.0123992023,0.00856422926,0.00492148687,0.0217288875,0.00323989,0.00431148782,0.00385273347,0.00284959886,0.00170333751,0.00322858855,0.0042039633,0.00757692945,0.00633231496,0.00183920366,0.016225727,0.00811123626,0.00109804793,0.00640836309,0.0022013033,0.00218370897,0.00118360778,0.00361080352,0.0019236491,0.00212364465,0.0145407812,0.00841076856,0.0207500757,0.0118817357,0.0050497164,0.0093937528,0.00228455596,0.00178547138,0.0135898484,0.00416903283,0.00636471424,0.0089792021,0.00604113906,0.0148453426,0.00180781511,0.0034071592,0.0152478751,0.00177410143,0.00374762186,0.0219063002,0.00388530893,0.0440281353,0.00160023412,0.00209959219,0.00271020333,0.00259503337,0.00232972802,0.00762828649,0.00225396065,0.00312938436,0.0215086678,0.00282087737,0.00204837085,0.00651423027,0.00266372214,0.00233420193,0.00965053071,0.0102902839,0.0174576701
0.00119984178,0.0171457057,0.00117156602,0.00146951049,0.00439261801,0.0013887105,0.0237810877,0.0037784944,0.00543577509,0.0052995768,0.0157224092,0.00144362864,0.0012690354,0.0581356475,0.0100850505,0.00348972591,0.00398261971,0.0113667471,0.0016113849,0.00390976083,0.00538123143,0.00934893274,0.00763303943,0.00365556022,0.0322704082,0.00375072352,0.0105376415,0.00301341644,0.00295474354,0.00326399804,0.0693659017,0.00183072524,0.00626332861,0.00781042952,0.00342408424,0.0309565647,0.0128101562,0.0122220874,0.0084565242,0.00564019123,0.0209728491,0.00298847477,0.00420279841,0.00458715619,0.00293091294,0.0018343417,0.0029658592,0.00449836362,0.00812944878,0.00684931702,0.00196438084,0.0159775541,0.00989455481,0.0015005201,0.00565955706,0.00229731627,0.00205507474,0.00103320695,0.00366716746,0.0019179691,0.00244479625,0.0138622131,0.00850421248,0.0207654921,0.0128437818,0.00466273366,0.00940389061,0.00247148441,0.0022020351,0.0147401706,0.00404887428,0.0060312724,0.00980789117,0.0063405874,0.0161034337,0.00196628978,0.00389182039,0.0166884291,0.00175618725,0.00311822665,0.0215580119,0.00376243118,0.0459536911,0.00204170736,0.00206583066,0.00228339199,0.00303887537,0.00231670702,0.00730768779,0.00254679824,0.00369387425,0.0213981591,0.0025302231,0.00213704025,0.00610075619,0.00204708626,0.00233933961,0.00775873939,0.0108927524,0.0169736538
0.00169882596,0.017263617,0.00117447376,0.00148302067,0.00453359868,0.00157292159,0.0241579301,0.00362694509,0.00508628572,0.00615384098,0.0161051739,0.00172092257,0.0017632967,0.0556507447,0.00956033442,0.0036194153,0.00384177377,0.0104039195,0.00189496669,0.00387496377,0.00607287751,0.0085714228,0.00733513799,0.00337063167,0.0328246414,0.00333768755,0.0105759576,0.00267503067,0.00278452207,0.00324430669,0.0659903142,0.00182969666,0.00626104912,0.00758796455,0.00324296801,0.0306749675,0.0139403661,0.0128491115,0.00808055756,0.0061317402,0.0193705371,0.00340715598,0.0039951283,0.00530922516,0.00336463613,0.00182430521,0.00328418678,0.0039148401,0.0089659169,0.00810376226,0.00169579811,0.0162274456,0.0112912481,0.00150484272,0.00657420496,0.00271141649,0.00190632305,0.000876041788,0.0036858154,0.00175361591,0.00270227691,0.0136909788,0.00862744156,0.0185692145,0.0121212104,0.004947436,0.00843132017,0.00197050306,0.00232590077,0.0144426011,0.00423362896,0.00672611664,0.00893581784,0.00672007733,0.0164385792,0.00198863333,0.00452517639,0.0186097027,0.00188187796,0.00259103041,0.021370611,0.0031535181,0.0434245118,0.00262658434,0.00164721602,0.00234801904,0.00402088224,0.00319771872,0.00690137255,0.00221912144,0.00401714793,0.0229964403,0.00237330637,0.00184501898,0.00577623236,0.00197226119,0.0021703708,0.00769455746,0.0102967915,0.016393024
0.00173773519,0.0159667429,0.00103828729,0.00178731332,0.00547795718,0.00163810493,0.024533674,0.00267869477,0.0050807381,0.00673424824,0.0158377123,0.00198104044,0.00202967717,0.0556202759,0.00864377458,0.00373721103,0.004111732,0.0101099302,0.00205732937,0.004559671,0.00638914644,0.00870495959,0.00691571767,0.00313650701,0.0324439266,0.00292440204,0.0108372298,0.0026932645,0.00249714519,0.00303351547,0.0639256484,0.00227724946,0.00641114251,0.00701157502,0.00331399834,0.0329629339,0.0136699841,0.0118099698,0.00784025214,0.00696539997,0.0203890094,0.00338372412,0.00420509813,0.0047244099,0.00323761465,0.0014100404,0.00265614274,0.00353577854,0.00914826941,0.00750962658,0.00131319882,0.0157608108,0.0134381668,0.00190814447,0.00679348072,0.00311910699,0.00203555823,0.000721294986,0.00340307559,0.00129440613,0.0019102148,0.0125684544,0.00873465018,0.0186670099,0.0124822646,0.00430570511,0.00785316881,0.00198641774,0.00247015286,0.0140838574,0.00377468023,0.00605549058,0.00812189089,0.00771745856,0.0156466138,0.00284333422,0.00487483371,0.018904841,0.00159976663,0.00188628777,0.0208454289,0.00333197412,0.0410619817,0.00280360565,0.00123847218,0.00191741888,0.00403568676,0.00390786068,0.0063389034,0.00244668068,0.00424985899,0.0213801056,0.00195257986,0.00183030386,0.00623935663,0.00214538364,0.00241286877,0.00826999949,0.00914543918,0.017978908
0.00186741506,0.0150899597,0.00130821905,0.00164350931,0.00480313478,0.00164911652,0.0242913133,0.00292626291,0.00456155038,0.00749745537,0.0155987731,0.00195886725,0.00320959869,0.0540277769,0.00796741027,0.00431664772,0.0038852833,0.0106641434,0.00218102491,0.00383091067,0.00643044578,0.00848929424,0.00638287332,0.00273261838,0.033685684,0.00243649994,0.0120858778,0.00298450593,0.00260710008,0.00299445936,0.063929955,0.00213705354,0.0068531444,0.00747383484,0.0031482989,0.0319296395,0.0143482433,0.0113071994,0.00810481314,0.00782893018,0.0197952158,0.00363041411,0.00425531953,0.00355012768,0.00325042401,0.00126103546,0.0025017882,0.00328257721,0.00874978708,0.00927715377,0.00144451929,0.0153673625,0.0147903605,0.00177002614,0.00669897183,0.00400699489,0.00230601766,0.000865553394,0.00260384594,0.00113042358,0.0017446466,0.012660612,0.00813070797,0.0178288417,0.0142593671,0.00289899886,0.00759369953,0.00198845076,0.00246002461,0.0134889596,0.00338433844,0.00675675626,0.00745666948,0.00821612036,0.0187363101,0.00301854208,0.00439823996,0.0196721201,0.00130699824,0.00173287363,0.0230214725,0.00329851356,0.0391163586,0.00297398153,0.00150088356,0.00140198566,0.00415259126,0.00466904367,0.00680012684,0.00181068862,0.00371320392,0.0219275694,0.00182226196,0.00246018129,0.00536040226,0.0021858564,0.0024067403,0.00789630534,0.00979505817,0.0170392403
0.00145656692,0.0148435306,0.00131475035,0.00149521802,0.00550196595,0.00191399996,0.022777099,0.00313151868,0.00403336202,0.00840276594,0.0158402261,0.00185950459,0.0035235563,0.0528051836,0.00766516663,0.00511152656,0.00364494466,0.0117694708,0.00221330818,0.00392757526,0.00635256594,0.00789086453,0.00528800825,0.00251003867,0.0345977331,0.00215325,0.0128677297,0.00306787416,0.00229421424,0.00263594036,0.0635010501,0.00258843726,0.00662906167,0.00789653493,0.00312089646,0.0295123392,0.0140322513,0.0103157988,0.00811726575,0.00883824126,0.0185185549,0.0032577855,0.0044988931,0.00311747549,0.00325088349,0.0011281919,0.00221112465,0.00308555356,0.00849323623,0.00988296048,0.00160171069,0.0147408574,0.0162244162,0.00190789531,0.00644540476,0.00541672172,0.00217953635,0.000714079784,0.00275171913,0.000836351783,0.00191082922,0.0136256449,0.00851287646,0.0162569326,0.0134874818,0.00207373295,0.00759794562,0.00167871709,0.00219178095,0.012572908,0.00359119579,0.00707977903,0.00597744016,0.00863098632,0.0176081522,0.00361220091,0.00390783223,0.0201030309,0.00186862073,0.0013934964,0.0224794112,0.00327153775,0.0363493003,0.0032786881,0.00170230125,0.00127080914,0.00427590064,0.00483190085,0.00609848771,0.00192331713,0.00416892521,0.0238158309,0.00168067279,0.00320513058,0.00474097689,0.002065339,0.00269985463,0.00828357728,0.00866485679,0.0180751168
0.00159109032,0.013482715,0.00144870132,0.00146756806,0.0062116075,0.00167159514,0.0218620237,0.00276788938,0.00415135266,0.00906131225,0.0154100051,0.00171963462,0.00396163873,0.0515058055,0.00896209185,0.00486148415,0.00410603063,0.0118643999,0.00243055524,0.00371353464,0.00629604419,0.00717417488,0.00564891101,0.00224673326,0.0329038123,0.00253051801,0.0138474013,0.00308443548,0.00217126156,0.00247079506,0.0642563846,0.00281704066,0.00581643334,0.00816391873,0.00261865419,0.0289893141,0.0138977261,0.0102013893,0.0087845048,0.00867305952,0.0197122014,0.00247902379,0.004284301,0.00210466845,0.00313882433,0.00127713718,0.00205469508,0.00332861738,0.00851870386,0.0114004002,0.00134861971,0.0120962354,0.0190386393,0.00237592749,0.00692130039,0.00633459074,0.00239398138,0.000862812459,0.00302954916,0.000689844543,0.00203825639,0.0122921774,0.00830122521,0.0154720903,0.0126714018,0.00139017671,0.00614095051,0.00167850669,0.00209487611,0.012375077,0.00257380229,0.00736634541,0.00459154778,0.00900119805,0.017763781,0.00319025852,0.00398702534,0.021332351,0.00183331129,0.00152116178,0.0204861138,0.00311653155,0.0330175598,0.0028206607,0.00170183745,0.00126071893,0.00440953222,0.00516224165,0.00655486991,0.00190254583,0.00391119137,0.0243069943,0.00140251955,0.00351671155,0.00508729309,0.00207051947,0.00387596869,0.0082210017,0.00803366362,0.0192128922
0.0019121745,0.0122330785,0.00145695263,0.00152638544,0.0067707627,0.00205602899,0.021996801,0.00313111259,0.00496643732,0.00914718187,0.0161356833,0.00171068689,0.00486313909,0.051743585,0.0100413945,0.00483481302,0.00446236837,0.0106716962,0.00319621777,0.00385638159,0.00555254801,0.00648309497,0.00583576408,0.00163110023,0.0326411299,0.00270839263,0.0146746104,0.00251645464,0.00189317615,0.002086128,0.0627113093,0.00236127787,0.00494329206,0.00836703877,0.0024740241,0.0281699498,0.0140967056,0.00804307525,0.00765396944,0.00943852337,0.0184396568,0.00246091882,0.00366868121,0.00166782256,0.00260454331,0.00144404173,0.00202174955,0.00367387636,0.00760903673,0.0113299986,0.00150026884,0.00948474462,0.0181037948,0.00224807892,0.00769441861,0.00646673988,0.00220052433,0.000865552534,0.00298025367,0.00061307981,0.00205989256,0.0120824372,0.008347978,0.0146410016,0.0119432185,0.00138397552,0.00508116038,0.00183510663,0.00205591765,0.0113436789,0.00267338804,0.00809160939,0.00399718994,0.0102054196,0.0178415365,0.00348028208,0.00372780163,0.0220833721,0.00251396885,0.00158415643,0.021244525,0.00275027694,0.0324322431,0.00282150091,0.00158010393,0.00138521676,0.00374659976,0.0056546055,0.00695296245,0.00164855355,0.00409053377,0.0260852048,0.00183176337,0.00445104027,0.00397010521,0.00206948089,0.00437566182,0.00866882554,0.00782088591,0.0198388063
0.00206942232,0.0120036937,0.00107468892,0.00221586784,0.00797684797,0.00191767058,0.021372004,0.00340136392,0.00474725828,0.00913433251,0.0161092575,0.00182951653,0.00527946085,0.0517100769,0.00998904003,0.00487055981,0.00384706978,0.0103831053,0.00365373318,0.00373532555,0.00532568295,0.0063231453,0.00639891638,0.00163844604,0.0301899195,0.00349969643,0.0158227833,0.00244625002,0.00160513327,0.0016410573,0.0610514185,0.00240168076,0.00517598293,0.0095653377,0.00293112023,0.0263595679,0.0149183974,0.00771835251,0.00823436259,0.0109573946,0.0200899785,0.00275163111,0.00347074352,0.001043406,0.0023018246,0.00157842013,0.00167364098,0.00318651286,0.00627518606,0.0122804614,0.00179088007,0.00931009717,0.0202986462,0.00230051549,0.00792265712,0.00714083875,0.00287395964,0.0014581495,0.00309559392,0.000749523277,0.00173885483,0.012523127,0.0071489842,0.0131614246,0.0118294421,0.00154870803,0.00535791531,0.0013666477,0.00179458682,0.0101417057,0.00295214456,0.00888112736,0.00251617198,0.0119519336,0.0157992536,0.00290275998,0.00414965425,0.0193538917,0.00247865557,0.00172003013,0.0230821521,0.003691317,0.0313187654,0.0023834379,0.00171326655,0.00138121451,0.0037308351,0.0054996105,0.0072331406,0.0014449092,0.00354754762,0.0260459501,0.00252560071,0.00595746766,0.00339102545,0.00168370569,0.0053721682,0.0092359885,0.00812567134,0.0220281268
0.00224154138,0.0115619576,0.00108680822,0.00205907376,0.00825976729,0.00191204438,0.0202400675,0.00351975091,0.005979763,0.00942868795,0.0164760246,0.00147591524,0.00628122922,0.0525478842,0.0102561012,0.00573180326,0.00432338844,0.0117478282,0.00349308137,0.00324890295,0.00547945373,0.00563531335,0.00627699413,0.00179682107,0.0279863148,0.00442072987,0.0165242851,0.00299284542,0.00171187852,0.00104135473,0.0599343196,0.00213219809,0.00430650209,0.0116692779,0.00278929131,0.024377999,0.0151724243,0.00662251736,0.00826912694,0.0124792677,0.0210106407,0.0028993881,0.00294328801,0.000842225296,0.00246377182,0.00186862121,0.00177838655,0.00379004943,0.00497932097,0.013604589,0.00195148971,0.00997131049,0.0233766545,0.0025786814,0.00757475493,0.00743025372,0.00321184137,0.00131694238,0.00286389836,0.00129781392,0.0020322036,0.0118741151,0.00636222581,0.0121137963,0.0117390148,0.00153350765,0.00525708974,0.00111856696,0.00181945391,0.0101837669,0.00285125687,0.00917361638,0.00225816147,0.0133797615,0.0164031896,0.00320792851,0.00351541573,0.0190351706,0.00260559502,0.00183654846,0.0247184669,0.00376450132,0.0306217606,0.00176600401,0.00172342491,0.00214619663,0.00336292627,0.00558119065,0.00766916919,0.00108316053,0.0029883202,0.0266594359,0.00266741609,0.00643493158,0.00315567809,0.00175680732,0.00667429173,0.0101205527,0.00758285974,0.0232360878
0.00239038222,0.0137456922,0.000957852722,0.00261965392,0.00840275963,0.00215572019,0.0199393654,0.00381178135,0.00622624466,0.00946863141,0.0171791324,0.00122749222,0.00688468218,0.0501967369,0.00948042145,0.00571082936,0.00393307415,0.0109396934,0.00335476938,0.0029695099,0.00607011248,0.00532632518,0.00584206851,0.00255595573,0.0255360943,0.00523399406,0.0161742102,0.00269914827,0.0014086274,0.00117976845,0.0575174072,0.00231303076,0.00478292857,0.0119252852,0.00246646535,0.0224704239,0.0174516392,0.00564971932,0.00926684602,0.013519779,0.0201232149,0.00302202222,0.00276321193,0.000987446834,0.00189256289,0.00185555511,0.00163711036,0.00375018381,0.00481798862,0.0147386299,0.00225860705,0.0110043092,0.0262775216,0.00193255979,0.00713915279,0.0076170507,0.00346583637,0.00132314266,0.00268985202,0.00152544821,0.00200123298,0.0118617135,0.00624218854,0.0129659617,0.0116825637,0.00154082956,0.00552605344,0.000835753499,0.00153910723,0.00985358189,0.00333969322,0.0090673658,0.00184121281,0.0126736104,0.0165679875,0.00278021283,0.00242784083,0.0181573812,0.00260559836,0.00176817451,0.0234738052,0.00348655024,0.0281782249,0.00191007795,0.00194444559,0.00278940317,0.0030613667,0.0050465096,0.00810081107,0.000952265776,0.00308092603,0.0255244415,0.00297450169,0.00808227069,0.00261476177,0.00189274463,0.00656201031,0.0102764951,0.00833202035,0.0247154695
0.0028256183,0.0133238872,0.000968989551,0.00237828763,0.0080749759,0.00231510649,0.0182025826,0.00335702759,0.00660302916,0.0100276626,0.0175071508,0.00110420832,0.00782597281,0.0501633548,0.00871840327,0.00591875255,0.00419014811,0.0110153168,0.00321813799,0.00304136223,0.00512155024,0.00597716082,0.00614753818,0.00271096745,0.0246790355,0.00581039158,0.0175696423,0.00227894012,0.00126024,0.00118906194,0.0545487869,0.00248678554,0.00333333694,0.0141462269,0.00242607982,0.0209844447,0.0167749364,0.00516432185,0.00958936231,0.015111054,0.0198668973,0.00315683471,0.00265697191,0.00141884073,0.00146821254,0.00199373686,0.00217805914,0.00422987065,0.00407178836,0.0148279464,0.00224876798,0.013207822,0.0271770407,0.00232465222,0.00740313556,0.00790568342,0.0034217923,0.0014734081,0.00313558159,0.00195448742,0.00183374202,0.012020508,0.00557823067,0.0134896831,0.0113836478,0.00091421519,0.00595836714,0.0011968099,0.00169133116,0.00834463998,0.00252644774,0.00850159142,0.00148367936,0.0134934827,0.0154862687,0.00319953122,0.00222102748,0.0174378432,0.00243309121,0.00170626405,0.0218084267,0.00398066381,0.0280663987,0.00205279073,0.00161380609,0.00316776939,0.0029208678,0.00398627718,0.00880046442,0.000956023475,0.00253355166,0.0259803908,0.00332767284,0.0076225041,0.00216046052,0.0015294393,0.00735759685,0.0113434192,0.00901936717,0.0268876509
0.0030736323,0.0135743557,0.000838224113,0.00223651196,0.00905403433,0.00234325306,0.0174685842,0.00253976873,0.00706782479,0.00930532086,0.0180312929,0.00112328055,0.00871412255,0.0475731787,0.00806990901,0.00672856596,0.00392498969,0.0113320329,0.00335664121,0.00252263765,0.00470155294,0.00562324198,0.00719896223,0.00258596718,0.0245216614,0.00542804648,0.0187247788,0.00254635612,0.00124766016,0.00104275458,0.0569446361,0.00221064186,0.00326264366,0.0155443814,0.00255715866,0.0221347586,0.0166564935,0.00511577675,0.00975362233,0.0165446237,0.020394115,0.00284859886,0.00259103688,0.00128132102,0.00162146269,0.00215053625,0.00197413321,0.00487372341,0.00436812443,0.014034878,0.00256703016,0.0141616929,0.0293990304,0.00206666431,0.00728527611,0.00790239453,0.00331079258,0.00117215955,0.00282948016,0.00198244034,0.00229638389,0.0118841803,0.0045027187,0.0137701882,0.0108622328,0.00136404908,0.00681949701,0.00174566801,0.00228538775,0.00765893778,0.00240461761,0.00793169241,0.00163959416,0.0139144132,0.0161431786,0.00303643314,0.00195444119,0.0181191847,0.00230383446,0.00196053157,0.0202848511,0.00328383767,0.0265023429,0.00203281479,0.00170745589,0.00325213316,0.00265357834,0.00413002858,0.008368814,0.00108721788,0.00267709965,0.025248321,0.00349451081,0.00900144659,0.00158954373,0.00141497297,0.00758727808,0.0127226509,0.00910483041,0.0283632464
0.00342833959,0.0147741643,0.000711339576,0.00252383061,0.00821339848,0.0021728028,0.0189098216,0.00189573767,0.00751040374,0.00960822679,0.0181570681,0.00126546435,0.00951896716,0.0491836293,0.00655703456,0.00708407227,0.00394103275,0.0108209979,0.00353556815,0.002182287,0.00469131958,0.00509057327,0.00762911117,0.00221944518,0.0237326629,0.00511152442,0.0195003714,0.00290966863,0.00142450203,0.00104477714,0.0568632299,0.00233245459,0.00306152534,0.01423436,0.00298730052,0.0217186723,0.0173747966,0.00409451542,0.00923100392,0.0163144423,0.0194930049,0.00285592338,0.00249445806,0.00185158877,0.00165190019,0.00244886377,0.00204694447,0.00469588973,0.004355664,0.0156019726,0.00258955009,0.0175388556,0.0312949287,0.00174076351,0.00761585529,0.00766230126,0.00321049947,0.00116822386,0.00220932416,0.00234976043,0.0027713665,0.0106715962,0.00322241482,0.0140167894,0.0111035701,0.00166414682,0.00709576087,0.0018993363,0.00325002982,0.00770055312,0.00192863961,0.00784912299,0.00103919258,0.0138524498,0.0152492027,0.00273105997,0.00187743094,0.0177870438,0.00217361693,0.00202614309,0.0192307745,0.0033041294,0.026919815,0.0016035025,0.00144655042,0.00351887523,0.00215778984,0.00441530909,0.00964489169,0.0013406474,0.00239397972,0.0255958621,0.00347863086,0.00977665072,0.00137823703,0.00129752039,0.0068086921,0.014886816,0.00901241927,0.0271974226
0.00321811144,0.0158005573,0.000720354723,0.0030504699,0.00784342308,0.00201182054,0.0207503864,0.00165471675,0.00751784559,0.0102637983,0.02152528,0.000854945731,0.0110229245,0.0504802589,0.00656133856,0.00807427153,0.00405914901,0.0113250292,0.00295816258,0.00167375042,0.00439723621,0.00515260699,0.00777100772,0.00271950299,0.0243742032,0.00495280183,0.0208076824,0.00240834794,0.00179477943,0.00120463934,0.0567863708,0.00218272702,0.00361445603,0.0137733491,0.00262735368,0.0192642643,0.0191705016,0.00410941052,0.00931221631,0.014850413,0.0192307572,0.00235244254,0.0027915035,0.00213219037,0.00166213366,0.00231113804,0.00219539081,0.00498437071,0.0043058633,0.0156748195,0.00264472181,0.0211605426,0.0300269531,0.00174990205,0.00729973724,0.00912511387,0.00358347292,0.00115824559,0.00227761052,0.00276743681,0.00245060483,0.010053055,0.00242178497,0.0130063786,0.0112048578,0.00196523263,0.00769486741,0.00243803002,0.00352568809,0.00855097185,0.00173748333,0.00692324062,0.00134288054,0.0137954114,0.0141259902,0.00287108477,0.0021125736,0.0161640011,0.00161529505,0.00201403422,0.0182404768,0.00292481195,0.0280686896,0.00248538305,0.00130151673,0.00420005108,0.00216743676,0.0046505206,0.00899202107,0.00134622334,0.00217686802,0.0259971473,0.00317751567,0.0102662877,0.00103368511,0.00142266062,0.0068244439,0.0150597991,0.00985554325,0.0269064872
0.00373981827,0.0159410281,0.000733784604,0.00312109424,0.00876805377,0.00240202451,0.022213981,0.00181462987,0.00691800118,0.0103965838,0.0219762755,0.000719115559,0.0127694129,0.0493411386,0.00586509952,0.0082526221,0.00351339463,0.0107526784,0.00319888583,0.00158127522,0.00388973127,0.00470385995,0.00723981232,0.00300114649,0.0226047755,0.00443086695,0.0232952677,0.00228402308,0.00211495301,0.00118606487,0.0559434442,0.00183879625,0.0036825445,0.0139835302,0.00186273053,0.0189753391,0.0202420542,0.00342788713,0.00869957987,0.0136739756,0.0219885434,0.00135039089,0.00252973989,0.00243727314,0.00184190352,0.00200659259,0.00218310782,0.00531364768,0.00400830926,0.0165394747,0.00267618462,0.0235179489,0.0304069699,0.00189419821,0.00701820659,0.00934078318,0.00419391743,0.00152284607,0.0016798938,0.00250752123,0.00205761589,0.00849599502,0.00209423928,0.0119633575,0.0118110186,0.00214296648,0.00822314993,0.00300710822,0.00371287517,0.00776023897,0.00155957602,0.0059999996,0.000962819892,0.0125798674,0.0144696971,0.00348515573,0.00213734089,0.016954851,0.00148628678,0.00226302996,0.0175942739,0.00304878138,0.028135788,0.00263388725,0.00130283827,0.00411979733,0.00204694344,0.00445744757,0.00823781484,0.00123076997,0.00235310041,0.0261806917,0.00269312329,0.00922209225,0.00116478586,0.00182791437,0.00826860975,0.016316831,0.0102391647,0.0266540758
0.00313499951,0.0172008896,0.000875658268,0.00392724724,0.0091267571,0.00321791829,0.0226835629,0.00183615934,0.00672418487,0.0101355907,0.0253842853,0.00072674485,0.0130053423,0.0506609674,0.0053134502,0.00950570337,0.00355397359,0.0101017314,0.00322671432,0.00107690581,0.00347270065,0.00466480023,0.00706232619,0.00421425094,0.0226389707,0.00385624378,0.0247883494,0.00219689741,0.00236878509,0.0011097976,0.0553434094,0.00153728074,0.00360793795,0.0141925327,0.00182200215,0.0209704541,0.0209106176,0.00349791174,0.00877611285,0.0125610829,0.020262667,0.00105189165,0.00218698482,0.00231013016,0.00219987729,0.00186889138,0.00206299081,0.00529256833,0.00409776075,0.0185613934,0.00225529895,0.0286350026,0.0313620076,0.00204275937,0.00635143145,0.00961896862,0.00485778434,0.00164780067,0.0016890441,0.00260530034,0.00182315869,0.0087559542,0.00213675106,0.0112621908,0.012258243,0.002966433,0.00825857445,0.00300711122,0.0038579135,0.007981909,0.00201238571,0.00640333334,0.00127589242,0.0129964618,0.0135216741,0.00287925741,0.00256445517,0.0174363389,0.00134771009,0.00192554654,0.0191895171,0.00235143025,0.029118157,0.0025147923,0.00130416157,0.00428082774,0.00260702818,0.00524897465,0.0073634668,0.00173181385,0.00255892084,0.0258156488,0.00267153718,0.0088335055,0.000744696294,0.00225016347,0.00875653118,0.0172238244,0.00987397975,0.02564706
0.00301164626,0.0170494209,0.00118308062,0.00457697856,0.00920245667,0.00326797412,0.0206474457,0.00227046762,0.00620534192,0.00956414472,0.0262211023,0.000581732101,0.0128931343,0.0515976825,0.00507593523,0.00968490609,0.00334921031,0.0107225108,0.00254201433,0.000821432094,0.00299441985,0.00461723733,0.00731322058,0.00484046605,0.0214863871,0.00388660914,0.0258226118,0.00208044649,0.0025477775,0.00102714562,0.0561911232,0.00137299532,0.00332125628,0.0143731533,0.0015352387,0.020556322,0.0237848589,0.00288783913,0.00904986557,0.0120317411,0.0201274341,0.000900400264,0.00231229632,0.00246412674,0.00191113215,0.00189642825,0.00166481632,0.00533546705,0.00389419693,0.019038554,0.00198959468,0.0300251084,0.0308416273,0.00164315948,0.00670155799,0.00936433533,0.00502476601,0.00135327475,0.001684776,0.00248902264,0.00150172998,0.0089862325,0.0019339852,0.00961934711,0.0122703517,0.00309131429,0.00803469882,0.00327019677,0.00358344663,0.00796803472,0.00229849575,0.00705304695,0.00232488818,0.0127656342,0.0131958171,0.00321234624,0.00245890513,0.0173026597,0.00121572302,0.00205787532,0.0193048234,0.0021858704,0.0289693855,0.00263968251,0.00144906844,0.0034446156,0.0028921602,0.00428816768,0.00671524711,0.00173675652,0.00223668092,0.0271867626,0.00192396763,0.00817290016,0.000874343023,0.00265006416,0.00944528277,0.0185953698,0.00908102532,0.0247634977
0.00249662689,0.0152099408,0.00176860852,0.00584069059,0.00894532261,0.00399267249,0.0217806594,0.00216076372,0.00553620814,0.0102721007,0.0265712638,0.000734970255,0.0123054143,0.0518763631,0.00541011716,0.0106280853,0.00320321817,0.0112146815,0.00268855406,0.00120558548,0.00271850034,0.004702839,0.00770354259,0.00546896101,0.021000951,0.00411121881,0.0257052446,0.00224782231,0.00295212217,0.000892458293,0.0572848867,0.00106269856,0.00387126186,0.0141560599,0.00126297912,0.0208465689,0.0247183951,0.00322797476,0.00914127371,0.0112994414,0.0196629342,0.000824969753,0.00196397001,0.00240700276,0.00241002349,0.00132900187,0.00193423663,0.00413263096,0.00504606569,0.019690312,0.0018538555,0.0314680138,0.0316555858,0.00164880149,0.00779153837,0.00861909021,0.00561239174,0.00203480129,0.00157072387,0.002504421,0.00136013436,0.0085452285,0.00220093261,0.00876712866,0.0118310571,0.00365195588,0.00765414507,0.00325555805,0.00342765554,0.00753358927,0.00257848686,0.00762712323,0.0030776151,0.0118147495,0.0128517164,0.00343885801,0.00249323042,0.0193203249,0.000942759678,0.00200284331,0.0214817796,0.00217849387,0.0296569302,0.00295552158,0.00173110478,0.00345238965,0.00291990752,0.00456521796,0.00659760825,0.00136544009,0.00221002158,0.0301556247,0.00220750415,0.00741546437,0.00126968006,0.00253164332,0.0108369306,0.0195508663,0.00804309291,0.0256071226
0.00287592521,0.015285367,0.00163763509,0.00625115424,0.00815100505,0.00438936572,0.0209941675,0.00261703907,0.00541786515,0.0111516754,0.0294358567,0.00102759959,0.01230176,0.0531650222,0.00491939896,0.010842554,0.00320943336,0.0105089756,0.00272440454,0.00133894292,0.00262520273,0.00441927305,0.00770243792,0.00579202702,0.0213942469,0.00378394019,0.0254348313,0.00200831782,0.00383964107,0.000900360135,0.0574736219,0.00105469018,0.00417870271,0.0141516155,0.00126529029,0.020764273,0.0280150253,0.0032458796,0.00939512675,0.0103355704,0.018020583,0.00081643781,0.00194526222,0.00212610296,0.00241351383,0.00133749193,0.0015358849,0.0043538626,0.00594976093,0.0219474421,0.00186625256,0.0331061661,0.0324666352,0.0017728097,0.00947525168,0.00852403376,0.00584878832,0.00242423992,0.0011971956,0.00254034551,0.00133908351,0.00916211968,0.0026502891,0.00869505909,0.0113044719,0.00436751825,0.0068335462,0.00258221949,0.00356675091,0.0064920655,0.00225733199,0.00822343077,0.00295588617,0.0109649043,0.0134131633,0.0036676553,0.00305632486,0.0194067057,0.0010693764,0.00241419626,0.0239108709,0.00229198312,0.0296300867,0.00371525668,0.00219426387,0.00304353527,0.00338887617,0.00422555931,0.00666951004,0.000991079772,0.00214305259,0.0320317482,0.00232717508,0.00822422399,0.00128139115,0.00246568017,0.0105601448,0.0185243495,0.00795775621,0.0216120885
0.00268078097,0.0155676431,0.00162505499,0.00612762208,0.00729771953,0.00520426626,0.0213016235,0.00295202721,0.0047123021,0.0107541177,0.0323270213,0.00117803189,0.0107694597,0.054560128,0.00408755875,0.0106046,0.00301159442,0.0113801192,0.00243902257,0.00122770547,0.00271296354,0.00455246204,0.00780527712,0.00688410106,0.0225310918,0.0045369866,0.0255383631,0.00189008446,0.0032701107,0.000892457841,0.058062932,0.000901307923,0.00416476906,0.0147266094,0.00127172665,0.0211873728,0.0298518482,0.00390414959,0.0104000001,0.010683474,0.0164353219,0.000681105351,0.00165431341,0.00200623935,0.00207966432,0.00135726198,0.00125663291,0.00346875877,0.00625559147,0.0222865284,0.00157010942,0.0362808517,0.0339029132,0.00148227994,0.0108026741,0.00767902947,0.00577533109,0.00278048172,0.00132042505,0.0025594723,0.00139665024,0.00908835838,0.0026102803,0.00837189812,0.0117557062,0.00441971151,0.00705674981,0.00230821382,0.00377467845,0.00652556718,0.00283751345,0.00768992681,0.00332476905,0.00985356641,0.0125577792,0.00347462931,0.00321167856,0.0204049098,0.00106866266,0.00216763291,0.0270555109,0.00254470899,0.0321101445,0.00366000015,0.00188953726,0.00227272932,0.00382328317,0.00324866926,0.00561959353,0.000990712479,0.0024258782,0.03655896,0.00211864478,0.00685820393,0.00103640085,0.00304192734,0.0109915694,0.0192337766,0.00836195865,0.0217491569
0.00290055506,0.0151903836,0.00192393262,0.0065016775,0.00749194488,0.00537564032,0.0194179038,0.00322392033,0.00470413209,0.0126809168,0.0322560066,0.00102160154,0.0098813241,0.056976024,0.00361494044,0.00943915744,0.00239342093,0.0111463427,0.0021162568,0.00162802737,0.00244134183,0.00387763804,0.00690972681,0.00910904814,0.0235027073,0.00474652891,0.024324197,0.00234914152,0.00387700855,0.000600872006,0.0581405489,0.000750189539,0.00407793397,0.0147605387,0.00143781036,0.0216608893,0.0314487831,0.00359664841,0.0123228573,0.00988406622,0.0151385225,0.000820907047,0.00191849543,0.00165537907,0.00192987612,0.00180995736,0.00154472715,0.00298294464,0.00706529281,0.0228837457,0.00189125019,0.0383655002,0.0349580653,0.00133958016,0.0123440988,0.00750044991,0.00593171614,0.00272346974,0.00156602444,0.00242718295,0.00154230311,0.00966083123,0.00304917258,0.00775885652,0.0110237262,0.00399733739,0.00635624318,0.00230508299,0.00402576869,0.005278437,0.00270717567,0.00693254718,0.00337113224,0.00890023419,0.0126465158,0.00321273175,0.00377413299,0.0194692202,0.00187944487,0.00187040509,0.027619223,0.00270489634,0.0333244181,0.00340135666,0.00262428434,0.00292864075,0.00376046878,0.00312546228,0.00514194465,0.000982920023,0.00230758222,0.0401889064,0.00278532976,0.00634146275,0.00130514051,0.00315182071,0.0110996806,0.0198413249,0.00901984219,0.022114622
0.0023863009,0.0151762214,0.00223880474,0.00609410071,0.00794424713,0.00574030397,0.0187936271,0.00335981835,0.00417827129,0.013021184,0.0326677171,0.00116043204,0.00771698693,0.053694914,0.00365259242,0.00931805807,0.00213486255,0.0115272437,0.00227014381,0.00130667732,0.00190475972,0.00389947584,0.00492384572,0.00972514495,0.0259849156,0.00520834193,0.0222529676,0.00236546948,0.00457973998,0.000298864037,0.0580521634,0.00112107675,0.00462962939,0.0149285196,0.0014562401,0.0217178606,0.0319622048,0.00443071336,0.0124501976,0.00924509256,0.0148242843,0.000888582818,0.00178382481,0.00181543106,0.00159286014,0.00274766948,0.00184528225,0.00264664182,0.00799516794,0.0229491139,0.002031888,0.0400359637,0.0325986546,0.00080085616,0.0134606356,0.00578226866,0.00552646853,0.00279095858,0.00131595395,0.00276243496,0.00195086795,0.0106221714,0.00303617598,0.00734174371,0.0100432347,0.00384229631,0.00611848054,0.00230477471,0.00389891674,0.00509596659,0.00288666658,0.00720371886,0.00333636142,0.00893722857,0.0138610203,0.00304119379,0.00359608872,0.0183268759,0.00250990354,0.00182334365,0.0299180372,0.00282904496,0.0341469575,0.00417785169,0.00346870708,0.00251189548,0.00329985292,0.00318612698,0.00509832259,0.0010984959,0.00216070431,0.0423768255,0.003042602,0.00583179525,0.00159003643,0.00435073398,0.0109875846,0.0205476057,0.00729276638,0.0220336862
0.00226853996,0.0155138349,0.00236826769,0.00494694421,0.00691243762,0.00647399279,0.0191873497,0.00463704535,0.00355507049,0.0119842886,0.0316385617,0.00144696919,0.00735074188,0.0526340498,0.00478369601,0.00875851721,0.0022496378,0.0117417829,0.00155741243,0.00155884812,0.00253355488,0.00290065914,0.00463446156,0.0100385752,0.0305579493,0.00506491266,0.0215142087,0.0020728443,0.00462963513,0.000447494974,0.057640054,0.0016366589,0.00483350998,0.016896144,0.00147232034,0.0213769138,0.0309312155,0.00413940708,0.0129624979,0.00768692282,0.013167887,0.00116935179,0.00210249796,0.00184615157,0.00126103225,0.00308642166,0.00226276473,0.00290450362,0.00869166848,0.0223756411,0.00217662046,0.0417482569,0.0313297905,0.00080321384,0.0139286638,0.00603944532,0.00433714262,0.00395229517,0.00118071001,0.00270061716,0.00193965305,0.011235179,0.00215011485,0.00716971004,0.00991980134,0.00381173504,0.00593004655,0.00170299853,0.00409448076,0.00545502291,0.00258673452,0.00714505727,0.00288490605,0.00887119741,0.0156058834,0.00303574328,0.00386708602,0.0186517308,0.00324289088,0.00156803963,0.0323307874,0.00281878826,0.0327891398,0.00404858628,0.00405738583,0.00303030103,0.00351082885,0.00296207874,0.0049634999,0.000983041669,0.00230696375,0.0492412199,0.00282372092,0.00502266995,0.00185455207,0.00395495254,0.0122707522,0.0220076018,0.00808503715,0.0216106014
0.00297661144,0.0170594678,0.00249449577,0.00446814532,0.00924010619,0.00618024991,0.01945439,0.00511696076,0.0037304481,0.0106995976,0.0327219278,0.00145243088,0.00715576809,0.0497533113,0.00483023292,0.00752298931,0.00186326356,0.011493439,0.00155829167,0.00195490523,0.00263051037,0.00232422796,0.00388650526,0.0110458817,0.0333333769,0.0051964699,0.0200483999,0.00221959299,0.00470466089,0.000591891821,0.0546291875,0.00134589558,0.00495432652,0.0177457573,0.00223180964,0.0211551565,0.0312397216,0.00382395819,0.0133996018,0.0073519063,0.0135560838,0.000619151074,0.0021696248,0.00155860194,0.00152904958,0.00390380908,0.00219889055,0.00273645607,0.00972220809,0.0226214959,0.0020033909,0.0453113687,0.028733428,0.00106524842,0.0143042823,0.00598737386,0.00304656879,0.00392615937,0.00087829467,0.00236533021,0.00177860005,0.0128731792,0.00200907376,0.00783566014,0.0100895297,0.00349650004,0.00636323418,0.00211806296,0.0048717877,0.00553776028,0.00227341571,0.0054811191,0.00209518372,0.00841727675,0.0164968866,0.00328271978,0.00443427583,0.017615733,0.00409395221,0.00152905305,0.0335313487,0.00276467206,0.0334961513,0.00421370068,0.00456655014,0.00290505496,0.00346608241,0.00272539691,0.0052190565,0.00148166457,0.0024255503,0.056188786,0.00241093215,0.00483062369,0.00174590244,0.00357963387,0.0112926827,0.0235303315,0.00728299433,0.0218719598
0.00322118507,0.0190121402,0.00279617482,0.00434719549,0.0108526112,0.00635602416,0.0169200838,0.00493009117,0.00402837742,0.0108434808,0.0313107452,0.00146585023,0.00660091116,0.0473395894,0.00506366574,0.00761421044,0.00158364836,0.0105748108,0.00184109878,0.00169934643,0.00311887609,0.00205218692,0.00336080882,0.0122846928,0.0360875652,0.00496920365,0.0207316587,0.00200207642,0.00492179624,0.00145098786,0.0543700952,0.00142322292,0.00585258147,0.0195956557,0.00262211412,0.0215989931,0.0306488982,0.00352486843,0.0135761776,0.00745114012,0.0142930559,0.000769338973,0.00249967509,0.00157034964,0.00151583973,0.00454255826,0.00206053766,0.00303993714,0.00926218659,0.020839574,0.00197779236,0.04513023,0.0251161425,0.00119872158,0.0135702129,0.0057426646,0.0034492665,0.00426058364,0.0010099739,0.00321444878,0.00170116482,0.0145076782,0.00200284369,0.00776906491,0.0105647324,0.00383844872,0.00622655825,0.00215807965,0.00596549411,0.00494850967,0.00212668638,0.00491010121,0.00207592,0.00698783294,0.0193003431,0.00287474654,0.00465816343,0.0170133525,0.00544633138,0.00182098684,0.0341928575,0.00326574904,0.0328521308,0.00482800317,0.00477499688,0.00278773129,0.00292222484,0.00292141437,0.00473372579,0.00198633995,0.0025874931,0.0590119559,0.00237498717,0.00395137246,0.00148387826,0.00380021413,0.0128017006,0.0248310118,0.00589991635,0.022795474
0.00300171664,0.0205534967,0.00263273381,0.00360188367,0.0108378809,0.00636062722,0.017312807,0.00474003499,0.00342795177,0.0104929287,0.0322952315,0.00163325727,0.00708045028,0.0465399395,0.00537868648,0.00703424005,0.00128773884,0.0102026212,0.00197936012,0.00143117408,0.00373184947,0.00189200692,0.00302267402,0.0125727299,0.0371142027,0.0047679145,0.0203726952,0.00261545072,0.00539542944,0.00166324483,0.0535135934,0.00158610036,0.00611128583,0.0206848255,0.0029478478,0.0207166109,0.0293096184,0.00311588203,0.0141848442,0.00706293336,0.0146479906,0.000766018213,0.00265780073,0.00173337586,0.00181707782,0.00548387265,0.0030587548,0.00309320703,0.0101107277,0.0195990499,0.00193279944,0.0444152512,0.0238540771,0.00120401434,0.0125849082,0.00643258784,0.00285755583,0.00403391494,0.00126422252,0.00285757805,0.00196628785,0.0156807928,0.00214146784,0.00667911277,0.00993231822,0.00368077911,0.00731413587,0.00242980208,0.0064007201,0.00496910799,0.00210875006,0.00392011507,0.00190616163,0.00591744411,0.0221373416,0.00310516656,0.00400114363,0.0179595719,0.00581266423,0.0014046895,0.0357478209,0.00285364645,0.0311372543,0.0048272741,0.00556042924,0.00294787292,0.00303443814,0.00309460565,0.00388988624,0.00198560326,0.00317110472,0.0645814098,0.00235817917,0.00339558262,0.00163198848,0.00434243076,0.0132353094,0.0257387454,0.00558413436,0.0220479601
0.0033065046,0.0211953629,0.00216325532,0.00259067097,0.0112933213,0.00559820768,0.0162356608,0.00516854012,0.00343455549,0.00968838168,0.0326306307,0.00163301491,0.0070296087,0.0453762131,0.0055248611,0.00623460711,0.0015649484,0.010870586,0.00211834522,0.00167353193,0.00507817777,0.00205791511,0.00289782243,0.0115233893,0.0371458829,0.00518352501,0.020175429,0.00233962056,0.00612441261,0.00189504567,0.0502828713,0.00208581865,0.00678514069,0.0227165801,0.00296758854,0.0197212645,0.0284803931,0.00258964006,0.0143076148,0.0070646894,0.0155774002,0.000759669723,0.00243999094,0.00181387986,0.00179694161,0.0066730422,0.00380146144,0.00342561565,0.0112350296,0.0192220773,0.0020642854,0.0445885996,0.0206809367,0.00134318187,0.0124324786,0.00527127846,0.00311262025,0.00333242375,0.00139381747,0.00286317321,0.00237894859,0.0207735511,0.00176148098,0.00639349576,0.0105706714,0.00400735333,0.00685975594,0.00229667696,0.006112953,0.0048289727,0.00240204496,0.00360135098,0.00188515373,0.0060558806,0.0249374741,0.00288590646,0.00371057682,0.0164045596,0.00552154695,0.00170915963,0.0365981464,0.00267967128,0.0303801936,0.00625954908,0.00674713839,0.00297418082,0.00276880074,0.00279946793,0.00315031926,0.00199550746,0.00355698049,0.0670873557,0.00270862604,0.00359238539,0.00139081988,0.00431574677,0.0131543438,0.0238615593,0.00510427297,0.0200827106
0.00323741045,0.0236573629,0.00217517848,0.0025211346,0.01049601,0.00678106806,0.0156068514,0.00506960624,0.00343083933,0.00889234634,0.0349016682,0.00179426248,0.00726809615,0.0417229421,0.00556982852,0.00622590774,0.00185343471,0.00997891766,0.00197907662,0.00167677017,0.00511627495,0.00221729611,0.00277532192,0.0124833881,0.0364846277,0.00494140226,0.0198584284,0.00235454582,0.00642547295,0.0024835616,0.049132986,0.00193193279,0.00757209692,0.0250932244,0.00312738443,0.0200424695,0.0276695009,0.00212793964,0.0130151792,0.00728661349,0.01714197,0.000822479981,0.00249868931,0.00142202688,0.00187378443,0.00717509814,0.00435602892,0.00342074858,0.0116471255,0.0195294991,0.00131252484,0.0407392267,0.0164465429,0.0014698,0.0118872425,0.00523026102,0.00363280392,0.0038157593,0.00139611758,0.00326699902,0.00237032819,0.0200877784,0.00188360729,0.00624540705,0.0100701255,0.00466356327,0.00733833324,0.00200991219,0.00688434161,0.00460455262,0.0037442047,0.00263388646,0.00238784521,0.00632078705,0.0275325283,0.00354323205,0.00350050144,0.0167590079,0.00458228011,0.00157120485,0.0396422149,0.0031959795,0.0287301714,0.0068686867,0.00790562914,0.00310265524,0.00230591994,0.00284920377,0.00257458514,0.00264483838,0.00328579501,0.0689097214,0.00257201925,0.00294612987,0.00126050388,0.00429482558,0.0135569555,0.0251205731,0.00430656447,0.0190204028
0.00368178036,0.0268683525,0.00144258881,0.0023668641,0.0104222958,0.00663315558,0.0140997935,0.0048342517,0.00273157395,0.00849005661,0.035844024,0.00177593961,0.00700590461,0.0384790398,0.00501901102,0.00656815422,0.0018616648,0.00864371558,0.00183486401,0.0018038896,0.00634249266,0.00210305134,0.00242532842,0.0152756005,0.0357087605,0.00522747022,0.0200134757,0.00273514901,0.00582128457,0.0026482316,0.0470986188,0.00194117019,0.0082475892,0.025581693,0.00382308799,0.0181350726,0.0298610945,0.00200695649,0.0132681592,0.00754952154,0.0173620464,0.000683525256,0.00273153193,0.00142743754,0.00181928423,0.00695680662,0.00396882744,0.00369056292,0.0124311683,0.0208770317,0.00129757606,0.040468572,0.0142699765,0.00187190764,0.0124245666,0.00493400432,0.0037303117,0.00436026513,0.00140449241,0.00315837332,0.00237496661,0.0205460398,0.00201324854,0.00659339406,0.00991372356,0.00469562425,0.00801057392,0.00237247638,0.00701115927,0.00355142344,0.00456518183,0.00275962182,0.00245168805,0.00600600393,0.0283395132,0.00375516706,0.00356023859,0.0158793574,0.00480769551,0.00165563129,0.0405720293,0.00281980216,0.0294714378,0.00669437311,0.00922773096,0.00297578919,0.00213446884,0.00313685107,0.00228972108,0.00243496348,0.00390188898,0.068296803,0.00293629412,0.00348935615,0.00100315582,0.00476458586,0.0150827419,0.0243771098,0.00415088651,0.0191288857
0.00333236803,0.0267323439,0.0015891366,0.00250110457,0.010158215,0.0063788047,0.0133915532,0.00600369954,0.00282173878,0.00760869429,0.036588073,0.00177252246,0.00739925822,0.0382514134,0.00377244877,0.00611302031,0.00171722587,0.00732575663,0.001824562,0.00165037576,0.00751830135,0.00268456143,0.00165562926,0.0153768384,0.0334630652,0.00620294726,0.0186372627,0.00255485703,0.00621746989,0.00310559181,0.0474825956,0.00148742995,0.00847458581,0.0244121332,0.00332692212,0.0169897382,0.0308924603,0.00187240769,0.0128107149,0.00815328378,0.0181513398,0.000682595044,0.00330610526,0.00157828174,0.00213871154,0.00677329138,0.00383947439,0.00279209158,0.012251527,0.0224851728,0.00142004917,0.0369677163,0.0125886757,0.00198046129,0.0126035534,0.00468188978,0.00339805924,0.00368500611,0.00166155568,0.00286489658,0.00226596595,0.0211142868,0.00205154893,0.00721931542,0.010269768,0.00478187577,0.00851198075,0.00260926025,0.00833974882,0.00244233207,0.00493590781,0.00245168916,0.00264626055,0.0057337806,0.0291525922,0.00463026396,0.00313121838,0.0155141298,0.0041427208,0.00136455093,0.0394928554,0.00343879724,0.030499437,0.00749381834,0.0103807932,0.00392369587,0.00245813196,0.00337688565,0.00184586539,0.00284900168,0.00423669371,0.0697778967,0.00229620783,0.0037575787,0.000729924778,0.00599266129,0.0140453216,0.0237619368,0.00349293316,0.0202524151
0.00298094463,0.0266849908,0.00144571223,0.0023774125,0.0101636884,0.00647431913,0.0120692058,0.00510440213,0.00233954494,0.00722563321,0.0379469639,0.00189063076,0.00694749027,0.0377799429,0.00352800237,0.00568011856,0.00227692769,0.00795453722,0.00184240303,0.00215927771,0.0080655765,0.00270717708,0.00180087972,0.01504047,0.0332717205,0.00754534482,0.0188084377,0.00208550758,0.00691964256,0.00323833882,0.0477257164,0.00162866148,0.00839367967,0.0244175583,0.00278429131,0.0164869717,0.0338588711,0.00173936248,0.0133974394,0.00873092276,0.0185210108,0.00108151949,0.00293273631,0.00154726875,0.00232414006,0.00674453597,0.00325332156,0.0025780534,0.011771355,0.0224999653,0.00140429757,0.0341012812,0.0119091942,0.00237842985,0.0111154709,0.00580661136,0.00285356044,0.00257069781,0.00191865053,0.00265604216,0.00209263467,0.0219712748,0.00192802174,0.00717668742,0.0105116642,0.00521622116,0.00897004311,0.00248626177,0.00884670634,0.00233580438,0.00483871041,0.00242545451,0.00320923869,0.00532924653,0.0284079626,0.00574945837,0.00301872543,0.0155283456,0.00374130916,0.00121776355,0.0397048546,0.00431133713,0.0292147553,0.00931532652,0.0106737313,0.00384356184,0.00216283149,0.00372643918,0.00168504726,0.00300338989,0.00426155384,0.0711696324,0.00286733423,0.00417433887,0.00102955975,0.00644166906,0.0146294715,0.0221599427,0.00340925947,0.0190615864
0.00256937222,0.0292852013,0.0018664762,0.00311156975,0.00941901305,0.00729048317,0.0121349858,0.00535382126,0.00241817778,0.00610252299,0.0378118565,0.002164815,0.00747026845,0.0385790469,0.00316782288,0.00604062819,0.00283848596,0.00721841417,0.00142754994,0.00220153412,0.00897585402,0.00333232364,0.00182958569,0.0155028384,0.0312341153,0.00883561328,0.0176249601,0.00165066053,0.00658902586,0.00421849915,0.0527861904,0.00206764479,0.00870215019,0.0260022312,0.00174165625,0.0142998593,0.0364396379,0.00176678138,0.012818869,0.0098901086,0.0189292373,0.00134553068,0.00268747908,0.00107692184,0.00188768304,0.00646164591,0.0028158843,0.00260303866,0.0113720825,0.0245693141,0.00168350225,0.0344173229,0.010598495,0.00211304679,0.0113204109,0.00639969403,0.00244379261,0.00230321037,0.00229152976,0.0020037002,0.00237563254,0.0230262612,0.00192332772,0.00773400394,0.0119158141,0.0053926532,0.00966145734,0.00376868913,0.0101013324,0.00207182751,0.00545693385,0.00269197883,0.00270809535,0.0056994773,0.0271828503,0.00566398467,0.00362981137,0.0151848021,0.00259827089,0.00121532979,0.0403293304,0.00587066351,0.0296640486,0.0105369997,0.00959663959,0.00404164521,0.00154582999,0.00423295223,0.00122925618,0.003056074,0.0036181404,0.0734513126,0.00384074135,0.00428677944,0.00116805642,0.00635899853,0.0141646319,0.0220279221,0.00312227629,0.0199071148
0.00204141431,0.0315483709,0.00217265695,0.003546623,0.0110746479,0.0076099287,0.0115916527,0.00453218777,0.00315424115,0.00469609761,0.0369902281,0.00199799642,0.00778126403,0.0383087052,0.00255923288,0.00561909274,0.00310734671,0.00612922182,0.00156896354,0.00211258895,0.00969548289,0.00288315716,0.00172049028,0.0141326162,0.0300571009,0.00918867342,0.0175737502,0.00134871894,0.00636249883,0.00409257195,0.0533891213,0.00233508899,0.00728478049,0.0248908296,0.00144445969,0.0147616512,0.0375600504,0.00163732975,0.0123783727,0.0109890123,0.0183538096,0.00120498228,0.00266971887,0.00135135118,0.00189483616,0.00531740876,0.00339645102,0.0026102099,0.0123908373,0.0228772923,0.00193797768,0.0325983446,0.00886188627,0.00301204608,0.0116351356,0.00656719488,0.00170551411,0.00277161894,0.00204368026,0.00186770422,0.00236308021,0.0237635064,0.00217697449,0.00748922842,0.0121516992,0.00588136115,0.00970951,0.0048189615,0.0111805705,0.00172057543,0.00530618613,0.00298380456,0.00256922643,0.00569373705,0.0279750509,0.00569800814,0.00363338608,0.0145228233,0.00219327408,0.00173410759,0.0402598723,0.00606310607,0.0294708372,0.0110834803,0.00905662556,0.00382357096,0.00156495021,0.00529488921,0.00156176913,0.00308683245,0.00315587269,0.0724804657,0.00386796899,0.004569107,0.00132255875,0.00643907319,0.0152728815,0.0225318061,0.00303512856,0.0194325448
0.00187861382,0.0345790346,0.00247849678,0.00445434067,0.0112943584,0.00724433867,0.0123916585,0.00517661195,0.00394894603,0.00414161461,0.0360335785,0.00140548021,0.007774948,0.0365663055,0.00255698082,0.00516157435,0.00297072126,0.00601718233,0.00128333047,0.00255102148,0.0108991781,0.00245549188,0.00226123873,0.0145680799,0.0308802446,0.0101419231,0.0179659724,0.00163934336,0.00615919052,0.00493514183,0.0539667149,0.00216888005,0.00716785773,0.0239475356,0.00157165682,0.0150275016,0.0408200971,0.00136705164,0.0129428776,0.0121572955,0.0187178731,0.00108122527,0.0028912598,0.00148477936,0.00158053065,0.00569569042,0.00279530096,0.00248320233,0.0106418558,0.0249132321,0.00227366957,0.0309236202,0.00777496749,0.00349153786,0.0118462462,0.00720204015,0.0014419598,0.00375939642,0.00192381214,0.0020227197,0.00194228807,0.0251455934,0.00191107358,0.00690573607,0.013237342,0.00485598873,0.00968836996,0.00499740302,0.0118726116,0.00145007331,0.00622172233,0.00301463897,0.00225161798,0.00575582594,0.027553633,0.00596462335,0.00347802366,0.0148037061,0.00165738712,0.00188898954,0.0396280022,0.00596063291,0.0287230248,0.0122928247,0.00871667884,0.00399339589,0.00156665922,0.00595770118,0.00203602027,0.00253367122,0.00285947751,0.0724761086,0.00471697913,0.00528964425,0.00102414165,0.00650895026,0.0166371239,0.0219140843,0.00300989271,0.0201005039
0.0017368664,0.0374742501,0.0025200131,0.00466389297,0.0120557488,0.00750878,0.0120049225,0.00521147587,0.00451747544,0.00377083896,0.035263348,0.00140686809,0.00714782113,0.0374130826,0.00202136542,0.00469239392,0.00349700551,0.00576265467,0.00171355124,0.00242748241,0.0126262547,0.00265128214,0.00269396064,0.0140581025,0.0318264523,0.0102586088,0.0204724748,0.00179506366,0.00651859247,0.00481911405,0.0550725106,0.0018595318,0.00736278707,0.0226656676,0.00113749625,0.0151208195,0.0408782584,0.00110056642,0.0126990435,0.0121439934,0.0172437121,0.00120417348,0.00198486422,0.00231750073,0.00174575648,0.00497390079,0.00276713367,0.00261475532,0.0108463593,0.0255323537,0.00241113404,0.0314179763,0.00787350743,0.00270270153,0.0116743441,0.00806759206,0.00160865881,0.00446989725,0.00205470477,0.00209529538,0.00182098432,0.0247960918,0.0016507924,0.00660040968,0.0128858028,0.00456810916,0.00878026297,0.00617608262,0.0134971376,0.00186567129,0.00778642344,0.00270925281,0.00222779333,0.00602868386,0.0268654891,0.00582910531,0.00412298481,0.0143553224,0.00079957222,0.00188187711,0.0353045622,0.00625869352,0.0278751245,0.0136003049,0.00819192349,0.00405935545,0.00189333541,0.00710291289,0.00256286796,0.00243210654,0.00227363505,0.0751643976,0.00527482007,0.00484864281,0.00101773696,0.00639865974,0.0167138347,0.0202112498,0.00341637139,0.0197300913
0.00115824654,0.0379601113,0.00269339835,0.00371028931,0.0122007679,0.00846864164,0.011908295,0.00506731371,0.00506059454,0.00365886114,0.0343567011,0.00112186423,0.00856047032,0.0374798848,0.00172463187,0.00388930614,0.00368550444,0.00648344743,0.00157232856,0.00291672084,0.0138192567,0.00298976802,0.0038007339,0.0140243072,0.0299781727,0.0101902772,0.0197451537,0.00238663555,0.00623381023,0.00495117492,0.055436062,0.001855284,0.0066811409,0.0231694591,0.00141083744,0.0147773324,0.043395335,0.00122382164,0.00981692984,0.0113656911,0.0173793076,0.00132960959,0.00234800052,0.00303775528,0.00189903679,0.00507736265,0.00284900479,0.00268621883,0.0105153315,0.0270111445,0.00264119632,0.0323746954,0.00739203805,0.00231779204,0.0104454704,0.00887724821,0.00183850405,0.0049261137,0.00189122067,0.00194431179,0.00196160927,0.0240074938,0.00180388888,0.00602588972,0.012893322,0.00468749565,0.00869403803,0.00648500139,0.014269407,0.00212183868,0.00827653527,0.00257879036,0.00194121093,0.00717149291,0.0272046352,0.00523993082,0.00475927886,0.0137140517,0.000935829973,0.00195765951,0.0326880443,0.00611599856,0.0288808759,0.0157694172,0.00796551107,0.0029749247,0.00191449208,0.00786499648,0.0030566277,0.00279863647,0.00170962796,0.0780815906,0.00534828769,0.00422082152,0.00130699864,0.00617370071,0.0159710019,0.0195294906,0.00329824914,0.0174376107
0.0014662778,0.0432484696,0.00255408448,0.00442478554,0.0115891779,0.00890620791,0.0116889433,0.00457615258,0.00543405124,0.00263469871,0.0322499325,0.00112312163,0.00925800375,0.0372560254,0.0015687421,0.00348923251,0.00422678729,0.00554399892,0.00115174455,0.00331030119,0.0134944964,0.00292757884,0.00409835998,0.0137486709,0.0312392776,0.0098624425,0.021896316,0.00357088553,0.00662142549,0.00629878466,0.0537231571,0.00185767442,0.0060520557,0.0225078297,0.00128132088,0.0157103814,0.0406637565,0.00137551839,0.00921105031,0.0101772439,0.0176922847,0.00118780418,0.00196705381,0.00355214617,0.00157207891,0.00421371087,0.00312455549,0.00252635024,0.00898536141,0.0308764471,0.00290383929,0.0316541,0.00686795404,0.00206691371,0.00876266333,0.00933400496,0.00236931556,0.00565771356,0.00150839537,0.0015740599,0.0021165476,0.0236257191,0.00166410605,0.00590875824,0.0128384641,0.00465990487,0.0086970245,0.00615078742,0.0141426328,0.00237965045,0.00991735128,0.00169611633,0.00179781156,0.00703125261,0.02848146,0.00498407943,0.00438355854,0.0140970735,0.00118749596,0.00182375092,0.0293822812,0.0063997863,0.0284049129,0.0170621161,0.00736395245,0.00213888052,0.00144184587,0.00858500328,0.00342744681,0.00245532764,0.00103106352,0.0790241573,0.0058937056,0.00424192477,0.00189091066,0.00547598766,0.0149960059,0.0180795886,0.00384992141,0.0155887628
0.00206733703,0.0465186509,0.00224988954,0.00443327945,0.0118763154,0.00741937084,0.0113148968,0.00441352184,0.00535391482,0.00248918842,0.0299073155,0.00126333595,0.00940332425,0.0379926729,0.001286083,0.00294898251,0.00425906515,0.00442255646,0.00115240647,0.00347477976,0.0140420632,0.00264550455,0.003879727,0.0135653715,0.0300959889,0.0101368784,0.0239458706,0.00455036127,0.00676455751,0.00632308453,0.0532236986,0.00169300448,0.00633122475,0.0233789025,0.00128810661,0.0153496686,0.0428142755,0.00151244505,0.00766310172,0.00918582438,0.0173810225,0.00105820009,0.00184501555,0.00311570765,0.00124921669,0.00498102308,0.00345898866,0.00222477696,0.00764907475,0.0352658595,0.00353994046,0.0309412078,0.00529827624,0.0023294915,0.00851278596,0.0109544213,0.00420788255,0.0064120903,0.00137686819,0.00125529568,0.00171747567,0.0238366893,0.00141115969,0.005227005,0.0126820119,0.00368732122,0.00777813001,0.00553870097,0.013793432,0.00248555801,0.0106802726,0.00195721723,0.00152905348,0.00689546988,0.0298679443,0.00433943913,0.00425297799,0.0133351477,0.00132573011,0.00196850233,0.0293989727,0.00582576315,0.028785671,0.0170405222,0.00606936172,0.0020408171,0.00161108053,0.008837997,0.0034460131,0.00288224459,0.000902293257,0.0806489032,0.00657981536,0.00457634449,0.00219812568,0.00518392418,0.0144660694,0.0200736298,0.0037666106,0.0143669827
0.00265604292,0.0478405981,0.00226688961,0.00437573525,0.0126734332,0.00650281354,0.0105116072,0.00463031332,0.00565247391,0.0026973668,0.0288222297,0.00112170401,0.0096779951,0.03817267,0.00113879239,0.00276968154,0.00429502535,0.00475293992,0.00130813998,0.00394525532,0.014289935,0.00231231217,0.00335335935,0.0150354411,0.028640971,0.011532544,0.0226615087,0.00491036755,0.00634058571,0.00614781693,0.0532731202,0.00208913973,0.00451051909,0.0224205155,0.00127731741,0.01535671,0.044335339,0.00158686161,0.00699108375,0.00860543762,0.0170390843,0.000919479131,0.00185735767,0.00340328963,0.00125746525,0.00518949772,0.0038472242,0.00164332649,0.00806741445,0.036967246,0.00417661409,0.031604519,0.00501759385,0.00286831617,0.00819420389,0.0119732155,0.00416788684,0.00645069466,0.00124967092,0.000937793409,0.00202107768,0.0223966354,0.00218340921,0.00544694452,0.0118245902,0.003396285,0.00748829481,0.00441944897,0.0128344031,0.00252761017,0.0115374194,0.00195367259,0.00152735293,0.00711604436,0.0331597587,0.00403335515,0.00496192964,0.0129968319,0.00206997757,0.0018347269,0.0285251713,0.00633756277,0.0282110698,0.0178852212,0.00554116827,0.0017796237,0.00146651495,0.00937885232,0.00399134815,0.00344304938,0.00101742338,0.0850594084,0.00530521056,0.00469417332,0.00274643493,0.00517803249,0.0140378849,0.020143615,0.00447458036,0.0148408404
0.00251070878,0.0461464299,0.00214822876,0.00445841048,0.011254245,0.00752538721,0.0106243618,0.004610663,0.00561482511,0.00272715484,0.0276444843,0.00114155116,0.00963850664,0.0394491173,0.000856896922,0.00255474073,0.00433288747,0.00530262521,0.00173787416,0.004503948,0.0149197525,0.00199111844,0.00353157199,0.017063328,0.0261688719,0.0124546376,0.0218714846,0.00534507288,0.00672130998,0.00618196772,0.0542361104,0.00179558198,0.0040976768,0.0227700987,0.00112771152,0.015027869,0.0460529476,0.00142779142,0.00604811079,0.00670536764,0.0176767732,0.000986452558,0.00174563349,0.002701551,0.0015752998,0.00618928326,0.00423434905,0.00179057531,0.00767979403,0.0376404073,0.00394099284,0.0340465874,0.0045794699,0.00262501748,0.00901492077,0.0128997772,0.0044778236,0.00698243035,0.000998932097,0.000472515109,0.00231515138,0.0193065821,0.00244782559,0.00565269198,0.0105694926,0.00359772573,0.00680538316,0.00335075856,0.0132460896,0.00249082523,0.0118708538,0.00220598411,0.00146300838,0.00735984876,0.035168958,0.00391597439,0.00469387858,0.012760371,0.0020914883,0.00176887067,0.0259507276,0.00577568921,0.0275686233,0.0184053279,0.00615942456,0.00171232705,0.0016412294,0.0085653107,0.00385775969,0.00410006414,0.000891946966,0.0881977556,0.00496162732,0.00480628981,0.00264900507,0.00453367254,0.0138796636,0.0212218152,0.00532480914,0.0138030763
0.00282233973,0.0483806146,0.00168789478,0.0050578066,0.00974351316,0.00740995468,0.0111302586,0.00456016591,0.00598422794,0.00379291948,0.0252532985,0.00114810373,0.0102068769,0.0401831233,0.000568668097,0.00286554186,0.00479817262,0.00540255013,0.00181606613,0.004424403,0.0149104022,0.00241145503,0.00298974564,0.0189997817,0.0236112963,0.0136590334,0.0214479825,0.00586184749,0.0068192922,0.00671096288,0.0508248174,0.00164541482,0.00394891724,0.0229498079,0.00112850969,0.0152754071,0.0462613605,0.00185261723,0.00457875362,0.00647482167,0.0171287592,0.000906500636,0.00176723366,0.00242165006,0.00174326813,0.00700388768,0.00408304071,0.00121619695,0.0087785837,0.0367118943,0.00414627361,0.0351868771,0.00337093099,0.00252793667,0.00879038233,0.0127888384,0.00417078797,0.00668119327,0.00140826014,0.000157952962,0.00232931064,0.0175567177,0.00201718016,0.00614940579,0.0100526585,0.00342408331,0.00633693921,0.00297973739,0.0121443887,0.00233887904,0.0118706448,0.00250347722,0.00137683892,0.00782361486,0.0337718847,0.00438775407,0.00508819307,0.0136718821,0.00239266973,0.00149009006,0.024284172,0.00574401868,0.0268184648,0.0194126184,0.00642241127,0.00172413795,0.00198839891,0.00920476433,0.00356717845,0.00425443026,0.000891721612,0.087221571,0.00459510322,0.00490050245,0.00222552066,0.00422001729,0.0139559952,0.0211267595,0.00614672981,0.0129518591
0.00317219977,0.0486120625,0.00187676433,0.00507100201,0.00858056226,0.00681756196,0.0118422992,0.00433249787,0.0057622844,0.00421122706,0.0231620512,0.00101185116,0.0110585674,0.0395836654,0.000572407872,0.00292440278,0.00449489585,0.00568933617,0.00238129554,0.0043186636,0.0148872541,0.00230174884,0.00250752455,0.0200638137,0.0204417948,0.0148860367,0.0190369038,0.00617185365,0.00693883982,0.00569989588,0.0495754638,0.00149436138,0.00374722784,0.0230400888,0.00110941636,0.0155060341,0.0484796164,0.00158292873,0.00458912317,0.0061031059,0.0183196121,0.000960553922,0.00164786713,0.00244007667,0.00119104505,0.00648448408,0.0058051211,0.00108162759,0.00940144387,0.0365639478,0.00390080137,0.0358960342,0.00293159091,0.00254214507,0.0080765563,0.0141141763,0.00406391239,0.00639906711,0.00172253929,0.00046896906,0.00218659179,0.0180783747,0.00230202487,0.00716682394,0.0106111313,0.00274268331,0.006308905,0.00249311129,0.0109308895,0.00241423399,0.0121515735,0.00288779303,0.00138465862,0.0075182011,0.0356011234,0.00420989921,0.00552486783,0.0143095241,0.00230978588,0.00179452745,0.0228620419,0.00552599139,0.0278031597,0.0192867224,0.00648027473,0.00188964571,0.00216090104,0.00908953926,0.00304878387,0.00518062529,0.00113707918,0.0872583143,0.00392721346,0.00437471081,0.0023777633,0.00408878796,0.0147793289,0.0190527078,0.00591016285,0.0129736032
0.00293753603,0.0485121426,0.00141620284,0.00477360373,0.00727378896,0.00627643831,0.0115265712,0.0048586575,0.00598267267,0.00411938792,0.0217651766,0.00102759925,0.0117849721,0.039502284,0.000430353065,0.00251033918,0.00422686483,0.00550325198,0.0027616264,0.0051259295,0.0152686078,0.00227774033,0.00254360176,0.0213489254,0.0182651698,0.0149292679,0.0186102456,0.0059543274,0.00753967851,0.00631817186,0.0475453394,0.00148367976,0.00327472834,0.0228257388,0.000832524331,0.0163887577,0.052252938,0.00157513002,0.00420106298,0.00563034171,0.0178092642,0.00102590457,0.00167095359,0.00187077553,0.00121065629,0.00782448887,0.00658167752,0.00158547475,0.00947830665,0.0341812675,0.00435827872,0.0378502563,0.00244418063,0.00256340983,0.00735293896,0.0141543904,0.00459354005,0.00647743574,0.00159574539,0.000468456352,0.00176496266,0.016121251,0.00344097499,0.00843392415,0.0122107002,0.00242596672,0.00659004184,0.0025393937,0.0104910133,0.00251003982,0.0117537744,0.00337048163,0.00179831503,0.00699356859,0.0376987184,0.00416266443,0.00531617303,0.0150753843,0.00243737595,0.00195871134,0.0219331601,0.00572729738,0.0261161511,0.0212546812,0.00662010981,0.00198533741,0.00204951292,0.00890564935,0.00309171882,0.0048763196,0.00113378378,0.0861015692,0.0048543678,0.00412402683,0.00238486023,0.00477239278,0.0138511713,0.0187056836,0.00673313839,0.0117551299
0.00234228224,0.04879422,0.00119104525,0.00542102282,0.00622376073,0.0049605803,0.0113920485,0.0042994821,0.00658341297,0.00504074051,0.0211690179,0.000888493738,0.0129116024,0.0382364262,0.000432587952,0.00224215593,0.00435119778,0.00570835286,0.00344624904,0.00587860152,0.014913261,0.00256560436,0.00290994203,0.021544614,0.0180142358,0.01529194,0.0165945088,0.00487281,0.00773724894,0.00693136566,0.0465456033,0.00134607852,0.00300016973,0.0217791775,0.000831257594,0.0148196194,0.0548085234,0.00172390085,0.00472335018,0.00606020844,0.0185236412,0.00147265931,0.00156964943,0.00172537461,0.00146412855,0.00810767466,0.00687333974,0.0012864506,0.0100367604,0.0297164216,0.0044087183,0.0396232677,0.00248355362,0.0025142644,0.00746170702,0.014459045,0.00418783645,0.00685030774,0.0018774285,0.0010920436,0.00141243067,0.0152997238,0.00395072201,0.00809612134,0.0120520073,0.00225828081,0.00594327755,0.00233160978,0.0104930281,0.00238723713,0.010824304,0.00334262216,0.00192439703,0.00807504614,0.0406276162,0.00432055654,0.00505688501,0.0134434883,0.0020361021,0.00183345865,0.0220766961,0.00508727259,0.0265995808,0.0187249576,0.00667743693,0.00184615219,0.00222625607,0.00831493711,0.0027855169,0.0050007006,0.00101523214,0.0893140337,0.00575815246,0.00462890896,0.00223048469,0.00550349988,0.0133781612,0.0166695939,0.00721463762,0.0118838806
0.00286396164,0.0499913537,0.00135891238,0.00558189759,0.00573211604,0.00455039216,0.0119939113,0.0048835492,0.00716556482,0.00498805729,0.0196220995,0.000591366637,0.013089361,0.0371698687,0.000431963791,0.00178120833,0.00408548483,0.00602097434,0.00398053856,0.00653091898,0.0148097692,0.00227606555,0.00264706064,0.0208275633,0.0163527479,0.0147603886,0.01458333,0.00363482953,0.006308154,0.00692746405,0.0441202255,0.00159979027,0.00230651134,0.0192803435,0.000952252349,0.0155381716,0.0554821463,0.00201053877,0.00601956143,0.00616803784,0.0172899284,0.00179510312,0.00197941481,0.00173887982,0.00131904083,0.00878303793,0.00753840598,0.00142125949,0.0101744207,0.0291437005,0.00558514301,0.0403440345,0.00263905342,0.00248928059,0.00688433886,0.01423968,0.0039477288,0.00689093662,0.00173033523,0.00140339765,0.000972328221,0.0166909471,0.00451664746,0.0083048801,0.012308931,0.00173436459,0.00600000072,0.00205946406,0.00984970283,0.00210813588,0.0100703494,0.00391882321,0.001915707,0.00803645321,0.0420218191,0.00497408116,0.00421052917,0.013509755,0.00191938512,0.00153751825,0.0236798581,0.00468284091,0.0273915451,0.0219240936,0.0063999985,0.00215285199,0.00196238498,0.00808465817,0.00193559465,0.00459225838,0.00114097595,0.0879420737,0.00543337649,0.00476191092,0.00195371447,0.00453801318,0.0134682492,0.0139792492,0.00757286689,0.0127341878
0.00302837126,0.0518035121,0.00120153656,0.00613147375,0.00470128781,0.00382242045,0.0137766111,0.00451415228,0.00782358232,0.00572923715,0.018941054,0.00073518527,0.0124181145,0.0369031379,0.000719320275,0.00151399996,0.00374123029,0.00597456108,0.00462215106,0.00605783955,0.0126542498,0.00248174565,0.00261893888,0.0202843911,0.0166690005,0.017486664,0.0133749646,0.00349889104,0.00694334361,0.0071067391,0.0432351217,0.00146140488,0.00189720554,0.0176099936,0.00109215242,0.0140824814,0.0550615131,0.00237496543,0.00594331237,0.00555041297,0.0179929708,0.00199716499,0.00240064073,0.0014461293,0.001305272,0.00854700291,0.00736344999,0.00156183525,0.0115637997,0.0271323599,0.00478778514,0.0403907645,0.00285830933,0.00179781276,0.0066815653,0.0139090631,0.00388812737,0.00791647499,0.00199867279,0.00140581035,0.000823970831,0.0183217523,0.00466153103,0.0080946481,0.0117430872,0.00204974933,0.00598251939,0.00217586629,0.0109713274,0.00199177722,0.010552288,0.00381679442,0.00204109573,0.00874362969,0.0432310367,0.00580672203,0.00349602304,0.0124046343,0.00221453089,0.00169048974,0.0249056427,0.00476121107,0.0288381295,0.0228436969,0.00723275173,0.00265749466,0.00228795205,0.00868866105,0.00158562011,0.0041603154,0.00128221886,0.088297578,0.00578448312,0.00529222628,0.00219331348,0.00435232043,0.0133017074,0.0125623735,0.00845319177,0.0135885434
0.00290885499,0.0524113793,0.00119123247,0.00627025932,0.00461028719,0.00285827945,0.0148719482,0.00355596637,0.00799806701,0.00483916537,0.0182790873,0.0010187729,0.0118917466,0.0353099953,0.00101729625,0.00119975967,0.00403852289,0.00566446205,0.00464943868,0.00557230156,0.0122835968,0.00244032559,0.00235745279,0.0189722925,0.0156735469,0.0180868241,0.0142031744,0.00294934942,0.00704114182,0.00715675533,0.0428354458,0.00106823165,0.00136962953,0.0153336431,0.00175865503,0.0128865913,0.0527419999,0.00201277327,0.00668099391,0.00547348837,0.018402168,0.00187072715,0.00236902713,0.00161646097,0.00146222915,0.0087102518,0.00660729218,0.00170236737,0.0110344831,0.02474641,0.00527737721,0.0409809816,0.00272071684,0.00244790085,0.0067257651,0.0142387781,0.00399836927,0.00826080452,0.00213761345,0.00214789636,0.000910056681,0.0199533866,0.00457050553,0.00790847616,0.0124540888,0.00161070068,0.00609285246,0.00226507501,0.0112253776,0.00174324165,0.0127499087,0.00437903621,0.0028044866,0.0101988808,0.0468253732,0.00686831632,0.00361210819,0.0125306275,0.00195148866,0.00170146905,0.0261811479,0.00518357863,0.0296124229,0.0231474934,0.00689404022,0.00266415588,0.00209003131,0.00852969782,0.00177525078,0.00379886994,0.0016778557,0.0879824615,0.00548811517,0.00516736902,0.00219863477,0.00492356942,0.0128177683,0.0106174199,0.00921601227,0.0147826018
0.00243506481,0.0546779717,0.00101928945,0.00642100102,0.00487804855,0.00297973832,0.0151536067,0.0037831011,0.00753197815,0.00431522166,0.0172623426,0.00131309941,0.0109904978,0.0347288391,0.00131425294,0.000983509066,0.0045199408,0.00589877085,0.00425969665,0.00593902214,0.0121998657,0.00267952505,0.00266468788,0.0191878284,0.0145449383,0.0190885317,0.0129921842,0.00263481598,0.00807217147,0.00729005598,0.0420635277,0.00109006518,0.00155306295,0.0157657538,0.00158898285,0.0115122254,0.051051094,0.00218125322,0.0075675556,0.00522437468,0.0184796764,0.00193673454,0.00285675567,0.00160677805,0.00179357316,0.00868929454,0.00585937625,0.00164074791,0.0105019329,0.0253416867,0.00592478657,0.039483641,0.00260310105,0.00281848349,0.00824652207,0.013463694,0.0044751852,0.00879658023,0.00174590174,0.00247065895,0.00121322367,0.0207629775,0.00530785611,0.00854048703,0.0122572338,0.00176812957,0.00622885534,0.00210535124,0.0123180988,0.00200728052,0.0141305824,0.00406917034,0.00296335766,0.0119653743,0.04957515,0.00626583376,0.00286454299,0.0127688127,0.00169347741,0.00165172281,0.0255596055,0.0051880699,0.0296512128,0.024468219,0.0060619364,0.00186335739,0.00225697181,0.00956799319,0.00247437304,0.00285118669,0.00156576088,0.0848593137,0.00522377902,0.00523640748,0.00230273639,0.00556613472,0.0120771222,0.00895866661,0.00896262177,0.0166642811
0.00219476347,0.0545563,0.0011014933,0.00702071296,0.00419985724,0.00281652225,0.0154681734,0.00324096207,0.00718618453,0.00390347691,0.0148210733,0.0014353391,0.00955096881,0.0338467289,0.00175131575,0.00150194985,0.00416088834,0.0054020117,0.00384161355,0.00639588973,0.0115848036,0.0022767333,0.00299625637,0.0195274567,0.0151602761,0.0181781155,0.0117879717,0.00267427535,0.00666772537,0.00838264724,0.0426710455,0.00110116756,0.00120752134,0.0148764861,0.00197967297,0.00976698686,0.0512722743,0.00154234333,0.00722632392,0.0052559798,0.0187720336,0.0016269682,0.00282258433,0.0013210028,0.0016281297,0.00904606192,0.00545930761,0.00141904136,0.009716225,0.0240251609,0.00551518023,0.0357963851,0.0028665024,0.00242441882,0.00841424734,0.0128172998,0.00510482428,0.00902421256,0.00148869646,0.00244349193,0.0016845318,0.0206969624,0.0065571584,0.00807076944,0.0119575478,0.0016973799,0.0058218582,0.00241168003,0.0126273634,0.00201384248,0.0158208032,0.00403936556,0.0029773946,0.0132414558,0.0529899217,0.00637574345,0.00265017262,0.0132464335,0.00184449408,0.0018805816,0.0237912478,0.00494401684,0.0304776623,0.0234151124,0.00682345836,0.00170569234,0.00228198574,0.00968628031,0.00283086043,0.00297043674,0.00168655715,0.0846041194,0.00532577058,0.0054903181,0.00275061267,0.00567121629,0.0117958774,0.00816762203,0.00995463856,0.0157856547
0.00171204755,0.0566213764,0.00139664791,0.00827358189,0.00413523277,0.00287356056,0.0174854671,0.0034802826,0.0078503247,0.00371906284,0.0132460565,0.00129402953,0.00865564515,0.0323696635,0.00160889213,0.00162075085,0.00488773963,0.00490750989,0.00343466423,0.0054567529,0.0102539665,0.00182962559,0.00286101539,0.0192843426,0.0164840358,0.0182870083,0.0100110323,0.00247743906,0.00809781508,0.00732365991,0.0413461994,0.00110741879,0.0013661189,0.0135670344,0.00236127572,0.00832072678,0.0540822178,0.00169899547,0.00741650465,0.00474814316,0.017622426,0.00142690458,0.00241383737,0.00131444304,0.00162496109,0.00864218855,0.00461035271,0.0014324603,0.00879630104,0.0234899354,0.00463931584,0.033391808,0.00301741631,0.0019607822,0.0099316422,0.0136518686,0.00612217576,0.0107163946,0.00191860007,0.0027153391,0.00152369092,0.0206799927,0.00705882181,0.0087110613,0.0116848302,0.00177019708,0.00543396338,0.00294463939,0.0132562084,0.00261981277,0.0175623427,0.00392418263,0.00318126423,0.0131912574,0.0558419332,0.00732290577,0.00324851293,0.0127366404,0.00229588675,0.00251374624,0.0252128593,0.00636430024,0.0311934834,0.0242249987,0.00753078079,0.00152068057,0.00213605395,0.00976339199,0.00230578416,0.00283972449,0.00195160174,0.0843486887,0.00615365012,0.0067536432,0.00304182323,0.00503610681,0.011484614,0.0077553855,0.0095298648,0.0166308236
0.00188154887,0.0581806709,0.0018991205,0.00911564914,0.00421472899,0.00262249455,0.0178418093,0.00268636882,0.00809188451,0.00401894695,0.0127602901,0.00115108069,0.00826427652,0.0344780442,0.00233815748,0.00202810909,0.00545950703,0.00491448446,0.003490403,0.00468290111,0.00957276252,0.00140949609,0.00368606534,0.0197060347,0.0153761137,0.0195037302,0.010184738,0.00208804769,0.00699078194,0.00767782528,0.042956734,0.00153139364,0.00102267025,0.0121314105,0.00239904091,0.00643028741,0.0516366688,0.0021573448,0.00839623502,0.00396988259,0.0180829267,0.00136611971,0.00199840321,0.00160256413,0.00195122157,0.00944510865,0.00402384311,0.00174316851,0.00853451638,0.0225388226,0.00467653581,0.031903642,0.00265993607,0.00211000977,0.0112256821,0.0133402205,0.00788454278,0.010585123,0.00138735026,0.00309154144,0.00152695111,0.0201298078,0.00833549271,0.00753036177,0.0117850433,0.00175971586,0.00432384287,0.00260994078,0.0143694632,0.00289165631,0.0199112208,0.00452723573,0.00317696409,0.0123436019,0.0562229725,0.00806677737,0.00296936172,0.0119409082,0.00217707153,0.00253525288,0.0239307707,0.00722100153,0.0295955086,0.0237578815,0.00782495533,0.00136178045,0.002279386,0.00980675833,0.00283889564,0.00325935836,0.00209013934,0.0798774308,0.00624025104,0.00661844054,0.00361065205,0.00553034547,0.010957208,0.00744394384,0.009420754,0.0189955503
0.00202003737,0.0583759283,0.00226449396,0.0098478783,0.00388349708,0.00260343395,0.01731352,0.00337609945,0.00930021559,0.00309263256,0.0114797879,0.00143266297,0.0077870809,0.0340304179,0.00233304091,0.00270077641,0.00544299238,0.00563471609,0.0032522709,0.00438478643,0.0100264562,0.0014318022,0.0034119152,0.0196906307,0.0169522819,0.0180474064,0.00925490922,0.0022067509,0.00714399695,0.00660738994,0.0418141781,0.00169395776,0.00102459001,0.0110573075,0.0032017045,0.0063204813,0.0524135543,0.00214102517,0.00821417346,0.00417350601,0.0172208425,0.0012851807,0.00144641583,0.00143184054,0.00213324834,0.0100102772,0.00449438442,0.00172290004,0.00856339083,0.021859965,0.00458174581,0.0275404412,0.00233356192,0.0022433583,0.0129304719,0.0145081327,0.00975511378,0.0105286463,0.00169419652,0.00272809697,0.00167913018,0.0188025826,0.00891463601,0.00798158493,0.0122647276,0.00240461907,0.00406015081,0.00275229517,0.0155017566,0.00354978731,0.0211456157,0.00433094186,0.0031985862,0.0139687966,0.0588125824,0.00858459885,0.00285093933,0.0124569274,0.00271779102,0.0025404903,0.0242815826,0.00812235121,0.029351637,0.0234854014,0.00670261329,0.00148831867,0.00213921511,0.0100147247,0.00262375667,0.00287042323,0.00250758696,0.0762535188,0.00546196228,0.00635363722,0.00404191601,0.00640669038,0.0129874849,0.0071441352,0.00946171097,0.0192843414
0.00257193625,0.0601677301,0.002862733,0.00994990313,0.00388988703,0.00276478415,0.0153700523,0.00302826376,0.00992583422,0.00340481155,0.0118517254,0.00129087945,0.00786606722,0.0366495652,0.00247416388,0.00320557796,0.00593449354,0.00526315285,0.00317859659,0.00456651894,0.00916137485,0.00160354091,0.00344126373,0.020284554,0.0167993438,0.0167297108,0.00862973638,0.00236087415,0.00708598407,0.00684930709,0.0423219979,0.00226693178,0.0010209297,0.0110509323,0.00376748814,0.00575917184,0.0519334455,0.00215023129,0.00912409254,0.00327957764,0.0156558844,0.00154162474,0.000783905167,0.00142368953,0.00216018337,0.0100671063,0.0041767922,0.00173309947,0.00818623945,0.0211204737,0.00449570037,0.0285010448,0.00206440836,0.00196592112,0.0132617443,0.0142091175,0.0110269236,0.0100237569,0.00197740141,0.00240204263,0.00151239912,0.0195294924,0.00918997066,0.00726856364,0.0124328487,0.00256739316,0.0040983548,0.00288714583,0.0168091961,0.00390079715,0.0216636488,0.00421940942,0.0031959746,0.0151769187,0.0594100716,0.00883734021,0.00306038837,0.0127338459,0.00306565542,0.0025587693,0.0245053187,0.00870924455,0.0279027186,0.0240432585,0.00737953606,0.00192307618,0.00229772186,0.00960260445,0.00246913844,0.00245834677,0.00277630797,0.0754215353,0.00616710706,0.00539215579,0.00474074167,0.00568182772,0.0144408204,0.00827041075,0.0104475597,0.0182844109
0.00239081984,0.0628527028,0.00263633833,0.0100347787,0.00389630095,0.00223054089,0.016746424,0.00285858389,0.0110917244,0.0026254382,0.0117786436,0.00158547481,0.00778155591,0.0405911573,0.00231716463,0.00359808902,0.00667667436,0.00613096757,0.0032060814,0.00522768655,0.00918802893,0.00175411784,0.00321750013,0.0214487532,0.0183707118,0.0183490062,0.00934989817,0.00236128216,0.00822683573,0.00593648189,0.0435533011,0.00248085905,0.00120254402,0.0107333272,0.00511945653,0.00550505316,0.0489503405,0.00202839885,0.00761655424,0.00298143646,0.0131252226,0.00151898692,0.000460042195,0.00171625035,0.00198773963,0.00943232254,0.0043631387,0.00157368021,0.00699639144,0.0224486659,0.00456144803,0.0269072501,0.00261924622,0.00245842015,0.0151890414,0.0157624208,0.0127704341,0.0104119894,0.00257216405,0.00212701525,0.00165913042,0.0185653109,0.00892975499,0.00765813925,0.0131345427,0.00292635085,0.00360771594,0.00297196433,0.017095227,0.00415567148,0.0211637187,0.00401454146,0.00295086584,0.0152464259,0.0586449088,0.00785089498,0.00265595355,0.0131259328,0.00331474031,0.00254980202,0.0244219678,0.0088528481,0.0275930516,0.0239909499,0.00727484811,0.00220978309,0.00212279621,0.00974412448,0.00230048102,0.00257487556,0.0030159913,0.0787719951,0.00711027562,0.00568900429,0.00503061893,0.00563573398,0.0152212481,0.00752823712,0.00958404229,0.0190220283
0.00238283997,0.0633018227,0.00233047261,0.0095046886,0.00399017594,0.00175927269,0.0165198221,0.00288527307,0.0131093646,0.00249669212,0.0124761662,0.00202341696,0.00948509027,0.0416782905,0.00201932969,0.00384458789,0.00570142564,0.00606574522,0.00319464785,0.00466443636,0.0102069748,0.00196404044,0.00289762132,0.0219810123,0.0184100837,0.0185511095,0.00890544728,0.00183211448,0.00803832274,0.00636513685,0.0414132455,0.00257230259,0.00138985645,0.0105370842,0.00496225968,0.00505050661,0.0459893587,0.00174140356,0.00610500878,0.00336428327,0.011534215,0.00133503057,0.000393184732,0.00186862071,0.00215446232,0.00800557078,0.00409455893,0.00156116581,0.00623573635,0.023865774,0.00430136082,0.0249555691,0.00257229884,0.00249714352,0.0146596957,0.0168611256,0.0153508933,0.0107364298,0.00357500143,0.00184558899,0.00165962575,0.0187232433,0.00850837529,0.00758495566,0.0125710928,0.00273135926,0.00343868343,0.00265132419,0.016916518,0.00490326762,0.0202448008,0.00463314304,0.00312630064,0.0135447536,0.060262742,0.0079032688,0.00268262964,0.0147534433,0.00460794033,0.00208868651,0.0242033663,0.0084576309,0.0263348085,0.0236604107,0.00833816165,0.00205459686,0.00258606667,0.00922120814,0.00227790002,0.00231544731,0.00338442392,0.0783946364,0.0071041956,0.00542610359,0.00625629359,0.00479583592,0.0149585252,0.00761786316,0.011281642,0.0214615071
0.00190023598,0.0625905167,0.00272273818,0.00961929429,0.00461466837,0.0014834599,0.016300625,0.00354430412,0.0138851206,0.00247560752,0.0138046484,0.00205609676,0.0116492689,0.0427241597,0.00241476963,0.00354042089,0.00618792662,0.0073045616,0.00281982795,0.00558036261,0.00984028483,0.00167148227,0.00292445731,0.0213144376,0.0198690941,0.0188791649,0.00975800317,0.00122970962,0.00915538695,0.00624247261,0.0402978186,0.0024431101,0.00173130046,0.00977099778,0.00495891245,0.00455737225,0.0403944623,0.0017261207,0.00600416808,0.00274064426,0.00912026454,0.00148195965,0.000465487067,0.00200028935,0.00181219234,0.00857143247,0.00430636799,0.00197740207,0.00554888867,0.0280313758,0.00498229859,0.0255875961,0.00279367601,0.00272766003,0.0144275424,0.018223019,0.0163920172,0.0106956047,0.00410013435,0.00186017672,0.00150669985,0.0197108757,0.00793966095,0.00770043567,0.0117129154,0.00288599826,0.00261703807,0.00258732301,0.0175170734,0.00492072384,0.0196712942,0.0055412213,0.00301797084,0.0128435972,0.0596230009,0.00635176413,0.00335846393,0.0168434078,0.00504442939,0.00159235722,0.0224801533,0.00802840337,0.0266793887,0.0224657886,0.00918825794,0.00264783592,0.00361968869,0.00817018334,0.00278502788,0.00255410907,0.00345998923,0.0768963295,0.00722267446,0.00605288197,0.00660230269,0.00408273945,0.0155834486,0.00769094078,0.0114828098,0.0240105117
0.00235811947,0.0644866031,0.00316797899,0.00955543425,0.00480992532,0.00119332002,0.0149108656,0.00338753751,0.0134141375,0.00263946461,0.0130270113,0.00205731354,0.0132406986,0.0459532532,0.00209790028,0.00324632362,0.00671918627,0.00711274941,0.00262172198,0.00551504837,0.00941903141,0.00166818307,0.0027705371,0.0205384928,0.0205555146,0.0195763008,0.0115863074,0.0011424845,0.00867678739,0.00667475691,0.0381923755,0.00272574692,0.00192745457,0.0107489492,0.00547945019,0.00419221999,0.0376872263,0.00159466632,0.00602255761,0.00241189732,0.00711598552,0.0017562138,0.000466480289,0.00185026623,0.00180357313,0.00882103202,0.0040724052,0.00211446207,0.00636188917,0.0304683335,0.00551325451,0.0248637638,0.00265017496,0.00248997117,0.0145916908,0.0192987489,0.0188854706,0.0114754153,0.00502224731,0.00185845145,0.00152160965,0.0203016215,0.00809689628,0.00650431274,0.0127374519,0.00272348401,0.00214531221,0.00261028044,0.0179806807,0.00456116187,0.018482608,0.00508885727,0.00331873731,0.0120994238,0.0607615664,0.00507420766,0.00327252233,0.0175214423,0.00608840312,0.00158028034,0.0220886331,0.00796843847,0.0272381591,0.0217067141,0.008289698,0.00282443973,0.0033029272,0.00687953212,0.00343702036,0.00279144177,0.00386027502,0.0715627854,0.00707483228,0.00615704474,0.00780371141,0.00405460279,0.0163690658,0.0076840515,0.0112570661,0.0241080614
0.0026488036,0.0668032813,0.00350850202,0.00844341774,0.00455036881,0.00117302427,0.013929255,0.00337437867,0.0144548722,0.00259441156,0.0136942725,0.00223313961,0.0144478639,0.0457667469,0.00278862209,0.00287510247,0.00657994672,0.00765339792,0.0018595662,0.00546794449,0.00915250677,0.00164056363,0.00197595624,0.0192877704,0.0194012846,0.0199540127,0.0107052922,0.00146127478,0.00868549929,0.00674037825,0.0389551914,0.00352907892,0.00177085034,0.0113464399,0.00582071989,0.00381344895,0.0338581656,0.00175567051,0.0060299475,0.00280860928,0.00615231238,0.0017649354,0.000746168475,0.00198384518,0.00181249218,0.00787137318,0.00378281979,0.00251959869,0.00589883753,0.0316571862,0.00646150781,0.0224050369,0.00253841184,0.00231796762,0.0142683342,0.0204861294,0.0195649454,0.0119629948,0.00497017532,0.00170146987,0.00168763141,0.0204840085,0.0086474827,0.00696652853,0.012659173,0.00247880643,0.00199942657,0.00260247465,0.0204969153,0.00437196602,0.0166019805,0.00579470234,0.00407258813,0.0134980372,0.0631080854,0.00500203145,0.0040011227,0.0180631542,0.00639001675,0.00173474465,0.0211274632,0.00770178412,0.0269217467,0.0216175341,0.00773766056,0.0029739789,0.00302185114,0.00557594864,0.00363120746,0.00212342388,0.00410309336,0.0704202637,0.00706932488,0.00644507701,0.00785761303,0.00465775972,0.0155691269,0.00806885716,0.012307405,0.0241567036
0.00233353894,0.0657540145,0.00366042737,0.00781785553,0.004695926,0.00117543242,0.0127929784,0.0036583289,0.0148112311,0.00242614298,0.013860126,0.0023795351,0.0176339694,0.0442870078,0.00276663493,0.00242817184,0.00658591529,0.00891651428,0.00198704481,0.00549424306,0.0100519295,0.00163934203,0.00215803414,0.0169328738,0.0198209488,0.0202093078,0.0113348062,0.00226720511,0.00780471444,0.00677733389,0.0391742063,0.00434782835,0.00195869213,0.0115379464,0.00484581307,0.00444500344,0.0346359068,0.00133650053,0.00556893984,0.0026972392,0.0048028335,0.00178053134,0.000762618345,0.00113298383,0.00242600785,0.0071320671,0.00323054663,0.00223745076,0.00510204852,0.035224646,0.00683555263,0.0216651533,0.00186965705,0.00278494112,0.0137051711,0.0203785514,0.0184594715,0.0132785192,0.00496851059,0.00170834377,0.00248988676,0.0210786642,0.00850317795,0.00675981009,0.0128978792,0.00215585709,0.0011604289,0.00267764284,0.0222115521,0.00462832607,0.0148894024,0.005356344,0.00431095962,0.0144668285,0.0619547124,0.00453560214,0.00374770033,0.0195030607,0.00807669156,0.00140955355,0.0214762747,0.007273013,0.0263317204,0.0180923172,0.00755875126,0.00311157125,0.00284791127,0.00505263485,0.00368942107,0.00212822404,0.00440528179,0.0688029936,0.00727022862,0.00677614763,0.00820913662,0.00409505385,0.0173163384,0.00730125059,0.0135979927,0.0249347929
0.00168118438,0.0647321396,0.00369612801,0.00857980461,0.00569156078,0.00117130424,0.0133285923,0.00508819717,0.014268147,0.00241408662,0.0147221837,0.00224551137,0.0193348952,0.0449784682,0.00287947733,0.00271076168,0.00731817888,0.00963470504,0.00206489812,0.00553427004,0.00957208277,0.00132821856,0.0021764612,0.0162740016,0.0191326269,0.021948723,0.0109968365,0.00240654241,0.00794447667,0.00685137204,0.0405637656,0.00455580605,0.00197026685,0.0124758803,0.00470380575,0.00415826174,0.0339627745,0.00120282525,0.00489089306,0.00313053161,0.00439857275,0.00154134687,0.000910234898,0.00141563084,0.00256,0.00722471445,0.00275962229,0.00233516765,0.00526544103,0.0375031832,0.00769745484,0.0221599076,0.00174356148,0.0032454394,0.0130450901,0.0193140874,0.018788893,0.0140449719,0.00512536249,0.00218579136,0.00233317754,0.0218527428,0.00860549616,0.00761459037,0.0123941996,0.00173665741,0.00130189457,0.00266718945,0.0218590899,0.00468550138,0.0140884981,0.00574964666,0.00532822194,0.0163615966,0.0628620381,0.00494030876,0.00357694112,0.0207946397,0.0090158943,0.00107493913,0.0213074017,0.00732600388,0.0266586534,0.0164319254,0.00703479777,0.00311526533,0.00247142309,0.0052293955,0.00415282684,0.00186891381,0.00448052249,0.0689492651,0.0069815282,0.00723370468,0.00857305031,0.00317166885,0.0172623681,0.00708592291,0.0140264172,0.0264905566
0.00196374386,0.0652511414,0.00415468002,0.00785785568,0.00559849053,0.00145899984,0.0122317719,0.00499661602,0.0156526611,0.00198272214,0.0129964631,0.00268817437,0.0208015347,0.0443925408,0.00318817647,0.00272664933,0.00732824585,0.0107556483,0.0021910574,0.00556982726,0.00868643783,0.00133136086,0.00233022482,0.0144993654,0.0198297819,0.0215273107,0.0107674843,0.002897621,0.00630810396,0.00684723709,0.0397513822,0.00457534651,0.00213712939,0.0135506882,0.00537713438,0.00423891875,0.0356766305,0.0013690277,0.00504376445,0.00378582609,0.00336845514,0.00134698237,0.00129608246,0.00155170136,0.00238967855,0.00768601999,0.00272284644,0.0024660899,0.00487131134,0.0394257274,0.0083813795,0.0199852722,0.00160171193,0.00367346938,0.0122518198,0.0185235708,0.0199913446,0.0140935,0.00483158122,0.00219092818,0.00218136553,0.0207700037,0.00935087336,0.00806332466,0.0112317121,0.00173228066,0.00146391361,0.00300536024,0.0224456256,0.0044642771,0.013580093,0.00582398325,0.00551315137,0.0179977486,0.0648978672,0.0060676334,0.00342370483,0.02106826,0.0103645189,0.00105437533,0.0187832572,0.00739103962,0.0258713705,0.0155883459,0.00673504231,0.00323386916,0.00200092294,0.00485706552,0.00437655509,0.00198727728,0.00462108128,0.0648446492,0.00754768937,0.00851639734,0.00874840751,0.002547357,0.0184875204,0.00679851616,0.0134849642,0.0260319576
0.00208147777,0.0635809863,0.00468120047,0.00825222666,0.00630716061,0.00146326993,0.0120577288,0.0063726308,0.0143763572,0.0019965781,0.0129431437,0.00237494493,0.0241479314,0.0396673445,0.00335255676,0.00328857087,0.00773899842,0.0110789364,0.00204260153,0.00502440446,0.00764482672,0.00118747177,0.00298112193,0.0153170894,0.0224996227,0.0209150223,0.00950292318,0.00319795298,0.00550091714,0.00628978155,0.0402229408,0.0059428926,0.00160628361,0.0149575609,0.00563359862,0.00428404497,0.0349539794,0.00153799011,0.00642540622,0.00422688624,0.00356769777,0.00123524847,0.00161550633,0.00155126255,0.00238474486,0.00777077113,0.00241374079,0.00261816068,0.00494760772,0.0418509402,0.00872564864,0.0188217763,0.000936201773,0.00333696597,0.0120576161,0.0190805814,0.0202237663,0.0154821081,0.00459280959,0.00220472156,0.00189483527,0.0208968531,0.00898326198,0.00796130999,0.0102952256,0.00142315216,0.00149053819,0.00329603621,0.0228316518,0.00427040809,0.0142260256,0.0062839091,0.00608891887,0.0187389714,0.0660784656,0.00686718595,0.0030112041,0.0221898528,0.0111403357,0.00120047975,0.0185199511,0.00824805388,0.0251616376,0.0138869526,0.00579621157,0.00262429145,0.00138185117,0.00459610386,0.00392284395,0.00186492562,0.00438188005,0.0640429145,0.00845738129,0.009001252,0.00834724831,0.00221181499,0.0202933761,0.00770028993,0.0134581263,0.0249133349
0.00207407129,0.0620129963,0.00487964582,0.00896483862,0.00620328256,0.00160092847,0.0110664351,0.00615026907,0.0133528796,0.00184475316,0.0137169856,0.00236791678,0.0239289317,0.0404138508,0.00380761761,0.00345950616,0.00674845625,0.0104267587,0.00233611022,0.00499349619,0.0072627359,0.00163544663,0.0029624736,0.0156503504,0.0215279211,0.0200869858,0.00854138736,0.00349317401,0.00498089613,0.00601217913,0.0411003821,0.00609128981,0.00232184164,0.0157792356,0.00520228105,0.00486521898,0.0355199784,0.00185758677,0.00646551715,0.00347269313,0.00311166071,0.000974387331,0.00179265244,0.0015543324,0.00237116887,0.00812215372,0.00252383505,0.00304624958,0.0048794807,0.0444341412,0.00862650594,0.0197869026,0.000807427345,0.00376815583,0.0111064957,0.0176079286,0.0204902044,0.0168827367,0.00363162727,0.00220924389,0.00206940625,0.0207276766,0.00881475341,0.00705584898,0.00956573952,0.00141665408,0.00121102291,0.00441977392,0.0237229083,0.00422152348,0.0145378292,0.00629420129,0.0066751823,0.0205398703,0.0648974948,0.00686641454,0.00261299452,0.0214833782,0.0124262145,0.00176600373,0.0177933317,0.00920527433,0.0237888999,0.0135090826,0.00609476804,0.00275283137,0.000466562841,0.00361010829,0.00342186278,0.00213589955,0.00410167447,0.0636936449,0.0101612295,0.00959009702,0.0086435286,0.00188434372,0.0207313274,0.00720486323,0.0126652794,0.0241332795
0.0183160062,0.175384463,0.0280487845,0.048352296,0.0271838833,0.0189646228,0.056002014,0.0367558082,0.0513766503,0.0240899359,0.0466744854,0.0256339887,0.0771958645,0.0872717377,0.0262487283,0.0275106312,0.0311437643,0.0422222255,0.0189203842,0.0227771746,0.0325905252,0.0216881581,0.0259001969,0.0430495339,0.0622848859,0.0723860734,0.0341503832,0.0209455463,0.0239104054,0.0307867471,0.115901499,0.0320584547,0.0224380137,0.056159352,0.0311982481,0.0300560271,0.107123855,0.0257985121,0.0287450381,0.0243397031,0.0235817226,0.0182102265,0.0259929604,0.0174482068,0.0164997545,0.0330948146,0.0217831535,0.0236732547,0.0257143313,0.129487214,0.0427481207,0.057226775,0.0149136241,0.0266179976,0.0368227126,0.0540293536,0.0646377843,0.0540935367,0.0273722623,0.0205357614,0.0207316964,0.0810161207,0.0322906406,0.0334750538,0.0338933506,0.0203829267,0.0193775923,0.0307520651,0.0785821024,0.0227272734,0.057804746,0.0351603329,0.0349274394,0.0588236153,0.135396496,0.0417933611,0.0270199586,0.0792642902,0.0485632458,0.0178959013,0.0633975508,0.0393866568,0.0609503714,0.0451351051,0.0209712891,0.0234588081,0.0154638989,0.0260259907,0.0302655685,0.024078593,0.0247701255,0.168512175,0.0450127487,0.0332587359,0.0402719451,0.0206262835,0.0604457625,0.0253855944,0.038541115,0.0714284875
0.0249744905,0.230617753,0.0404907743,0.056107224,0.0376914449,0.0323212776,0.0670444717,0.0574053889,0.0486380834,0.0265225877,0.0669014039,0.0353591107,0.10615382,0.0904711871,0.0347091609,0.0464396207,0.0424374355,0.0515267853,0.0319829683,0.04048373,0.0510638207,0.0332568707,0.0346019951,0.0567566753,0.060838459,0.0799999316,0.0391677247,0.028004696,0.0277122664,0.0366120606,0.137433197,0.044642895,0.0217390846,0.0757113565,0.0410010849,0.040369597,0.143724733,0.0231425256,0.0360501621,0.0316062424,0.0283783555,0.0272452065,0.029842871,0.0230366446,0.0281286392,0.0349526454,0.03330334,0.0217606122,0.031380759,0.180648436,0.0558325466,0.0749647812,0.0263672371,0.033298597,0.0351053435,0.0722997031,0.070750277,0.0559400101,0.0345666493,0.0261239529,0.0273972679,0.107252266,0.0441176901,0.0503992729,0.0274049188,0.0277456886,0.0287355987,0.0344522764,0.0953859471,0.0434321834,0.066321846,0.0312500319,0.0464363144,0.0707813768,0.13270145,0.0641762073,0.0367261386,0.096818165,0.0494215421,0.024946887,0.0892990771,0.0528790168,0.0658482637,0.0460732197,0.0325733384,0.029442675,0.0228050511,0.0479723085,0.0427197032,0.0219836589,0.0336391054,0.181454742,0.0553963,0.0386652281,0.0578513085,0.0349716094,0.0851734926,0.0294117197,0.0468003939,0.0837462599
0.0453487998,0.262864004,0.0527046179,0.063947117,0.0583332984,0.0428894253,0.07518798,0.0732323681,0.0526905968,0.0457626232,0.0836602836,0.0563203631,0.116996456,0.0933332503,0.0449790335,0.0639053442,0.05762305,0.0619468512,0.0464839712,0.052900972,0.0664250648,0.0442707855,0.0476803686,0.0743512438,0.0819861582,0.0929054265,0.0537930795,0.0411141384,0.0447042321,0.0425790832,0.162645799,0.0465394137,0.0294117274,0.0821839092,0.0610913295,0.0627008763,0.151227686,0.0379918004,0.0453474958,0.0404454605,0.0322108343,0.0274599935,0.0475330724,0.0337601883,0.0373036963,0.0382513722,0.04761905,0.0350493039,0.0473933976,0.201104826,0.0695847144,0.0858506641,0.0351648207,0.0439109741,0.0468036844,0.0781399182,0.082065342,0.080128242,0.0437220062,0.0395832889,0.0509138137,0.127362022,0.051819132,0.0620767812,0.0404040585,0.0413222712,0.03800792,0.0503524773,0.101783717,0.0504807087,0.0802277641,0.0429864,0.0542821992,0.0854430578,0.149468151,0.0775027187,0.0345028869,0.108672991,0.0585365764,0.0358851279,0.105850124,0.0840000292,0.0785618868,0.0626477531,0.0521212436,0.0413711512,0.055627375,0.0564245265,0.054959794,0.0348431772,0.0497076624,0.175483114,0.0671397489,0.0497630819,0.0651428435,0.048901052,0.0886609919,0.0364583197,0.0506607548,0.0953984267
0.0586796877,0.266283756,0.073170698,0.090579681,0.0652174693,0.0503144872,0.0848485345,0.0886242781,0.0630303128,0.0678271739,0.102222336,0.067549663,0.121419654,0.0994475081,0.0533926556,0.0778061239,0.0681216039,0.0644362019,0.0604026954,0.071933974,0.0817438898,0.0559646551,0.0600272624,0.0830653617,0.104347828,0.10956412,0.0626911781,0.0524017556,0.0763994989,0.0583332713,0.170911548,0.0571809172,0.0409090898,0.094375,0.0723431445,0.0836257909,0.157142866,0.0464071995,0.0551947932,0.0573453246,0.0489732054,0.0362953647,0.0547680368,0.0445293019,0.0500000811,0.046923113,0.0678337036,0.0411124251,0.0606452076,0.214107476,0.08,0.102521057,0.0540540532,0.0576679294,0.0530209452,0.0851177183,0.0975459195,0.103323734,0.0585305588,0.059911255,0.0703013316,0.128526172,0.0590405348,0.0723925489,0.053793111,0.0528701196,0.053521085,0.0685653374,0.0954064767,0.0501285756,0.0904378572,0.0492102247,0.0549019439,0.0918230335,0.167237388,0.0833333992,0.0428751532,0.113163931,0.0633245913,0.0488126688,0.106992907,0.10029715,0.0934230083,0.0834402675,0.0692811084,0.061173569,0.0671232286,0.0686641743,0.0677966793,0.0424281775,0.0602883518,0.171910538,0.0713429357,0.0578406148,0.0745341916,0.0563463887,0.0935397344,0.0525624632,0.0595690783,0.107753038
0.0706940758,0.266619747,0.0927487693,0.106481563,0.0777576566,0.0485830156,0.0900140997,0.0994235102,0.0724832193,0.0843455281,0.111110982,0.0760234257,0.14522544,0.0993788869,0.0616351731,0.0898550412,0.080785887,0.0835694284,0.0562129812,0.0903225221,0.0894188171,0.0785256054,0.0743551463,0.0890736366,0.1166666,0.138926139,0.0804794558,0.0683230716,0.0958677945,0.0567685485,0.184848328,0.0626865768,0.0486577422,0.106488002,0.0851689713,0.0984147654,0.163087323,0.056856165,0.0611510417,0.078055963,0.0569514187,0.0378151091,0.0591630129,0.0557940589,0.061514259,0.0523649179,0.0872162148,0.0511440439,0.0716418336,0.226744536,0.0870828382,0.11380597,0.0697674012,0.0679542907,0.0546218389,0.098119819,0.108458446,0.105987099,0.0764285316,0.0771144417,0.0830645793,0.121331601,0.0603217735,0.0727022995,0.0598159869,0.0581195819,0.05555557,0.0861664755,0.0963060284,0.0575034769,0.0974025401,0.0590969422,0.0630251899,0.104532108,0.1775,0.0868421548,0.0491802613,0.112167316,0.0719322628,0.0568862281,0.111987316,0.133858304,0.105670089,0.105685097,0.0838150517,0.0781893089,0.0754148505,0.0689189383,0.0784615267,0.050147485,0.0685131312,0.180605862,0.0731707134,0.0709220696,0.0853485344,0.0578457281,0.0965568792,0.0587392294,0.0646976558,0.111432758
0.0773481007,0.26630452,0.0956440478,0.1286149,0.0830038751,0.0548340095,0.100486171,0.114779811,0.0736841918,0.115781693,0.126213702,0.0867430765,0.165229854,0.101899761,0.0793414221,0.0961538652,0.0995298527,0.09606658,0.0703260285,0.107046035,0.09090907,0.0867992891,0.0653594837,0.0821917993,0.128318626,0.152757197,0.0821917801,0.0782608721,0.117437834,0.0627009243,0.219761155,0.07154477,0.0545809767,0.105348467,0.0938052644,0.11890689,0.166666747,0.0699432856,0.067699783,0.100161638,0.0674955805,0.0406249919,0.0613893297,0.0578125145,0.0840787392,0.0451128045,0.0947369461,0.0609939885,0.0900163712,0.245033468,0.0863192262,0.119607672,0.0887655729,0.0784469133,0.0567823519,0.109933771,0.118222799,0.116279003,0.0966102097,0.0811567287,0.0984320485,0.120370329,0.0643713167,0.0757801532,0.0611205441,0.066276796,0.0499139441,0.107427088,0.0965733095,0.0673653273,0.115726984,0.0716395964,0.05903789,0.0929854235,0.192034135,0.0970042122,0.0565749236,0.115006993,0.0850721809,0.0589225123,0.115183223,0.148020674,0.115456158,0.12225707,0.0920840079,0.0989504951,0.0883797801,0.079479717,0.113175705,0.059800685,0.0689655014,0.201986753,0.0677842632,0.0723271363,0.0913621572,0.0559593773,0.0890051822,0.0703363551,0.061032884,0.116528907
0.0775076733,0.267318003,0.104525932,0.138016409,0.0997782839,0.0619620092,0.0986964462,0.134251284,0.070689689,0.130691325,0.134903537,0.0867158173,0.183279776,0.0996093302,0.102866738,0.110507276,0.116178982,0.120491713,0.0915221507,0.118811999,0.0887521815,0.0900620434,0.0706521441,0.0914729585,0.146226385,0.162440587,0.0897435632,0.0919325277,0.132411124,0.0602836849,0.250965449,0.0664335381,0.0590808977,0.105751476,0.109730779,0.147163085,0.172697429,0.0837004392,0.0690265431,0.127366553,0.0780951759,0.0428571194,0.0720562433,0.0632689759,0.101313288,0.0434782596,0.105950631,0.0700692182,0.097514292,0.2567565,0.100189004,0.128691856,0.112443722,0.103626924,0.0648648483,0.121725741,0.158515955,0.125550537,0.125514316,0.0862423902,0.100580253,0.119087941,0.0582676641,0.0699658405,0.0671506272,0.0791366239,0.0507519305,0.113803298,0.0913120502,0.0769230477,0.119863061,0.0756098334,0.0718953655,0.0991150808,0.218241269,0.0862330134,0.0583333363,0.105900217,0.102040833,0.0606061042,0.113502836,0.173992681,0.139675889,0.133333378,0.0967740274,0.12046246,0.0848056086,0.0861789031,0.144144173,0.0606617382,0.0808435411,0.17758371,0.0737288201,0.0925266533,0.0960451373,0.0516393062,0.0951456986,0.0782029148,0.0674956048,0.132270136
0.090483591,0.25879899,0.134660399,0.157657619,0.111380227,0.0607735128,0.103585616,0.158759211,0.0727969278,0.144787658,0.144927539,0.0841683927,0.177554396,0.101265772,0.132379319,0.13339908,0.129090886,0.123423401,0.0914512873,0.138888844,0.0930657102,0.0894607493,0.07884619,0.089222658,0.164451812,0.167567509,0.0975055712,0.108559474,0.14767955,0.0689655603,0.269807226,0.0844529871,0.0610328699,0.117713032,0.135071048,0.166007882,0.172881426,0.0989847132,0.0795454034,0.153240149,0.0773930679,0.050916512,0.0783938365,0.075539515,0.120792104,0.045977073,0.115141997,0.0789474079,0.103448205,0.263557752,0.11570242,0.147058911,0.131147572,0.112754256,0.0789474208,0.143872229,0.181818343,0.149746219,0.153846215,0.0934782765,0.108216444,0.11695907,0.0524642995,0.0707456859,0.0823754605,0.13164566,0.0554393749,0.126543277,0.0870902157,0.0779220971,0.116575583,0.100548407,0.0747825673,0.098,0.22982475,0.0953845686,0.0645724129,0.0925040489,0.0965665093,0.0635245803,0.11276601,0.179816553,0.135746301,0.156424506,0.0931173404,0.156028389,0.0846847322,0.08431702,0.177737971,0.0543689527,0.0703422228,0.210843571,0.0756756924,0.0907335273,0.117270745,0.0564053802,0.0888888438,0.0778341792,0.0590551407,0.144153224
0.0832048792,0.258064187,0.142344514,0.180253608,0.103658534,0.059160325,0.099999921,0.16666675,0.0756457229,0.161764741,0.139705877,0.0863157888,0.189565169,0.106694602,0.155769266,0.135306508,0.137310635,0.111900578,0.0956847458,0.139830438,0.0917107914,0.0858208149,0.0891473182,0.0794642352,0.17569785,0.165178554,0.0990782931,0.104294468,0.167355671,0.0690265341,0.277657095,0.0928030223,0.0671296155,0.109480879,0.141772102,0.181547595,0.180851122,0.106383017,0.0757855656,0.150420397,0.0720164822,0.0478169995,0.0826923541,0.0880733691,0.123505977,0.0439815155,0.127558977,0.0909090855,0.0988763621,0.272196611,0.10615718,0.160520615,0.126455903,0.126865685,0.0934182257,0.161172157,0.188605045,0.157480283,0.153846274,0.104301075,0.099791999,0.09980037,0.0629801057,0.0554492972,0.0812379792,0.147869518,0.0569197008,0.131343356,0.0756929982,0.0786106165,0.119180697,0.105169327,0.067518265,0.1,0.23385706,0.0921659365,0.0663175735,0.0927052291,0.107865217,0.0507398975,0.098196395,0.184859148,0.161137515,0.158953657,0.0840426721,0.166377563,0.0784672067,0.0803278289,0.200357848,0.0653846328,0.0670289845,0.205797262,0.0742115812,0.0858894944,0.126914651,0.0613107098,0.091269851,0.0851788687,0.0557620528,0.139462921
0.0732436641,0.267818248,0.136467885,0.178445182,0.0927229888,0.0593692217,0.0848860694,0.172253325,0.0715532,0.158227785,0.137681188,0.0871369717,0.1998254,0.102642224,0.174999838,0.13179929,0.13562392,0.0886956642,0.0954861748,0.15612379,0.0957792012,0.0964706952,0.0907372037,0.0789473313,0.193650687,0.160617014,0.099352046,0.104330664,0.172043278,0.0614334002,0.27167026,0.0950570172,0.0839160091,0.102708956,0.132791334,0.202380985,0.191525562,0.11866665,0.0753064605,0.154424234,0.0572596754,0.0532787141,0.0886654258,0.100345962,0.124535298,0.0323973716,0.133433313,0.0932038697,0.104408297,0.295061659,0.100200357,0.1620466,0.141233933,0.141804851,0.0822784306,0.148550679,0.206963554,0.163316526,0.151960799,0.0980198035,0.0956340081,0.081027623,0.0542635995,0.0473485331,0.0710279916,0.168618136,0.059912841,0.127300655,0.0744681155,0.0812274047,0.102702695,0.112436186,0.0792253578,0.0968992061,0.240680791,0.0838068577,0.0569513859,0.0819671952,0.107865097,0.0445736026,0.0865385119,0.178454057,0.156950893,0.155021806,0.0767543369,0.177392964,0.067028936,0.0773026522,0.224381705,0.0696428037,0.0549644918,0.202830467,0.0840950582,0.0920244447,0.128888665,0.0562770169,0.0802349085,0.0989761673,0.0410959082,0.168388418
0.0680173654,0.246724766,0.154897497,0.178694168,0.0958905007,0.0524475163,0.0673076946,0.179816532,0.0622895088,0.180043394,0.130841126,0.0850622536,0.207964431,0.0945946168,0.190434847,0.132924329,0.129151354,0.0808080488,0.0894568464,0.167968727,0.0852534229,0.0842571319,0.0791505921,0.0652173278,0.18547147,0.13708261,0.0983773107,0.0992509818,0.163521996,0.056514953,0.271169127,0.0975177049,0.114864929,0.0919812017,0.143631444,0.195028588,0.185667698,0.136699414,0.0769230662,0.154032472,0.0521921351,0.0443159675,0.0973213887,0.106557463,0.111304302,0.0341151684,0.121985768,0.0968922197,0.0985915437,0.324817565,0.0992217871,0.17382377,0.129860083,0.135135227,0.0905173053,0.151459781,0.212475529,0.169047707,0.153109866,0.112284017,0.0793319056,0.0676691865,0.0527108021,0.0562851358,0.0648648929,0.203309854,0.0668789733,0.118975895,0.0790598645,0.0889291971,0.0826010825,0.125619797,0.0836092832,0.0849056394,0.235294082,0.0855978346,0.057838646,0.0772532955,0.116853831,0.0361010303,0.0840950893,0.185384664,0.15351822,0.157777827,0.074398164,0.186579067,0.0572916963,0.0671875,0.243315669,0.0738915845,0.0455341064,0.201406772,0.0889292135,0.0786750687,0.13882897,0.0637361873,0.0703124923,0.112984842,0.0342577761,0.1913828
0.0669515328,0.233766047,0.192224959,0.187604681,0.0790598431,0.0560131966,0.0550284753,0.196460237,0.0518869108,0.176470788,0.135254928,0.0918579614,0.20161271,0.0785440441,0.20114027,0.132860101,0.119047518,0.0606060615,0.0937950994,0.177664925,0.100740667,0.0780911491,0.078544193,0.0580204416,0.1890625,0.119791618,0.0969581154,0.0972972064,0.162551271,0.0490046002,0.257575859,0.102941212,0.106557306,0.0926366016,0.165745744,0.193858098,0.174121544,0.132387689,0.0690737338,0.138931441,0.0546558846,0.0389610801,0.108247375,0.104347917,0.105175366,0.0308008297,0.109772377,0.102310281,0.104265486,0.344047477,0.110909093,0.191147148,0.127343436,0.128113875,0.103734442,0.161347539,0.219600619,0.152272842,0.154205615,0.119307754,0.0662525566,0.0587156147,0.0474819457,0.0593692607,0.0671141121,0.220524364,0.0737864226,0.114613185,0.0860655621,0.0846023673,0.0702341126,0.137557973,0.106446861,0.0865561652,0.231601618,0.0883115982,0.0512048033,0.0705563235,0.12873565,0.028286183,0.0798611296,0.181749639,0.140844852,0.164096855,0.0707965009,0.208269816,0.0573770401,0.0573248748,0.240740794,0.079479857,0.0481727952,0.185867066,0.109734541,0.0828157044,0.140486274,0.0759220235,0.0566406664,0.119528596,0.0391849986,0.214684141
0.068273145,0.237068655,0.183715926,0.1936508,0.0743801307,0.0538461395,0.0425925704,0.185964844,0.0564024173,0.160824842,0.116772844,0.0873983285,0.186471529,0.0781817795,0.218894404,0.126041659,0.103417305,0.0490045429,0.0851063826,0.169719151,0.107348787,0.0726871867,0.0853657317,0.0508772279,0.193893113,0.117021273,0.0935875368,0.092150107,0.159763691,0.0512445649,0.272203862,0.0937499063,0.123486672,0.08148148,0.167101985,0.185150437,0.165101752,0.148418254,0.0638930011,0.125368655,0.0464646142,0.0357142946,0.119426931,0.102672403,0.110248465,0.0375233864,0.114847687,0.10866369,0.100938932,0.338371694,0.115658329,0.204119591,0.130335647,0.130067568,0.100204581,0.152249165,0.220175472,0.154660908,0.136563868,0.112959566,0.0642570954,0.0512367664,0.0416068842,0.0631970316,0.071097385,0.235830035,0.0694444508,0.104438635,0.0841889043,0.0895160228,0.0513698789,0.150076564,0.120738617,0.0845865338,0.231197717,0.0976253256,0.0492957803,0.0655080798,0.121212095,0.0263158203,0.0849359258,0.200143316,0.129921013,0.165188465,0.074941355,0.228096472,0.061823814,0.0426179551,0.246466498,0.0813463659,0.0576322979,0.172394627,0.135181828,0.0741483489,0.152806993,0.0894117057,0.056057815,0.121160371,0.039877294,0.240484226
0.0695538612,0.226695097,0.187008052,0.19940912,0.0725489714,0.047337223,0.039145949,0.164939416,0.0520058617,0.145708567,0.113305557,0.0898204362,0.189814857,0.0651408885,0.232436511,0.132415164,0.0982905088,0.0377358645,0.0789473932,0.183894212,0.115951728,0.0753881183,0.0742114915,0.0420874877,0.199074096,0.112959765,0.0896057151,0.0876033337,0.154875906,0.0535211134,0.258986702,0.10289867,0.130331733,0.0694788953,0.154040375,0.174818759,0.146031809,0.144893126,0.0587392347,0.12444442,0.0374753126,0.0405872393,0.127080478,0.114624503,0.111273733,0.0344202572,0.12234046,0.113788525,0.117073214,0.332151536,0.109028978,0.230000234,0.135215557,0.127090268,0.102615663,0.158597629,0.225043849,0.148,0.140659395,0.11505189,0.0655105544,0.0525393863,0.0431034085,0.0610413211,0.0723781097,0.249506707,0.0721061943,0.10318478,0.0737527841,0.0969306175,0.0510204037,0.144736806,0.137150407,0.0808271162,0.222891533,0.109090876,0.0398899448,0.0626598075,0.131764678,0.0256797179,0.0889234564,0.208965421,0.130996292,0.158296845,0.066508364,0.22867674,0.0659509009,0.0446043022,0.255731727,0.0860927403,0.0552326471,0.163721336,0.155979124,0.0656063362,0.170318578,0.0933013006,0.0587219953,0.123287339,0.0399407728,0.253646572
0.0690505445,0.21538439,0.202578444,0.20995674,0.0571992206,0.040638653,0.0242214285,0.147746174,0.0482456418,0.124271956,0.101960793,0.0766283755,0.181318488,0.0663349619,0.22740343,0.111924666,0.099999989,0.0326975743,0.0811725668,0.199421812,0.128807205,0.0831510066,0.0697674574,0.0414593341,0.204941794,0.109154911,0.0913978591,0.0930930465,0.148776264,0.0649171895,0.277605281,0.106993029,0.137614712,0.055831201,0.144303793,0.160441416,0.136363647,0.171557357,0.05346818,0.120171728,0.039062507,0.034846004,0.12378289,0.12276207,0.114911103,0.0528925643,0.12215898,0.132406294,0.127764212,0.345890609,0.105172372,0.250000365,0.148725035,0.129807725,0.109730804,0.150501581,0.245161279,0.127907036,0.140425441,0.112929612,0.06165714,0.0465517505,0.0522599019,0.0664271928,0.064343158,0.252302355,0.0641508587,0.0932098446,0.0728052218,0.0973812708,0.0535406177,0.139534875,0.155985499,0.0945179014,0.216216239,0.111399011,0.0367936578,0.0609138233,0.132387733,0.0198300095,0.0916929119,0.20676206,0.118095235,0.17377399,0.0510948604,0.237226117,0.0674846704,0.0438246538,0.251318204,0.0962288625,0.0663780087,0.149951805,0.186379948,0.0546875045,0.175907871,0.093833759,0.0470780244,0.125214511,0.0444762956,0.272997407
0.0713449872,0.212253844,0.215929003,0.214189177,0.0482896729,0.0403226086,0.0187393752,0.13240132,0.0461759995,0.107011041,0.108614339,0.0709090877,0.173076555,0.0579598135,0.2383969,0.103411522,0.0996809072,0.0317880568,0.0912017373,0.203142115,0.148582031,0.0919037605,0.0655429994,0.0363635907,0.197786958,0.105488913,0.0920576697,0.095959548,0.142856714,0.0765026801,0.27915995,0.113540279,0.138888971,0.0658914962,0.144303892,0.146039603,0.140522901,0.179265501,0.0568181276,0.11205672,0.0359281348,0.0404797939,0.129198826,0.128553723,0.117340235,0.0589172206,0.124728904,0.136150283,0.128078787,0.357142456,0.111287773,0.239635089,0.164864673,0.121306469,0.109730822,0.149193191,0.24735258,0.118110216,0.150862069,0.106531853,0.0609981749,0.0388513218,0.0466472247,0.0614828343,0.0682381691,0.253097386,0.0594593914,0.0890972749,0.0840335615,0.0986842106,0.0533563059,0.144755138,0.152173911,0.0983302241,0.203680198,0.119592835,0.0338346129,0.062103917,0.13856814,0.0198020079,0.0965463274,0.229643386,0.112754211,0.162551452,0.0445544676,0.234463094,0.0776772511,0.0334158053,0.249999712,0.0882740894,0.0687757877,0.148423739,0.198555945,0.0584795377,0.183600964,0.108695542,0.0357698589,0.124999943,0.053133507,0.316011538
0.0678161497,0.22939854,0.230228417,0.206549117,0.0396975282,0.0401035233,0.0248344425,0.120355415,0.039772646,0.0994574988,0.103896108,0.0637168118,0.177909201,0.049926655,0.242705273,0.0939524784,0.0872273938,0.0323834465,0.0967413645,0.222222303,0.157396414,0.106991561,0.0599999972,0.0304486854,0.191852842,0.103648423,0.0916515135,0.0964432836,0.143884578,0.0807536445,0.295454584,0.105298966,0.137472316,0.0617129032,0.146853085,0.13400327,0.12895932,0.208080854,0.046321578,0.104022144,0.0262096581,0.0394922938,0.130876557,0.122891659,0.112530462,0.0636645883,0.132596628,0.148295481,0.128878269,0.340217226,0.112179474,0.251612505,0.167095466,0.135154992,0.106060588,0.149923704,0.234859343,0.12754156,0.164810577,0.101459915,0.0465117033,0.0456852864,0.0465444435,0.0588235012,0.0671296227,0.266556117,0.0552764476,0.0902255346,0.0913043153,0.0929487193,0.0538194094,0.148224036,0.161073707,0.097196167,0.215087344,0.129151161,0.0371702451,0.0653594571,0.132158569,0.0252996471,0.101669205,0.253034171,0.109640928,0.165048504,0.0393700838,0.233468356,0.0809037871,0.0356732122,0.269624217,0.0947368007,0.0742187652,0.143272309,0.208333339,0.0590476283,0.191011027,0.103351974,0.0251851763,0.122950425,0.0611413372,0.337467226
0.0730896932,0.229074688,0.241610686,0.203703665,0.0418250867,0.033415833,0.0243902478,0.116903661,0.0363128167,0.0894736906,0.0910713545,0.0655461823,0.172552573,0.0493150728,0.241558597,0.0805169092,0.104387287,0.0301205205,0.101284656,0.20942409,0.167832259,0.112836385,0.051993026,0.0268138774,0.177558637,0.115514345,0.0941901533,0.1117725,0.141856231,0.0727969607,0.307353289,0.103973542,0.138702485,0.0488722276,0.164473639,0.11356209,0.146715343,0.223658024,0.0417228246,0.10769225,0.0259481109,0.0394385174,0.144637927,0.128521252,0.109375049,0.0799396664,0.134861533,0.156521879,0.124138081,0.317887826,0.10892582,0.247974059,0.173366313,0.142553149,0.11333328,0.153571686,0.240497185,0.131438726,0.1674107,0.0919118469,0.0424609914,0.0385260019,0.057503517,0.0431893332,0.0595610818,0.264795228,0.0470779121,0.091089076,0.0961538735,0.0867834379,0.0546074711,0.144771977,0.169956016,0.0881226244,0.209158358,0.132425688,0.0309524129,0.0596025544,0.110416652,0.032258071,0.105882281,0.264269184,0.105263195,0.164772846,0.0244564941,0.224867461,0.084944771,0.0349206101,0.27931042,0.109756052,0.0786802251,0.14807408,0.2001876,0.0610687477,0.177862373,0.106557346,0.0243902463,0.113636364,0.0701986188,0.360727675
0.0671321215,0.227074408,0.248407826,0.20238097,0.042885024,0.0279465669,0.0241327861,0.119515817,0.0336133761,0.0745234111,0.0826307233,0.062184898,0.172492792,0.0548302321,0.254796009,0.0697211644,0.106666674,0.0305429651,0.110738389,0.202309231,0.168306082,0.126555882,0.0526315542,0.0270270292,0.170786673,0.119834696,0.100506755,0.106022566,0.14408245,0.075544174,0.329323202,0.10450826,0.14569534,0.0390428248,0.172839571,0.103820535,0.170096041,0.253295616,0.0404171649,0.128911139,0.0189075657,0.0425,0.145932802,0.127384892,0.11698537,0.0895522254,0.137053022,0.175836098,0.123376595,0.299795045,0.109374919,0.246784559,0.16997546,0.14944901,0.108352211,0.16555883,0.237068944,0.128471719,0.164705976,0.0820028859,0.0424293449,0.0389170887,0.0642457662,0.0450886417,0.05489025,0.284137719,0.042904413,0.089887706,0.0993520522,0.0891719117,0.0569948652,0.134765643,0.171186473,0.0867924731,0.210274711,0.140415007,0.0277778481,0.0527988895,0.110351563,0.0321212329,0.110304722,0.260683526,0.11090569,0.169708045,0.0263157789,0.221333394,0.0780386945,0.0324873489,0.285713974,0.126806908,0.079375,0.153816222,0.197463867,0.046,0.192737479,0.093085064,0.0232240535,0.112776012,0.0954907247,0.38310872
0.0689118904,0.233188975,0.270614804,0.19081079,0.0359168314,0.0253012087,0.0276923262,0.126453531,0.0396717117,0.0694215147,0.0762852262,0.0550000634,0.178267156,0.0523038927,0.265080919,0.0588235394,0.106989885,0.0298507719,0.114958491,0.196171884,0.160407651,0.11591352,0.0609554949,0.0364656223,0.169337819,0.127242985,0.100515523,0.117964049,0.152570389,0.0764410623,0.357143296,0.097184983,0.146929742,0.0335051493,0.175542393,0.0940594353,0.158854006,0.275492029,0.0366972349,0.126742725,0.0207900098,0.0395513928,0.163182117,0.11704428,0.104984167,0.100151772,0.147650845,0.176600411,0.105317028,0.297243861,0.11760838,0.264240188,0.185092893,0.16446493,0.107798217,0.160544685,0.231972768,0.124792075,0.167865635,0.0782163961,0.0419304326,0.041390735,0.0642955593,0.0384024619,0.0457515689,0.301790083,0.03358777,0.0896738888,0.0959489919,0.0930232863,0.0593080779,0.124689744,0.172677622,0.0959410696,0.211226763,0.138235028,0.0294748365,0.0482233165,0.099999913,0.0437003036,0.123782922,0.272727056,0.110516997,0.156250053,0.0221606462,0.211718143,0.0712451972,0.0333016127,0.27175699,0.12868119,0.0738125752,0.166789496,0.206522173,0.0425138732,0.184895872,0.0890957608,0.0238410407,0.099850921,0.109660575,0.404216882
0.0667001313,0.214596875,0.28002826,0.187189509,0.039447776,0.020432682,0.0213740191,0.11894892,0.0310391774,0.0721476338,0.0683891252,0.0521885393,0.19079872,0.0539906154,0.260869489,0.0474910195,0.104885099,0.0265392594,0.132568372,0.189201483,0.153225725,0.12741315,0.0701754744,0.0465444572,0.163194435,0.138931416,0.101339936,0.112398689,0.155887277,0.0655541616,0.376750283,0.0827813836,0.17225958,0.0325,0.172549053,0.0719178121,0.162679618,0.306337854,0.0397945684,0.146191628,0.0193965333,0.0360000362,0.163504502,0.112801719,0.098752609,0.112686604,0.142531301,0.194627146,0.100806421,0.287334659,0.112745105,0.277948276,0.171741685,0.174683614,0.116222677,0.155919822,0.230668488,0.124797314,0.16428565,0.0772727283,0.04341531,0.0396825092,0.0598179509,0.0344332972,0.0424954543,0.321137849,0.0266853631,0.0962360136,0.104034019,0.105737727,0.0672131314,0.123522322,0.164522968,0.0922786434,0.219031182,0.13636367,0.0301944654,0.0491400246,0.100869577,0.0489548737,0.1248374,0.259779478,0.105911372,0.157009274,0.0209973771,0.203534141,0.0597561529,0.0378304319,0.268749919,0.141656669,0.0660736827,0.174575292,0.221033768,0.0441988459,0.1706703,0.0805626272,0.0179027902,0.0902367335,0.125974072,0.39743606
0.0626176625,0.217160958,0.290836979,0.188858795,0.0429448166,0.0170731374,0.0197869122,0.128901062,0.0324427616,0.0718954477,0.0671641858,0.0509338763,0.197183065,0.0667420994,0.274479017,0.0350876982,0.100995808,0.0216495191,0.140281177,0.169130297,0.155958763,0.123339678,0.0799396496,0.0570652146,0.173991038,0.12822341,0.0919732841,0.124861899,0.152139428,0.0550660011,0.379287487,0.0788113603,0.192560028,0.0328282557,0.181132002,0.0586370682,0.164421719,0.319349324,0.0465393886,0.144832036,0.0218818076,0.0301204725,0.179514619,0.0998975249,0.0985401668,0.115720552,0.142938551,0.213169458,0.0880626441,0.280969648,0.113995447,0.274668429,0.176821991,0.194278751,0.114713267,0.143063652,0.235955174,0.132075542,0.152671863,0.0788252906,0.0399999992,0.0404983931,0.0542327717,0.0353402965,0.0369392831,0.339581251,0.022106628,0.107401412,0.110995918,0.111382088,0.0594678808,0.129855739,0.164070688,0.0967153645,0.221916375,0.139521672,0.0237623858,0.0516206714,0.0879934338,0.050331778,0.131325287,0.269950557,0.113743708,0.146788981,0.0233160533,0.194549801,0.0512223744,0.0428816734,0.262295163,0.143348574,0.0591195283,0.189499027,0.224955974,0.0409982248,0.171741452,0.0892420996,0.0185643406,0.0834564024,0.15641047,0.380728487
0.061411133,0.241200399,0.282822117,0.199736655,0.0425963749,0.0213017368,0.0230880072,0.142138269,0.0306372913,0.0785952261,0.0524017364,0.0456080431,0.198772777,0.0703544537,0.301091412,0.0362069409,0.105263219,0.0203251967,0.152434129,0.168609468,0.135869658,0.119811421,0.0838150458,0.0679487222,0.166810465,0.129261187,0.0914926753,0.131952036,0.157575901,0.0468750894,0.367549643,0.0776942297,0.228632551,0.038659817,0.16977616,0.0590062246,0.161637595,0.357142652,0.0516273479,0.143031733,0.027957008,0.0228237606,0.191849227,0.10518593,0.0948275724,0.117903913,0.139575652,0.221412507,0.0812853891,0.26384069,0.104751519,0.278267552,0.17674939,0.202341537,0.111111089,0.141036855,0.225843924,0.114630501,0.1520614,0.081210223,0.0340425831,0.0535456284,0.049934243,0.0331210904,0.0333333331,0.343949046,0.0161290111,0.100543444,0.113590425,0.106349229,0.066874006,0.122760927,0.156504054,0.0901060296,0.217439761,0.133447823,0.0280899342,0.0520362545,0.0887917903,0.0529543011,0.118235228,0.267208955,0.123123437,0.146567723,0.0222771849,0.196256249,0.0576923429,0.0556016975,0.256447041,0.143243284,0.0679172109,0.191997265,0.237434832,0.0404721727,0.153442368,0.0804455048,0.018072298,0.0823354061,0.173316646,0.365541299
0.0621302224,0.240704533,0.27879148,0.206132759,0.0445343845,0.0247349995,0.0223463884,0.143552315,0.0352369555,0.0682196318,0.0403458248,0.0292095947,0.210494609,0.0815273755,0.302336218,0.0329861106,0.108254368,0.0196656923,0.173599346,0.165192807,0.127272823,0.118095111,0.0787622991,0.0753676238,0.165432041,0.121854197,0.0765625383,0.143605923,0.15743439,0.0413064307,0.352015374,0.0820451784,0.259100859,0.0425531743,0.15008711,0.0542635786,0.153284683,0.372056279,0.0597177484,0.153983135,0.043196562,0.0235707167,0.189251988,0.0999999619,0.0924075473,0.11881183,0.146313442,0.226966267,0.0777577562,0.262226081,0.102910551,0.261871737,0.186619616,0.197796393,0.124050634,0.130667705,0.236004597,0.127324793,0.150894765,0.0820512156,0.0314207262,0.0517482155,0.0515723305,0.0308261589,0.0268729635,0.353379736,0.0124013856,0.101556699,0.117924501,0.107142854,0.0703592545,0.126865645,0.161008717,0.0957445713,0.220366272,0.119540267,0.028985452,0.0519068157,0.0866762989,0.0443592744,0.116407958,0.27550072,0.126811826,0.142599214,0.0234741697,0.19562675,0.0633726842,0.0608320867,0.236701932,0.133624803,0.07701869,0.19532755,0.271011797,0.0342577297,0.15065468,0.0891203421,0.0211913334,0.0778266758,0.197604639,0.370813357
0.0590801475,0.255238,0.267107943,0.218241495,0.0450980524,0.0234466139,0.0203251631,0.142348731,0.0344036886,0.0601625847,0.024425269,0.0330578055,0.217732479,0.095904105,0.319034678,0.0379310311,0.105943159,0.0175609847,0.173408192,0.151351417,0.121237439,0.125000066,0.07916676,0.0889280842,0.169991968,0.112781887,0.074183977,0.151776653,0.162952684,0.0369188383,0.344701809,0.0818713277,0.290254161,0.0450928735,0.132013256,0.0404798142,0.150670892,0.386877744,0.0695020115,0.16356232,0.0484580927,0.0219216428,0.188976666,0.099526081,0.109311697,0.121848747,0.146820736,0.242320774,0.0649122538,0.253154301,0.0981873582,0.279810118,0.174164069,0.184630789,0.135278774,0.115589546,0.230485102,0.118571433,0.149100189,0.078260873,0.0332890253,0.0476190571,0.0511571892,0.0313953305,0.017982792,0.349763108,0.00878154404,0.100564524,0.110586029,0.128650894,0.0761493756,0.120114384,0.152403946,0.0973912405,0.218623842,0.118141079,0.0257319993,0.0524233875,0.0891926977,0.0426008979,0.110651514,0.280828001,0.130464492,0.149732721,0.0208333079,0.213882606,0.0659397664,0.0598032103,0.226623327,0.128636286,0.0682095477,0.201759891,0.296849136,0.0277777667,0.132085155,0.107740604,0.0182648323,0.0764706614,0.20710076,0.364929175
0.0564578657,0.273165862,0.272263145,0.221908115,0.0430528301,0.0272727135,0.0167525756,0.130434769,0.0361841684,0.0461049611,0.0210970173,0.0241546329,0.236751039,0.099804312,0.312875248,0.0255102097,0.104591862,0.0159176049,0.186046362,0.148489418,0.122552849,0.150976915,0.077127734,0.0962627802,0.17153003,0.117578639,0.0724637735,0.160137101,0.161507355,0.0338836427,0.331780737,0.0741163185,0.319999966,0.042553176,0.119127511,0.036879474,0.140041374,0.416666537,0.079689049,0.170348688,0.0622317106,0.0157799821,0.193641979,0.107305986,0.120901668,0.122282577,0.158427246,0.254675367,0.065217418,0.237556886,0.0901717387,0.277999653,0.165533228,0.187262374,0.126344105,0.105169967,0.235233111,0.115220588,0.148437588,0.0814557654,0.0347489997,0.0487805254,0.0515970291,0.0289352335,0.0178704267,0.348294621,0.00517064705,0.0941492714,0.121782258,0.127673989,0.0720109685,0.111262567,0.155760125,0.0991150561,0.212315183,0.121696076,0.0330722486,0.0545286382,0.0894868474,0.0369954859,0.107392497,0.299610998,0.111039769,0.149825701,0.0205011319,0.226072752,0.0760760916,0.0595327952,0.217932637,0.122784819,0.0737327238,0.193448587,0.314238585,0.0328570839,0.12448572,0.127309969,0.0208791038,0.0688405562,0.209696017,0.36182647
0.052672324,0.295760829,0.27885205,0.232731678,0.041198506,0.0289855399,0.012453304,0.122222215,0.0354122263,0.039619636,0.0144357235,0.023659334,0.256681432,0.105751376,0.314462607,0.0294117459,0.10012586,0.0123347959,0.188719018,0.140647014,0.13653234,0.171692229,0.0781840392,0.0927292113,0.185199056,0.114503693,0.070572614,0.178133555,0.171936685,0.0315615001,0.323461185,0.077519444,0.3569871,0.0549451129,0.100486213,0.0312075453,0.134072504,0.419220228,0.0793426741,0.180279823,0.0793991732,0.0149700589,0.202362035,0.125512553,0.129590915,0.123983622,0.149211387,0.259740184,0.0642857579,0.218881334,0.0903342754,0.27218551,0.152654924,0.182320366,0.121761601,0.0888375205,0.245632203,0.113061682,0.161538682,0.0756013227,0.0356687818,0.0525640869,0.05687198,0.0281215062,0.020014277,0.337919482,0.00285986641,0.0969454729,0.12033579,0.122796183,0.0680628272,0.118794301,0.159070396,0.0985915721,0.20227919,0.115973684,0.0343383094,0.0502262303,0.0932515616,0.0290827964,0.0978152943,0.305555345,0.0975,0.141608333,0.0200445302,0.240021355,0.0924623408,0.0579494581,0.211358322,0.114014227,0.0673077206,0.190860531,0.316780753,0.0271739464,0.118932127,0.164410265,0.0182599111,0.0750729373,0.216274275,0.341089413
0.0494296126,0.320183526,0.291744266,0.252482511,0.0382513335,0.0366259845,0.0138728447,0.119235095,0.0405983428,0.0365296893,0.0130548182,0.0236220312,0.256756897,0.112903201,0.323344281,0.0384614854,0.094958862,0.00762066137,0.204966194,0.140646423,0.139854728,0.188455141,0.0725994714,0.081521718,0.191143879,0.116514814,0.0704960561,0.193078101,0.160691424,0.0269953605,0.297579498,0.0746431124,0.368250258,0.0670241518,0.101404041,0.0334619963,0.144016286,0.42567546,0.0771324758,0.184589762,0.0947136718,0.0146360863,0.207820182,0.135346685,0.147120667,0.120805306,0.158523745,0.26864867,0.0622895025,0.222076573,0.0887728649,0.269640034,0.162669853,0.176720521,0.136482916,0.0864236183,0.237762005,0.106428569,0.165828822,0.0726642429,0.0328282905,0.0458599182,0.0689656279,0.0249728798,0.0156918619,0.339495636,0.00348128263,0.10129454,0.133333356,0.12537036,0.070700641,0.11462787,0.150218379,0.100706739,0.20091757,0.108672382,0.0369458192,0.0471861205,0.0961761248,0.0251091062,0.102639318,0.321568802,0.0932202953,0.140893518,0.0178970939,0.250507835,0.102678579,0.0572992,0.206838779,0.0985540901,0.0605128042,0.184481039,0.335313647,0.0248366132,0.114003897,0.185661807,0.0182926848,0.0789473839,0.214501126,0.335512132
0.04854739,0.343804456,0.296195532,0.259031708,0.0288808366,0.0407488671,0.0128205474,0.103121577,0.0467479869,0.031963536,0.0128205091,0.0219780201,0.268664556,0.123697917,0.324944837,0.0302548212,0.088757349,0.0087370834,0.22086423,0.147641911,0.139003803,0.209539918,0.0750273935,0.0767295779,0.189516083,0.106445332,0.0702635742,0.20622251,0.16268846,0.0281272915,0.270226603,0.0752917087,0.402838198,0.0802291852,0.0899054219,0.033505172,0.142034459,0.438164822,0.0741394887,0.190705114,0.100208712,0.0135440056,0.21492445,0.156099328,0.157099637,0.111989341,0.167020043,0.254706689,0.0587276258,0.208227592,0.0794978371,0.284776823,0.156469292,0.170008157,0.149350661,0.0718992678,0.241935148,0.118668511,0.178116725,0.0715564385,0.0360248681,0.0510328889,0.0673289271,0.017970371,0.0144528507,0.336092859,0.005823631,0.0974922045,0.13246271,0.125746365,0.0624219837,0.109454829,0.152836594,0.107394369,0.200539365,0.107486567,0.0367705694,0.0379912655,0.103314848,0.0253432648,0.0926828494,0.333822018,0.0845323762,0.133838347,0.0239130365,0.275096752,0.106423761,0.0529705937,0.214206977,0.08958491,0.0549558137,0.178634373,0.331335424,0.0218790076,0.100743155,0.210437553,0.0210631742,0.0823781981,0.217351875,0.335995682
0.0441394974,0.33499205,0.311600332,0.258064795,0.0246045815,0.0402684919,0.0126829209,0.0863389183,0.0598456057,0.0310192153,0.00890583581,0.0273556353,0.278296892,0.128870536,0.338032937,0.0301659042,0.0823203546,0.00590841566,0.224898019,0.145968687,0.145225737,0.211475525,0.0749486155,0.0709127656,0.19295675,0.103703695,0.0742996658,0.22113735,0.154689442,0.0268551033,0.264578389,0.0810955362,0.416849048,0.0802138928,0.0900321092,0.0386052376,0.148430131,0.436708968,0.0714286,0.195195138,0.114458138,0.0122038808,0.217837944,0.163740237,0.168032978,0.10759487,0.168592021,0.256741667,0.0605564215,0.205048883,0.0827422507,0.296035669,0.16730007,0.165651515,0.169173166,0.0783267767,0.239981098,0.121562977,0.179948806,0.0719424557,0.039627,0.0512515333,0.0649778987,0.016260162,0.013907285,0.32151286,0.00471327157,0.100248241,0.134191138,0.131517078,0.05562418,0.103242294,0.162117423,0.106712573,0.185875585,0.0989189224,0.0408327142,0.0321336713,0.109120548,0.0247168544,0.0928030654,0.324927988,0.0793465176,0.15635181,0.0288065857,0.276071019,0.108133033,0.056357453,0.206131101,0.0820895613,0.0463768118,0.171332554,0.332491987,0.0214646596,0.095110777,0.224489448,0.0171265432,0.0962909378,0.220751771,0.338627096
0.0474999753,0.34493649,0.331616326,0.258455942,0.0240137437,0.0509413101,0.0104364363,0.0680345116,0.063963922,0.034139463,0.00864198536,0.0278184328,0.297116315,0.134677312,0.34113158,0.0329986013,0.0797643577,0.00479451637,0.235246548,0.148368902,0.150188866,0.223185884,0.0809925343,0.0611384391,0.190301257,0.102587005,0.0719340758,0.235171484,0.156886272,0.0283783488,0.263050402,0.0790032455,0.436264182,0.0861618714,0.101227056,0.047503052,0.147945107,0.438519321,0.0663308174,0.204941805,0.128731097,0.0107889591,0.216109843,0.174820107,0.179863248,0.109137069,0.161290331,0.262654743,0.0565723774,0.224358965,0.0797591881,0.314586117,0.158038023,0.158228085,0.16549298,0.0767405105,0.22774618,0.113043525,0.181585942,0.0678571431,0.0509049681,0.0435780239,0.0693989846,0.0115718451,0.0156965753,0.31849832,0.00657413829,0.0996399138,0.135135085,0.137177288,0.0488095398,0.101535911,0.166128681,0.108658784,0.194162772,0.103902982,0.0391373484,0.0290648447,0.100971906,0.0241206035,0.0929118624,0.33333322,0.0755554779,0.167962638,0.0310077466,0.292780979,0.117493211,0.0557768749,0.209215975,0.0777621105,0.0376293203,0.164899649,0.330032996,0.0182704178,0.0892340686,0.224735832,0.0155393078,0.0883590257,0.216019575,0.33953005
0.0514756384,0.362146429,0.34051769,0.261438127,0.024469802,0.0545073293,0.00784856086,0.0629139141,0.0671704559,0.040053416,0.00959232067,0.0317002603,0.303804161,0.140926682,0.345797776,0.030955663,0.072810646,0.00451612215,0.229501154,0.140682174,0.148205333,0.23420671,0.0821858194,0.0533021075,0.188609472,0.0988175208,0.0655172757,0.26037403,0.157714382,0.0317460594,0.267489826,0.0786988299,0.459831241,0.0967741813,0.114243374,0.0570388432,0.153711758,0.436898966,0.0643274378,0.20681375,0.147958929,0.0118110361,0.215625392,0.179634183,0.180476275,0.0960383765,0.151529776,0.264108261,0.0504886168,0.229211966,0.0746109168,0.35364363,0.158376568,0.164598188,0.167406277,0.0757651865,0.223635923,0.112951779,0.172588707,0.0632689385,0.0539956954,0.0367074064,0.0688720783,0.0124760173,0.0139158442,0.314856774,0.00621547688,0.0981775137,0.139654806,0.136842463,0.0431952914,0.0911841094,0.173215858,0.0995024011,0.184577608,0.109999937,0.0427451075,0.0291700903,0.104781312,0.0236453456,0.0920542471,0.324835056,0.0774647584,0.156739899,0.0343511697,0.291631724,0.123841869,0.0647571818,0.212218212,0.0690022384,0.0304147482,0.164757273,0.309523624,0.0151691758,0.0934738059,0.218887111,0.0190311518,0.0940054342,0.217560506,0.336492623
0.0552208695,0.38046644,0.35549553,0.264506894,0.02964116,0.0539112109,0.00834064969,0.0599128583,0.0736842286,0.046675189,0.0123304784,0.0270655,0.30105964,0.148473,0.351816073,0.0309343523,0.0606820221,0.00562148989,0.222088557,0.141330228,0.146582601,0.242198833,0.0827250326,0.0489599397,0.198175154,0.0900243286,0.0644444245,0.265675059,0.163576837,0.0338881561,0.257383589,0.0773808993,0.49398792,0.106575867,0.131004361,0.0513739144,0.155247256,0.432948421,0.0586034953,0.192974471,0.147151941,0.0126582214,0.210723028,0.188336989,0.202938694,0.0825581726,0.135454455,0.254186643,0.0484581784,0.237384434,0.0722221786,0.369196092,0.156878245,0.156679259,0.153765977,0.0825753902,0.23063818,0.117917264,0.16543198,0.062068869,0.0537407853,0.0456522386,0.0702564583,0.0131455366,0.0173884789,0.300512242,0.00726551006,0.100395904,0.16585335,0.143396509,0.042937887,0.0902354618,0.177190588,0.092748694,0.196994047,0.116216213,0.0468503942,0.0311514476,0.103206424,0.0265906698,0.0855769323,0.334244377,0.0827027783,0.154670843,0.0426288,0.299755152,0.122011784,0.0747939242,0.217628219,0.0658537227,0.0264357739,0.162797223,0.287022692,0.0174863414,0.099614372,0.197755604,0.0174854422,0.0840998204,0.213442047,0.350655514
0.0659948721,0.401388737,0.366968953,0.263157941,0.0302158349,0.0610525617,0.0104515029,0.0663482081,0.0743609985,0.0517241755,0.0179211305,0.0289256099,0.295412069,0.14615354,0.352037706,0.0384615512,0.0600984856,0.00485143252,0.219424381,0.153088883,0.14131044,0.233793209,0.084674306,0.0395629837,0.200724706,0.0868335933,0.0553745877,0.268627581,0.177470684,0.0307909612,0.262631405,0.0807731139,0.505714038,0.111353771,0.1395684,0.0553505201,0.170033602,0.408287241,0.0562298461,0.176388791,0.145803715,0.0123001184,0.200732029,0.195245789,0.194300469,0.0811725784,0.118385639,0.262048225,0.0441595051,0.245088214,0.0708024779,0.393842918,0.153995222,0.154754328,0.16666683,0.0866213104,0.221006042,0.108359143,0.15180713,0.0474576396,0.0629371314,0.0482833041,0.0676328344,0.0145586816,0.0170528018,0.301439107,0.00817096244,0.0952511286,0.170454644,0.146704052,0.0456960772,0.0799304796,0.185792207,0.095389511,0.197785304,0.117102357,0.0469720732,0.0357142657,0.11047071,0.027958966,0.0783018003,0.339254529,0.0871134217,0.161169336,0.0533563309,0.302454402,0.111473042,0.0811415524,0.209101056,0.0576259621,0.0222603168,0.161206273,0.286541358,0.0192893698,0.102587299,0.181046705,0.0183626578,0.0774279176,0.212383392,0.352017925
0.0676526255,0.409958923,0.371642002,0.250883924,0.0300546562,0.0646463828,0.0147293035,0.07135687,0.0745582051,0.0547866586,0.0184304352,0.0274150712,0.274348177,0.157970686,0.355569688,0.0345224876,0.056250059,0.00597014776,0.202599607,0.155088947,0.1393489,0.23377485,0.0844696869,0.0319702423,0.214999967,0.079676599,0.0556161561,0.283219264,0.192,0.0302696876,0.26726886,0.0875000076,0.493320643,0.11340202,0.14092151,0.0497572683,0.173543425,0.40042609,0.065528198,0.169446865,0.144804714,0.0107784205,0.187686245,0.205773123,0.187960573,0.07692304,0.11418685,0.270122131,0.0482269887,0.248817675,0.0689655303,0.4215,0.142261442,0.157924565,0.167346871,0.0899264791,0.21555732,0.0962732556,0.160583983,0.0450000005,0.0608174631,0.0376398915,0.0656336056,0.0145322369,0.0158385556,0.29099799,0.00838824569,0.0970822795,0.174881215,0.155454216,0.0513325833,0.0675554721,0.20545845,0.0932070125,0.207454945,0.117615446,0.039799097,0.0367170285,0.108365014,0.027062997,0.0756340547,0.33173126,0.0941884677,0.16340362,0.0486224565,0.309665623,0.107451008,0.0860836135,0.207599191,0.0525067518,0.0225187244,0.160687135,0.270976501,0.0192122986,0.106077919,0.165294718,0.0183688449,0.0929319454,0.214386739,0.365086274
0.0663329277,0.432025762,0.373890284,0.249877785,0.0288092065,0.0714286309,0.0175644365,0.0706106252,0.0689543047,0.0545356009,0.019585191,0.0278128839,0.276936378,0.160911583,0.364454104,0.0288248558,0.0533708096,0.00702164804,0.193123293,0.164291899,0.129775666,0.239375,0.0802098171,0.0291545431,0.221550561,0.0851688826,0.0531454028,0.286525169,0.214832295,0.0281103855,0.282561901,0.0909090945,0.52087267,0.128906404,0.147435884,0.046706589,0.178571727,0.374615969,0.0713734454,0.16363642,0.144323571,0.00948991829,0.178082477,0.205502959,0.192556861,0.0610433011,0.1184755,0.275090792,0.0457062885,0.25277787,0.0670461956,0.407919802,0.124816805,0.158324628,0.163107032,0.0912648999,0.210526588,0.0981596224,0.158392452,0.0446281024,0.0697560168,0.0326609337,0.0633802958,0.0187165833,0.0170278699,0.298862243,0.00777511706,0.0887755003,0.181388041,0.157628444,0.0502793721,0.0621670162,0.213700415,0.0815384651,0.212537395,0.118503066,0.038076926,0.0377807906,0.107339385,0.0290546581,0.0705356546,0.323642953,0.0989010919,0.16488551,0.0525502779,0.319255564,0.107335905,0.084550074,0.19644835,0.0484950026,0.023437493,0.159960766,0.265255339,0.0192837574,0.0953678963,0.151388804,0.0198722672,0.095785489,0.217869251,0.370858261
0.0626490798,0.449061728,0.359431755,0.246910684,0.027922065,0.0805824231,0.0185614618,0.0732968281,0.0735661218,0.0636942614,0.0263460192,0.0274656811,0.269644617,0.17102631,0.354243506,0.0250272235,0.0604915764,0.00693641902,0.181102056,0.176693152,0.123876564,0.239951014,0.0794224104,0.0227596631,0.225035024,0.0810716479,0.059717724,0.275769539,0.21563332,0.0279860077,0.301510095,0.0943231189,0.561482291,0.132437641,0.14861471,0.0358423039,0.174750141,0.359168877,0.0784238261,0.155882356,0.144118057,0.00795454703,0.168105583,0.207427081,0.18584751,0.0588876894,0.102501941,0.274569935,0.0530611733,0.259712986,0.068209514,0.411130805,0.108879532,0.151830166,0.133944987,0.100118453,0.208573332,0.101382511,0.158536529,0.0401855645,0.072195188,0.0285977561,0.0670016753,0.0163934496,0.0178683548,0.296272317,0.00937864917,0.0761237405,0.192546684,0.157065827,0.05181814,0.0623341893,0.227562164,0.0723780991,0.209956346,0.121393336,0.0319634657,0.0403071224,0.108561258,0.0331632607,0.0608397633,0.318218631,0.0999025072,0.159763459,0.0473373399,0.31088597,0.114199908,0.0873015809,0.193385752,0.0459582453,0.023700258,0.153539228,0.268351622,0.0204952933,0.0914062952,0.14890709,0.018582235,0.09875,0.220052196,0.375936441
0.0603398128,0.459718865,0.352834054,0.243389884,0.029265218,0.0744186459,0.0221543273,0.075837707,0.0783847871,0.0562948265,0.0307516608,0.0267640418,0.256019084,0.183225779,0.344869592,0.025081779,0.0574929709,0.00563063344,0.171218763,0.19135157,0.123723247,0.238498742,0.0782701534,0.0214830106,0.236713383,0.0753011611,0.054565718,0.266716506,0.223222003,0.0288599989,0.306989351,0.0901360561,0.587370836,0.137596861,0.157894606,0.0307781849,0.174486529,0.359780103,0.0756914136,0.164897807,0.138888636,0.00716648412,0.164592801,0.209750009,0.181007803,0.0623053499,0.0942367515,0.265439435,0.0630026717,0.26104725,0.0679085824,0.428817762,0.104391907,0.152831973,0.13082432,0.0995370915,0.209677614,0.10230767,0.168292691,0.0416666417,0.0718418672,0.0233602906,0.0660827744,0.0165289156,0.0166256164,0.288486708,0.0114613119,0.07149302,0.193740277,0.141534384,0.0643871599,0.0593668457,0.22493312,0.0677010468,0.204610825,0.12753604,0.0347957601,0.0421502651,0.106592432,0.0335289078,0.0590752992,0.3152,0.110531341,0.153902798,0.0492041098,0.322449113,0.116957025,0.0850868086,0.183184887,0.0443424472,0.022512732,0.155086435,0.254501604,0.0194256785,0.0872936675,0.138743455,0.0207774197,0.0958738414,0.219877348,0.370263384
0.0617495941,0.450713215,0.344026779,0.232397898,0.0242890776,0.0769936069,0.0268894866,0.0805920998,0.0822571815,0.057731955,0.0300668104,0.0234466596,0.246337879,0.197434069,0.348494069,0.0281081028,0.0708885272,0.00651112457,0.167803733,0.200644957,0.115600453,0.257414116,0.0809833886,0.0187841506,0.23980936,0.0831720917,0.0542372784,0.272988754,0.223430048,0.0247365636,0.298930579,0.0938251584,0.617093954,0.132038892,0.155805311,0.0308775547,0.168831588,0.32902303,0.0827656756,0.165493152,0.13768094,0.00644468802,0.156944411,0.221116511,0.179223661,0.0677134996,0.0957529524,0.275640928,0.0629630139,0.260091237,0.0672343547,0.428211914,0.0924856019,0.148779317,0.125415298,0.104051636,0.210543301,0.101071965,0.170854741,0.0384615365,0.0704825153,0.0223175845,0.0641710955,0.0142857112,0.0194410584,0.280061579,0.0102389062,0.0692241705,0.215859001,0.142475747,0.0628390549,0.0631625613,0.241123633,0.0676589248,0.199198664,0.128060418,0.0334075513,0.0407986573,0.110790705,0.0307308558,0.0515202391,0.32106927,0.114545476,0.14404232,0.0507246601,0.332681674,0.105437261,0.0871379393,0.169759833,0.0462308423,0.0229804876,0.161659253,0.253179056,0.0188834305,0.0834941979,0.147427825,0.0230621434,0.109243732,0.228100107,0.374312602
0.0556474352,0.447864195,0.335734613,0.214413805,0.0218390886,0.07692309,0.0297577412,0.0754640878,0.0911528653,0.0574826085,0.0370774304,0.0225479488,0.232486716,0.202881368,0.339468738,0.02789698,0.082644646,0.00808190676,0.170999668,0.213587906,0.104477596,0.240090508,0.0822604478,0.017978283,0.231128677,0.0835932291,0.0576037005,0.27130955,0.238776889,0.0238832098,0.304144974,0.0896191454,0.648580553,0.125736413,0.158013163,0.0364102646,0.1701218,0.310378108,0.0871590141,0.165545852,0.148271678,0.00357507637,0.14770879,0.214108999,0.181433416,0.0727526129,0.0885798732,0.28184904,0.0634372035,0.264706299,0.0699540645,0.450363219,0.0851920384,0.146385392,0.11908281,0.114301063,0.213622144,0.0983358361,0.187335184,0.043165434,0.0672989276,0.0200819652,0.0624534889,0.0145259829,0.0174278856,0.275687369,0.0111482845,0.0674668626,0.217142866,0.148017584,0.0657546138,0.0712435014,0.24358183,0.070603358,0.20839133,0.124771916,0.0341726554,0.0405479224,0.108433761,0.0302781932,0.0480529976,0.327831954,0.113980409,0.126899749,0.0398899887,0.333229097,0.10912834,0.0866373857,0.158013648,0.0518732071,0.02359106,0.153376829,0.241457933,0.0188530951,0.0744879087,0.161764779,0.0209790177,0.116414447,0.227626129,0.381496452
0.0515409376,0.440656357,0.340478082,0.197973379,0.0190796553,0.0733787254,0.0319787204,0.077138266,0.0982466029,0.0623781942,0.0423728856,0.0184983885,0.234686431,0.215305368,0.346682458,0.0297872486,0.0877342462,0.00894267607,0.170026394,0.215591864,0.0987278329,0.243158062,0.0930397434,0.0174456842,0.231281675,0.0853801029,0.0630953151,0.278547823,0.239483189,0.025700904,0.325650994,0.088680564,0.663183196,0.10975608,0.156626874,0.0337243463,0.163461743,0.325757356,0.0919765273,0.166425514,0.149286191,0.00396825629,0.135702971,0.213450086,0.185142449,0.085616462,0.0888415298,0.284922407,0.0574713661,0.263157808,0.0753149681,0.449881658,0.0798833433,0.145501431,0.112637417,0.117798341,0.210684574,0.112443811,0.195530878,0.045076267,0.0623877776,0.0208807689,0.063514411,0.0149812723,0.0153211588,0.271536606,0.010376846,0.0640870497,0.234972866,0.148180223,0.0690877359,0.0777874123,0.256613632,0.0601458444,0.206861219,0.129003844,0.0314710121,0.0349017492,0.103543198,0.0326173115,0.0470957447,0.320439906,0.113281308,0.11011906,0.0327653915,0.334835844,0.114797546,0.0826231572,0.139496622,0.053778298,0.0244216021,0.155099584,0.237938903,0.0173454163,0.078431382,0.188803221,0.0214917589,0.109039505,0.225222983,0.383476326
0.0515913067,0.457055319,0.343944425,0.186681776,0.0169109887,0.0642744654,0.0344379638,0.0832681913,0.0997993824,0.07621357,0.0417089784,0.0198329671,0.232591391,0.232202741,0.350269124,0.0301142254,0.0869038365,0.00708861368,0.165920427,0.224844796,0.090141565,0.233170627,0.0961131214,0.0175830891,0.226078818,0.0900285484,0.0612863908,0.268377947,0.246790369,0.0272575738,0.323809206,0.0874999633,0.674304038,0.0991735472,0.159663398,0.0345940913,0.142140588,0.335051711,0.097880286,0.167714806,0.158269738,0.00435624161,0.137165997,0.219620868,0.168851219,0.0884956181,0.0819078634,0.273081109,0.0561674012,0.257668326,0.0687500542,0.447665312,0.0767897823,0.144699667,0.106537515,0.125358617,0.208189266,0.110315195,0.180515281,0.0453900691,0.0590035518,0.0153959029,0.0740357832,0.0137781001,0.0138408379,0.27480273,0.0118726308,0.0685269242,0.24362384,0.153266332,0.0746268936,0.08311693,0.253269825,0.0636573928,0.188679688,0.131556739,0.0301873428,0.0312652531,0.106901766,0.0284396578,0.0441988624,0.307588,0.114049586,0.103982372,0.0290037285,0.335794441,0.111041013,0.0878347238,0.128684918,0.0620052576,0.0242386987,0.153249274,0.240280926,0.015509592,0.0775786286,0.195744614,0.0229670604,0.111171968,0.22127475,0.38674253
0.0476663542,0.447007339,0.345573207,0.175292464,0.0153172534,0.06302525,0.0394321411,0.084420584,0.0970777766,0.0722713883,0.0381143684,0.0206489746,0.240350703,0.22826108,0.337822082,0.0311558303,0.0982636799,0.00689994854,0.159452951,0.234891078,0.0825810061,0.226135248,0.0940594783,0.0177552254,0.226212673,0.0946213772,0.0580838223,0.272364914,0.237288403,0.0278802792,0.31900464,0.079823386,0.664074798,0.0972515893,0.155260412,0.0321266535,0.128196826,0.358002193,0.0987842504,0.161947527,0.158772743,0.00421940756,0.134036762,0.218750421,0.152703671,0.0949656085,0.0797773011,0.263754064,0.0496224207,0.2637512,0.0651448149,0.440441677,0.0803123342,0.137297332,0.110919491,0.134761252,0.205669635,0.118733515,0.189911259,0.0402299285,0.0629223158,0.0142065193,0.0808423523,0.0110116875,0.0139920029,0.25998919,0.0106270027,0.0639597678,0.241721495,0.15,0.0837696503,0.0963149058,0.252473747,0.0542034269,0.193996536,0.130177655,0.0297334713,0.0299429462,0.103787205,0.024655575,0.0431869338,0.297234717,0.116919482,0.0880282044,0.0238095364,0.338226771,0.10941318,0.0896352931,0.122222152,0.0660091543,0.0246153448,0.153596613,0.242886757,0.0171920126,0.0797223413,0.2115,0.0277945414,0.113997856,0.216157129,0.387536006
0.0460431891,0.42625,0.344827954,0.164914681,0.017970378,0.057842406,0.0444512248,0.0913897183,0.0942737831,0.0743311157,0.0398860119,0.0198300157,0.233898218,0.240149454,0.32995964,0.0367100429,0.1023347,0.00768491714,0.148975637,0.222933185,0.0773196587,0.225806598,0.0919036802,0.0186887217,0.207501233,0.0932571062,0.0573580477,0.272681418,0.241149387,0.0293191452,0.312287723,0.0760214576,0.651266593,0.0782241235,0.15822831,0.0262455658,0.12647609,0.386281647,0.099826358,0.168094981,0.163123984,0.00411899019,0.128928706,0.221916816,0.140978868,0.101737851,0.0691550929,0.265592633,0.04175358,0.267592113,0.0649732677,0.432678421,0.0799050915,0.135404457,0.10971605,0.142604457,0.205002872,0.112232085,0.173789017,0.0364963344,0.0586776871,0.0163551283,0.0920602524,0.00743242599,0.011800218,0.263158129,0.0115424897,0.066539311,0.238005404,0.142751156,0.0953221418,0.0935192731,0.250044778,0.0502069869,0.197760939,0.135467556,0.0268997491,0.0251141296,0.0925278748,0.0255319157,0.0406767459,0.29398606,0.118481645,0.0801067968,0.0227790166,0.335045336,0.114729791,0.0801200043,0.113186688,0.071497083,0.0256567194,0.164902148,0.245360809,0.0184931248,0.0787320968,0.230243679,0.0309369136,0.11058704,0.218034591,0.386753709
0.0411334014,0.411138693,0.353158301,0.156330834,0.0174358944,0.0579758984,0.0435037693,0.0901760811,0.0907678492,0.0816431408,0.0423962766,0.0201834764,0.227183292,0.244855186,0.342624233,0.0401986536,0.111111134,0.00576368822,0.153395233,0.220820473,0.0844713922,0.232128559,0.0920563954,0.0207345998,0.197178868,0.0964076878,0.0426829902,0.28872446,0.235905953,0.0281637675,0.296977003,0.0766710053,0.655711797,0.0792078778,0.158722896,0.0261382627,0.123262934,0.397254397,0.0998283669,0.16233771,0.160526342,0.00528634026,0.128123011,0.223657824,0.116046852,0.11146495,0.0629157028,0.257045639,0.0384615307,0.265734528,0.0640485678,0.437543168,0.0751282059,0.136835953,0.103340188,0.15124705,0.201146114,0.114457779,0.155882323,0.0364741769,0.0513337826,0.0166557919,0.105175888,0.00784313606,0.0126752993,0.246315402,0.00838575035,0.0710979165,0.238825036,0.155643077,0.0938883612,0.0902040057,0.245153131,0.054545451,0.194975785,0.145264711,0.0250642327,0.0246696437,0.0846309953,0.0237933376,0.0394917936,0.294529094,0.109228478,0.0755814002,0.0194174941,0.325674923,0.116164337,0.0790350555,0.0958018454,0.0728736097,0.0256723806,0.161239189,0.259278576,0.0176151643,0.082508932,0.240000343,0.0331292073,0.105567226,0.218287837,0.393790622
0.0381959913,0.384751655,0.367166792,0.160590617,0.0197095289,0.058936485,0.038147892,0.0911348128,0.0900258662,0.09,0.0388006628,0.0216411173,0.232747423,0.251162994,0.341034189,0.0424486467,0.121818148,0.00661001155,0.152703428,0.225942151,0.084029541,0.228244759,0.0839415427,0.0186651501,0.193805397,0.0957206681,0.0404967399,0.298900669,0.235179135,0.030537109,0.286325001,0.0773621479,0.65170296,0.0796116396,0.159676085,0.0228384793,0.120481955,0.414665248,0.103016506,0.163533827,0.163421911,0.00763035666,0.126945394,0.226329297,0.101716478,0.11360448,0.0588387726,0.244917779,0.039282209,0.271111511,0.0659478687,0.433557047,0.0800101299,0.132926998,0.10328875,0.152281659,0.204411316,0.105826411,0.156739686,0.0295031368,0.0513910427,0.0158428383,0.112278524,0.00901480779,0.0132004286,0.246222223,0.00714650604,0.0751032049,0.230076965,0.160455579,0.113595702,0.0762974517,0.25106132,0.0562050144,0.196754107,0.147496225,0.0228395243,0.0241067241,0.0725388928,0.0243122348,0.0375761459,0.288401414,0.108327663,0.074691492,0.0260416867,0.323395756,0.113171027,0.0678888281,0.0813346242,0.0756636981,0.0250469365,0.158297176,0.261569865,0.0161943504,0.0817549349,0.243970134,0.0357334202,0.105372005,0.217462384,0.395742186
0.0386268638,0.376736124,0.379435028,0.167291539,0.024973999,0.0579710661,0.0350335992,0.0862651876,0.0890584791,0.0921703958,0.036028105,0.0208695891,0.221362334,0.259538381,0.322811379,0.0455341612,0.129971659,0.00688389044,0.145610825,0.219381031,0.0862150393,0.238425798,0.0871130348,0.0178965078,0.192849167,0.0951832422,0.0430392957,0.302238933,0.233055806,0.0309445722,0.285090816,0.0787712994,0.631902389,0.0763500899,0.167135072,0.0251374596,0.122749098,0.441003812,0.0987136298,0.173182651,0.152859993,0.00691618631,0.121010589,0.22892436,0.0912365091,0.12183434,0.0545046989,0.249299531,0.036718043,0.276068095,0.0642224685,0.428155429,0.0780632279,0.131194449,0.0980581751,0.153644622,0.197946605,0.0935412675,0.147334994,0.0184899663,0.0505747467,0.0176689504,0.121008955,0.00758532804,0.0149214636,0.230446486,0.00757958817,0.0742378104,0.225031408,0.173189735,0.113783618,0.0747558528,0.249461511,0.050458682,0.188154163,0.148484911,0.018404889,0.0229740856,0.0746173224,0.0262836271,0.0424223212,0.296411151,0.102258107,0.0782155461,0.0235988116,0.32674699,0.109994616,0.0634127021,0.0748560075,0.0816326167,0.0275343976,0.158693417,0.278261021,0.0133511328,0.0820589542,0.23921022,0.0417100899,0.0915637912,0.214743528,0.386666386
0.0340371029,0.363736115,0.380277028,0.167688657,0.0268656483,0.0604178439,0.0347727852,0.0839250706,0.0935266975,0.0900290552,0.0359281956,0.0179794589,0.218017774,0.262776967,0.322863131,0.0422240231,0.134914902,0.00638104878,0.136823305,0.212043877,0.0854579615,0.24703768,0.0862562277,0.0184389865,0.18403556,0.101214544,0.0435467691,0.303787159,0.242055719,0.0309446311,0.27479345,0.0746487143,0.630434821,0.0821428302,0.161805071,0.0232377994,0.129693816,0.455313864,0.0857380915,0.163949344,0.160559257,0.00794280446,0.119270774,0.23389254,0.0759676437,0.120849904,0.051553674,0.256793603,0.0422105856,0.269397829,0.0639062121,0.41989848,0.085721301,0.134248018,0.0966507387,0.158813931,0.214578837,0.101822124,0.140625,0.0149477045,0.0478997798,0.0191462683,0.129304717,0.00602410066,0.0172233881,0.220893019,0.00695825304,0.0796679017,0.192404928,0.179974651,0.128253249,0.0707034153,0.249441198,0.0486936023,0.188394032,0.14360158,0.0189220476,0.0244914927,0.0727729712,0.0230224439,0.045167359,0.294740331,0.100625,0.0819581997,0.0220517799,0.336106416,0.103730847,0.0584828249,0.0669145047,0.0891330098,0.0260448849,0.154031003,0.316651763,0.0116504774,0.0766803108,0.220533958,0.0470942283,0.0911793947,0.217926391,0.392344983
0.0373039125,0.35729514,0.38306977,0.168843263,0.0260617859,0.0613026543,0.0346805245,0.0813234936,0.0977011149,0.102466764,0.0391490107,0.0205930848,0.211516478,0.259659016,0.314199567,0.0436698234,0.149647984,0.0068587079,0.132440398,0.203217829,0.0877844254,0.247085579,0.0945185852,0.0173882465,0.180607449,0.101691279,0.0437743471,0.320418977,0.246637774,0.028818424,0.270172208,0.0807350057,0.639769362,0.0802047841,0.165621723,0.0208799379,0.135387253,0.466386349,0.0804692041,0.158407091,0.15707548,0.00659170156,0.117938419,0.243484337,0.0691927846,0.120257247,0.0499770394,0.264862399,0.0412111362,0.273602198,0.0617688365,0.420952336,0.0921950907,0.139643878,0.0977122044,0.16388911,0.227961054,0.0992907112,0.127272668,0.0125984084,0.0486311215,0.0165441147,0.134762322,0.00520532069,0.0172939859,0.213041501,0.00698122277,0.079006458,0.177295612,0.185174337,0.137605975,0.0642959777,0.24940344,0.0476726539,0.188103712,0.144832453,0.0248868705,0.0235772433,0.0728907487,0.0256484088,0.0459987083,0.289135591,0.0988478526,0.0796276525,0.0214352314,0.348918645,0.101870409,0.0536754033,0.0633928024,0.093478178,0.0232558753,0.156400989,0.319371708,0.0104031205,0.072700884,0.210793469,0.0503055292,0.0857002546,0.231072419,0.386984561
0.0368442828,0.365580206,0.385770076,0.178192638,0.0263158066,0.0633245204,0.0370469783,0.0820480468,0.101833021,0.102490449,0.0378601394,0.0229794365,0.197928074,0.268753989,0.312835637,0.0467324555,0.154811665,0.00678733642,0.126585961,0.191114753,0.0872794843,0.249371687,0.0894197914,0.0164966127,0.17789688,0.100804741,0.0442144346,0.319969595,0.249418154,0.0287666502,0.268345651,0.0823407955,0.630311939,0.0788590208,0.163669459,0.0233380623,0.142227044,0.466492707,0.0774228605,0.154761971,0.155769089,0.00654097065,0.114085904,0.241125782,0.0693779784,0.125698414,0.0487640486,0.273913065,0.0461409111,0.277129882,0.0635916031,0.435132232,0.0929613263,0.14454852,0.109125222,0.171317098,0.23778119,0.0977733973,0.128205138,0.0141509526,0.0452660468,0.0146968826,0.141278836,0.00502793252,0.0173424603,0.203224276,0.00792507108,0.0780654597,0.175591378,0.194060305,0.144672321,0.0548950988,0.264196218,0.0550490945,0.179208032,0.144672114,0.0280929506,0.02658273,0.081901815,0.0254722456,0.0491702172,0.297478725,0.0985746754,0.0791074921,0.0213953701,0.35951963,0.103681664,0.0515759748,0.0606585777,0.0937258481,0.0201421335,0.158108527,0.346547125,0.00908501592,0.0699213719,0.199003193,0.0548285149,0.0805501651,0.23986559,0.386743464
0.0371358848,0.366762343,0.377799636,0.176867752,0.0288725854,0.0617096653,0.0358987501,0.0810240171,0.104303297,0.102759205,0.0315534231,0.0223765548,0.20038727,0.273606919,0.308093037,0.0442512018,0.167128354,0.0105263132,0.114638324,0.181384871,0.0847304073,0.257160847,0.092592636,0.0148294573,0.186420429,0.0988468088,0.0490653954,0.319471892,0.255867531,0.028928577,0.276775174,0.0870870925,0.612903262,0.0738916337,0.178571174,0.0272063771,0.154511878,0.45169439,0.0729056575,0.145372011,0.145238061,0.00717251239,0.119103249,0.238667746,0.0681234056,0.12222892,0.0470901659,0.268121981,0.0438311385,0.277249971,0.0595911646,0.442779474,0.0981624155,0.149742843,0.107007597,0.175412555,0.239662026,0.0964829386,0.128617374,0.0137825126,0.0434782238,0.0131108452,0.136212771,0.00431732168,0.0180009446,0.197208963,0.0078683872,0.0775885346,0.167276982,0.198359119,0.152131827,0.0493142343,0.274735456,0.0572413831,0.174941222,0.154603349,0.0289169187,0.0306650717,0.0807926593,0.0224625485,0.0501587231,0.302858701,0.104190541,0.069259988,0.0179051046,0.376321234,0.104711251,0.0495969291,0.0613444703,0.0989582672,0.0200353802,0.152764992,0.362039442,0.0089399817,0.064397887,0.192172091,0.058114032,0.075961499,0.241278803,0.364903665
0.037845357,0.359461986,0.376615123,0.173465022,0.0334236915,0.0653562502,0.0368265082,0.0912041616,0.111946358,0.104908528,0.0395457925,0.0193308348,0.205597633,0.281973525,0.298099158,0.0459221425,0.165975227,0.0122484675,0.102451767,0.180206026,0.0830364749,0.257446814,0.095063395,0.014464782,0.181381699,0.0967612852,0.0562267876,0.319245348,0.259452346,0.0301846679,0.270523337,0.091743099,0.620422855,0.0698412475,0.175948489,0.0320839264,0.167954751,0.442428096,0.0675324865,0.142433973,0.135864099,0.00632911508,0.122266809,0.231049254,0.0665311907,0.107907173,0.0468953464,0.266773223,0.0512618807,0.284847402,0.0554629193,0.441988465,0.105142101,0.15714259,0.108083473,0.169364634,0.246802487,0.0935542257,0.116504916,0.0135134985,0.0382463422,0.0108757864,0.130606695,0.00416883921,0.0226960059,0.196687046,0.00869565537,0.0789881707,0.151190325,0.203723727,0.164756514,0.0400640593,0.29192734,0.0607883024,0.17931516,0.162274698,0.0300866628,0.0333597341,0.075304907,0.0238359068,0.0534011262,0.301596522,0.102177568,0.0661626387,0.0215703532,0.390275905,0.101987705,0.0467322203,0.0592051931,0.105137611,0.0204197412,0.148549649,0.382120697,0.00619964123,0.0637961548,0.186808108,0.0634687783,0.0694962637,0.252969845,0.347429908
0.0394632146,0.365168129,0.383259662,0.175610839,0.0411763526,0.0724743277,0.0353606757,0.0933139198,0.111573531,0.102746204,0.0417322097,0.0186246234,0.197518301,0.285714302,0.287735859,0.0438904052,0.184298999,0.0132308942,0.0991066813,0.168979128,0.0786467215,0.25544145,0.0959922269,0.0116063128,0.18467863,0.0968638019,0.0632022857,0.311935729,0.258638778,0.0296924758,0.271159747,0.092376072,0.629395342,0.0646687493,0.180533813,0.0376407926,0.16591037,0.444176415,0.0619647801,0.141078421,0.132084876,0.00519866132,0.134184089,0.226938622,0.072687224,0.114982643,0.0479896539,0.268246752,0.0565679915,0.310687114,0.058073624,0.448203573,0.10190622,0.157018478,0.103615457,0.177204223,0.252173978,0.0970272901,0.105105088,0.010071944,0.0349112616,0.00760043403,0.12213769,0.00406917121,0.022605186,0.198814042,0.0115812804,0.0814824198,0.147714218,0.21264344,0.168615938,0.0371179074,0.300788169,0.0611440257,0.179111267,0.158806999,0.0332355857,0.0408242662,0.0756277429,0.0196721308,0.0475285476,0.298561541,0.104440774,0.0631383531,0.0256306085,0.414380268,0.105009125,0.0473066124,0.0576923105,0.106696106,0.0237837899,0.151002919,0.392825785,0.00727272685,0.0580465544,0.182154511,0.066707727,0.0706666157,0.261514152,0.328150252
0.0376834988,0.37142866,0.358312368,0.17344739,0.0452446454,0.0745134946,0.0369174295,0.0983274681,0.112451394,0.0960075673,0.0438596476,0.0199862156,0.203826362,0.290557004,0.286239932,0.0382293276,0.185953276,0.0142857065,0.0936999328,0.1591902,0.0808383629,0.25498845,0.105811671,0.0111607105,0.185090301,0.0922924851,0.0689972734,0.305856562,0.259716933,0.0337000542,0.272843426,0.0870354206,0.631579407,0.0632529704,0.180045087,0.0419482337,0.170707121,0.433962508,0.0557508828,0.137792701,0.127451023,0.00550257245,0.141100243,0.223707307,0.0722303617,0.109169085,0.04785408,0.274113602,0.0623599968,0.319513339,0.0560362371,0.450447141,0.108736947,0.161177831,0.0999999335,0.181965442,0.248244973,0.100942663,0.0990990971,0.00847457534,0.0307246368,0.00795756189,0.114477997,0.00343642139,0.0241257593,0.199745484,0.0120160206,0.0797741655,0.153846019,0.21678515,0.171468682,0.0318568134,0.306828504,0.057179159,0.168076444,0.162020988,0.0292706686,0.0426051403,0.0720747832,0.0156494408,0.0440894886,0.295523482,0.100754339,0.0635070852,0.0254105011,0.426596335,0.106162883,0.0465839073,0.0551500302,0.106577983,0.0264645513,0.150375989,0.402545887,0.00886523787,0.0554396804,0.173861172,0.0681090002,0.0751318566,0.266466169,0.312532138
0.0371621701,0.369476229,0.357812179,0.170651194,0.0455373467,0.0805190519,0.0365029116,0.102029341,0.112442932,0.0976076026,0.0515587674,0.0226364748,0.208560062,0.292990056,0.270913229,0.0425877624,0.190872998,0.0147554737,0.0885044714,0.155032323,0.0790912684,0.257281531,0.106811156,0.0100921482,0.194433326,0.0905740635,0.067405321,0.299100355,0.260692468,0.033717105,0.273445044,0.0917172632,0.64971729,0.0662739273,0.180297109,0.0438692138,0.170321057,0.427097338,0.0539759523,0.136929169,0.116753922,0.00359453842,0.146787308,0.210863818,0.0728822133,0.108498605,0.0503793999,0.266689519,0.0620515612,0.325772339,0.0509398634,0.455224156,0.112482227,0.1657084,0.10494885,0.181761576,0.253615135,0.0999245736,0.0936555953,0.00947226625,0.0304129847,0.00838134413,0.108021938,0.00341463467,0.0270386349,0.210433372,0.0110103747,0.0824754446,0.153415819,0.222084772,0.179017678,0.030712067,0.310950686,0.0601092923,0.165094407,0.161613066,0.0278433343,0.0448621661,0.0640244437,0.0144855135,0.0437298612,0.295231008,0.0980495629,0.0588235513,0.0294775785,0.443296316,0.100434714,0.0513640952,0.0574433408,0.101798857,0.0288739317,0.151196102,0.416074868,0.009642645,0.0562200868,0.176603519,0.0674156759,0.0780296106,0.268632245,0.305870546
0.0407021177,0.383873445,0.352941002,0.167665795,0.0422794501,0.080547723,0.0320371651,0.111234116,0.104961166,0.0922647556,0.0562153384,0.0229809557,0.20925,0.292952026,0.272651202,0.0467557519,0.193023424,0.0164036496,0.0897939007,0.157396208,0.0705232956,0.263461971,0.113017808,0.00717905449,0.191316813,0.0830775483,0.0641025953,0.294652762,0.25046302,0.0352884317,0.267787646,0.0886259281,0.653203589,0.0583215241,0.185622262,0.0434327281,0.171541821,0.411647999,0.0520637798,0.13372432,0.113177426,0.00283687891,0.147934728,0.208556188,0.0758683779,0.103515627,0.0497449095,0.267741902,0.0634975895,0.325800247,0.052823275,0.447666466,0.104909665,0.169945809,0.103015124,0.178107741,0.249078294,0.0939524436,0.0830945117,0.0103761524,0.0306731948,0.00665643988,0.106261047,0.00442695379,0.0301025131,0.211758891,0.0116082768,0.0828616651,0.142628194,0.236637849,0.179541813,0.0253623166,0.319903338,0.0549940197,0.166457555,0.155078102,0.0253572865,0.0501094137,0.0567073636,0.0154365651,0.0432722795,0.290146625,0.0966666587,0.0592224277,0.0269396835,0.446766201,0.106332965,0.0495584175,0.0633064888,0.0986539814,0.034563246,0.151793061,0.423347823,0.00776053746,0.0542005265,0.168505863,0.0732436053,0.0767903543,0.26819412,0.305381853
0.0413505718,0.392358595,0.354623031,0.160946766,0.0446847971,0.0848498283,0.0354656529,0.112982082,0.107800641,0.0769927948,0.0644269306,0.0202020308,0.210359758,0.303090257,0.268224011,0.0487288755,0.2058824,0.016942132,0.0960019,0.150811714,0.0690476327,0.269209996,0.116947199,0.00782859242,0.194512428,0.0763574322,0.0595784079,0.29280764,0.240782044,0.0367465817,0.260087309,0.0888703823,0.633842117,0.0576131998,0.186037996,0.0447461279,0.170702281,0.398617341,0.0448399632,0.13083911,0.121327508,0.00243817582,0.147713633,0.19943612,0.0741469862,0.103628428,0.0497470715,0.268373472,0.0656765501,0.330686302,0.0508021052,0.430941013,0.108051547,0.168290626,0.102502041,0.178804308,0.239667511,0.0971831015,0.0799999804,0.0110294048,0.0276042147,0.00749624738,0.109402093,0.00440313384,0.03086944,0.213723756,0.0119686461,0.0846153153,0.136079237,0.240564125,0.183713914,0.0195749446,0.321443346,0.0487265029,0.164172676,0.15274979,0.0251572335,0.0550442147,0.0541989298,0.0162942187,0.0476635629,0.283302372,0.100200436,0.0632392485,0.0247793523,0.465060587,0.101513253,0.0469195149,0.0635179489,0.0973001703,0.0414402701,0.150000312,0.42946413,0.006376197,0.0565759734,0.169698677,0.0749546334,0.0833332498,0.269014878,0.305555408
0.046914972,0.39663786,0.347553329,0.161284064,0.0450324757,0.0834449027,0.0358491042,0.118210948,0.106630202,0.0750214223,0.0640124702,0.019975799,0.193304759,0.31004235,0.26619262,0.0464325455,0.210697698,0.0193010836,0.101759976,0.154548797,0.0687572504,0.276795252,0.10845071,0.00801602183,0.199233073,0.0777818422,0.049645344,0.283691813,0.241176202,0.0351781039,0.259610706,0.0880913164,0.63547465,0.0564516569,0.188483918,0.0433953799,0.162278546,0.38749969,0.0482758086,0.12918021,0.125971204,0.00343760609,0.143887329,0.195259037,0.0713982267,0.101986037,0.0463768426,0.275754276,0.0653446049,0.341058068,0.0498432211,0.418812474,0.110344548,0.17791547,0.101953224,0.182727221,0.231936033,0.0962328759,0.0750000097,0.0106382872,0.0267541618,0.00757934808,0.114475892,0.00391581296,0.032576665,0.223266178,0.0113040037,0.0904194181,0.125252387,0.244376572,0.185157149,0.0188577668,0.334282178,0.0451369858,0.160251121,0.147963036,0.0249777341,0.0607544658,0.0425719991,0.0127416541,0.0513284746,0.278264125,0.0991168413,0.0670009372,0.0254461211,0.467649814,0.104397841,0.0453543713,0.0686591493,0.0980959277,0.0478129767,0.154452847,0.441379006,0.00720906378,0.0557324749,0.160738834,0.0726007335,0.0843421774,0.273080068,0.307072493
0.0501951428,0.400402348,0.34679931,0.161494243,0.0421195072,0.0808565943,0.03500415,0.112004294,0.101598215,0.0762096297,0.0814393162,0.0180127934,0.181395183,0.312543693,0.266874984,0.0497811626,0.220038841,0.0229430595,0.108340758,0.151448291,0.0691262501,0.277632868,0.111350177,0.00777302108,0.20007956,0.0707425454,0.0415282581,0.283262419,0.244130656,0.0349470401,0.251105675,0.0795011959,0.614058102,0.055625795,0.19128007,0.0441776256,0.153881998,0.371690111,0.0525286759,0.130151955,0.136013277,0.00332004946,0.143544416,0.192487786,0.0699186737,0.101632452,0.0463482768,0.275136555,0.0658793577,0.350393255,0.0522211827,0.398860967,0.118384947,0.181488244,0.0961968639,0.182716133,0.227102129,0.0979932968,0.0859374185,0.010078383,0.0283654133,0.00753650814,0.124156658,0.0043816891,0.0357431529,0.227119999,0.0110019566,0.0886801313,0.131578519,0.253205192,0.179999565,0.017377574,0.339515756,0.0416878712,0.160031551,0.136869357,0.0221066367,0.0605187626,0.0368782449,0.010896887,0.0508377003,0.275161993,0.0955566946,0.0673162429,0.0254291714,0.480742571,0.103956373,0.0417551198,0.0724222563,0.0937920817,0.0516169095,0.15985182,0.430496917,0.00556398794,0.0559301755,0.15711411,0.0662415834,0.0834640367,0.274695899,0.304840997
0.0564386962,0.415457696,0.336887582,0.164837208,0.0480682162,0.0789923791,0.0355257708,0.108440058,0.0965872214,0.0786259148,0.0861173827,0.0143266292,0.16842337,0.313961091,0.26549507,0.0503578762,0.224969261,0.0232198277,0.116956631,0.158121484,0.0648218465,0.281952716,0.113660333,0.00675929718,0.206644293,0.0710758223,0.0405727761,0.279963088,0.242971019,0.0347298258,0.237506203,0.0771963361,0.602065248,0.0514970257,0.201456218,0.0416666688,0.15181011,0.352210974,0.0549821973,0.126567876,0.142320144,0.0035472451,0.135379682,0.188900518,0.067353382,0.100410838,0.047770747,0.276757538,0.0584097924,0.359250555,0.0551631676,0.38585734,0.116606222,0.190879662,0.0990028638,0.180677753,0.218469102,0.0956123859,0.0876288762,0.0117021334,0.0278311005,0.00592525211,0.135485191,0.00534240354,0.0384021335,0.23855109,0.00928074091,0.0914966245,0.116176414,0.249174075,0.17264445,0.0169144099,0.354511605,0.0392156788,0.165512995,0.134663906,0.0204691404,0.0593848408,0.0388051524,0.0105092973,0.0528683626,0.267801396,0.094313428,0.0685763673,0.0225885071,0.481149426,0.102935355,0.0396519293,0.0675019743,0.0891574369,0.0543608096,0.16212507,0.413132022,0.00607903608,0.0580693396,0.15294886,0.0648084849,0.0844205564,0.264768281,0.30878617
0.0622229421,0.432440279,0.339407452,0.174981695,0.0421473135,0.0764680258,0.0342519368,0.109890044,0.0984488121,0.0777202479,0.0921513609,0.0118981755,0.155346484,0.309477274,0.268398924,0.0511143307,0.232329383,0.0289663106,0.117558852,0.160314335,0.0625311457,0.289913841,0.109755967,0.0060306939,0.202533591,0.0684885053,0.0371747753,0.267973988,0.233199381,0.0330931263,0.233972681,0.0723259223,0.59371372,0.0532880379,0.195977775,0.0399666846,0.142409081,0.338295011,0.0546995592,0.118416159,0.14818773,0.00341615545,0.130184718,0.195315919,0.0649552493,0.0958187636,0.0458349336,0.274974492,0.0556209631,0.350753451,0.0522121325,0.360755228,0.119338955,0.191939267,0.10318551,0.177741644,0.209901632,0.0876519629,0.0852130874,0.0106270022,0.0235737714,0.00479093842,0.142945324,0.00482393108,0.0369971267,0.246210045,0.00749905832,0.0917431553,0.112978507,0.246293213,0.17939218,0.0146984112,0.364301374,0.035981343,0.166543357,0.130421561,0.0201089423,0.0588133224,0.0436111204,0.0093713397,0.0538839801,0.261925303,0.102797443,0.0603015529,0.0194117202,0.477554478,0.108501736,0.0388613497,0.0717629845,0.0861903321,0.0569296841,0.171209276,0.405457426,0.00610376238,0.0585693383,0.1519547,0.0605192064,0.0821237226,0.255929917,0.323238569
0.0653182366,0.423804102,0.337506906,0.179281545,0.0400363919,0.0688880594,0.0323258769,0.110413448,0.100031093,0.0802816387,0.0933469634,0.00915272066,0.141848766,0.316800065,0.268301414,0.0573578049,0.226965403,0.0314348533,0.117746888,0.154160962,0.056680131,0.28503281,0.109077224,0.00491055347,0.198010561,0.0680272214,0.0328706885,0.258397211,0.228233842,0.0335657251,0.231270408,0.0707226119,0.585326013,0.0576087523,0.193912579,0.0385080717,0.137877984,0.330941537,0.0564971437,0.116709416,0.151702946,0.00373715547,0.124486962,0.189848737,0.0622836758,0.0885714404,0.0413935468,0.280789792,0.0525235247,0.357197527,0.0525641025,0.336778434,0.120382884,0.186978275,0.108433757,0.171993707,0.210144992,0.08375,0.0921053074,0.0131579118,0.0239410244,0.00419463482,0.1454,0.00585366304,0.036673558,0.248743348,0.00678152366,0.0960352268,0.110470332,0.241984068,0.1864238,0.0163043454,0.372871977,0.0334531261,0.170174014,0.121098648,0.0224346089,0.0566166698,0.0489433613,0.00941264762,0.0575986406,0.261340125,0.105652129,0.0537974245,0.016647538,0.480254845,0.112878747,0.0365658322,0.0769806457,0.0887923846,0.0621093304,0.179209561,0.400227441,0.00663604596,0.0571179546,0.150431713,0.0557577325,0.0791505812,0.255912094,0.32172697
0.0648943238,0.423833536,0.328548104,0.187563923,0.0412556067,0.0700896158,0.0323007093,0.101196723,0.101723555,0.0819563919,0.0969962281,0.00635485254,0.129995583,0.31787099,0.259411685,0.0626684678,0.224985063,0.034539482,0.118498331,0.15155023,0.0523791464,0.27799582,0.103448208,0.00415080712,0.196288669,0.0722498791,0.0295176256,0.254247796,0.234315875,0.0338224911,0.222813246,0.0674826621,0.574634929,0.0577507375,0.197029659,0.0373046616,0.12207806,0.330857896,0.0658671787,0.109756141,0.172097754,0.00364409164,0.124109886,0.187010106,0.0592204313,0.0912754049,0.0395718559,0.271532123,0.0424133715,0.353390385,0.0527551047,0.316275742,0.131789499,0.188417296,0.115205798,0.173145418,0.198193513,0.0842391892,0.0986302007,0.0128585559,0.0217977751,0.00365407458,0.150276617,0.0058195907,0.0361185146,0.250930554,0.00550230804,0.09441281,0.109682938,0.227813512,0.193371601,0.0164569223,0.383067706,0.0365058573,0.172648679,0.133861491,0.0206781934,0.0576005265,0.0511208498,0.00727802256,0.0631121202,0.25372179,0.111646352,0.0544629698,0.0130533553,0.479071364,0.117086488,0.0368293694,0.0798289856,0.0885542562,0.0673879318,0.187999199,0.387887356,0.00547536263,0.0584304698,0.149763106,0.0512820154,0.0725766655,0.251783353,0.320307478
0.0656958094,0.423807152,0.328556354,0.192897574,0.0426087078,0.0704564096,0.0330153549,0.096251263,0.102304052,0.085173588,0.103074057,0.00667986752,0.121238592,0.320542223,0.260077809,0.0681523372,0.21976091,0.0361271951,0.120940719,0.150323248,0.0478529318,0.273650083,0.0963827238,0.00522705497,0.191495822,0.0759193441,0.0287316225,0.254388832,0.222852716,0.0339535838,0.223532355,0.0642557243,0.570939768,0.0567854032,0.192898113,0.037757007,0.120994833,0.329173341,0.0700716372,0.10912411,0.195821181,0.00356824109,0.126631303,0.18785654,0.0555348446,0.0889968449,0.0388152167,0.270540545,0.0394417041,0.354623847,0.0520048483,0.295566552,0.135754172,0.188947852,0.115652751,0.175403541,0.195288396,0.0874558214,0.0969528852,0.0154888554,0.020131305,0.00502901159,0.147809163,0.00666984081,0.0347883443,0.244812451,0.00576922496,0.0926774147,0.103025329,0.218466475,0.195458131,0.0169937827,0.381063588,0.0378377953,0.176731306,0.138410321,0.0183823248,0.054208756,0.0560923784,0.00758671395,0.0614035194,0.239967093,0.109153399,0.0515843794,0.0138121497,0.481068166,0.118544967,0.0404788985,0.0802556138,0.0856164352,0.0678850749,0.202890595,0.366041636,0.0058451056,0.0569478547,0.143473097,0.0507457654,0.0665701667,0.249371103,0.321400901
0.0689488593,0.425513551,0.324224808,0.20058148,0.0422534789,0.0638791415,0.0328638393,0.0977822631,0.100933906,0.0823863372,0.101598189,0.0078985132,0.111135231,0.322813068,0.264820283,0.0669341411,0.198860544,0.0360534973,0.130833627,0.149155769,0.0410394443,0.26051254,0.0919886959,0.00494895807,0.193959475,0.0782273899,0.0267983315,0.250000156,0.213610218,0.0325652586,0.219145131,0.0645411656,0.556481349,0.0620975322,0.202853439,0.0367252123,0.113292067,0.327603708,0.0783660757,0.108651633,0.217911879,0.00384615294,0.124917346,0.183531485,0.0537374284,0.092300758,0.0387623549,0.272387063,0.0408653869,0.357855352,0.0519348455,0.273930554,0.134700599,0.188140082,0.116471965,0.176556746,0.188432846,0.0964509785,0.111731919,0.0122873377,0.0215280853,0.0068467094,0.146096148,0.00655431213,0.035940478,0.24880056,0.00623735529,0.0922294285,0.0999200604,0.213273989,0.189238029,0.0176767722,0.396939384,0.0401695638,0.173268611,0.13887495,0.0184670808,0.0558341001,0.0624666135,0.00876884802,0.0605744968,0.238631736,0.105619745,0.0490266887,0.0154610595,0.481649741,0.121675983,0.0388963836,0.0832764412,0.0824963382,0.0703329992,0.211713188,0.353054491,0.00579150722,0.0493893874,0.143179583,0.0451769122,0.0701132804,0.255729236,0.327351971
0.0715209848,0.433183369,0.336405298,0.205703777,0.0453100245,0.0666538797,0.0337197138,0.10068756,0.10241686,0.0765710369,0.108034765,0.00720259318,0.11238139,0.322967085,0.267429982,0.0669160493,0.201718042,0.0351617255,0.133836934,0.146050243,0.0406316535,0.256220006,0.0845005339,0.00652819148,0.192285534,0.0786699204,0.0297578128,0.251652598,0.20698839,0.0323707343,0.213616901,0.0635062349,0.556518052,0.0546328666,0.20966805,0.0378813579,0.110395074,0.324418013,0.0817869083,0.106489722,0.22569769,0.00378898156,0.12314635,0.177845791,0.0515858749,0.0867232976,0.0403940826,0.271875933,0.0423986014,0.367617355,0.0468085705,0.262458501,0.137043184,0.190560945,0.110846247,0.174430709,0.182531445,0.0987100187,0.101983031,0.0110497115,0.021422785,0.00562218677,0.149098432,0.0069188251,0.0313283002,0.239093329,0.00475409961,0.0949871566,0.101993913,0.206289385,0.182767557,0.0196902675,0.402706917,0.0397727127,0.173215015,0.141722645,0.0164219409,0.059109248,0.0623369883,0.00898099425,0.0602689675,0.233181411,0.104354599,0.0484550837,0.0119565231,0.472782604,0.128986798,0.0398744096,0.0819022337,0.0834516544,0.0685808062,0.225316565,0.335350922,0.00583295348,0.0489909745,0.137411073,0.0443037633,0.0688329359,0.264364581,0.335013052
0.0713289584,0.431267623,0.343890014,0.208930353,0.0371517513,0.0638339212,0.0350515351,0.0991358627,0.0969508112,0.0727811025,0.106052581,0.00804227821,0.103975516,0.33037077,0.263143112,0.0696870944,0.188075997,0.0334266531,0.138259372,0.141746475,0.0412517379,0.24644639,0.0846899639,0.00663397572,0.193785232,0.0786179638,0.0307048592,0.263004848,0.207661882,0.0311505011,0.205870045,0.0622684147,0.55882366,0.0585738078,0.215106296,0.0360404355,0.102809401,0.335026677,0.0897651629,0.103909418,0.233333366,0.00341199717,0.125318182,0.177191901,0.0469918554,0.0735616526,0.0379500734,0.273054163,0.0376793801,0.369095141,0.0413120897,0.242987921,0.134665687,0.186740217,0.105899607,0.182114302,0.183176073,0.104453066,0.112676056,0.013368992,0.0192534242,0.00844346763,0.149215503,0.00591985426,0.0301166463,0.23117835,0.0031857312,0.090968682,0.10962968,0.197229662,0.1956096,0.0227173541,0.412558024,0.0373191233,0.168990347,0.149362618,0.0144212584,0.0612345111,0.0626902851,0.00996220092,0.0629072551,0.231390754,0.103722307,0.0443974847,0.0102095705,0.458740281,0.134568709,0.0380463454,0.0865075025,0.081808292,0.0714805679,0.234916201,0.331974379,0.00574449225,0.0485663059,0.133387348,0.0379343748,0.0744089322,0.271259681,0.33188702
0.0718318005,0.432177686,0.344209689,0.209749799,0.0382848107,0.0666420927,0.0344012899,0.0982227624,0.101077723,0.0632081154,0.112550683,0.00830641801,0.100460496,0.337891022,0.263631276,0.0781682207,0.187850089,0.0314745286,0.133161438,0.133038392,0.0422435251,0.237522897,0.0889938768,0.0088691907,0.191271453,0.0726027419,0.0348432256,0.270191246,0.211243423,0.0330195435,0.206972603,0.0669269089,0.555410982,0.061512949,0.229503267,0.0353089048,0.0951895829,0.342549091,0.0996370612,0.104954832,0.237312038,0.00401146287,0.125155563,0.171083459,0.0448763311,0.069757124,0.0362432723,0.279326155,0.0361409575,0.365437835,0.0426220323,0.242192539,0.133615212,0.18655001,0.102771381,0.190784176,0.178236481,0.103783725,0.128491338,0.0128976715,0.0189648333,0.00972899061,0.144305595,0.00642792325,0.0262753809,0.217932952,0.00465983055,0.0848664118,0.112891493,0.187741849,0.190903069,0.02526544,0.426573474,0.0380150256,0.168646778,0.155494957,0.015418505,0.0670002794,0.0661545815,0.00965184836,0.0692996416,0.239699592,0.101061782,0.0384615846,0.0100956455,0.453305993,0.139483519,0.0368705266,0.0792798228,0.085297525,0.072202058,0.245002847,0.330010926,0.00657001016,0.0484970987,0.120463287,0.0369607192,0.0751014257,0.275484915,0.33909438
0.0744158935,0.430069968,0.351947079,0.216858207,0.0381097417,0.0670622569,0.0357860077,0.0896954182,0.0994335022,0.0573040414,0.119919631,0.00823799802,0.100568755,0.335465923,0.253027562,0.0802014161,0.177783856,0.0314933447,0.137316611,0.124734871,0.0378977526,0.235470193,0.0918238562,0.00956682855,0.186399289,0.0720968605,0.0421195955,0.278320837,0.207712969,0.0328556397,0.210326975,0.066820934,0.564846484,0.0605069215,0.236661746,0.0322384362,0.0842941895,0.349354576,0.102337324,0.104506875,0.233983317,0.00395145721,0.125301567,0.164609237,0.039413211,0.0670566863,0.0364372294,0.278344285,0.0359099275,0.370489511,0.0437732422,0.238404411,0.131078967,0.180519404,0.098214263,0.18957092,0.175671417,0.108252977,0.143646382,0.0115607085,0.0170694365,0.0108769641,0.147635603,0.0054520695,0.0245039153,0.218813441,0.0048091347,0.0833696877,0.118149461,0.194246271,0.180026549,0.0259443981,0.442227762,0.0360278193,0.155671285,0.159120514,0.0151351356,0.0702255921,0.0706444109,0.0097188555,0.0719441925,0.242946627,0.0970290449,0.0402181478,0.00890517737,0.444611213,0.147655417,0.0339623007,0.0804425744,0.0837747444,0.0741385428,0.258431425,0.330859876,0.00964912408,0.0515873687,0.123222554,0.0400127664,0.0753812515,0.286188921,0.342891388
0.0792498095,0.439040742,0.353409079,0.222206826,0.0402685223,0.0697141152,0.0355388859,0.0861750893,0.0959333608,0.050658222,0.138076243,0.00880282619,0.0923413512,0.33131705,0.261329191,0.0821347294,0.177846972,0.0297261394,0.136404988,0.116938614,0.0361210055,0.228807242,0.0925552559,0.0103734335,0.182430256,0.0725430582,0.0452702726,0.27533874,0.212032087,0.0362745224,0.210789732,0.0665338523,0.564666149,0.061272561,0.240447814,0.0324168088,0.0796229988,0.355188807,0.103337468,0.101556627,0.226157805,0.00471697371,0.119756024,0.167007547,0.0420706439,0.0600906539,0.0352977021,0.277134819,0.0328947298,0.37620603,0.0441214447,0.239361803,0.132511352,0.177239654,0.0950625165,0.190966235,0.179812684,0.114426599,0.160112758,0.0112540247,0.0154677518,0.0120981118,0.144756253,0.00460728238,0.0246968673,0.20537461,0.00526932274,0.0797984627,0.112656518,0.190685539,0.17914808,0.0284407016,0.444716897,0.0330412627,0.149138815,0.171320884,0.0156583632,0.071708973,0.0674312151,0.0108657472,0.0766856705,0.245116395,0.0954765163,0.039660993,0.00842992295,0.428686834,0.14768,0.0297224376,0.0860559463,0.0846140531,0.0739233502,0.267085572,0.324963047,0.00904392918,0.050432662,0.120375198,0.0413715054,0.0829610837,0.293138351,0.352134279
0.0836346718,0.439345846,0.361111395,0.228053916,0.0356060246,0.0680167098,0.0352316553,0.080931321,0.0933934563,0.0489647065,0.145761097,0.00830783036,0.0925635865,0.327530828,0.255692765,0.0830272205,0.167261614,0.0284673639,0.137741698,0.112827834,0.0344327645,0.22611043,0.0943837732,0.0117069503,0.184755648,0.0746643186,0.0517241274,0.277186335,0.218950824,0.0355640046,0.208894694,0.0703523797,0.533387962,0.0650343811,0.255763078,0.0321290705,0.0746032226,0.361404869,0.101423516,0.102709584,0.222368349,0.00493556357,0.115159432,0.165467766,0.0418094138,0.0531720559,0.0318701487,0.275124134,0.0299580694,0.388910862,0.0456567427,0.228662243,0.133083041,0.169497328,0.0890756885,0.187734832,0.177452217,0.107035181,0.195122269,0.0118577131,0.0156135153,0.0128371832,0.139984904,0.00552720773,0.0226013866,0.203829196,0.00567213998,0.0748372135,0.121232779,0.186483157,0.168272452,0.0335661294,0.461708044,0.0326319994,0.143290186,0.180363297,0.0144827626,0.0743538506,0.0677220217,0.010337701,0.0753522033,0.252058098,0.0957995887,0.0371599285,0.00676730051,0.42773924,0.151940908,0.0267148352,0.0853448587,0.0891153103,0.0758032069,0.28415717,0.330023534,0.01097973,0.0514851888,0.115853695,0.0426868989,0.0833851175,0.300577539,0.368046954
0.088533933,0.450493014,0.363681019,0.232128018,0.0336322555,0.0726396144,0.032516447,0.0828980979,0.0910290633,0.0399891436,0.154088007,0.00679983418,0.0904688121,0.327412479,0.264369468,0.0829181563,0.159370458,0.0261771662,0.129891482,0.111380902,0.0327085558,0.226666683,0.0969924079,0.014481894,0.183459219,0.069803743,0.0530918617,0.280019022,0.222386051,0.0385654985,0.201742012,0.0669572608,0.533543578,0.0658376446,0.262653366,0.0308659009,0.0688622534,0.371533734,0.101298672,0.104121555,0.220227549,0.00426098802,0.115946077,0.165332624,0.0393918136,0.0495660073,0.0280115825,0.272679873,0.0289256274,0.38296286,0.0477307578,0.238541799,0.132664802,0.159947438,0.083567792,0.189680978,0.180037888,0.106157549,0.232283546,0.0107526938,0.0138389621,0.0138932816,0.143931177,0.00504838138,0.0246326747,0.19802514,0.00635885822,0.0776347817,0.120082879,0.180865508,0.158109302,0.0358395143,0.472519844,0.0309704237,0.134098473,0.181970255,0.0154882168,0.0764587044,0.0746739933,0.0117606376,0.0757645432,0.255462518,0.0949274603,0.0343434237,0.00627943101,0.420260839,0.150135496,0.0278684263,0.0899663796,0.0904188156,0.0802609973,0.288330167,0.330057942,0.0125208718,0.0536059881,0.117175394,0.0452812169,0.0854469216,0.30799142,0.375547497
0.0894679891,0.453597261,0.36456595,0.230182325,0.0291479354,0.0817921827,0.0350984921,0.0822594514,0.0910269834,0.0357894681,0.164948471,0.00746269417,0.0893566997,0.34017414,0.262708748,0.0807822999,0.151892263,0.0247717942,0.128251781,0.10582839,0.0265404281,0.225010906,0.0988909141,0.0150915334,0.181606748,0.0678563085,0.050694,0.278834368,0.232305503,0.0406479593,0.207638632,0.0701567512,0.519924824,0.0607913093,0.260366409,0.0309757108,0.06347964,0.368452064,0.100750359,0.107550899,0.205856689,0.00389206392,0.116467932,0.161174097,0.0396423467,0.0450183059,0.0250213209,0.279527055,0.0242390536,0.383497874,0.0512554596,0.233670751,0.131676636,0.153090109,0.0815934741,0.190044473,0.175476108,0.10693499,0.243073391,0.0122044181,0.0122540537,0.0143740226,0.137755233,0.00457190722,0.0236220583,0.196441534,0.00640683578,0.0759216116,0.126021637,0.181818639,0.148381667,0.0377138378,0.489158371,0.0297478352,0.12644724,0.197183299,0.0179230027,0.0781595768,0.0733496012,0.0116830362,0.0709023945,0.258861415,0.0981408426,0.0310181702,0.00688559795,0.419241966,0.153382484,0.0292829626,0.0928491306,0.0931895751,0.0757671607,0.303782544,0.344227781,0.0149347928,0.0511185617,0.120050667,0.0475440694,0.084548017,0.316304203,0.380662753
0.0878649703,0.470614149,0.36965713,0.229516313,0.0275502337,0.0862992013,0.0376556467,0.0842911575,0.08947912,0.034464446,0.181714981,0.00650935162,0.0899722109,0.347474416,0.261484214,0.0801807303,0.146689441,0.0240461603,0.119872582,0.102070396,0.0281191718,0.22485551,0.0954810408,0.016349416,0.173727186,0.0660604573,0.049160619,0.284183615,0.231666706,0.0444353996,0.215478049,0.0678472313,0.508375776,0.057388809,0.266602491,0.0309834617,0.0556190639,0.373403242,0.101162465,0.110473478,0.203818795,0.00408475367,0.117920268,0.156166191,0.0374035872,0.0443925309,0.0219961192,0.291619705,0.0239554819,0.385451904,0.0513284261,0.236024983,0.127701555,0.14350775,0.079047208,0.185609807,0.171854596,0.107225003,0.251237892,0.0119313874,0.0106310122,0.0153614381,0.130511136,0.00370065564,0.0235326404,0.196236827,0.0062695942,0.0729364866,0.117627733,0.186409645,0.147588847,0.0450209975,0.497313758,0.0259589907,0.119790124,0.203823144,0.0191677503,0.0780914915,0.0714004066,0.0091819723,0.069172387,0.258708479,0.0994060135,0.0314986752,0.00648648687,0.418423907,0.158979566,0.0296505095,0.0909090644,0.0977846558,0.0727383234,0.314133301,0.350808452,0.0127242355,0.0530160171,0.120873332,0.0512981009,0.0883824861,0.319703781,0.39590577
0.0903680894,0.477340193,0.368567275,0.224988073,0.0264750331,0.0921953058,0.0377217302,0.0779030146,0.0891532614,0.0364851468,0.186970253,0.0044,0.0887378775,0.361290412,0.264853996,0.0795751389,0.140525968,0.0215952032,0.121385853,0.0981404207,0.0247797675,0.228596803,0.0915147099,0.0150465764,0.179212472,0.0669768385,0.0421965047,0.275525518,0.234607099,0.0454912347,0.211455501,0.0666064098,0.497254805,0.0617020741,0.264857239,0.0336103361,0.0553412832,0.358192471,0.0982814274,0.1103159,0.190561139,0.00380131668,0.120907465,0.154446858,0.0375626257,0.0407303687,0.0194041954,0.286927543,0.0214521001,0.386230016,0.0544313304,0.233907078,0.121206396,0.135794635,0.0803617294,0.186130182,0.169749119,0.110548128,0.278588985,0.0123906719,0.00974134537,0.0131656779,0.125852957,0.00363783334,0.024112742,0.191893119,0.00762001717,0.0737261101,0.118193396,0.189922863,0.140651312,0.0449889972,0.496906811,0.0243626585,0.115859176,0.20239061,0.0205655566,0.0828026325,0.0741393093,0.00988468157,0.0710283469,0.254584003,0.104037269,0.0311671112,0.00640683323,0.428675929,0.152457872,0.0304157721,0.0944751318,0.101768931,0.0750073494,0.327434588,0.352532326,0.0133910121,0.0503202476,0.123529164,0.0532267516,0.0903614828,0.323738358,0.397849378
0.0938094575,0.500418255,0.365860713,0.221001758,0.0269853343,0.0939890303,0.0390186509,0.0795407073,0.085255314,0.034603849,0.199254589,0.0038774709,0.0909608614,0.372864902,0.274352321,0.0747163966,0.131286239,0.0185128659,0.117717744,0.0940014585,0.0254298048,0.238075542,0.091311668,0.016212987,0.16999919,0.0678679355,0.0384397516,0.264542092,0.233139366,0.0494406683,0.214086562,0.0647593883,0.469327045,0.065807269,0.269636876,0.032136102,0.0554302617,0.363357131,0.0946364905,0.106623469,0.195044938,0.003711949,0.121935811,0.150462486,0.038728846,0.0443066674,0.0171066731,0.287683847,0.0187567206,0.390681733,0.0525772941,0.226995388,0.119145941,0.132174895,0.0848057038,0.187214346,0.171769179,0.11037781,0.28352902,0.0136789003,0.00851343133,0.0146063098,0.126240919,0.0047808705,0.0248132842,0.194811659,0.00693412869,0.0762227461,0.107256588,0.185378755,0.139528584,0.0462396136,0.500790124,0.022526765,0.11506476,0.1994139,0.0211490113,0.0843277237,0.0813637694,0.0103660474,0.0730676205,0.255254262,0.0970327633,0.0292164266,0.0058201016,0.428469472,0.147873136,0.0305006218,0.0922063012,0.104607837,0.075393479,0.331451312,0.354871045,0.0129430537,0.0533637708,0.122211453,0.0564971484,0.0881080648,0.32618747,0.396462669
0.0953956689,0.516351382,0.356876666,0.219823275,0.0300077956,0.0927574729,0.0393700854,0.0814987944,0.0835488997,0.0353057933,0.202646702,0.0038314207,0.0886237706,0.388740669,0.277381717,0.0746577524,0.132153392,0.0166967518,0.114803926,0.0930425019,0.0220014218,0.249107439,0.0912326275,0.0165326948,0.161441183,0.0697923163,0.0335180267,0.260222255,0.235387162,0.0466507619,0.210121085,0.0651486488,0.460630023,0.06786428,0.266560036,0.0334862645,0.0540340136,0.355503203,0.0966368469,0.102217296,0.204525174,0.00446536427,0.119706001,0.146225453,0.0409853825,0.0388733249,0.0148247793,0.295180906,0.0171594559,0.379126395,0.0552578072,0.223806534,0.111995681,0.12422476,0.0817862717,0.192616679,0.176925521,0.112590378,0.304906765,0.016312058,0.0078611144,0.0140630877,0.126882052,0.00518134378,0.0262402085,0.195207949,0.00830888884,0.075107769,0.109174225,0.177905298,0.131901669,0.0478260855,0.508888792,0.0230485061,0.112423324,0.192114958,0.0234845785,0.0867639751,0.0826384072,0.00985914951,0.0799789134,0.253069636,0.0927609533,0.0308843089,0.00538213267,0.432271264,0.1528877,0.0292121495,0.0872445834,0.112782043,0.0762281869,0.341549775,0.361328358,0.0118389783,0.0556181231,0.127035865,0.0561814162,0.0820062915,0.32946835,0.392918817
0.0959675306,0.527477642,0.35545905,0.21610684,0.0312,0.0938140585,0.0434349273,0.0818822752,0.0820343134,0.0402552681,0.203493167,0.00379651061,0.087350451,0.402595299,0.281611058,0.0716986529,0.130143348,0.0160011829,0.111987834,0.0923284236,0.0185758478,0.251545417,0.0914482145,0.014943816,0.156196614,0.0690608221,0.0314916794,0.255097792,0.239389462,0.048197543,0.210363483,0.0611570709,0.45175751,0.0644950879,0.258823767,0.0368361443,0.0545520089,0.356558199,0.0959701323,0.098743399,0.202475469,0.00554637737,0.120083547,0.137134741,0.0455279205,0.0392609606,0.0148580823,0.297168212,0.0162287667,0.382362761,0.0557124672,0.222804739,0.106713092,0.115695597,0.0809737247,0.188522916,0.184982503,0.117950234,0.293981423,0.0165175358,0.00805672438,0.0143629871,0.126180131,0.00392464413,0.0278786709,0.194982261,0.00972053755,0.0764832753,0.102028685,0.186911893,0.130802654,0.0461299221,0.505259577,0.0212511533,0.107355205,0.184727676,0.0240099849,0.0891114542,0.0837391825,0.00757809742,0.0835199858,0.259440848,0.0888405297,0.0282181707,0.00704225017,0.435854816,0.15680629,0.0281081812,0.0806979242,0.114974398,0.078147047,0.354372861,0.36617303,0.0100463796,0.0558421074,0.131139805,0.0565745253,0.0812987598,0.328952097,0.393494808
0.0913157452,0.52672924,0.367586462,0.218126395,0.0288082392,0.101628337,0.0479160433,0.0848361339,0.0782946018,0.0434362931,0.216619252,0.00332839699,0.0890070125,0.413296655,0.288241294,0.0722152116,0.126914108,0.0143020626,0.111000692,0.0911338728,0.0191850847,0.248666435,0.0882981412,0.0123883891,0.150906296,0.0670958468,0.0278241552,0.252151323,0.24875086,0.0490390067,0.208543985,0.0613490781,0.451573383,0.0643086766,0.255206253,0.0372903325,0.0561422376,0.353730243,0.0990873749,0.101106505,0.214093342,0.0066079299,0.118841712,0.130102086,0.0486155049,0.0406264597,0.0137748069,0.29727284,0.0170961309,0.377291242,0.0558139779,0.226931215,0.105456672,0.112312095,0.0821480893,0.187020327,0.189332012,0.1156596,0.301624186,0.0184426259,0.00727847526,0.0170152358,0.122458174,0.00311041706,0.0262678431,0.197282995,0.00959923304,0.0801633607,0.0980791645,0.186174605,0.132800286,0.0414832064,0.506670378,0.0202363374,0.099176156,0.179956972,0.0254650601,0.083655009,0.083057678,0.00636171084,0.0876624084,0.256519728,0.0846534777,0.0245646828,0.00721821286,0.438369226,0.160097499,0.026548055,0.0795140434,0.115333882,0.0820186219,0.365595251,0.36729649,0.00878833058,0.056908781,0.129306226,0.0601992928,0.0801719246,0.333258873,0.392913968
0.0913043433,0.543180895,0.373881337,0.22072568,0.0307125239,0.103530105,0.0517339729,0.0876517977,0.0713024061,0.0483478938,0.220456378,0.00296735911,0.0917208093,0.412453176,0.286074763,0.0699562728,0.126025501,0.0125838799,0.111441453,0.0923947041,0.0159016273,0.251314406,0.0853732861,0.00932957974,0.143745046,0.0642208059,0.0247084484,0.251157046,0.240949321,0.0514532588,0.212167879,0.0632195381,0.446066919,0.0669145713,0.244395471,0.0372033399,0.0539298953,0.345992431,0.104434562,0.100009209,0.217162892,0.00767467762,0.116481321,0.126070024,0.0480111765,0.0419847282,0.0106578961,0.296372633,0.0182126859,0.379281491,0.0557124791,0.223955374,0.0957943918,0.109726004,0.0821950855,0.184259127,0.192669069,0.11405851,0.351893053,0.0202879459,0.00659754576,0.0174196982,0.120474616,0.00339622789,0.0261910836,0.199902861,0.00994553513,0.0810578697,0.0913918189,0.186108474,0.141814396,0.0406342629,0.509231125,0.0177842437,0.0915106337,0.176896623,0.025289424,0.0847815154,0.0795412228,0.00553451083,0.0888841401,0.257006366,0.0797413764,0.0259740153,0.00783873773,0.444398904,0.16535076,0.023754951,0.0777531418,0.119835659,0.0814750933,0.368703567,0.360535549,0.0074786275,0.0561990355,0.132884411,0.0611887942,0.0769605442,0.33174349,0.400555195
0.0942415684,0.536973329,0.379574856,0.222977963,0.0287915288,0.102766613,0.0536165868,0.0892208058,0.0739593078,0.0442144856,0.218947982,0.00334199838,0.0851278481,0.412990042,0.284439373,0.0724968727,0.125966526,0.0112021825,0.119117506,0.0933298023,0.0188828596,0.251709253,0.0852521153,0.00824058343,0.139786386,0.062666394,0.0231058206,0.244225678,0.244157024,0.0528930783,0.206538727,0.0586958217,0.442848692,0.0664844807,0.237708587,0.0418371373,0.0530203827,0.345456817,0.111635093,0.0992803075,0.232758545,0.00905963369,0.120645035,0.11902938,0.0528580293,0.0391048851,0.00945129215,0.294936207,0.0181946551,0.373225456,0.0603271612,0.224648765,0.0916694053,0.110449665,0.0836502566,0.191930612,0.19433793,0.117011552,0.37788044,0.0173857104,0.00766166425,0.0202445549,0.119284813,0.00367376789,0.0256172202,0.198583058,0.0106060619,0.084933526,0.0797141137,0.185441442,0.14420171,0.0391247027,0.515946496,0.0204539048,0.0875924,0.1661705,0.0286017146,0.0875884006,0.0770094113,0.00536723152,0.0879899234,0.254875037,0.0724306354,0.0265860992,0.00794551005,0.444444436,0.16541353,0.0214300587,0.0759736657,0.118672975,0.08456583,0.373623009,0.366282595,0.00776561954,0.0600213956,0.127394656,0.0627814566,0.0769971314,0.328371701,0.411568527
0.0957340479,0.541149122,0.385179291,0.220882275,0.0274027207,0.101463744,0.0522672131,0.0899918837,0.0721282944,0.0467470084,0.226961042,0.00292825531,0.0824659303,0.416381426,0.284408523,0.0738306273,0.123423513,0.00945155866,0.115520907,0.0978717114,0.0204081666,0.259403937,0.0872493468,0.00688912668,0.140903029,0.0649747604,0.0205047688,0.242882589,0.233069479,0.0518305083,0.208593846,0.0591106888,0.441941441,0.064467308,0.225981503,0.0408791471,0.0520296276,0.344622521,0.116976976,0.0959677623,0.220812112,0.0116686075,0.117348506,0.112968668,0.053966827,0.038097348,0.00836875259,0.29300232,0.0230308244,0.366167783,0.0594292712,0.231633788,0.0885415963,0.108061491,0.0753521168,0.195900785,0.200261007,0.122862507,0.407744742,0.0170346963,0.0073015029,0.0203449202,0.11610178,0.0043336915,0.0233262776,0.192708613,0.0128672208,0.0858762892,0.0780179295,0.187095992,0.155919729,0.0349707253,0.522235672,0.0191316229,0.0846405504,0.156562307,0.0296838225,0.0861244378,0.0727473373,0.00608912467,0.0899503883,0.263369579,0.0608611568,0.0266358064,0.00730748077,0.446877562,0.159047474,0.0196480097,0.0835129833,0.121243504,0.0857681003,0.381440504,0.368995575,0.00793651633,0.0604813397,0.123314908,0.0607476502,0.0779467288,0.33717767,0.418143353
0.0943489845,0.536177943,0.382771757,0.221821671,0.0256821994,0.097451539,0.0510881796,0.0890794132,0.0708138181,0.0480419605,0.229770447,0.00328346955,0.089038904,0.42076423,0.286505902,0.0780067054,0.125000139,0.0104438754,0.115663477,0.100779241,0.0250455555,0.260899015,0.0827490084,0.00502889164,0.147189673,0.0650794181,0.0189585472,0.248021457,0.229860544,0.050305439,0.20979905,0.0564287609,0.427226074,0.0588234977,0.22206399,0.0464389152,0.0501729893,0.338270773,0.1210523,0.0914502454,0.222861845,0.0119823165,0.116593402,0.106070567,0.0541125152,0.0401178211,0.00758169927,0.290354975,0.0233623364,0.364471498,0.0633699145,0.231307495,0.0886707459,0.107042979,0.0719305404,0.198486919,0.201287864,0.125548765,0.431034323,0.0183115943,0.00962407029,0.022948156,0.110877945,0.00423429795,0.0211026298,0.190913844,0.0136754058,0.0892380939,0.0672114199,0.184194847,0.155927016,0.0332268436,0.522968953,0.0195582977,0.0759654684,0.152548645,0.0347140886,0.0888598107,0.0749002799,0.00664085091,0.0866388743,0.266152422,0.0569828119,0.0252100605,0.0084317116,0.447470431,0.151939929,0.0176586635,0.0856672517,0.124539821,0.0928288839,0.388467576,0.371659733,0.00681663138,0.0583453577,0.123890068,0.0599848154,0.0838407751,0.337034486,0.431265418
0.0921679818,0.540116918,0.385698488,0.221738549,0.0231481482,0.0969549479,0.0465240331,0.0894880963,0.0722891424,0.0484942544,0.228753437,0.00291226596,0.084567989,0.432539368,0.277795586,0.0831307358,0.118843701,0.00894225003,0.11014042,0.105119515,0.0265578459,0.261325892,0.0809537046,0.00394962091,0.151467158,0.0666596799,0.017900891,0.237624787,0.225027316,0.0514830964,0.205758791,0.0599846714,0.423446291,0.0555555793,0.218638251,0.0497610972,0.0501557153,0.336117915,0.123724701,0.0929539166,0.225041497,0.0117782939,0.116885337,0.104279291,0.057120189,0.0417044548,0.00801731148,0.284843424,0.0276116049,0.35686816,0.0652191461,0.237807758,0.0907811327,0.107596094,0.0602492795,0.197221757,0.205149148,0.128894212,0.476395001,0.0188059737,0.0117419878,0.0249326254,0.105995149,0.00382077365,0.0192258211,0.190965337,0.0142179888,0.0913967326,0.0607308306,0.184646443,0.165376991,0.0357703622,0.525374127,0.0186287209,0.0721746869,0.144566707,0.0368329151,0.0942622974,0.0639942463,0.00651288164,0.0868506979,0.269951082,0.0499513073,0.0245992001,0.0095666799,0.444837064,0.146669914,0.0158361874,0.0966684819,0.123610306,0.0950403422,0.394666907,0.376233561,0.00599999947,0.0585977258,0.121074479,0.0591344956,0.0848836884,0.337967796,0.444403356
0.0920803035,0.539004351,0.380400591,0.217923946,0.0188821754,0.0936441326,0.0478695246,0.0908732776,0.0690157803,0.0492083859,0.222304907,0.00356761033,0.0817467666,0.44317867,0.284034294,0.0856839465,0.11721392,0.0084640228,0.109255285,0.105495122,0.0281240507,0.260848599,0.0855281124,0.00409233942,0.151090355,0.0666952127,0.0178744436,0.246893888,0.205723587,0.0495875846,0.202641954,0.0592354272,0.414084324,0.0567164477,0.221880682,0.0547365625,0.0538069939,0.341508384,0.132985839,0.0926415701,0.231085548,0.0127999758,0.112622578,0.106515755,0.0588607141,0.041685186,0.00811080762,0.289996359,0.0307517137,0.350834971,0.0683235436,0.232637282,0.0900139283,0.106008818,0.0566727678,0.200984755,0.204711672,0.135611571,0.527053866,0.0174866681,0.0128280277,0.0290805993,0.105228301,0.00341413023,0.0182359265,0.191228385,0.0148930152,0.0938615962,0.0563813307,0.190816226,0.172549517,0.0346260094,0.527208733,0.0190781326,0.071608785,0.138359569,0.0422141324,0.0945639241,0.0638057095,0.00735695949,0.0840942358,0.270158491,0.0448921403,0.0231103998,0.00967557892,0.43942402,0.14920962,0.0147627915,0.102980987,0.125534578,0.0993451986,0.404884872,0.364063109,0.0055737749,0.0591844402,0.11675419,0.0551640313,0.0843852169,0.338113474,0.455692008
0.0949550083,0.540494957,0.384287455,0.218021087,0.0166787684,0.086913227,0.042667009,0.0837634181,0.0671229593,0.0500425629,0.223201516,0.00347221997,0.0823963945,0.447843432,0.282835924,0.0824492076,0.119243243,0.00864838176,0.107099824,0.108014427,0.0301307377,0.269425017,0.0836507734,0.00381521681,0.145859856,0.0670692432,0.0162047566,0.240404761,0.196980453,0.0490860982,0.198744006,0.060627193,0.404720671,0.0565296987,0.2159696,0.0586413187,0.0540578966,0.354419211,0.139842424,0.0964154978,0.230066394,0.0141379207,0.109146332,0.108713605,0.0573874997,0.0423803618,0.00798644825,0.292531862,0.0336385029,0.357760017,0.069811773,0.236818814,0.0945005702,0.102399913,0.0534662676,0.207535,0.204305733,0.145087718,0.554901944,0.019099184,0.0139171936,0.0308108901,0.104033955,0.00336700265,0.0167853569,0.195922144,0.018295368,0.0977576404,0.0543311242,0.191240404,0.189269306,0.0343137604,0.52697194,0.0178030509,0.0674728831,0.13267749,0.0456510056,0.0971629171,0.0612129634,0.00702512587,0.0798652672,0.270197532,0.0377592509,0.0224630038,0.00916381182,0.439773735,0.13928746,0.0150406401,0.103603623,0.122305711,0.102410989,0.408762238,0.364790593,0.00517631855,0.0590318242,0.11396111,0.0516499193,0.0924545876,0.344712284,0.459021223
0.0956813763,0.540968918,0.380707769,0.210848313,0.0157858531,0.0892312726,0.0424467671,0.0776987284,0.0695404431,0.0542652145,0.211318398,0.00303438727,0.0781582386,0.451115667,0.277216674,0.0853918484,0.112705402,0.00750605286,0.109213958,0.104049241,0.0302357936,0.270801345,0.080972203,0.00344408531,0.147755582,0.0683982355,0.0163117412,0.245969631,0.184380966,0.0515686595,0.200719938,0.0643073407,0.385489583,0.0504632288,0.218691208,0.0607074511,0.0572991262,0.360656157,0.144581623,0.0903477484,0.209663998,0.0138190606,0.111030238,0.108908279,0.0594892066,0.0397336434,0.00923076494,0.299258779,0.0379102788,0.359431038,0.0701067861,0.233936679,0.093063807,0.104681788,0.0471739842,0.210757227,0.198001185,0.153734866,0.580769322,0.0187195164,0.0139212212,0.0333599327,0.104663045,0.0033288919,0.0168397153,0.19956633,0.0201739134,0.102559065,0.0530642604,0.191424164,0.194243163,0.0357472126,0.517412063,0.0177101104,0.0675125582,0.126929619,0.0511726805,0.0967088563,0.0571583902,0.00679532738,0.0829517144,0.271050126,0.035422303,0.0181400161,0.00838456711,0.443200834,0.137071792,0.0159488094,0.109194982,0.121425698,0.106759116,0.409955959,0.352596488,0.0045766591,0.0583574605,0.105204915,0.0496237149,0.0982672401,0.341537485,0.472209322
0.101679898,0.539454426,0.371707519,0.212274285,0.0166333937,0.091560745,0.0419934336,0.0689115196,0.0715626396,0.0561351946,0.207916994,0.00450305775,0.0790894663,0.458833466,0.271894007,0.0875559598,0.107584119,0.00900577392,0.103513957,0.10599432,0.0312165039,0.277638642,0.0806187238,0.0035225423,0.142752928,0.0716923833,0.01712027,0.23971701,0.179930713,0.0526167849,0.195023621,0.06945136,0.371529833,0.0507629426,0.221871852,0.0632507775,0.0575997524,0.371062568,0.148299682,0.0849265121,0.203532316,0.0141089193,0.111910951,0.10794635,0.0604575714,0.0398890431,0.00964375007,0.303329297,0.0392156442,0.36356377,0.0706600012,0.235885498,0.0887605069,0.0990028399,0.052115822,0.219537276,0.202189871,0.164021475,0.577569989,0.0217733859,0.0149461624,0.0357608732,0.100328523,0.00321337076,0.0165381628,0.206939938,0.0213195817,0.105926108,0.0457226709,0.191209676,0.199688443,0.0354426987,0.515073234,0.017423282,0.0667697414,0.125934699,0.0507844133,0.0965754569,0.0622285521,0.00668627466,0.0801560147,0.270161531,0.0288231906,0.0175916617,0.00835190569,0.439746509,0.134913381,0.0163220434,0.106549093,0.124535236,0.11323662,0.419441725,0.340327789,0.00394606947,0.0581328386,0.107402039,0.0442144582,0.101305654,0.338856916,0.47575956
0.0992553981,0.534792754,0.370029212,0.207600042,0.0129032258,0.097927718,0.0418656726,0.062839373,0.0715929078,0.0598026695,0.194034782,0.00463534221,0.0814532551,0.460706936,0.273386017,0.0885303459,0.104369269,0.00892432566,0.104577024,0.102743271,0.0331412657,0.280606041,0.0824512608,0.00362390061,0.138968864,0.0738942038,0.0177489169,0.23761049,0.17946974,0.0526169187,0.190481972,0.0693036381,0.369629367,0.0530660075,0.216991478,0.0679177552,0.0559829018,0.383590277,0.148349218,0.0836490093,0.204883976,0.0139524542,0.114623482,0.108184781,0.0573500704,0.0404944518,0.0104166657,0.311017417,0.0435885388,0.370447634,0.0682745552,0.239696831,0.0861764998,0.0965301708,0.053525267,0.221115072,0.210869751,0.162744946,0.611423048,0.0207468759,0.0147475918,0.0371834866,0.102145121,0.00250783831,0.0157803195,0.21591529,0.0221896645,0.108006646,0.0412713715,0.193826912,0.209819616,0.0305529861,0.511378427,0.0165249133,0.0648147174,0.119731998,0.0511303628,0.0958076416,0.0594944405,0.00570962624,0.0865689827,0.261420188,0.0244818325,0.0178396881,0.00964114461,0.444716587,0.135086962,0.017499477,0.104656873,0.124593952,0.111305691,0.429465126,0.336618007,0.00369127148,0.0601956597,0.117252652,0.0421052522,0.105518928,0.333060087,0.479157095
0.100230998,0.532249388,0.361801746,0.199848525,0.01310862,0.100540121,0.0400298456,0.059025159,0.0711181638,0.0634984207,0.191636286,0.00452351898,0.0824515181,0.4548085,0.270413576,0.0916224589,0.102896325,0.00845841979,0.106378981,0.101338888,0.034827734,0.28096578,0.0795804661,0.00448868171,0.137944658,0.0727683905,0.0184188766,0.226831814,0.17120285,0.0505607114,0.186507137,0.0743794866,0.369564946,0.0520094397,0.205903567,0.0706167498,0.0517001028,0.381322046,0.150166728,0.0862998412,0.192982531,0.0138952022,0.115016795,0.108689157,0.0559603078,0.0450716037,0.0119098736,0.315641435,0.0430009548,0.379056246,0.0725946957,0.241550301,0.0879662323,0.0918421799,0.0555318268,0.221023682,0.214892927,0.162955908,0.600179088,0.0203665734,0.0163270872,0.0363236782,0.0988127723,0.00362756484,0.014836795,0.211326065,0.0240719445,0.108494218,0.0365517635,0.195815337,0.217893675,0.0310960248,0.511816546,0.0163468029,0.0639839329,0.111583301,0.0482767796,0.101436897,0.0614349564,0.00586197548,0.0888566706,0.263485673,0.0212193835,0.0205965795,0.010000007,0.449496062,0.135826961,0.0200561947,0.105200917,0.116289,0.110449555,0.434217697,0.326940862,0.00405679493,0.0590934693,0.119047926,0.0414684253,0.105105092,0.328600099,0.48286551
0.100869345,0.536449592,0.360477379,0.191479085,0.0112425969,0.104231005,0.0414164077,0.0514980424,0.0694661491,0.0625730906,0.196486024,0.00555717596,0.0832351335,0.449478861,0.270702369,0.0958862029,0.0964588754,0.00742574714,0.108893192,0.0932050652,0.0339697861,0.283061376,0.0787324363,0.00521436632,0.131705485,0.070688898,0.0165821306,0.221477466,0.168604649,0.0526567133,0.187392188,0.0776785425,0.36439229,0.0499709324,0.205502142,0.0729931181,0.0452394304,0.393145103,0.149167266,0.0861460864,0.183606524,0.0126864314,0.116358962,0.110482808,0.052735057,0.0397463662,0.0107581924,0.312359921,0.0459509125,0.394724194,0.0689329072,0.255288525,0.0889873583,0.0889150988,0.0580524429,0.218661929,0.217717476,0.167170671,0.594570758,0.0213632142,0.0146768137,0.0364945298,0.098954574,0.00293944957,0.0156989791,0.213503228,0.028920013,0.111153289,0.0312500269,0.198932284,0.226027104,0.0298186014,0.51525501,0.0140710677,0.0651648044,0.10361615,0.044907044,0.100849507,0.0639906766,0.00518617287,0.09107698,0.253992342,0.0216867318,0.0240879341,0.00824317721,0.444656302,0.134465788,0.0219956589,0.10532455,0.113302199,0.109289578,0.44126,0.330986298,0.00437415962,0.0622429623,0.122014039,0.0401836162,0.112131207,0.324487642,0.486044037
0.0970339776,0.541279753,0.350609346,0.190654398,0.0099531596,0.108179773,0.0431716769,0.0515872567,0.0701754565,0.06573931,0.196343787,0.00513991418,0.0853948862,0.4519212,0.266388684,0.100646317,0.0931425858,0.00774284803,0.108721731,0.091631028,0.0396135577,0.286869701,0.0803672038,0.00624645367,0.133612388,0.0735995852,0.0151689728,0.21536535,0.157799116,0.0544877944,0.174533152,0.0825678654,0.359384006,0.0525127221,0.214991012,0.0721454191,0.0419371831,0.396283326,0.144457489,0.085064089,0.176941611,0.0107935141,0.12004658,0.10955509,0.0531046066,0.0396039491,0.0113750707,0.31293253,0.045558071,0.402848553,0.0719482513,0.265190969,0.0872211158,0.0848119165,0.05917535,0.21995574,0.217937241,0.160997848,0.612349825,0.0200296388,0.0125586529,0.0362002765,0.098643523,0.00263004241,0.0170567855,0.209524718,0.0312288206,0.117118948,0.0267255577,0.200262432,0.228885889,0.0278030071,0.522266293,0.013377137,0.0671508309,0.100303929,0.0427383771,0.103616796,0.0627507001,0.00501849566,0.0884032949,0.250663262,0.0180631807,0.0289485878,0.00787014403,0.449711382,0.132021567,0.0249008173,0.107967091,0.112384446,0.107002687,0.434635993,0.330934359,0.00442176907,0.0613636282,0.121964762,0.0399205741,0.116446806,0.320319289,0.485133219
0.0972325577,0.543285463,0.343289096,0.193298514,0.00857143712,0.108465561,0.0455220097,0.0479107895,0.0665654482,0.0643690448,0.196305904,0.00530726838,0.0861338034,0.455970324,0.270302719,0.105878807,0.0862068801,0.00679315971,0.113281378,0.0901679915,0.041725195,0.284844007,0.0745009585,0.00650468886,0.135274972,0.0766242444,0.0132110148,0.212585564,0.149444115,0.0546829913,0.17258014,0.0831063439,0.361413218,0.0481194201,0.21938798,0.0731169217,0.0386454553,0.394124604,0.137261666,0.0857612932,0.180047592,0.0111284162,0.119168013,0.109282389,0.0547469416,0.0420601434,0.0112042046,0.311905583,0.0481818857,0.4077568,0.0704844592,0.265855505,0.0850780767,0.0824417923,0.0593254635,0.221784606,0.226882686,0.156361729,0.603960714,0.0218960314,0.0102370817,0.0333928561,0.104449194,0.00284737915,0.0187656989,0.209407095,0.0313196616,0.119646136,0.0240890904,0.201099938,0.219488064,0.0261408251,0.52667179,0.0136499124,0.0713873288,0.099110042,0.0403035568,0.103978476,0.0615362614,0.00599738239,0.0891539917,0.251474702,0.0180686788,0.0328399359,0.00861244162,0.446475764,0.133680382,0.0265652758,0.108150003,0.115503317,0.106679171,0.436039752,0.327665194,0.00398406224,0.0678989257,0.122929793,0.0390969478,0.120984411,0.313699366,0.480699962
0.0936426315,0.543719936,0.34056979,0.198814741,0.00780380807,0.107676938,0.0438291605,0.0469696297,0.0703704182,0.065240791,0.203756047,0.00512267083,0.0858708799,0.459012746,0.281740616,0.107236619,0.0828612739,0.00752232766,0.11400843,0.088365348,0.0434087273,0.278610754,0.0774928509,0.00721199903,0.137785787,0.0772720614,0.0123214231,0.210600767,0.147501608,0.0546095174,0.173374353,0.088525182,0.36351484,0.0474649573,0.214285574,0.074758436,0.0352598337,0.393044461,0.138392057,0.0850281221,0.177368976,0.0112773487,0.119443866,0.10842049,0.0541380446,0.0398287409,0.0112327751,0.310888983,0.0514039858,0.419644948,0.0686297272,0.274574234,0.0867580222,0.0774072075,0.0607569958,0.22429134,0.230374566,0.161076425,0.57686445,0.0204937325,0.0107696307,0.0322864062,0.106161219,0.00340619055,0.0194464686,0.211739057,0.0333915234,0.128796235,0.0243042248,0.207911577,0.21746015,0.0256178551,0.535525653,0.0131069059,0.0757700493,0.0963180194,0.0379184001,0.104248001,0.0641835783,0.00550603182,0.0850138419,0.245224697,0.0169337648,0.0348463702,0.00857142319,0.457312863,0.131801783,0.027462922,0.110849904,0.123468548,0.104548444,0.445186968,0.328855335,0.00431034523,0.0704549696,0.122522652,0.0382675519,0.119966535,0.310637912,0.485126398
0.0949873279,0.553103321,0.326788569,0.205830711,0.00777778647,0.10670728,0.0459196644,0.0475053903,0.0695378972,0.0651789485,0.206044617,0.00619444885,0.0884722291,0.458341269,0.286647154,0.107132503,0.076247861,0.00721938146,0.116925806,0.0877994047,0.0437651236,0.269874749,0.0751806851,0.00763212608,0.140753462,0.0808037184,0.0106531718,0.208046401,0.138180663,0.0550721878,0.1733775,0.0885821368,0.381120821,0.0439154111,0.224292859,0.0774604252,0.0328552262,0.390707627,0.130718391,0.087367096,0.174886035,0.010813821,0.120991435,0.110693071,0.0527425969,0.0386831929,0.0102021306,0.314168503,0.0496688645,0.430707209,0.0662008713,0.275618805,0.0843647814,0.0771949947,0.0553367404,0.227721236,0.23582849,0.160129689,0.557080801,0.0179990586,0.0110824838,0.0299211244,0.111559435,0.00420403421,0.0188702444,0.214956366,0.034731217,0.129801806,0.024780811,0.206083662,0.21563628,0.0224188685,0.540099186,0.0128319563,0.0811015795,0.096342085,0.0346858117,0.112426661,0.0665597678,0.00442824395,0.0813233017,0.242091591,0.0146968719,0.0325792162,0.00887435943,0.454065064,0.127284138,0.0313531566,0.10689954,0.12734407,0.10433775,0.444212064,0.330412821,0.00397351139,0.0697886937,0.118017568,0.0370049263,0.119399826,0.313255614,0.478989505
0.0984939216,0.561059432,0.323109309,0.213983399,0.00770924127,0.103842407,0.0472691263,0.0465298871,0.0715515166,0.0682630565,0.211350348,0.0058902309,0.0851226522,0.461116685,0.296695449,0.106970811,0.0757370612,0.00630693531,0.125600036,0.0883499944,0.0420267683,0.274386605,0.0678036174,0.00754535784,0.144821948,0.0840108368,0.0118805137,0.211304,0.132443312,0.0514046958,0.17300723,0.0901499399,0.383607438,0.0435779632,0.233217162,0.0784443285,0.0326530136,0.393657451,0.12668001,0.0916988176,0.169881364,0.0110671415,0.118484008,0.118391538,0.0504702108,0.0465403406,0.00941088204,0.314395528,0.0524934112,0.449632082,0.0675291151,0.273303911,0.08768536,0.0802815936,0.0543990928,0.231184687,0.246065528,0.167560686,0.537940339,0.0204081195,0.0111681612,0.0271702588,0.113216174,0.00496963585,0.0189937206,0.216861845,0.0362164965,0.133506424,0.0283018758,0.203808845,0.216118211,0.0243690181,0.545393813,0.0128063603,0.0768625859,0.0929784047,0.0300389763,0.118608724,0.0665970016,0.00436121308,0.0774672551,0.243992424,0.0144381726,0.0324384326,0.00965074221,0.446397356,0.129135374,0.035565009,0.108859011,0.132287198,0.103543902,0.450456486,0.332216961,0.00362199591,0.0726317993,0.111832583,0.0365113385,0.11698125,0.317148627,0.472996158
0.0986337513,0.56187925,0.320445717,0.220199161,0.00726662804,0.101343087,0.0515351456,0.0404937426,0.073970606,0.0693469305,0.2089224,0.00663129942,0.0811510297,0.463614042,0.308934006,0.105315462,0.0710059516,0.00543604037,0.127684898,0.0882423779,0.0398558075,0.27171727,0.0698618232,0.00662824482,0.145823666,0.0831321993,0.0111722884,0.210690205,0.128746147,0.0507594295,0.174726575,0.0911061144,0.388572501,0.0428711129,0.243749755,0.0802124746,0.0320009851,0.393356307,0.124755293,0.0925768855,0.169948943,0.0112951153,0.117366046,0.117925641,0.0537468933,0.0462813133,0.00832865252,0.309183479,0.0526315658,0.451850137,0.0677524961,0.280976363,0.086998072,0.0792355899,0.0518304627,0.229481021,0.250195958,0.171013534,0.514743583,0.0216989704,0.012133473,0.0281103648,0.119866419,0.00577082096,0.0194323568,0.21534026,0.0363252236,0.139740397,0.0293153963,0.209329592,0.21706296,0.0323404064,0.549346538,0.0156419564,0.0777043616,0.0978096777,0.0271738657,0.121266855,0.0694444024,0.00281834338,0.0778318316,0.247636797,0.011760969,0.0297670682,0.00851636847,0.446335706,0.131320349,0.0408215082,0.110326366,0.136970883,0.0998136751,0.444491757,0.330543382,0.00295566153,0.0712055588,0.117203748,0.0323198315,0.114526835,0.317968689,0.470975162
0.102150539,0.561503023,0.313636024,0.225014345,0.00755813985,0.102150463,0.0539800056,0.0420765344,0.0787754668,0.0756332495,0.208693554,0.00676906757,0.0797101495,0.469879015,0.31815765,0.107773359,0.06945779,0.00627177666,0.133386523,0.0899374768,0.0412523498,0.272500605,0.0701023205,0.00647968695,0.147758628,0.0811008379,0.010641677,0.213423757,0.130704771,0.048137003,0.18132503,0.0889814432,0.388994336,0.0408450245,0.255541208,0.0819770347,0.0338109477,0.39764119,0.122780295,0.0901341861,0.16404017,0.0106856226,0.116004235,0.124344014,0.0549433133,0.0474017751,0.00722222402,0.301909738,0.0538461092,0.458022267,0.0680595177,0.279375453,0.0837045871,0.0768793386,0.0487757802,0.232427385,0.253755804,0.170862992,0.489074755,0.0259444797,0.0105527574,0.0285948254,0.124969932,0.00605727422,0.018987384,0.218497791,0.0362196202,0.146887579,0.0294223411,0.216947856,0.2134671,0.0370214699,0.549606378,0.0175288742,0.0804441084,0.101144561,0.0272257851,0.124225352,0.068527906,0.00264084392,0.0799314461,0.248147075,0.0111181753,0.026539261,0.0080106758,0.4457702,0.127751452,0.0396267814,0.119968805,0.139937071,0.0983430646,0.437973108,0.326196518,0.00293637755,0.0706603608,0.116620544,0.0300361289,0.118284483,0.320231248,0.469253804
0.105552813,0.562279124,0.313045417,0.229538831,0.00886524334,0.0990199172,0.0521443721,0.0397634437,0.0857296739,0.0768394116,0.207273641,0.00803732658,0.07696779,0.477401739,0.327178203,0.105611534,0.066951139,0.00683682959,0.132173147,0.093749962,0.0418251375,0.268699978,0.0656365675,0.00589144329,0.152930201,0.0812126621,0.0109466501,0.213855611,0.131466183,0.0420561957,0.183073818,0.0831076892,0.385907876,0.0445745084,0.263486538,0.0846685256,0.0333083219,0.403127738,0.122765565,0.0924120218,0.155266734,0.00965704871,0.111494497,0.129234789,0.0540500136,0.0541537504,0.00705534186,0.297247981,0.0516185574,0.457238042,0.0687553176,0.272411447,0.0838567682,0.0768124971,0.0403317425,0.233556794,0.257424662,0.174742933,0.474375,0.0252796665,0.0128593051,0.0273139993,0.127027435,0.00612471868,0.0184080999,0.219885638,0.0353861809,0.154340632,0.0316366643,0.215129042,0.202454996,0.0408191931,0.551408667,0.0178975301,0.0800790417,0.108244469,0.0248711603,0.130971881,0.071249709,0.000992556272,0.0769488996,0.243441221,0.0125516317,0.0265414664,0.0065502192,0.425805139,0.12981017,0.0394396815,0.131168913,0.135841964,0.0971972096,0.443115104,0.320569442,0.0038672289,0.0708006908,0.117348602,0.0292636813,0.119503364,0.333898357,0.474772117
0.110156541,0.570869361,0.317957685,0.23123796,0.010222492,0.100292868,0.0511612053,0.0404073313,0.093063355,0.0788320493,0.206604639,0.00847023145,0.0747258828,0.479049847,0.332578343,0.10871433,0.0664054242,0.00956618264,0.134194318,0.0906821672,0.0362911921,0.269818117,0.0646746544,0.00497894109,0.156993004,0.0800044501,0.0105938587,0.216839537,0.135796853,0.0395854595,0.183006757,0.0800684825,0.387792632,0.0437777752,0.2639437,0.0858786844,0.0355117251,0.396400135,0.12498228,0.096448973,0.144976345,0.00980611984,0.113796837,0.12820279,0.0550074496,0.0543853628,0.00652620129,0.294575054,0.0490414059,0.453206015,0.071489686,0.268620896,0.0819828263,0.0787474725,0.0378456949,0.226050884,0.253916501,0.181804074,0.479765265,0.0308477861,0.0138121509,0.0260536113,0.130787833,0.00593388128,0.0172145488,0.21999135,0.0345228322,0.161019749,0.0358272315,0.224627441,0.200269664,0.0471567034,0.552215742,0.019021738,0.0815802034,0.106097592,0.0235622513,0.128657677,0.072240101,0.00147492644,0.0756481927,0.245119851,0.012072746,0.0232330942,0.00599058739,0.421074974,0.13318797,0.0408631918,0.130323201,0.135161958,0.0939955769,0.448523699,0.319085687,0.00394606915,0.0711747162,0.120994051,0.0282722423,0.117622581,0.335411429,0.477710667
0.11517884,0.579423524,0.319103075,0.232656537,0.0100354389,0.0996943112,0.0524047126,0.0375409889,0.0992333685,0.0819281473,0.207274094,0.00889454074,0.0747495326,0.488399564,0.34001651,0.11591663,0.0637587567,0.0105343135,0.134590215,0.0881789776,0.0334374637,0.262999247,0.0617203946,0.00421940733,0.162240469,0.0820789082,0.00939306129,0.221215883,0.141351976,0.036326006,0.181367869,0.0808553852,0.386637074,0.0437777735,0.262565112,0.0880429091,0.036047021,0.399676486,0.123762524,0.0978314141,0.131544609,0.00928175849,0.112210561,0.130297459,0.0554744922,0.0521541873,0.00673779109,0.293184987,0.0461742238,0.45230134,0.0732290517,0.265151562,0.0788303026,0.0806518433,0.0333097406,0.22835323,0.262403269,0.176076393,0.483849885,0.0299910591,0.0157068496,0.0262398391,0.129229683,0.00628032702,0.0160919393,0.223234886,0.0368895611,0.165335497,0.0371269936,0.230035113,0.193914183,0.0567929302,0.549276891,0.0178219303,0.0809994796,0.109623037,0.0235400142,0.131710711,0.0739385353,0.000733136691,0.0745018153,0.245054168,0.0130656389,0.0242530175,0.00668058622,0.412029158,0.138353171,0.0400060724,0.133192009,0.133474899,0.0896690332,0.448596345,0.314965121,0.00515796332,0.0693838568,0.126934101,0.028477097,0.121354875,0.336779572,0.480942768
0.114736929,0.589076166,0.321501364,0.233921117,0.00953516159,0.100547808,0.0548998144,0.0394147782,0.104078159,0.0859542832,0.207156967,0.0075131516,0.0715465655,0.488691897,0.349725349,0.119040853,0.0620249548,0.0109972293,0.133064506,0.0876017117,0.0315239749,0.257126259,0.0596416331,0.00247572045,0.163222131,0.077734964,0.00988307933,0.224600895,0.152583521,0.034597317,0.176483046,0.0799735478,0.389258505,0.0459117458,0.268807089,0.0892681085,0.0375273243,0.40448381,0.124647158,0.0998800375,0.118941299,0.00794005432,0.110622213,0.13362691,0.0532400336,0.0489291381,0.00543987904,0.293597875,0.0450549271,0.45208107,0.0759170072,0.269594892,0.0815546489,0.0788918783,0.028532627,0.229437379,0.264573197,0.179203781,0.47634687,0.0320902036,0.015099012,0.0258959062,0.127712942,0.00698283159,0.0154494092,0.222258601,0.0373960798,0.17010335,0.0403009464,0.231667981,0.186664365,0.0625526025,0.550307344,0.0181572134,0.0800481029,0.111732768,0.0211558165,0.129352743,0.0786345661,0.000722717936,0.0803405941,0.244356578,0.0138139025,0.0229819044,0.00617030171,0.40341575,0.1368614,0.0407621256,0.132710078,0.132780725,0.0864159755,0.452513981,0.309989309,0.00451176051,0.0701981301,0.130326578,0.0272764871,0.122708629,0.330835668,0.486127543
0.113310209,0.601139469,0.326029935,0.229346032,0.00899280108,0.0958656646,0.0568679123,0.0404999319,0.109720552,0.0912905679,0.20748562,0.00664370084,0.0699841104,0.489617623,0.344065152,0.12018917,0.0596125314,0.0111559767,0.13441451,0.0879108075,0.0305327668,0.25589364,0.0571766315,0.00188715056,0.166084669,0.078772635,0.0101957714,0.223987456,0.161990217,0.0358949851,0.173741737,0.0773762786,0.393965213,0.0450783477,0.273179458,0.092723719,0.0374930187,0.40468244,0.120640951,0.0985724625,0.115551364,0.00713489584,0.109081556,0.133420764,0.053218531,0.0429200163,0.00445599642,0.301211685,0.048135283,0.445787224,0.07537082,0.261447625,0.0788791105,0.0783028946,0.0259847527,0.231140636,0.265342575,0.184260154,0.476439762,0.0318376332,0.0149494049,0.0243549614,0.126669759,0.00444181115,0.0163604726,0.224851027,0.0368648775,0.175077864,0.0404729812,0.242794409,0.181845991,0.067541238,0.543798017,0.0189071691,0.0833922865,0.116625662,0.0230947048,0.129920458,0.0785298793,0.00117508852,0.0824192697,0.234911248,0.0140511423,0.0234493729,0.0056818185,0.399386914,0.137806451,0.039768556,0.133068082,0.136666693,0.0846529777,0.461871332,0.308240958,0.00531581733,0.0708325948,0.129823591,0.0273308318,0.12646258,0.332002913,0.490031569
0.117153879,0.613743865,0.315241967,0.221290777,0.00984614963,0.0979201161,0.0599658619,0.0389903864,0.107101577,0.0864986315,0.205424395,0.00670974658,0.0671296191,0.496132115,0.354087152,0.125527142,0.0553104385,0.0127819577,0.135090306,0.0881068078,0.03105986,0.261067045,0.0532520863,0.00148065736,0.162376364,0.0801571004,0.00833111845,0.229404904,0.165717994,0.0334791769,0.165056004,0.0791601957,0.392259268,0.0475885323,0.262081201,0.0911049717,0.038403558,0.401525124,0.120137438,0.100071877,0.112144807,0.00850340207,0.109506688,0.132308822,0.053766507,0.0409189293,0.00356405261,0.299757058,0.0498726019,0.445416422,0.073734019,0.258207668,0.0908071165,0.0776465375,0.0231044682,0.231317686,0.262900633,0.188683526,0.484605314,0.0337837793,0.0146084066,0.0233051005,0.117181774,0.00447227223,0.0164099705,0.225427646,0.0369920478,0.174716319,0.0422130277,0.244422266,0.18527908,0.0671038344,0.544596206,0.0184942609,0.0835668133,0.118762452,0.0227214836,0.125999088,0.0749580357,0.0018378105,0.0850029431,0.231208506,0.0159055217,0.0232245259,0.00558882297,0.399353628,0.141116712,0.0367555242,0.133106909,0.145387497,0.0826899699,0.46914807,0.313202133,0.0045759591,0.071943066,0.13188623,0.0283505034,0.129372525,0.32918273,0.49394527
0.114539279,0.622491605,0.307172978,0.220041284,0.0110429377,0.0950326279,0.0565654199,0.038177554,0.109469472,0.0878612041,0.206215398,0.00595829031,0.0628667251,0.497760009,0.355830945,0.124258664,0.0558925889,0.0121062642,0.132475755,0.0913978882,0.029825674,0.266271391,0.0491950173,0.00145985647,0.167921926,0.0776228892,0.00806657233,0.224702889,0.168603259,0.031846529,0.158277527,0.0793872153,0.394835638,0.0533361622,0.27018707,0.0964574502,0.0383525705,0.40149958,0.121906376,0.0990013147,0.11209434,0.007842265,0.109033094,0.126694322,0.0514238334,0.0397748167,0.00395033594,0.305780134,0.0449438362,0.442503429,0.0726093479,0.256426145,0.0920127882,0.0787513056,0.0212765925,0.237801715,0.258850318,0.191948,0.488859761,0.0314080383,0.0143943127,0.0240255774,0.110689265,0.00397310505,0.0160807746,0.225005405,0.0375348595,0.180774477,0.0424290108,0.241289625,0.182165841,0.0707126651,0.538927392,0.018085532,0.0844790803,0.121605075,0.0223464056,0.122836287,0.0761282295,0.00255773612,0.0835738648,0.230630217,0.0180760845,0.0236538237,0.00597134719,0.402201216,0.136823108,0.0355600214,0.138579158,0.147611152,0.0784789908,0.473840585,0.316178748,0.00482217475,0.0745837202,0.137463317,0.0286038238,0.132398584,0.326022432,0.507714182
0.109515574,0.638148879,0.303161391,0.213169001,0.0139224929,0.0990853562,0.0572551132,0.0403938292,0.107017911,0.0929520904,0.202228217,0.00566781234,0.0608791809,0.497851077,0.353616792,0.122494343,0.0556828453,0.0110286286,0.133867565,0.0959583731,0.0291171338,0.269662646,0.0473723599,0.00198771052,0.168859093,0.078891808,0.00793042341,0.226517825,0.176009329,0.0307322204,0.15435135,0.0812367542,0.398721357,0.057667676,0.271608954,0.0965019024,0.0371004737,0.399743381,0.120550024,0.101289327,0.109504155,0.0066830109,0.107528867,0.129629717,0.0499035185,0.034732266,0.00382702583,0.303179641,0.0443319461,0.445912755,0.0757734675,0.260265818,0.0995609033,0.0783723301,0.0204811269,0.241129818,0.257792812,0.193653598,0.483585617,0.0343495978,0.0154715196,0.0267808792,0.103722206,0.00364853215,0.0170845576,0.224418091,0.0331790017,0.18359493,0.0407407047,0.240835749,0.176588179,0.0693520897,0.535574444,0.0185318794,0.0844320843,0.126104791,0.0260005132,0.118106258,0.075846002,0.00385957037,0.0875933829,0.234865333,0.0204595853,0.0219976245,0.0083135396,0.40416393,0.134629309,0.0371469365,0.140230389,0.152431582,0.0777800011,0.481185306,0.31897683,0.00626304267,0.0743472391,0.143775537,0.0296864936,0.131730588,0.324128182,0.510083519
0.106313432,0.642534895,0.296704188,0.211217352,0.0121138792,0.0944444048,0.060962647,0.0401106029,0.104583612,0.089176372,0.202945362,0.00511322604,0.0608997054,0.499020942,0.35672967,0.119081862,0.0531593428,0.0105019998,0.133685339,0.0976553411,0.0308847533,0.273797415,0.0470716276,0.00198520205,0.16933134,0.0852419961,0.00729559069,0.230912841,0.177833573,0.0296248077,0.149620567,0.0840312123,0.404384944,0.0561602202,0.273609344,0.0956517759,0.0365301719,0.402145055,0.12064402,0.103481972,0.11007031,0.00622914045,0.104662158,0.130838115,0.0498776939,0.0340908919,0.00401222238,0.299891174,0.0492764539,0.43810835,0.0778404914,0.262331044,0.110570956,0.0775290893,0.0191608681,0.247546989,0.256639173,0.194831557,0.465393842,0.0351769049,0.0152513419,0.0274183738,0.097206698,0.00311720772,0.0166953018,0.222525952,0.032815542,0.188632343,0.039141067,0.24020554,0.174149638,0.0733659226,0.531532983,0.0189645978,0.0845833774,0.127848673,0.0286802129,0.115542617,0.0722610708,0.00363025259,0.0926991489,0.240245277,0.0217663856,0.0210567597,0.0103792421,0.415386231,0.132094842,0.0332562351,0.13539386,0.153336882,0.0768302492,0.485563556,0.32160241,0.00529723561,0.0731687066,0.147688525,0.0300104293,0.134136927,0.319900226,0.512609823
0.0959267683,0.657490152,0.291274499,0.205387071,0.0124843973,0.0973932446,0.0587550027,0.0388231681,0.100362489,0.0896621098,0.204688184,0.00440097478,0.0613295811,0.497670412,0.358741173,0.115899905,0.0524581248,0.00899280707,0.131358857,0.0991430502,0.0302720442,0.279066823,0.0444284476,0.00249198914,0.166628589,0.0893109184,0.00758502431,0.231117414,0.187829526,0.0287691011,0.145272537,0.0877420964,0.422523583,0.0528168527,0.274434169,0.0977098224,0.0355605961,0.397459046,0.117054176,0.0979770788,0.112343565,0.00486403063,0.101905489,0.132764503,0.0505479633,0.030059446,0.00442052857,0.30830089,0.0529211172,0.445395206,0.0777776932,0.262807922,0.114914428,0.0747399813,0.0151975637,0.252782376,0.252808983,0.192112026,0.447219205,0.0362,0.0127891874,0.0306158177,0.0959641717,0.00308832755,0.0184298304,0.224078001,0.0312847233,0.19087219,0.0374099084,0.25223128,0.17845122,0.0707002735,0.533599717,0.0182448792,0.0893713846,0.131253228,0.031944429,0.113434675,0.0723029992,0.0037669824,0.092203752,0.250555411,0.022699178,0.0197316975,0.012187227,0.420459746,0.130155261,0.0316813766,0.138098709,0.154631428,0.0729208317,0.491129838,0.3284244,0.00513698724,0.0697752846,0.149774804,0.027552459,0.135345858,0.315877877,0.523054043
0.0849843959,0.662413768,0.288181002,0.19898487,0.0119197144,0.0993698939,0.0541347207,0.0376440366,0.0954572449,0.0915399706,0.196584049,0.00516859782,0.0598952063,0.497426008,0.370552951,0.116108143,0.0468536779,0.00906438939,0.133113647,0.0998337544,0.0313308939,0.286000333,0.0428877396,0.00266903913,0.163155784,0.0897284656,0.00776134166,0.233407993,0.186783543,0.0305846159,0.145170035,0.087648504,0.437801794,0.0551248792,0.284120147,0.0963651791,0.0351017882,0.386828565,0.114523231,0.092403509,0.119672118,0.00487157157,0.0973990351,0.139702051,0.0525799182,0.0308338954,0.00399239543,0.299782227,0.0497559555,0.446228833,0.0781467369,0.266417628,0.111794843,0.0791367075,0.0162968251,0.251605891,0.253094831,0.194699213,0.449946056,0.0369033535,0.0134605975,0.0338114431,0.0995291846,0.00308451857,0.0208629516,0.234907605,0.0299307405,0.188354069,0.0368485684,0.251678148,0.178742655,0.0695363476,0.534384812,0.0190391773,0.0873265195,0.1378003,0.0355785933,0.116883502,0.075562638,0.00342202472,0.0980307478,0.243018174,0.0222939413,0.016692573,0.0142316119,0.423883221,0.12300425,0.0322297307,0.140670246,0.161684805,0.0726207564,0.493139505,0.326195309,0.00567536226,0.0670354248,0.154667957,0.0256733639,0.13674249,0.316990922,0.534413139
0.0789410404,0.670398145,0.283939243,0.194049534,0.0126023992,0.106071855,0.0521702136,0.040553946,0.0931323609,0.087833395,0.195602513,0.00603166621,0.0591809406,0.499599724,0.377716731,0.115478159,0.0461032782,0.00891027668,0.140864099,0.0969990459,0.0331134734,0.299571681,0.0445486727,0.00250088941,0.166435362,0.0907907813,0.00745013078,0.236681841,0.190750809,0.0313825863,0.144764305,0.0870138219,0.443969112,0.0504149417,0.298116452,0.0931269672,0.0355725183,0.382011468,0.113537115,0.088359559,0.122911073,0.00459217358,0.0940561308,0.140539256,0.0521567566,0.030774674,0.00306807592,0.283885651,0.0516152908,0.447232453,0.0750098766,0.26993688,0.11088419,0.08151804,0.0143008447,0.254792323,0.259263011,0.194590362,0.446898109,0.0378696185,0.0138922753,0.0346718669,0.0976973592,0.00306654123,0.0214218098,0.229222367,0.0341663354,0.192160665,0.0345844359,0.259346023,0.176432966,0.06719936,0.527194864,0.018332465,0.0917088978,0.136994623,0.036731633,0.115063698,0.0800903962,0.00314465736,0.0958118615,0.24670164,0.0228303894,0.0157208527,0.014754923,0.428914003,0.120211424,0.0328797762,0.141554268,0.165603568,0.0698225474,0.496646184,0.324737067,0.00579586735,0.0656854814,0.161944183,0.0233425444,0.133055464,0.320964624,0.536098883
0.06915486,0.66702982,0.28633653,0.187053484,0.0129366056,0.106334881,0.0498704855,0.0410740256,0.0916767334,0.0874880935,0.188429199,0.00622975168,0.0623335754,0.503142517,0.385125206,0.113611102,0.0462715114,0.00850030203,0.141950631,0.098653143,0.0348258364,0.303990769,0.0452452242,0.00235081557,0.167953575,0.091709708,0.00816325993,0.247600782,0.194312431,0.0345441352,0.14746991,0.0849012362,0.451688089,0.0482002304,0.3021197,0.0915475185,0.0352844644,0.371798541,0.113165314,0.086438856,0.122186439,0.00431778915,0.0955277445,0.140524777,0.0534690196,0.0299497964,0.00279868784,0.27603176,0.0538294557,0.454060521,0.0750440904,0.27912117,0.110473927,0.0844804073,0.0132521368,0.257573254,0.264314972,0.201728258,0.435663715,0.0368185446,0.0146155864,0.0395581595,0.0957681578,0.0032525137,0.0216985755,0.228649264,0.0373398253,0.191408263,0.0367715576,0.268433581,0.171963276,0.0670302838,0.5235308,0.0177813617,0.090405823,0.139130237,0.0368629393,0.111978,0.0850944731,0.00283114263,0.0963977122,0.248707166,0.0206449891,0.0154833719,0.0178946065,0.434504721,0.116202919,0.0367099905,0.146264419,0.174108235,0.0707565667,0.508047345,0.323813692,0.00552877782,0.0635876322,0.172329496,0.0200729873,0.127022925,0.319367497,0.546901501
0.0630225529,0.668973341,0.282387066,0.185706547,0.0111111198,0.110143836,0.0494672644,0.0427381244,0.0933319687,0.0815667361,0.18730805,0.00722651388,0.0628469492,0.506917069,0.399185775,0.112094661,0.0489414272,0.00929140362,0.142382113,0.0934686961,0.0393895584,0.300383981,0.0483574815,0.00312269862,0.164827467,0.095749749,0.0078217593,0.245571875,0.194584964,0.0347849043,0.155784398,0.0845295147,0.451325531,0.0456182192,0.311138968,0.0862837648,0.0347096391,0.367777769,0.111918112,0.0841090135,0.122459578,0.00366458676,0.0991396257,0.143229248,0.0574963877,0.0288359408,0.00391389868,0.263754188,0.0524625849,0.455691485,0.0712458406,0.286637336,0.109459667,0.0871886465,0.0136298359,0.260824085,0.269765444,0.200325858,0.418090786,0.035149759,0.0185321455,0.0436105221,0.0993980819,0.003198602,0.0207319839,0.226819246,0.0374488936,0.193945808,0.034963944,0.269474136,0.171761852,0.060256437,0.525411929,0.0163520419,0.0912322523,0.137287742,0.0357316255,0.115827291,0.0913062734,0.00241060616,0.0939903304,0.250975775,0.0224242429,0.0136208795,0.0221984212,0.446632729,0.114929188,0.0385140201,0.141968809,0.178816426,0.0683445903,0.509182497,0.327644342,0.00741758406,0.0615053498,0.172138154,0.0211555195,0.129069574,0.328870695,0.548193417
0.0594764782,0.670966993,0.272789457,0.175624276,0.0092653988,0.104840777,0.042784556,0.0464216709,0.0935414733,0.0840385854,0.182918796,0.00858474775,0.0712640667,0.511874373,0.410749174,0.115363835,0.0495211769,0.0101461015,0.14264554,0.0939897705,0.0408177185,0.303041446,0.0492014886,0.00333952141,0.170256921,0.0934009807,0.0068493097,0.248864175,0.198668889,0.037281929,0.161397579,0.0841310026,0.455201638,0.0393172334,0.31977352,0.081528446,0.0334862733,0.357438108,0.113192669,0.0863903196,0.12769319,0.00365591701,0.102819423,0.147198991,0.053934542,0.029803603,0.00394914262,0.253034656,0.0534958212,0.463241606,0.0713584875,0.2907009,0.114732912,0.0875439583,0.0156705107,0.261164657,0.270370609,0.201551335,0.401970491,0.0358056134,0.0201375779,0.0437281849,0.0980813821,0.00349650016,0.0188528361,0.221860116,0.0367429643,0.190577344,0.03959126,0.279904394,0.17440093,0.0568672235,0.531650102,0.0172616141,0.0924225354,0.139257582,0.034031366,0.117704842,0.094400166,0.00235663349,0.0932372487,0.242712419,0.0219599991,0.0138680736,0.0228452692,0.450584655,0.115769264,0.0429442036,0.142316404,0.184943201,0.0679,0.512176042,0.330196365,0.0076523685,0.0576101776,0.179237367,0.0201199048,0.122865205,0.324511094,0.544663559
0.0513424281,0.672512186,0.271051893,0.17263928,0.00937082138,0.105358024,0.0387252162,0.0431263747,0.09006882,0.0859768466,0.184011303,0.0106666697,0.0732567877,0.5121363,0.420522354,0.121410232,0.0494108418,0.0103490271,0.14072486,0.0904306558,0.0421686977,0.3006233,0.0487406849,0.00313092613,0.171540494,0.0991887116,0.00919205345,0.253133229,0.203225956,0.04056951,0.165216438,0.0811545293,0.453752085,0.0414797686,0.330002953,0.0803783334,0.0339382599,0.34922756,0.118438717,0.0802846025,0.137546507,0.00453857686,0.105393467,0.152136416,0.0562592239,0.0258529294,0.0049620473,0.241743179,0.0555359904,0.469050423,0.0717849737,0.290056845,0.111520295,0.0919913036,0.0184563845,0.257430921,0.270629074,0.209940625,0.395326169,0.0367615031,0.0214708959,0.0465469115,0.0961874979,0.0039977138,0.0191206809,0.227864959,0.0389699201,0.18440555,0.0426671377,0.280984187,0.170624965,0.0579636855,0.534892949,0.0166900418,0.0894039197,0.139286742,0.0325937765,0.121536195,0.0947126732,0.00303921665,0.0894319707,0.239257105,0.01959037,0.0128156877,0.0230561735,0.458467841,0.113107411,0.045031579,0.139484352,0.187701197,0.0697323356,0.510024133,0.336164687,0.00879846005,0.0530805207,0.181351254,0.0173113901,0.119221775,0.326477854,0.543902451
0.0513483796,0.670229992,0.264352449,0.169181214,0.00891019765,0.106702627,0.0369149122,0.0431362904,0.0879280564,0.08715856,0.182065032,0.0129995182,0.074324383,0.508709053,0.436270597,0.128724852,0.0532142427,0.0108958898,0.143969134,0.0873957158,0.0461297076,0.315485719,0.0497097166,0.00346287139,0.176017042,0.10102414,0.00991535324,0.25583955,0.207435058,0.0442925811,0.165996435,0.0794369805,0.462463792,0.0457018351,0.336596809,0.0766016754,0.0339344931,0.342298477,0.121084801,0.0816418851,0.143595076,0.00391730263,0.110468217,0.143536211,0.0546967409,0.0290780553,0.00485248349,0.236292142,0.0587412257,0.485016163,0.0731246772,0.292102121,0.107679706,0.0979112756,0.0229545223,0.258242315,0.280895012,0.213437957,0.38036256,0.0381578788,0.0240641634,0.0493796368,0.0977474781,0.00335383105,0.0203270471,0.22331791,0.0384965295,0.182511219,0.0437992193,0.281270019,0.171911618,0.0613640961,0.53742887,0.0166434161,0.0901656896,0.139832959,0.0283103737,0.125995516,0.0928891724,0.00331254545,0.0961856781,0.235166868,0.0210157434,0.0105580712,0.0246651509,0.459347018,0.103379338,0.0463673379,0.139335792,0.193464677,0.0697721689,0.514814867,0.336386107,0.0090810482,0.0535568284,0.185298758,0.0147621214,0.115488089,0.324364412,0.542132375
0.047619059,0.675098581,0.25763092,0.171289147,0.0087014709,0.103258145,0.0371106968,0.0425178559,0.0844180548,0.0827479633,0.179688266,0.0140647056,0.0829871162,0.515200216,0.435415631,0.130992015,0.0564979608,0.0118952383,0.141601971,0.0853803427,0.046590433,0.312234435,0.0516601187,0.00314156672,0.18360415,0.105725343,0.0105134509,0.263998098,0.210890421,0.0458495974,0.167983651,0.0771010056,0.456162599,0.0414190728,0.342727498,0.0730271135,0.0349650914,0.328193826,0.124205683,0.0779196236,0.153942729,0.00396300994,0.111488747,0.139918548,0.0518796815,0.0270223291,0.00528439911,0.242673482,0.0573226284,0.497429784,0.0746249629,0.290768113,0.110623147,0.0939136183,0.0235359192,0.26224732,0.284442028,0.227927231,0.375727916,0.0410777263,0.0257830976,0.0510179181,0.0953468581,0.00362217551,0.0206469356,0.219923147,0.0373778986,0.183302263,0.042025152,0.273478547,0.170296089,0.0611430151,0.53383817,0.0153536002,0.0907821368,0.145700832,0.0255662581,0.134796131,0.0929100846,0.00313233967,0.0983805273,0.230682671,0.0204762988,0.010716921,0.024785559,0.469548428,0.101958606,0.0474289891,0.123571548,0.193944051,0.0735234689,0.516327341,0.337024462,0.00920411798,0.0526359285,0.183821586,0.0140166713,0.111069593,0.327152322,0.54236352
0.0484449716,0.679144519,0.25436638,0.171907965,0.00740740881,0.105976228,0.0345132746,0.0412580576,0.0789722263,0.0775342381,0.183062825,0.0148837186,0.0892544629,0.519979332,0.435944792,0.133103697,0.0554844074,0.0115933448,0.139836306,0.083205646,0.0505832182,0.310647862,0.0494880728,0.00419664142,0.188733186,0.106428948,0.00935730566,0.269540915,0.204439712,0.0473258477,0.166516706,0.0743526202,0.444064916,0.0392991057,0.337211836,0.0742647255,0.0384960444,0.32064016,0.123058093,0.0756578078,0.152777709,0.00470430195,0.112700851,0.142398877,0.0489814485,0.0266964695,0.0058071986,0.238564123,0.0585631655,0.505362848,0.0737763292,0.291846387,0.120180514,0.0952118988,0.0219138223,0.267697791,0.280247766,0.236609728,0.363679585,0.0385309051,0.0243351803,0.0552154723,0.0899771865,0.0041701367,0.0230911825,0.217395703,0.0355852115,0.182459424,0.0447861431,0.269850263,0.176538441,0.0675742148,0.528796047,0.0147366673,0.0943355022,0.151694069,0.0242771995,0.136787151,0.0896325913,0.0031872505,0.0987086148,0.220811634,0.0183708235,0.00926269443,0.0244733799,0.470658902,0.0966988049,0.0477470258,0.11556155,0.191139346,0.0745182086,0.523155821,0.339281929,0.0121885197,0.0498603848,0.18564833,0.0126596142,0.107288384,0.32644793,0.546183766
0.0481651595,0.687888242,0.25044707,0.16695333,0.00536192308,0.108063581,0.0325915525,0.043230377,0.0784204011,0.0759717306,0.177559762,0.0149965224,0.0943273612,0.524431856,0.447326831,0.139614695,0.057244139,0.0112226865,0.13488366,0.0861020011,0.0528028656,0.307826324,0.0470467373,0.00364520269,0.191140543,0.105970533,0.00972326704,0.271070476,0.20309521,0.050828133,0.173136589,0.071600113,0.455782493,0.0433477161,0.344376962,0.0747670447,0.044586015,0.309629937,0.125178853,0.0739356895,0.164864733,0.00334522649,0.115776888,0.140842343,0.047445285,0.030110087,0.00797355062,0.2377026,0.0565218375,0.514655819,0.0745833656,0.289048613,0.123417727,0.0954466516,0.02173917,0.277651356,0.277108166,0.244769859,0.353133722,0.0425724932,0.0254829163,0.0548985807,0.0880443825,0.00427232868,0.0244691217,0.221331704,0.036456012,0.181036551,0.0447609961,0.265675851,0.181703382,0.071936242,0.528536924,0.0139931657,0.0971261691,0.156854127,0.0243769051,0.13299806,0.0843646355,0.0036057679,0.106969841,0.21801844,0.0178824847,0.00821202946,0.0243234495,0.477032527,0.093126786,0.0479355854,0.110378603,0.18719403,0.0790110235,0.522471015,0.341296583,0.0121753302,0.047332858,0.181049553,0.0115317669,0.10724878,0.325507652,0.548191
0.0514197866,0.691487011,0.245873289,0.164649003,0.00473934645,0.113166471,0.0319727364,0.0452626675,0.079106399,0.0736122254,0.181571231,0.0150288946,0.100413898,0.530518366,0.44923491,0.140680441,0.0562020031,0.0118319886,0.137084807,0.0853213541,0.0540181295,0.310743878,0.0496838479,0.00340065771,0.195463376,0.109422954,0.0095261944,0.280277521,0.198155376,0.0522806889,0.175586043,0.0704160009,0.455551951,0.0442244389,0.342899631,0.0727046383,0.0470890548,0.296630699,0.132425051,0.0698116852,0.164419876,0.0045672563,0.11752713,0.144177799,0.0462275809,0.0321380329,0.00800077724,0.240263542,0.0557296905,0.518830841,0.0782895033,0.273884594,0.125584594,0.0945976265,0.0204946924,0.278612564,0.278982179,0.249631084,0.347259213,0.0469102216,0.0275251104,0.0563415213,0.0861392406,0.00398351683,0.0268694078,0.223399836,0.0358108548,0.178599327,0.0416097856,0.265914881,0.186247336,0.0750427223,0.523501164,0.011419802,0.0953148966,0.16280489,0.0209469584,0.130140098,0.0785699734,0.00357213089,0.104666632,0.213960495,0.0177003559,0.00768948365,0.0253448944,0.481936842,0.0953426297,0.0469060307,0.0968339269,0.184521871,0.0787680543,0.534534509,0.346105129,0.012108843,0.0450235106,0.177928495,0.0113117108,0.11063867,0.322016312,0.549516215
0.053138418,0.695796394,0.235716957,0.163508027,0.00750340953,0.116822088,0.0306099377,0.0455077387,0.0749954076,0.0691046445,0.180396775,0.0163398734,0.101837904,0.534678421,0.445182561,0.138972982,0.0601431338,0.0122862317,0.137747729,0.0863529737,0.0568537723,0.317046279,0.0500903166,0.00305312508,0.200308495,0.111200638,0.00940040741,0.294432467,0.193589908,0.0524865423,0.182862055,0.0676545985,0.45974397,0.0446254399,0.343335029,0.0708938816,0.0470328174,0.296734288,0.131213743,0.0681162837,0.166822963,0.00536505029,0.122509,0.148546257,0.0437910215,0.033106958,0.00822810128,0.239098649,0.0547394498,0.528105392,0.0812297549,0.265775451,0.134960734,0.0925967581,0.0197232001,0.287657442,0.280217257,0.25451605,0.34323591,0.0477941097,0.028005588,0.056481701,0.0846791064,0.00424890315,0.0315121247,0.22183737,0.0358783008,0.180321139,0.0381033912,0.262471395,0.191194731,0.081403834,0.521363685,0.0108565523,0.0996403345,0.167469829,0.021290611,0.126888238,0.0757822404,0.00283515509,0.109120694,0.219369882,0.0164426583,0.00713266228,0.0267749619,0.483521233,0.0945711886,0.0496502997,0.093399346,0.183576935,0.0801268795,0.543640687,0.351516934,0.0123689064,0.044676687,0.181110455,0.0108055162,0.111608509,0.316119321,0.556731765
0.0509832645,0.7018443,0.23046807,0.162491796,0.0101146384,0.11923844,0.0294455539,0.0466479562,0.0701976764,0.0657421366,0.177845433,0.016113859,0.104918502,0.543479888,0.442892553,0.139262508,0.0618349592,0.0115279389,0.135123054,0.0863309804,0.0596384366,0.321702373,0.0523360377,0.0026428088,0.20538506,0.110205589,0.00904521959,0.295416149,0.181371136,0.051508719,0.182502116,0.0648316045,0.476725613,0.0433005955,0.343759579,0.070661996,0.047978584,0.289405776,0.126669529,0.0672969686,0.161063211,0.00519481039,0.122962116,0.146309861,0.0452531842,0.0335934931,0.0073654333,0.249424636,0.0532627651,0.53888262,0.0824298239,0.267128786,0.13499859,0.0930104135,0.0160310398,0.292565896,0.285421134,0.26301545,0.335610363,0.051006711,0.0250058363,0.0597106861,0.0873097523,0.00423728147,0.0301313989,0.229619682,0.0374802483,0.179605,0.038179905,0.258317151,0.194679961,0.0803382424,0.516096724,0.0114261135,0.104707109,0.171588004,0.0197065801,0.124074101,0.0719439586,0.00303459304,0.111884437,0.214477447,0.0168379054,0.0059523794,0.0268068513,0.483971872,0.0964499757,0.0512528647,0.0895175287,0.183992861,0.0768725931,0.551959302,0.347586664,0.0114263199,0.0438684373,0.176741179,0.0108206604,0.111091473,0.315979677,0.5550904
0.0519222848,0.705246559,0.227310198,0.161432931,0.00868405102,0.1221249,0.0273142766,0.0472894751,0.0683113696,0.0635260456,0.174578939,0.0156397048,0.105738622,0.53912177,0.437057791,0.138836643,0.0646662259,0.0107262315,0.13135673,0.0905274834,0.0624567356,0.314773597,0.054865828,0.00241497637,0.202417679,0.108039398,0.0086382118,0.295321346,0.174889828,0.0502998528,0.183766517,0.0633223648,0.476295204,0.0459118044,0.341433789,0.0696299989,0.0522570743,0.293785991,0.121745861,0.0622771345,0.167477937,0.00475850435,0.118663893,0.157094246,0.0486598658,0.0336291574,0.00864661676,0.2542447,0.0497466656,0.537087646,0.0866082999,0.262224995,0.134382775,0.091563348,0.0157138056,0.295365772,0.293225033,0.268828926,0.33406666,0.0529698297,0.0256024681,0.0602650344,0.0845310366,0.00352494789,0.0295454543,0.232570826,0.0358565498,0.173671348,0.0385699719,0.257848227,0.198502219,0.0862153767,0.516478206,0.0118600605,0.103184376,0.17189788,0.0186026406,0.122271756,0.06977471,0.00324018071,0.111977965,0.213628306,0.0162730394,0.00584594899,0.02950626,0.490574813,0.0950086553,0.0502220352,0.0918972265,0.185407924,0.0751220767,0.555982931,0.343707205,0.0100879383,0.0420693482,0.180190618,0.0120778177,0.115384231,0.307780759,0.550612844
0.0544585965,0.710643231,0.223933118,0.163193046,0.00917432075,0.128957337,0.0262980946,0.0493022761,0.0704751805,0.0647132259,0.180335012,0.0167264056,0.10514934,0.544481242,0.432215573,0.140073943,0.0652582723,0.0120469958,0.125232326,0.0912697771,0.064803277,0.311530677,0.0581986901,0.00200360817,0.206547664,0.107688635,0.00868677094,0.295677398,0.172089913,0.0477604584,0.18047976,0.0604734401,0.483483328,0.0495907984,0.343142728,0.0696560451,0.0591737127,0.291480279,0.118966142,0.0568861535,0.165796321,0.00411223242,0.116259574,0.16486427,0.0494766813,0.0343267981,0.00875689808,0.257618372,0.0498678056,0.542921634,0.0898466647,0.252410087,0.133654885,0.0881891348,0.012131141,0.304657823,0.294049344,0.265145123,0.339145813,0.0512933231,0.0240139269,0.0591492709,0.0828787391,0.00260774193,0.0312499815,0.23861113,0.0403739727,0.17429846,0.0369198583,0.259741455,0.189316104,0.086324734,0.508828696,0.0111355335,0.107125872,0.171219445,0.0201093081,0.119701466,0.06556197,0.00295015593,0.113313393,0.211388195,0.0177325613,0.00713315655,0.0306775607,0.499683327,0.0957819723,0.0512519578,0.0904887695,0.186678494,0.0735360332,0.559061209,0.342676128,0.00879234057,0.0399567767,0.177522294,0.0124098402,0.119561109,0.312479778,0.550109201
0.0552063969,0.709346842,0.225643145,0.157281438,0.00907323796,0.125788883,0.0231041003,0.0516956672,0.0699413113,0.0636116429,0.182351534,0.0159778788,0.105074717,0.546940367,0.43004678,0.144047973,0.0660840065,0.0114079497,0.122146965,0.0927297198,0.06628675,0.308955941,0.0601374875,0.00180940664,0.210848235,0.110639341,0.00771144044,0.290841207,0.170416293,0.0491669393,0.181810003,0.0580722894,0.489073727,0.0515497332,0.344200029,0.0679731765,0.0590120112,0.29230605,0.118476805,0.0520211899,0.161965844,0.00387222232,0.112445182,0.16849371,0.0520564755,0.0341447154,0.00962821357,0.261811165,0.0461621625,0.547047366,0.0905380219,0.251051737,0.132159306,0.0903465465,0.0142948812,0.310985816,0.298533952,0.257067898,0.348047538,0.0451781444,0.0223693458,0.0597014864,0.0791842725,0.00316194926,0.0312500082,0.242146881,0.0425744849,0.17584289,0.0382955605,0.257479696,0.193901124,0.0906899146,0.507716554,0.0105414131,0.106524718,0.168305609,0.0207322518,0.121313934,0.0648631018,0.00334617808,0.112741414,0.212030477,0.0181392784,0.00747966992,0.034432914,0.504599013,0.096010456,0.0523772221,0.0875780829,0.19417175,0.0696273998,0.556137611,0.339326368,0.0084702225,0.0363138187,0.180840341,0.0112976871,0.112600681,0.314440375,0.553484714
0.0588640407,0.710544492,0.224988162,0.160945621,0.0107599232,0.130434936,0.0222150477,0.0513706794,0.0705072288,0.0641556079,0.178331298,0.016078346,0.103434802,0.55521476,0.424270044,0.13640999,0.0630222649,0.0114652259,0.120754069,0.0958306547,0.0698692445,0.304001694,0.0647259831,0.00120894646,0.214009596,0.106791152,0.00584937892,0.291269543,0.168043691,0.0524759738,0.179610775,0.0573509891,0.492441325,0.0565544122,0.341219235,0.0642792775,0.0614512793,0.296292282,0.121089063,0.0499126099,0.157184926,0.0031862738,0.112206548,0.171762267,0.0517897399,0.0348993329,0.0101175629,0.267098844,0.0469032968,0.554727442,0.0905126134,0.251659123,0.135749243,0.0921568993,0.0138226835,0.304472917,0.299580811,0.263055973,0.36266101,0.0440017283,0.0215273082,0.0629780407,0.080576274,0.004598664,0.0303607163,0.248876182,0.044599414,0.168312891,0.0370165484,0.252553044,0.189196154,0.093028936,0.508588471,0.010935902,0.103682181,0.171657921,0.0226174717,0.125696259,0.0633005185,0.00356415597,0.117852052,0.206516609,0.0207048479,0.00801130735,0.0345469274,0.504112646,0.097592552,0.0512144977,0.0913621375,0.197639978,0.0695701121,0.561541401,0.335477945,0.009249874,0.0336466752,0.179104436,0.0121825326,0.107694456,0.323584001,0.556216218
0.058376765,0.717087227,0.22645191,0.162814552,0.00993377493,0.128665561,0.0200811722,0.0511959135,0.0719827218,0.0700172957,0.184204609,0.015775211,0.101779356,0.554261596,0.413512146,0.137337236,0.0622415241,0.0115623908,0.114861741,0.100434062,0.0695025595,0.307208731,0.0677282495,0.00102417005,0.21097949,0.107188758,0.00457694817,0.29426492,0.170580737,0.0529511131,0.177754585,0.0568239601,0.493395116,0.0608063639,0.340217049,0.0623111561,0.063175135,0.303613283,0.118719639,0.0496812176,0.151056809,0.00269014674,0.107778193,0.1748778,0.0501064773,0.0326374343,0.00853871846,0.273835255,0.0442176246,0.557873611,0.0885532238,0.255007929,0.134927503,0.091753574,0.0142901865,0.307980576,0.301491138,0.258849438,0.365384694,0.0408207434,0.0215224258,0.0654593361,0.0789301762,0.00572786086,0.0294444097,0.25303442,0.0511189612,0.17182595,0.0363231817,0.246227072,0.186381869,0.0946011584,0.50660144,0.0132698372,0.104166576,0.169674344,0.0227272965,0.134258181,0.0569699254,0.00396664232,0.119143266,0.207648535,0.0250000172,0.00796324777,0.0325665449,0.510373103,0.096531218,0.0533160506,0.0895348316,0.204813763,0.0727582722,0.56480263,0.332122403,0.00745137479,0.0305508666,0.176543512,0.0130319737,0.103377435,0.328369365,0.56350636
0.0627338851,0.724501197,0.223252151,0.158846266,0.00893424796,0.133043177,0.0209561661,0.052916362,0.0695459563,0.0742991094,0.186774207,0.0153655516,0.0994395281,0.562604724,0.413473467,0.136769914,0.058126035,0.00916893905,0.111452587,0.0953577196,0.0720131472,0.302044003,0.0660913976,0.00102859504,0.218208444,0.103746366,0.00382715978,0.292245356,0.162950428,0.0560713283,0.174734349,0.0520116728,0.496924926,0.0653681147,0.335707787,0.0638492063,0.0691113585,0.316891766,0.125499295,0.0448760514,0.149101392,0.00246305125,0.107549518,0.169456141,0.0492083574,0.0331808084,0.00803571162,0.283606718,0.0431715589,0.563305,0.0892512886,0.256030977,0.135870106,0.0921433788,0.016282024,0.300779297,0.299644173,0.254267906,0.382564092,0.0379369134,0.0216606251,0.0638326137,0.0768617554,0.00652112682,0.0288873765,0.257937006,0.0549772178,0.171838885,0.0362992997,0.242489539,0.185808911,0.0970559404,0.502799804,0.0133148927,0.105774251,0.159206302,0.0261640705,0.139255708,0.0567117034,0.00402981919,0.117979423,0.213470583,0.0283749471,0.00823107108,0.0336864282,0.531285878,0.0930279627,0.0529790709,0.0890975424,0.209801215,0.0695181333,0.568400993,0.32670757,0.00738237709,0.0282706324,0.180100685,0.0125437019,0.0958841953,0.333884594,0.563728405
0.065080826,0.733333225,0.215325948,0.159692353,0.0101522959,0.131440101,0.0193495062,0.058573697,0.0720758859,0.0787255298,0.198399303,0.0135437301,0.0963669668,0.568165714,0.411640374,0.134368811,0.0587007985,0.00820633675,0.105294871,0.095853107,0.074566053,0.296818165,0.0693453751,0.00124146626,0.21357134,0.107936,0.00334572661,0.293369373,0.166514093,0.05606345,0.176359951,0.0525996683,0.495773787,0.0639261501,0.325205619,0.0637052139,0.0739879232,0.323612626,0.124370017,0.041657497,0.146954258,0.00273699837,0.109934437,0.169650649,0.0512653007,0.0328842065,0.0072810583,0.286884931,0.0424298179,0.566627435,0.0855578098,0.254925406,0.139814684,0.0884670084,0.0140977476,0.301345044,0.298050321,0.251412724,0.400309408,0.0377398074,0.0219327251,0.0657475824,0.075566314,0.00602236854,0.0293807946,0.264807903,0.0614338486,0.171442138,0.0349832692,0.244013696,0.182938423,0.0971496208,0.491506372,0.0132334993,0.108629426,0.155246111,0.0281908682,0.143114704,0.0522875465,0.00328744589,0.117810716,0.220514555,0.0302899158,0.00836266849,0.0358196546,0.531971052,0.0852525722,0.0533608985,0.0907310122,0.217465577,0.0705758476,0.579455227,0.324954186,0.00757199056,0.0249417894,0.176903848,0.0112242755,0.0958737747,0.34012619,0.572947155
0.0645253828,0.749144506,0.213859974,0.156942656,0.00943395892,0.131047131,0.0199580711,0.0583552597,0.0695948917,0.0799098172,0.207612196,0.0122168463,0.0966236849,0.57602422,0.414771983,0.132814226,0.0583907931,0.00685467758,0.0966375682,0.0967809393,0.0793582219,0.293040807,0.0691711859,0.000837695916,0.217316553,0.108659428,0.00291286489,0.29832123,0.16589269,0.0587346522,0.173702409,0.0498168117,0.494462493,0.067959546,0.32544102,0.0654905624,0.0773461877,0.329932411,0.13168914,0.0407687539,0.140343915,0.0029858159,0.108664426,0.170804714,0.0512863131,0.0330097474,0.00750049923,0.278738206,0.0436221831,0.563364485,0.0847240466,0.25458387,0.146762602,0.0901216264,0.0150294219,0.296026794,0.293286769,0.249225779,0.40145702,0.0301706194,0.0214909619,0.0594749707,0.0733861296,0.0059863199,0.031354219,0.272470649,0.0641189778,0.174940384,0.0349779186,0.240808514,0.182118711,0.1011074,0.487696365,0.0139107618,0.106834047,0.151835187,0.0283562411,0.144918904,0.0509445381,0.00310622662,0.124211287,0.220430116,0.0336194702,0.00713661208,0.0358960036,0.533746906,0.0834866296,0.0514681648,0.0973068839,0.217709734,0.0691794357,0.582209304,0.322850498,0.00688877062,0.0202970671,0.177103027,0.0106664048,0.09451494,0.350225973,0.58077341
0.0671625068,0.760214847,0.212358518,0.155109436,0.0109622465,0.12676764,0.0216954602,0.0586146667,0.0698198125,0.0826394195,0.211094397,0.0106100792,0.0942085796,0.575412877,0.416531298,0.133081493,0.0571104094,0.00588235188,0.08866818,0.0948562638,0.0856960083,0.294702101,0.0663909777,0.000850883986,0.21165151,0.10708195,0.00319856602,0.305032811,0.164234794,0.0598437166,0.170966665,0.0494935628,0.495703625,0.0694251376,0.313930031,0.0651671238,0.0796998642,0.330213407,0.138100421,0.0396116668,0.135376463,0.00399700435,0.109327025,0.172653549,0.0493214388,0.0273616155,0.00686868201,0.268224415,0.0442960265,0.569683412,0.0849326176,0.25151883,0.140290727,0.0876947327,0.013715336,0.293040387,0.295526556,0.251869088,0.405435478,0.0265213863,0.0222370255,0.0578683542,0.0680295623,0.00685127724,0.0347080064,0.278173082,0.0671684082,0.179359168,0.0352217457,0.243642112,0.183488981,0.0999268656,0.48205956,0.0154239311,0.109248288,0.148768135,0.0287419654,0.156167389,0.0506518176,0.00293624559,0.120608439,0.227782876,0.0371900543,0.0065368948,0.0361685632,0.536740164,0.0809902736,0.0497903366,0.107635561,0.220639867,0.0729390433,0.580766083,0.329422868,0.00617751479,0.0203929845,0.17447214,0.00876132571,0.0938137433,0.356628625,0.601575779
0.0676401427,0.764994867,0.200390717,0.16067689,0.0101371538,0.127412278,0.0217564269,0.0606132869,0.0683855358,0.0801489582,0.21888166,0.0105949493,0.0972687546,0.576980984,0.421110372,0.130253308,0.0583296141,0.00475435691,0.0879284613,0.094673295,0.0904004226,0.290686548,0.064512766,0.00129394172,0.208166429,0.109858363,0.00326115402,0.312578568,0.169385221,0.0609943505,0.170884556,0.0467196197,0.499427892,0.0696578392,0.315456861,0.0655626144,0.0813670294,0.334963442,0.139954504,0.0407837711,0.131069912,0.00452374516,0.114054379,0.170601357,0.052579019,0.0267714238,0.00598184902,0.264630959,0.0401500527,0.577335324,0.0856421733,0.244487426,0.139538021,0.0824580084,0.0136823386,0.28929856,0.295599778,0.2569922,0.410953726,0.0251408081,0.0217148941,0.0563400275,0.065881531,0.00658837336,0.0372179804,0.283242044,0.0721228655,0.176697889,0.040520133,0.247111604,0.185478169,0.0991613844,0.48314664,0.0152815006,0.109331426,0.149114566,0.0298835824,0.162184772,0.0463568504,0.00293932572,0.121877136,0.230277336,0.0403638766,0.00505195956,0.0345829241,0.542046304,0.0805492713,0.0467436236,0.116971062,0.220111652,0.0743171335,0.582278889,0.330286847,0.00567464936,0.020577915,0.169935489,0.00788994676,0.0974624732,0.354649868,0.608851136
0.0701046724,0.775696027,0.193218547,0.160746451,0.0112293083,0.126613288,0.0239450884,0.0596132858,0.0662869449,0.0821596396,0.223587341,0.0104654265,0.0994829063,0.582089683,0.421508295,0.131370804,0.0635459325,0.0044435443,0.0837279081,0.0893872578,0.0946555273,0.286560924,0.0660660859,0.00152805104,0.202744501,0.116711263,0.00351197115,0.320762809,0.163920909,0.0579808582,0.167905946,0.0452039561,0.503521274,0.0622385088,0.311082289,0.06731029,0.0814894736,0.346211137,0.135903295,0.0434151007,0.127591401,0.00445875874,0.115204285,0.170779719,0.0504831425,0.0266177806,0.00559968286,0.258499543,0.04131916,0.584298789,0.0827284532,0.243770192,0.14585037,0.0771128509,0.011304366,0.28450416,0.295354168,0.254139016,0.412043332,0.0239616517,0.0187570745,0.0570346918,0.0620471963,0.00697545141,0.0384412407,0.287012018,0.0766935779,0.177048555,0.0446591218,0.254098917,0.184241223,0.100702287,0.473414231,0.0167712918,0.109724807,0.141703605,0.0295395049,0.169011669,0.0409999905,0.00377437743,0.11943544,0.235726334,0.0456703902,0.00495338011,0.0333160743,0.539464803,0.0808701017,0.0466446023,0.124652084,0.21882661,0.0781173561,0.580486538,0.330731205,0.00444275125,0.017974108,0.163471618,0.00718562722,0.0944601879,0.349297004,0.618812214
0.0711164364,0.785762014,0.186359252,0.16553835,0.0104772969,0.125647687,0.0248075677,0.0578167955,0.0675533837,0.080359375,0.222056895,0.00841146515,0.10045975,0.590785019,0.421419935,0.132592444,0.0647018446,0.00389105184,0.0782081085,0.0894436918,0.0964648363,0.27899747,0.0691425779,0.00130434576,0.191953981,0.116983693,0.00419726965,0.324753708,0.17059162,0.058100241,0.163041438,0.0457516272,0.499306982,0.0608592009,0.305249216,0.0678318675,0.0890678933,0.346793173,0.136687395,0.0410688898,0.130345205,0.00394477243,0.117431768,0.167182527,0.0545948225,0.0315518018,0.00531697352,0.257560582,0.0439197653,0.594062829,0.0812851006,0.243400125,0.147571304,0.0735201845,0.00915069549,0.290875044,0.296065147,0.257792736,0.411618194,0.0231867364,0.0171132677,0.0519903276,0.0580599754,0.00714679098,0.0412913122,0.286788332,0.0835093624,0.179710253,0.0454871828,0.255020672,0.185913792,0.0983956399,0.471572789,0.0168529126,0.113812725,0.137987959,0.0252934902,0.174278273,0.0387510924,0.0033444813,0.120482055,0.241252906,0.0521532644,0.00552646939,0.0313633892,0.542461289,0.0772941347,0.0462840608,0.135688482,0.221858505,0.0762225372,0.584551181,0.325093004,0.00269645482,0.0172932781,0.158670502,0.00624025705,0.0945449976,0.346528066,0.637384834
0.0724168884,0.79143205,0.181498846,0.174504059,0.00867051996,0.125489073,0.0251097869,0.0574052729,0.0664838453,0.0845932538,0.237544277,0.00722422755,0.103067963,0.591225589,0.41595755,0.135389068,0.0675463485,0.00271796192,0.0753787895,0.0873131021,0.0986985268,0.273614599,0.0705743913,0.00109122505,0.182237091,0.120583107,0.00392875457,0.32131805,0.172897385,0.0579538265,0.163026843,0.0457645262,0.503730875,0.0620338845,0.302058853,0.0671537312,0.0937270905,0.346266683,0.137180398,0.0417352539,0.130521996,0.00389388735,0.119321052,0.165774778,0.0525114431,0.031573858,0.00576724786,0.254102763,0.0439708314,0.601761991,0.0817082133,0.242292064,0.154105085,0.0685236561,0.00789845162,0.290446162,0.303984345,0.262802638,0.41075294,0.020825031,0.0190105375,0.0485332196,0.0531057844,0.00750870836,0.0453071336,0.286858258,0.0907270842,0.180143555,0.0494446639,0.252808666,0.186213678,0.0999999187,0.456255922,0.0161290429,0.117740501,0.133663135,0.0234675942,0.175906073,0.0373873832,0.00397323618,0.116812765,0.24040102,0.0523783093,0.00555231093,0.0294720691,0.546840575,0.0753763301,0.0461151923,0.139478253,0.227319978,0.0793006943,0.58863652,0.324399842,0.00272656521,0.0170454793,0.156792325,0.00704914535,0.0962131344,0.344740796,0.644116658
0.0709164659,0.793378052,0.174571784,0.183997291,0.00795455861,0.126359201,0.0230827653,0.0536657424,0.0637254953,0.0825082094,0.243394528,0.00701852882,0.101533364,0.595350619,0.410659385,0.135440893,0.0666594497,0.00271853158,0.0725381369,0.0841873895,0.10265831,0.267405242,0.0707090117,0.0017141616,0.176089587,0.12731516,0.00392772974,0.320038342,0.176302818,0.0586664176,0.159490024,0.0467897973,0.505838362,0.0618315392,0.296401497,0.0640667899,0.093068713,0.350493098,0.143105092,0.0423336112,0.127849014,0.00340053377,0.115889781,0.163478703,0.0556510281,0.0301030865,0.00578751406,0.249234799,0.0438323553,0.617289621,0.0814492202,0.24270456,0.152292243,0.0657564958,0.00670765849,0.287134988,0.305280417,0.267616075,0.409971715,0.0225549407,0.0182982525,0.0437766515,0.0499644569,0.00923971092,0.0498025219,0.280417008,0.093121229,0.184645274,0.0503584649,0.248293629,0.189866284,0.0949237595,0.442581117,0.0147221287,0.122437531,0.129392491,0.0201902503,0.186725409,0.0373905428,0.00460539505,0.121215634,0.239151345,0.0539842336,0.00549609278,0.027335695,0.552083421,0.0721919203,0.0455534026,0.135382556,0.226391702,0.0813390385,0.598552191,0.326024968,0.00366809726,0.0155044903,0.151885838,0.00732708213,0.0963821575,0.346827221,0.664812975
0.0752121599,0.795184306,0.172743507,0.192754699,0.00998334966,0.123339547,0.0234899454,0.0502163631,0.0657367064,0.0847225025,0.250631589,0.00723226183,0.101694905,0.602632303,0.409904536,0.133780113,0.0669360841,0.00291849446,0.0678981169,0.0844501638,0.104678235,0.260430547,0.0671050258,0.00211327104,0.173684,0.133450208,0.00485175682,0.318194282,0.179045495,0.0560884577,0.157165284,0.0476602141,0.501801916,0.062541805,0.295572447,0.0650537487,0.0976605596,0.349819864,0.142731209,0.0408783446,0.130091286,0.00317537883,0.114076419,0.161595823,0.056911944,0.0306356889,0.005020921,0.242236447,0.0495010998,0.624004631,0.081260287,0.239484973,0.152687338,0.06380346,0.00596063717,0.289492335,0.312369175,0.271027701,0.406272555,0.0234281369,0.0171232863,0.0448912369,0.0512699321,0.00960788922,0.0512792109,0.269370739,0.0998372388,0.18652257,0.0591398217,0.250632556,0.18612368,0.0964194539,0.437194173,0.0134935211,0.124380691,0.130816365,0.0187473211,0.194643035,0.0348022981,0.00531371466,0.122353819,0.243140725,0.0556753597,0.00571755052,0.0239752322,0.554509085,0.0683078692,0.0461550511,0.138439471,0.231012316,0.0818120537,0.601193153,0.326639891,0.0031407044,0.0157976231,0.161438931,0.00736593758,0.0954470444,0.338647061,0.681836727
0.0792183725,0.800482293,0.175504657,0.20398289,0.0103768505,0.126857544,0.0231542077,0.0467963346,0.0643791967,0.0833912176,0.254742058,0.00558191227,0.100013164,0.598551879,0.406019701,0.137467176,0.068243682,0.00355798005,0.0678733403,0.0789193527,0.108664786,0.252563948,0.0638338679,0.00280595986,0.163687447,0.13372374,0.00405514433,0.30873775,0.178247759,0.0565349003,0.148559425,0.049798683,0.501517315,0.0622710106,0.292174582,0.0633920972,0.102557612,0.344003762,0.143885081,0.0384524546,0.127557933,0.00268882945,0.110517018,0.15940542,0.0556667998,0.0276490559,0.00472292254,0.240950431,0.0509625491,0.640470596,0.0783935978,0.237799134,0.157285643,0.0599469005,0.00425707204,0.296665705,0.312032277,0.271678407,0.417438034,0.0292220894,0.0160885347,0.045677689,0.0515844708,0.012070316,0.0548754028,0.265569082,0.103182717,0.191303481,0.0606813619,0.251090011,0.192593253,0.0984617603,0.434328402,0.0141117986,0.129793494,0.123987555,0.0189612128,0.198144538,0.0343890608,0.00640627975,0.12087036,0.237259789,0.0604396586,0.0059372246,0.0211963328,0.553914869,0.067355185,0.0453274312,0.139728881,0.234333558,0.084000397,0.604939378,0.326516689,0.00221893301,0.0143949191,0.161510598,0.00645866528,0.0903549037,0.34165221,0.686804118
0.0834328228,0.804107514,0.171422674,0.203399591,0.0109950657,0.127828705,0.0234719763,0.045958449,0.0653753268,0.0859464294,0.259782096,0.00598289889,0.0992845728,0.602368749,0.397425755,0.141229574,0.0680378337,0.00378707643,0.0661375609,0.0786445153,0.115422807,0.24358119,0.0685346452,0.00246147115,0.161964999,0.13998632,0.00428151006,0.303263073,0.174940316,0.0556836404,0.146801184,0.0524127752,0.510898779,0.0681595326,0.28825641,0.0615886624,0.10066854,0.3347574,0.142950228,0.0306342556,0.126628813,0.00320908529,0.112647458,0.157292158,0.0552780356,0.0274891303,0.00423280377,0.244322919,0.0554711189,0.645085205,0.077431194,0.238748963,0.153283137,0.0553434472,0.00442121994,0.297798402,0.310998435,0.279410577,0.418745174,0.0344547749,0.016147383,0.0484665819,0.0474419944,0.0134922773,0.0586500115,0.261345258,0.107102084,0.202130617,0.0626294407,0.260061334,0.19459707,0.0985921549,0.431141257,0.0141771511,0.136847626,0.120971537,0.0174098826,0.202952568,0.0349359517,0.00764620754,0.118619614,0.233834085,0.0643417311,0.00650820023,0.019206171,0.547033404,0.0660704808,0.0487865986,0.141653876,0.237850825,0.0794233267,0.610851178,0.318293687,0.0024009594,0.0146214617,0.166626267,0.00773713268,0.0915058599,0.338890815,0.692490378
0.0828176693,0.809750868,0.174314232,0.205245663,0.0109978457,0.129859464,0.0224626748,0.0442478277,0.0660235618,0.0870358365,0.262043572,0.00659403841,0.0988941115,0.607844945,0.394138496,0.13938283,0.064070879,0.00363558387,0.0650572159,0.0814949595,0.11991744,0.237792135,0.0689952504,0.00344233544,0.160096646,0.146485192,0.00404530564,0.296292468,0.176829608,0.0553871084,0.147369892,0.0544367425,0.504256086,0.0693818295,0.286822668,0.0604497306,0.0955363663,0.324861869,0.145354062,0.0318508693,0.122211356,0.00295130346,0.115490877,0.160787043,0.0536988923,0.0253122356,0.00470487978,0.24767741,0.0543106685,0.649980993,0.0767848765,0.235240392,0.152364768,0.0534635657,0.00495712704,0.301052136,0.315073627,0.2828951,0.417482932,0.0376903937,0.0173932761,0.0481461679,0.049404624,0.0132766177,0.0580268818,0.254304274,0.112979574,0.206489785,0.0703678571,0.265677506,0.197406569,0.0963287588,0.420156896,0.0106560321,0.140301169,0.119779705,0.0170012649,0.207207192,0.0322505994,0.00747818648,0.122886149,0.227589247,0.0668832629,0.00673738098,0.0180249014,0.539988169,0.0634251458,0.0479384208,0.13862203,0.245742888,0.0792698426,0.617087122,0.314713842,0.00256171384,0.0136338129,0.175685411,0.00905207784,0.0946376675,0.337483012,0.695741781
0.086372366,0.819800762,0.172374739,0.204344454,0.0115219657,0.135495692,0.0239295168,0.042432006,0.0632862852,0.0919092368,0.267878914,0.00829383693,0.0989725532,0.610334775,0.390478942,0.147015395,0.0646621412,0.00384286689,0.064255981,0.0803006819,0.12406338,0.227452634,0.0709859965,0.00431685579,0.158399136,0.151044246,0.00272479953,0.294090362,0.175207514,0.0569512289,0.149527705,0.0542132936,0.503735501,0.0704697378,0.28729321,0.060063496,0.0932592874,0.320176153,0.143219114,0.0294265033,0.121583044,0.00246002054,0.114568359,0.1657106,0.0520443899,0.0230374959,0.00429276276,0.246916939,0.0554711049,0.650717537,0.0739144993,0.23420605,0.14816152,0.0531701521,0.00484130912,0.305218293,0.321168897,0.29165721,0.436507808,0.04318728,0.016573348,0.0470051189,0.0519407261,0.0158402137,0.0612843878,0.252571737,0.113739196,0.215806607,0.0683355411,0.265889408,0.186222816,0.0947374147,0.408440998,0.00995954236,0.146471686,0.123659301,0.0152432906,0.210287981,0.0341870612,0.00708481004,0.124074081,0.227777951,0.0645249576,0.00646737917,0.0157841042,0.526232746,0.0653434885,0.0487397956,0.146551874,0.255670475,0.0818157848,0.621444614,0.309138431,0.00270453289,0.0131181464,0.179496103,0.01079581,0.0931890915,0.337519256,0.695367087
0.0906105893,0.82551589,0.171128007,0.200516774,0.0117248513,0.137664604,0.025336597,0.0395386893,0.0638984701,0.0917965226,0.269043405,0.0112226812,0.0945141958,0.618787859,0.399067871,0.149922589,0.0659427304,0.00449967017,0.0621910422,0.0755427498,0.124757509,0.219414216,0.0739193802,0.00521285639,0.157284073,0.147351606,0.00302363555,0.291557718,0.174815138,0.0580010781,0.146190066,0.0533199704,0.504546729,0.07352935,0.29021585,0.0577860889,0.0961322289,0.313845584,0.140054764,0.0260495609,0.123503548,0.00246305219,0.109208543,0.169343708,0.0514750851,0.0194736998,0.00347901947,0.257241713,0.0535648129,0.659231566,0.0727630237,0.223646262,0.15047251,0.0507275523,0.00547541933,0.303111926,0.326231025,0.293614071,0.432761723,0.0504456324,0.0138919997,0.0484511165,0.0523004185,0.0169237443,0.0635738156,0.245433974,0.113213868,0.225733849,0.0725510152,0.26841894,0.184687433,0.0938198614,0.398780546,0.0106204626,0.153668235,0.122408195,0.0145343029,0.211313466,0.031606548,0.00828672745,0.129253298,0.225362657,0.0656440086,0.00556031153,0.012765957,0.519819487,0.0646602046,0.0468801727,0.145710288,0.266431856,0.0838837152,0.628386697,0.304454617,0.00245645497,0.0127070826,0.182555902,0.0120141838,0.0971025101,0.329139328,0.697536224
0.0902677005,0.829290883,0.174038846,0.197640342,0.0120143045,0.144074915,0.0260770849,0.0387389075,0.0645605223,0.0938454122,0.262928302,0.012609969,0.0934801301,0.62365443,0.398295974,0.155452397,0.0639629015,0.00513808861,0.0649367243,0.0753124248,0.12559032,0.207833298,0.0769644689,0.00591196683,0.154694707,0.154856993,0.0033057843,0.283859552,0.171179647,0.0543689718,0.141458021,0.0545248848,0.505855867,0.0738042938,0.290500391,0.0591652603,0.0972696071,0.303167545,0.135572817,0.0250508571,0.121818345,0.00271136519,0.108070943,0.165707317,0.0466666126,0.0160475758,0.00331638041,0.267692469,0.0506445727,0.657750425,0.0712076555,0.218662347,0.152211134,0.0513383361,0.0045454603,0.300783898,0.333748778,0.300148911,0.439127677,0.0468180073,0.0142412186,0.0537141607,0.0528741462,0.0163340127,0.0648666783,0.241998898,0.114896881,0.229963274,0.0745774382,0.272717696,0.172577458,0.0897593953,0.39836562,0.0106578455,0.159334113,0.123853323,0.0153111998,0.209224219,0.0301921409,0.00842407434,0.130235724,0.22458903,0.0683105558,0.00481995704,0.0122669187,0.506768402,0.0642168658,0.0459166257,0.147338597,0.273481264,0.0885098293,0.632848841,0.297718909,0.00199645194,0.0124619465,0.18849721,0.0132939057,0.0996526443,0.326424284,0.691011131
0.0959178806,0.831092203,0.169196085,0.200901012,0.0109638072,0.153305526,0.0263565388,0.0341126597,0.06596749,0.100480824,0.260370475,0.0152985698,0.0937065982,0.635080979,0.395579672,0.156703418,0.0632238987,0.00474036587,0.0624347192,0.076359571,0.123836332,0.202270115,0.0800566637,0.00603082664,0.147976559,0.15548255,0.00363027654,0.27720261,0.170205343,0.051743941,0.139717798,0.0554628397,0.505923681,0.0738636369,0.302281669,0.0611854562,0.0988085766,0.302727787,0.13271314,0.0272091272,0.126792129,0.00295930881,0.106212774,0.165007825,0.0446902406,0.0141021519,0.00263968605,0.270503548,0.0508348857,0.662274059,0.0703614147,0.221279978,0.157388983,0.0517414817,0.00396196267,0.303788392,0.338504787,0.308387386,0.434951415,0.0485880181,0.0143044306,0.0556158827,0.050181074,0.0171816945,0.0667869495,0.244878225,0.110072568,0.23415609,0.0741914135,0.278582309,0.171237375,0.0873502058,0.402695878,0.00916745752,0.159771769,0.121717326,0.0162673019,0.209470401,0.0314554251,0.00950839275,0.133156532,0.222248028,0.0655192581,0.00418293239,0.0123092038,0.492608035,0.066949113,0.0475174395,0.145715346,0.27905274,0.0838692011,0.637546525,0.298811378,0.00194931829,0.0127412502,0.192693491,0.0145931302,0.101447352,0.320406376,0.700304795
0.102075912,0.834150275,0.166933054,0.199756024,0.0108915918,0.157100388,0.02985954,0.0320132384,0.0711900903,0.102948566,0.256015604,0.0183160887,0.0908032892,0.647595414,0.399692133,0.156172335,0.0655495752,0.0041161184,0.0659546316,0.078783139,0.1239064,0.196504896,0.0850976987,0.00654332226,0.142793665,0.157181826,0.00365784928,0.273607082,0.17190866,0.0511231777,0.133431902,0.0553351911,0.50349887,0.0741649104,0.305476092,0.0641897031,0.103006783,0.302094113,0.127516629,0.0265300653,0.127485626,0.00270137799,0.101558128,0.168762795,0.0421439118,0.0123214387,0.00381850621,0.270312065,0.0458749813,0.667605352,0.0681728708,0.223669138,0.152753188,0.0543105629,0.00442823293,0.304942846,0.341925913,0.311006349,0.450854738,0.0502074372,0.0135105968,0.0573201499,0.0528705304,0.0167504166,0.06542481,0.241686688,0.109862635,0.242574722,0.0727794366,0.27992561,0.166181613,0.081483268,0.400483744,0.00815676201,0.164676404,0.12096754,0.0192158407,0.212906552,0.0298861278,0.0110346197,0.133631111,0.220503459,0.0608720665,0.00333704173,0.00901234636,0.48086759,0.0729550688,0.0494675311,0.145518696,0.279029404,0.0851801893,0.646177554,0.297907139,0.00195652017,0.0118088167,0.189478295,0.0155161825,0.100430855,0.327230455,0.704347416
0.101660234,0.836636407,0.156383483,0.198687394,0.0118168346,0.16451404,0.0288164724,0.0333333019,0.0711735069,0.104321139,0.254972593,0.0213270439,0.090163309,0.655411569,0.397573998,0.157959929,0.0656324976,0.0043840386,0.0650385031,0.0738288161,0.121500475,0.197412002,0.0862164563,0.00621260977,0.144781885,0.158832681,0.00371111016,0.268419735,0.166126044,0.0466509903,0.125748132,0.0546218429,0.499651455,0.0737956698,0.308126457,0.0634513772,0.101418811,0.30056102,0.120400271,0.0256340327,0.128426502,0.00218446407,0.0987609308,0.17086714,0.0430387067,0.0128657029,0.00392993566,0.271448957,0.047404045,0.670009667,0.0667457784,0.222966529,0.148843177,0.0558906328,0.00476681937,0.30656007,0.342442397,0.318588355,0.44556276,0.0532389181,0.0149957079,0.0612433189,0.0509701965,0.0157176745,0.0660225675,0.236261063,0.112421147,0.251458952,0.0744570634,0.285792948,0.155950408,0.0794757213,0.399167177,0.00627258024,0.165372522,0.11370623,0.0208574512,0.215405698,0.0274397611,0.0114503767,0.133164046,0.215962453,0.0549660505,0.00329760916,0.0105787986,0.468350253,0.076742479,0.0475004203,0.144020707,0.287446016,0.086180994,0.652978454,0.307553487,0.00195101021,0.0102501436,0.190110807,0.0173447909,0.101058029,0.325150992,0.712125446
0.100980142,0.839668697,0.148724495,0.192707497,0.0131964787,0.170891043,0.0292213732,0.0350217934,0.0720281436,0.104513965,0.250375269,0.0219194306,0.093412109,0.657226832,0.389240636,0.167221548,0.0651149119,0.00395169338,0.0651671879,0.0792706087,0.124260309,0.193586931,0.0870328834,0.00624421408,0.145138738,0.156092226,0.00399999789,0.26764688,0.16267635,0.0440321031,0.12742374,0.0592514885,0.503965194,0.0761234803,0.311960722,0.0664541019,0.0954697658,0.303036943,0.11421584,0.0272928718,0.137022699,0.00192030568,0.0964862155,0.176105436,0.0397284162,0.0109270432,0.00393789209,0.273191216,0.0470259538,0.679138996,0.0682451609,0.22153083,0.148152881,0.0579163584,0.00406195215,0.305763154,0.342957729,0.319951914,0.44832898,0.0558636776,0.0143342616,0.0686601889,0.052203226,0.0149588604,0.0626721163,0.236651509,0.116012702,0.253435239,0.0730317912,0.282245771,0.156882219,0.0745689985,0.405626585,0.00498657536,0.169804516,0.112879955,0.0227529698,0.218534176,0.0266488568,0.0116092827,0.134125767,0.217930591,0.0485908149,0.00382304426,0.0118100849,0.459593048,0.0840441434,0.0459790333,0.140210349,0.285491999,0.0857067484,0.656466792,0.307738131,0.00192061666,0.00924887683,0.190184468,0.0169690766,0.0959944836,0.323729842,0.719028357
0.101037606,0.843759334,0.14288779,0.185507265,0.015647231,0.176655018,0.0276685874,0.0356293427,0.0698493494,0.108415088,0.25903146,0.0246406327,0.0972304445,0.664566293,0.383484575,0.173325586,0.0679385344,0.00352733953,0.0706593031,0.0777379767,0.114237146,0.188379392,0.0841381491,0.00522688959,0.144188096,0.154925246,0.00379229869,0.265229595,0.173519036,0.0415902371,0.129184407,0.0614948811,0.506651249,0.0783287463,0.315723346,0.0702450645,0.095013639,0.309014403,0.103754093,0.0283556577,0.139063824,0.0014524321,0.100134334,0.175431166,0.036315231,0.0115223406,0.00446122587,0.269139221,0.0486709859,0.686450004,0.0709938861,0.220380227,0.146823354,0.0578439823,0.0037603408,0.299170959,0.343011668,0.329154989,0.439797037,0.0560747225,0.0158829751,0.0705619849,0.0488700376,0.0148758271,0.0598438325,0.23760413,0.116779753,0.257872299,0.0716253615,0.27602398,0.153663479,0.0758136491,0.404914166,0.00446862379,0.167147709,0.108685311,0.0247478078,0.227922734,0.0244798463,0.0125401334,0.13698801,0.218907791,0.04414731,0.00378072027,0.0141895111,0.447726316,0.0952919839,0.0453514169,0.139139601,0.286211906,0.0806534712,0.66078344,0.302097773,0.00150634984,0.00920758592,0.191874751,0.0168775938,0.0959150124,0.323618969,0.729066195
0.0987573164,0.848418838,0.141406578,0.180427277,0.0152213903,0.178525461,0.0281811776,0.0377739012,0.0696697773,0.103922662,0.262771968,0.0239835901,0.103171548,0.671521949,0.381973137,0.174941973,0.0704251895,0.00308166421,0.0754372483,0.0757472762,0.112336396,0.19362872,0.0803277582,0.00534890035,0.142184787,0.152449818,0.00388407593,0.263229641,0.181849793,0.0398020585,0.126841246,0.0671396093,0.51108551,0.0762896206,0.318738221,0.0707657357,0.0952524596,0.31168961,0.0974673109,0.0294624641,0.145619261,0.00220913058,0.0969596564,0.178159215,0.0353957986,0.01249132,0.00528914,0.27406151,0.0476544989,0.70060216,0.0715439693,0.226121489,0.143901685,0.0629624783,0.00369276121,0.294969971,0.340781182,0.332988021,0.430151623,0.0576484654,0.0164104693,0.0768584111,0.0472022757,0.0150840851,0.0586164256,0.237565257,0.121897407,0.259350842,0.067562872,0.276505548,0.148816075,0.0785184238,0.409399441,0.00351700052,0.171115909,0.103828668,0.0290016416,0.230617224,0.0231697938,0.0121975832,0.137805808,0.215418856,0.0410228428,0.00376951923,0.016555503,0.436950695,0.104486818,0.0451438712,0.139019631,0.289172126,0.0772378546,0.665088029,0.302089619,0.00194049068,0.00880975029,0.198246382,0.0196718255,0.0951446006,0.323699246,0.734752438
0.0965818454,0.850074668,0.135674067,0.178368608,0.0182899074,0.185989521,0.0241805235,0.0385286537,0.0707410965,0.098692644,0.272705945,0.0233728178,0.109839908,0.673550276,0.373924989,0.180608796,0.0680450455,0.00378029662,0.081182226,0.0736183102,0.111086618,0.203084466,0.0784562683,0.00559203412,0.141489013,0.147737693,0.00392749314,0.263579385,0.190377514,0.0410400795,0.133294054,0.0664619829,0.51231905,0.0786762299,0.31704366,0.0721438416,0.0909091454,0.311395972,0.0956170876,0.0280166452,0.157495478,0.00221674681,0.0981639289,0.1825957,0.0349934692,0.014591098,0.00583332552,0.272716977,0.0528501074,0.705377317,0.0706572939,0.230501099,0.15036808,0.0674997012,0.00369003414,0.29928308,0.343906424,0.338535471,0.424396605,0.0524461783,0.0163732936,0.0816007241,0.0499856618,0.0124208329,0.0586613698,0.232817053,0.12434239,0.258260072,0.06445866,0.272535641,0.147192815,0.0808916063,0.403390865,0.00370659708,0.172541969,0.109255566,0.0302338375,0.231072257,0.0204539339,0.0137978145,0.142091585,0.212548381,0.0382575246,0.00377664151,0.0200432143,0.433463381,0.110009642,0.0462202358,0.14261228,0.292933026,0.0805993134,0.666208875,0.297553219,0.00196764393,0.010321456,0.207796915,0.0196841911,0.0949579761,0.320570291,0.747871012
0.0994415911,0.855552508,0.132329209,0.170478635,0.0184352389,0.188020132,0.0233712171,0.0410675005,0.0688055514,0.100832138,0.283766959,0.0216142779,0.117580303,0.674266218,0.367432438,0.188070428,0.066993691,0.0035914728,0.0754210878,0.0699105122,0.108562371,0.210623548,0.0767262823,0.00689825058,0.13778066,0.149115586,0.00367759193,0.266406391,0.202968698,0.0402383236,0.130089086,0.0640880974,0.525331802,0.0829129998,0.316839383,0.072517005,0.0886350008,0.307036618,0.0961299118,0.0281411649,0.15603605,0.00242306994,0.100334282,0.178348311,0.0337837524,0.0143668624,0.006615342,0.266329048,0.0550895723,0.711568609,0.0716001771,0.234872722,0.153422608,0.0704103486,0.00343642788,0.297213467,0.345455353,0.344937323,0.417036043,0.0517552751,0.0198142528,0.0783218943,0.0502183027,0.0121602292,0.0590198673,0.232753071,0.125916881,0.25857644,0.0637536231,0.26978636,0.14676578,0.0854113812,0.405177072,0.00295392165,0.175520446,0.111247484,0.0307621099,0.23649652,0.0194707875,0.0140032965,0.149963967,0.209457734,0.0377094254,0.0045106619,0.0208830397,0.433972295,0.116929569,0.0468758581,0.145250716,0.290371727,0.0802900507,0.667061887,0.297421737,0.00154287019,0.0111638168,0.214975988,0.0204709418,0.0892806408,0.319210052,0.749695651
0.100240625,0.856380674,0.129517166,0.162382374,0.0173686548,0.188275378,0.0225506686,0.0401839041,0.0682633749,0.100474483,0.290525911,0.0221576648,0.116252934,0.676158807,0.363950734,0.189713699,0.0671322559,0.00393611952,0.075466877,0.0661903711,0.105879305,0.229715424,0.0746746825,0.00766946452,0.135697824,0.143825777,0.00347991429,0.276010357,0.208903331,0.0385416468,0.132236404,0.0676552346,0.528883536,0.0870394238,0.312826877,0.0700509344,0.0859660109,0.30447765,0.0930524339,0.0263322391,0.152243272,0.00265829123,0.101648334,0.177771382,0.0344118986,0.0155195725,0.0066306455,0.270017677,0.0572489178,0.715401844,0.0680856367,0.242655901,0.152533639,0.0747464306,0.00416870786,0.288618012,0.34238755,0.353368685,0.423320712,0.0511853897,0.0238539545,0.0840011604,0.0469837986,0.011331112,0.0591559266,0.231108959,0.126993865,0.264334933,0.0587808355,0.264146659,0.14816796,0.0855295091,0.390762984,0.00276898816,0.175344646,0.113002529,0.0332151579,0.24391536,0.0188364812,0.014180669,0.15356114,0.212291207,0.0356846545,0.00377868053,0.0213834804,0.432382408,0.1201368,0.0440626707,0.144718217,0.293389962,0.079861065,0.66403292,0.293163635,0.00144444358,0.0121527783,0.220392788,0.0196892751,0.0887549271,0.321017937,0.755933866
0.0967955346,0.863068425,0.12371241,0.15775729,0.0199405969,0.18742108,0.0223035554,0.0397334837,0.0693881106,0.108141885,0.297584369,0.0208527559,0.117886626,0.672139621,0.359164081,0.199078556,0.0702755154,0.00485985843,0.0746402739,0.062428049,0.103502144,0.242255943,0.0737292433,0.00746454322,0.133848078,0.139085513,0.00420032564,0.277920271,0.219605945,0.0355054131,0.13994686,0.0652190775,0.535587082,0.0835488091,0.308213108,0.0721480797,0.0867270434,0.30029386,0.0935919414,0.0239353213,0.158063907,0.0029483994,0.102142836,0.173999541,0.0338469286,0.0157787497,0.00831443106,0.273427311,0.0589854568,0.717650586,0.0638297866,0.255007042,0.160473449,0.0737220965,0.00354783327,0.282903796,0.343203596,0.354317858,0.416135152,0.047292549,0.0249537509,0.0925605526,0.0455993238,0.0102527408,0.0645528821,0.232531417,0.126932016,0.260792873,0.0536364187,0.262074065,0.147456548,0.0905365525,0.380080399,0.00300180066,0.178554339,0.113014371,0.0358085086,0.250464296,0.0181340821,0.0140740652,0.161578818,0.209330774,0.0389052878,0.00453695782,0.0218936241,0.430552505,0.123814522,0.0471402124,0.153245699,0.300024659,0.0773486944,0.660016488,0.292266586,0.00111037009,0.0141114022,0.228260535,0.0175513608,0.0875760481,0.320885949,0.768714539
0.0945122257,0.864943593,0.120677712,0.154493874,0.0247379344,0.19784448,0.0219014612,0.0403093561,0.069568435,0.113228801,0.294981739,0.0199560491,0.122341085,0.673301336,0.351714451,0.207284521,0.0747640923,0.00719506481,0.0686834606,0.0597572382,0.10399022,0.250529884,0.0710816676,0.00702811107,0.127175159,0.131421164,0.00392798224,0.280117084,0.230857462,0.0382467522,0.145081533,0.0660361941,0.536317813,0.0910277003,0.306116068,0.0746749054,0.0821005961,0.296097171,0.0906914335,0.022713134,0.15555913,0.00320039253,0.100441075,0.178747581,0.0359191877,0.0190984129,0.00782630462,0.274765037,0.0621781516,0.723897771,0.0599138176,0.26811055,0.167044267,0.0770037646,0.00365675617,0.281542459,0.34782597,0.35023764,0.423076771,0.0473237188,0.0286734477,0.0947131608,0.0443037711,0.00845641441,0.0669942494,0.227618563,0.130875309,0.260152136,0.0550407292,0.265993012,0.149473617,0.094,0.373674983,0.00299700312,0.180197239,0.114145129,0.0391860698,0.260175241,0.0179989461,0.0151418295,0.162751729,0.208131055,0.0431818088,0.00481283837,0.0198222714,0.430204842,0.127071013,0.0474484148,0.158816089,0.306827816,0.0791924996,0.664832901,0.289143273,0.000886524376,0.0151018517,0.232060772,0.0195012749,0.0846531283,0.320983915,0.772628831
0.0954340929,0.871282645,0.118455584,0.150933693,0.0256194974,0.198060472,0.0229906787,0.0377814205,0.0691538021,0.117974467,0.30259252,0.0194658513,0.122428345,0.673589281,0.342862659,0.216675018,0.0768494875,0.00877793322,0.0679171957,0.0567996013,0.103859954,0.266434238,0.0729707206,0.00725544295,0.122996308,0.12818334,0.00389990419,0.287148667,0.245882528,0.0371977014,0.147664049,0.062727518,0.537605818,0.0910133827,0.299418671,0.0752888733,0.0793627815,0.29703796,0.0914581815,0.0199178114,0.153236091,0.00348605542,0.101891859,0.185370768,0.0376865786,0.0226323302,0.00860322826,0.275546462,0.0602313369,0.728222872,0.0567487432,0.268205483,0.172181364,0.0787977184,0.00412821839,0.275385009,0.356581345,0.354010917,0.448189657,0.0472550184,0.0330962337,0.0979137375,0.0418755844,0.00694607097,0.0720027572,0.230241864,0.130502501,0.265230771,0.0503059876,0.26350042,0.150863251,0.0914968861,0.370427331,0.00443012744,0.18334146,0.112937386,0.0397469339,0.27493659,0.0150295188,0.0168049199,0.169833766,0.213015401,0.0466134668,0.00463341832,0.0200366406,0.426687232,0.126696163,0.0490095942,0.158216413,0.306385562,0.0805282856,0.665622953,0.291358828,0.00110963023,0.0148964551,0.23315302,0.0207447093,0.0820206345,0.319424082,0.776958196
0.0950978003,0.872995132,0.114145194,0.147566912,0.0296327707,0.203061129,0.0215566486,0.0359003201,0.0681224403,0.117527129,0.30933266,0.0195631229,0.122200303,0.676916592,0.339073315,0.224971546,0.0789718215,0.00883953183,0.0620813725,0.0529746971,0.106064145,0.271407203,0.0738315644,0.00726453645,0.119773874,0.129693678,0.00396825782,0.28983607,0.2545275,0.037060648,0.154443957,0.0645838436,0.545924392,0.0879175746,0.303579545,0.0789544051,0.077780948,0.30067186,0.0914803403,0.017751479,0.156367091,0.00370462113,0.100101408,0.192482286,0.0399899353,0.0261219619,0.0086492052,0.272456411,0.0616793086,0.727226768,0.0531101723,0.276628756,0.168591748,0.0782238447,0.00325851488,0.278564258,0.35695735,0.3587067,0.459334616,0.0462962772,0.0352817366,0.10162601,0.0376234472,0.00685569056,0.0749999902,0.22432867,0.131028178,0.27268374,0.0452763588,0.265422572,0.15342869,0.0948859665,0.37155014,0.00508750397,0.186258341,0.116530344,0.0420151349,0.285257394,0.0137211835,0.0181778305,0.175246505,0.215537287,0.0461517532,0.00523127106,0.01836511,0.433243785,0.125832635,0.0484842916,0.155850822,0.310094317,0.0806200899,0.662294965,0.28813237,0.0011143299,0.0147712326,0.229094326,0.0195429135,0.0818674254,0.320095985,0.780829336
0.0980392295,0.879053244,0.105766793,0.148690726,0.031367691,0.204510167,0.0219549657,0.0335804198,0.0728357246,0.122219221,0.305405185,0.0204972777,0.125432705,0.674882666,0.339157942,0.231488811,0.0803592826,0.0113533106,0.0575804307,0.0519002945,0.106074703,0.287511824,0.0760481405,0.0077234724,0.119382522,0.126402745,0.0033035996,0.304080936,0.254116179,0.0387563201,0.155307405,0.0611783006,0.554626789,0.088331677,0.295073195,0.0807030959,0.0785089415,0.292379878,0.0871412356,0.0153172932,0.152978526,0.0044182628,0.103021809,0.198026083,0.0407453439,0.0269936245,0.00865185502,0.276867239,0.0630933485,0.738027967,0.0522308209,0.276483015,0.173913201,0.0776494595,0.00295787448,0.278361747,0.360176248,0.362688056,0.478944101,0.045865401,0.0393338468,0.106282999,0.0339275502,0.00468892596,0.0781948338,0.223239413,0.134209989,0.278283397,0.0492531503,0.257970918,0.157249313,0.101265301,0.3729034,0.00511770975,0.191356766,0.110948593,0.0430539996,0.289824684,0.0160067277,0.0206738074,0.177380902,0.217032941,0.0485677531,0.00528218221,0.0198579851,0.437026618,0.129648567,0.0499505128,0.154884705,0.308987703,0.0790930234,0.657743225,0.2875,0.00177896171,0.0141816759,0.233067487,0.0192060362,0.0845146358,0.314233869,0.789009591
0.0994938504,0.88204924,0.101957759,0.151116764,0.0372035979,0.208981325,0.0245540217,0.0333034452,0.0718253193,0.126599135,0.30238588,0.0197052879,0.127253455,0.675573796,0.346862367,0.243648062,0.0784812637,0.0119047599,0.0545594259,0.0499149502,0.109181912,0.296665131,0.0760103521,0.00726115235,0.11768367,0.125579789,0.00293255097,0.305230883,0.261088905,0.035885704,0.160705796,0.0606891705,0.555644519,0.0828981774,0.296776104,0.0807567365,0.0838422964,0.290180791,0.0855426095,0.0145228192,0.14773195,0.00443459003,0.100923314,0.204952426,0.0413647001,0.0296699038,0.00855464355,0.278437856,0.0655546321,0.746051609,0.0515080182,0.285593037,0.176463562,0.0806265295,0.00396732394,0.27288608,0.367560909,0.364066064,0.474159447,0.0478812475,0.0438865859,0.107894219,0.0277221088,0.00441676569,0.0774200976,0.216972948,0.132961863,0.284545057,0.0490797969,0.256273666,0.158720388,0.103613812,0.376907151,0.00605083088,0.195316905,0.110052235,0.0451781909,0.294709049,0.01428977,0.0231613592,0.181365654,0.217202425,0.0502372875,0.00599143741,0.0198907384,0.442915632,0.132606023,0.0505058417,0.151626894,0.320966254,0.0747800465,0.659584784,0.287217111,0.00200803488,0.0132878009,0.235098988,0.0215280398,0.0873037697,0.303644926,0.794172881
0.0937333625,0.883104787,0.096741038,0.147296674,0.0495901589,0.213161586,0.0246153796,0.0344943332,0.0719291571,0.133793951,0.301386638,0.0209132426,0.129118944,0.676462882,0.354127534,0.256805342,0.0753458369,0.0145641996,0.0504052436,0.0482358905,0.106825582,0.306274333,0.0783198512,0.00678443877,0.115525582,0.131539945,0.00292303052,0.307333985,0.264305268,0.0336966374,0.160057657,0.0583112845,0.562788487,0.0824642105,0.291174007,0.0779833344,0.0844856532,0.290804823,0.0782341646,0.0138976654,0.150470774,0.00492853619,0.100481706,0.211747864,0.0434514356,0.0305289429,0.00751880038,0.278515944,0.0645224396,0.745391403,0.0536759639,0.295714945,0.178614099,0.0802442624,0.00348755654,0.2688319,0.372872419,0.369340656,0.481447203,0.050358496,0.0478852724,0.107083881,0.0270459849,0.00399378499,0.0776960804,0.214527012,0.134545783,0.288266428,0.0495626642,0.251343234,0.160471369,0.111461055,0.376032936,0.00709219304,0.202119872,0.110334249,0.0484687603,0.308223629,0.0142856992,0.0242450825,0.181011793,0.217033542,0.0502888637,0.00569476184,0.0170305659,0.441693558,0.135853153,0.0496725547,0.153829885,0.331896345,0.0770165708,0.666478271,0.288065647,0.00202338073,0.0116059625,0.243034979,0.0222793563,0.0884870201,0.299509888,0.807510202
0.0972149021,0.887896782,0.0953948226,0.148248262,0.0538775148,0.210175497,0.0265824869,0.0364421582,0.075302337,0.140698713,0.310125554,0.0226244393,0.131389988,0.682665837,0.367084889,0.264637832,0.0709860166,0.0180040158,0.0428179754,0.046925548,0.105563393,0.308225099,0.0830568247,0.00698501089,0.114656017,0.139094439,0.00162654519,0.305986097,0.264785282,0.0357142662,0.154624122,0.0596080531,0.563560003,0.0764206371,0.281825442,0.0758039841,0.0856173059,0.287893091,0.0745967513,0.0145914394,0.149173296,0.0049701783,0.101938117,0.210628476,0.0467758429,0.0347545501,0.00551326466,0.287305452,0.0605169967,0.758454135,0.0524514633,0.298630032,0.178896234,0.0792215605,0.00286829118,0.270755618,0.382995732,0.3679233,0.482154443,0.0527433205,0.0481679517,0.111860818,0.025298824,0.00353668982,0.0789195078,0.209146103,0.132428984,0.290649371,0.0482342671,0.248014764,0.155884794,0.114878484,0.383537575,0.00890147759,0.211685273,0.113648666,0.0513114198,0.320868784,0.0146048257,0.0269848805,0.181994625,0.22575682,0.0530382635,0.00567673261,0.0156916945,0.433149751,0.139854487,0.0490664033,0.149525185,0.343077536,0.0774724269,0.669987494,0.287097703,0.0025039855,0.0113830438,0.24911919,0.025270796,0.0927947879,0.295569947,0.818695834
0.0959515799,0.887266913,0.0975702307,0.153729116,0.0587409416,0.2131194,0.027042579,0.0390282047,0.074975244,0.14620617,0.312796755,0.0232476518,0.127584951,0.687235704,0.373880623,0.268882495,0.0693319019,0.0209025044,0.0403185608,0.0500630331,0.109764604,0.312021648,0.0841096631,0.00689223945,0.113725454,0.135950707,0.000649983806,0.303202685,0.275723991,0.0351764546,0.152977755,0.0572297361,0.572710787,0.0766720967,0.280908616,0.0778677442,0.0819803793,0.287967641,0.0699874029,0.0131491211,0.147306396,0.00680786687,0.0975309163,0.215495825,0.050786021,0.0346872973,0.00616807977,0.289188895,0.0639921519,0.76348888,0.0535142098,0.296467362,0.178082051,0.0808988368,0.00259945867,0.266593958,0.39125985,0.372630285,0.480637022,0.0591172703,0.0467203202,0.108878074,0.0225471238,0.00371422557,0.0814026721,0.204437621,0.133303854,0.294536925,0.0465425119,0.241729996,0.158929608,0.115326183,0.384343906,0.0100568919,0.214616189,0.115426532,0.049931735,0.327389586,0.0170585127,0.0279342638,0.184833542,0.234464579,0.0510444184,0.00589658759,0.0155080636,0.433238302,0.139811991,0.0495567243,0.144722339,0.351707883,0.0731150849,0.670944249,0.280637198,0.002963298,0.0108403703,0.254869157,0.0305621175,0.0965461113,0.291080158,0.832457493
0.0970690494,0.890089618,0.0984886761,0.15797978,0.0715996012,0.220850875,0.0255326982,0.0417490865,0.0769154285,0.150387082,0.313663118,0.0235170005,0.129654732,0.697632194,0.389547578,0.27598066,0.0720704675,0.0225799639,0.0341479603,0.0549222599,0.107741306,0.315876363,0.0816974297,0.00760219595,0.114137915,0.135813754,0.000325203155,0.303688838,0.267980251,0.032693186,0.148595178,0.0558232032,0.577533763,0.0690158966,0.280717045,0.0769853404,0.0828743727,0.280875,0.0659100599,0.0113674853,0.154223467,0.006010519,0.0947954181,0.218528369,0.0522155748,0.0392948795,0.00661409218,0.290596017,0.0604027212,0.765017052,0.0543581811,0.289424857,0.178983411,0.0746863769,0.00245700449,0.263732998,0.396051875,0.368258963,0.457940923,0.0634694456,0.0452356335,0.108614112,0.0235261869,0.00349040087,0.0840206395,0.200180491,0.134417113,0.298838434,0.0469378953,0.241948372,0.164623937,0.118716895,0.3840353,0.0105424768,0.224853747,0.112972342,0.0505847394,0.335543536,0.0153223159,0.0281514119,0.180662022,0.234502347,0.0508344193,0.00623669614,0.014595388,0.433044563,0.139453378,0.0482927312,0.140788103,0.368144596,0.0656712984,0.677252242,0.280098197,0.00278163761,0.00847294504,0.253951084,0.032261503,0.102062894,0.285579044,0.837036185
0.0950377273,0.893647036,0.102713687,0.163187108,0.078548596,0.226193771,0.0257672495,0.0447575279,0.0804756859,0.14944572,0.31613387,0.0241391962,0.122932654,0.704607462,0.387374717,0.272955037,0.0686485583,0.0266099939,0.0320323666,0.0601984836,0.105550286,0.315868507,0.0812277752,0.00669808803,0.108792318,0.133282119,0.00224574904,0.300484258,0.263923996,0.0292473062,0.144122838,0.0558211911,0.577615681,0.0675324618,0.279641532,0.0763889628,0.0864082586,0.275936446,0.0636269592,0.0101186388,0.156191019,0.00577164433,0.0875461225,0.220660687,0.0517240837,0.0397350798,0.00586585297,0.291183809,0.0611328684,0.765062543,0.0565580752,0.286156868,0.184458797,0.0695152983,0.00271002776,0.263324232,0.398321354,0.362932984,0.426041595,0.0637500309,0.0468918453,0.107336584,0.024052637,0.00372480039,0.0859852307,0.198089151,0.133264967,0.305269084,0.0454137078,0.236209673,0.167415929,0.126780343,0.383383997,0.0130443717,0.237572613,0.119269763,0.0476238043,0.334482018,0.0151031049,0.0278096067,0.181285793,0.240072699,0.0517197245,0.00690183658,0.0143714921,0.429423838,0.140786046,0.0471916984,0.144142827,0.379250472,0.0645204406,0.677068841,0.27187287,0.00324374481,0.00865590952,0.259693313,0.0371329556,0.103722721,0.289818571,0.841862916
0.0942422619,0.892564589,0.103535966,0.162679872,0.0868516314,0.23246088,0.0271392312,0.045384239,0.083201582,0.153089219,0.325042872,0.0254452645,0.124690131,0.715234115,0.393855506,0.278965416,0.0684342114,0.0262176848,0.0303506466,0.0664548505,0.103658596,0.31343892,0.0818649507,0.0051407556,0.104793588,0.13614481,0.00354496464,0.296898836,0.270264888,0.0255440095,0.139287581,0.0502816948,0.581739575,0.0665374878,0.282075693,0.0753122506,0.0877701122,0.277607454,0.0634196273,0.00921006156,0.15401952,0.00463320682,0.085706585,0.220253045,0.0502305209,0.0399681212,0.00482969197,0.296521113,0.0634488391,0.773116838,0.0573575931,0.289732213,0.181713776,0.0701149675,0.00287801606,0.256662639,0.397908159,0.375442495,0.412297262,0.0724414143,0.0475476218,0.104687014,0.0265401416,0.0043323683,0.094060402,0.191689223,0.129825688,0.316038602,0.0448029033,0.233143032,0.171788648,0.125660295,0.388649325,0.0116715283,0.250621438,0.115522859,0.0464837039,0.337850941,0.0130370367,0.0238533757,0.186315622,0.243363941,0.0504419923,0.00757107845,0.0160000439,0.422452708,0.14302505,0.045850074,0.144138745,0.387469955,0.0635046507,0.678110093,0.262125543,0.00396269972,0.0080197977,0.258881112,0.0422474809,0.110947584,0.294097472,0.843323056
0.0927401368,0.891126117,0.108773843,0.171465159,0.0941029249,0.236719768,0.02527979,0.049809305,0.0832662651,0.154021996,0.335460625,0.0280408041,0.120699998,0.719367744,0.398208353,0.27486158,0.0676705148,0.0275710901,0.0312648363,0.066294792,0.108347895,0.310945422,0.0813654392,0.00437530247,0.101221354,0.127761005,0.00414276713,0.296914428,0.270992729,0.023970957,0.144587046,0.0479242479,0.580326534,0.0684931594,0.281824425,0.0718612812,0.0860312457,0.281342228,0.0595827967,0.00928571126,0.152706799,0.00496602956,0.0875642504,0.229340037,0.0490339856,0.0390595992,0.00412583432,0.29842883,0.0639305678,0.769396587,0.058664214,0.284293443,0.183591661,0.0671039689,0.0032815568,0.257334355,0.409747763,0.374567913,0.386363436,0.0773643654,0.0492118292,0.106001131,0.0265608127,0.00364640842,0.0956568545,0.188259376,0.132809951,0.311014742,0.0423423207,0.232462644,0.18037281,0.130822059,0.386621087,0.0110855508,0.257221359,0.123127239,0.0428311072,0.340386415,0.0146137663,0.0241765868,0.191978371,0.243682216,0.04935338,0.00854567937,0.015979254,0.419553498,0.145667645,0.0456154009,0.142942124,0.395174357,0.0619272032,0.682544761,0.260047054,0.00325505522,0.00791878985,0.266588147,0.0444658261,0.110210638,0.294935638,0.845467988
0.0977190828,0.892414266,0.112161777,0.177130163,0.108079891,0.242944177,0.025263165,0.0551030046,0.085826119,0.157860943,0.343365803,0.0267474991,0.117291963,0.724567624,0.387665522,0.277616289,0.0697590794,0.0291390923,0.0302815262,0.0697399008,0.112022677,0.306261825,0.0828537726,0.00319253644,0.0920866805,0.125368005,0.00523076618,0.294036379,0.269886196,0.0227719941,0.144276214,0.0457182344,0.57482101,0.065623073,0.281111795,0.0726909085,0.0897964098,0.283952484,0.0609307549,0.00955752292,0.157930451,0.00569415157,0.0904713158,0.224004417,0.0446802842,0.0395366249,0.00383533803,0.290541481,0.0650294921,0.767839038,0.0603005701,0.282355733,0.177789604,0.0683957937,0.00413943186,0.248662515,0.408625462,0.376883333,0.364333855,0.0757296751,0.0503490754,0.104675954,0.0255981844,0.00393081683,0.100210509,0.182081691,0.135854573,0.313886263,0.0430447978,0.221805224,0.182995642,0.139691668,0.385552226,0.0107615901,0.263039137,0.122471154,0.0429630514,0.343123996,0.0147672981,0.0263281874,0.196324154,0.24440435,0.0511831466,0.0104166628,0.0171520877,0.419991393,0.155345889,0.0448207516,0.144487764,0.404205313,0.0588470291,0.682220444,0.249981803,0.00323400061,0.00754085137,0.263487232,0.0465582269,0.110219326,0.299640047,0.84186374
0.0985585913,0.894035281,0.111924698,0.185455097,0.112890628,0.247920356,0.0261412633,0.0543649847,0.0894955129,0.155862722,0.35591609,0.029454027,0.116523424,0.726338587,0.381017432,0.278569522,0.0730537017,0.0283915313,0.0284944219,0.069016489,0.116445301,0.303673136,0.0861237764,0.00273972662,0.0862526158,0.119000562,0.00547278856,0.295385488,0.269514583,0.0216455552,0.149136463,0.0434841714,0.57864002,0.0668869559,0.269745152,0.0704078577,0.0903866439,0.286100395,0.0629436719,0.00849557819,0.158910666,0.00621284668,0.0877815054,0.228285024,0.044494746,0.0364814389,0.00361010922,0.28583047,0.0639215293,0.765950611,0.0563394377,0.282698402,0.178880479,0.0653318666,0.00460526146,0.239317079,0.413986543,0.377017101,0.352053232,0.0796569063,0.0511025307,0.106858669,0.0263534666,0.00416198118,0.107612095,0.173704013,0.140648559,0.31051288,0.0454119827,0.223883148,0.186066779,0.145969813,0.377847722,0.01046632,0.267078509,0.121477049,0.0389145844,0.347899435,0.0127003364,0.0274376193,0.200531192,0.243090628,0.051440839,0.00945477289,0.0175626263,0.412455382,0.164214363,0.0432654493,0.145097583,0.406952732,0.0571012233,0.687894824,0.253739734,0.00392247486,0.00811552477,0.262167392,0.0494108056,0.107440176,0.300162194,0.839730601
0.100748013,0.895630929,0.111744814,0.192620779,0.120611408,0.258153155,0.0230380419,0.0556317143,0.0908684424,0.156037204,0.365988304,0.028196831,0.116669412,0.726590755,0.381359901,0.278358116,0.0725069572,0.0285682129,0.0272834048,0.0727547059,0.122704079,0.297687088,0.0857251996,0.00150187823,0.0843057956,0.108701001,0.00570570446,0.291928085,0.268849897,0.0226227184,0.152866021,0.0432063979,0.577147947,0.0681724063,0.264690818,0.0728365058,0.0902848655,0.295616335,0.0656679624,0.00894736104,0.163028563,0.00738309781,0.087127609,0.234117956,0.0451043151,0.0356083478,0.00363636211,0.283353615,0.063850281,0.767120859,0.056666673,0.273005018,0.183601156,0.0677829027,0.00481189521,0.239333442,0.417651001,0.378505673,0.350147425,0.0815797376,0.0544232612,0.104127303,0.0251932603,0.00327166179,0.107857236,0.173276401,0.139261925,0.318984782,0.0454545455,0.228051836,0.192761828,0.154574569,0.37948567,0.00925732713,0.275219296,0.12530957,0.0385594326,0.353266538,0.0125459085,0.029113582,0.203822209,0.247680666,0.0486932352,0.0104298429,0.0190008047,0.412552399,0.169793928,0.0447438154,0.144898875,0.40554451,0.0576871648,0.690941396,0.254508969,0.00304378407,0.00803858393,0.26148196,0.050193802,0.109358266,0.303274564,0.834480545
0.112138054,0.895298358,0.116041357,0.196016448,0.124082519,0.264803906,0.0241360241,0.0575856026,0.0958856538,0.15707138,0.383598097,0.0282331792,0.120545597,0.730841309,0.385036255,0.275434356,0.0763023996,0.0296271775,0.0261614402,0.075516749,0.125259675,0.301604183,0.0870770694,0.00101265971,0.077499449,0.100827652,0.00535713943,0.284687025,0.274961761,0.0229824974,0.153501262,0.0388783747,0.573065657,0.0724862788,0.253400867,0.0722073443,0.0888310663,0.296408498,0.0652441035,0.00828262325,0.165358623,0.00960746539,0.0898411947,0.243265468,0.0433755778,0.0316928173,0.0031830246,0.273629819,0.0628882282,0.76039431,0.0535965358,0.278834641,0.182469792,0.0699615299,0.005753365,0.241902244,0.412940228,0.373441565,0.334702958,0.0854286742,0.0548284674,0.108579147,0.0256189299,0.00290308293,0.115125128,0.172872151,0.136343431,0.320333961,0.0461767995,0.233254752,0.193701966,0.16674912,0.376684942,0.00720852918,0.284835775,0.128419675,0.0357065416,0.362190285,0.0106870301,0.0305458637,0.198824325,0.246563404,0.0496716314,0.0099231677,0.0213739174,0.410251005,0.180331755,0.0431581719,0.146777983,0.410793652,0.057361613,0.691634867,0.257552048,0.00282352886,0.00755585272,0.254248802,0.0484287742,0.107952995,0.309444061,0.838436236
0.114725721,0.893827989,0.113992606,0.19927968,0.128578685,0.275716293,0.02516908,0.0582843353,0.0964446529,0.155900067,0.395528253,0.0258557584,0.117676609,0.731159629,0.376760123,0.282690922,0.0756707825,0.0272809492,0.0264931422,0.0775628981,0.123665983,0.299281861,0.0886281223,0.00104085183,0.074794166,0.0973676837,0.0054141067,0.284416701,0.281878545,0.0217215472,0.159033568,0.037078031,0.57573614,0.0767400831,0.2449339,0.0727507845,0.0885660724,0.295109048,0.0659652776,0.00642108998,0.167994302,0.0127813335,0.0931568838,0.240171632,0.0454886936,0.0309451996,0.00322407344,0.280131978,0.0598560796,0.752146507,0.0507058475,0.281232096,0.177994544,0.0706080469,0.0055793977,0.246026447,0.416804735,0.371446847,0.331036308,0.0864273357,0.0562500276,0.105817953,0.0244081058,0.00271125299,0.119057084,0.172761862,0.13496614,0.323368911,0.0495700615,0.231679998,0.190300689,0.177375585,0.369968537,0.00592718732,0.283022823,0.128889904,0.0366932622,0.360053668,0.010648304,0.0318500944,0.202714282,0.256597265,0.0514301663,0.010000006,0.0233912113,0.404952708,0.185096461,0.0420888745,0.152070597,0.413880087,0.0591127055,0.691923742,0.253535183,0.00213320596,0.00718868323,0.25666062,0.044521869,0.108054755,0.321074882,0.835892677
0.120765934,0.891657276,0.118665697,0.205938948,0.129152442,0.283493162,0.0257308836,0.0597067223,0.0967986512,0.149814298,0.406057017,0.0241354683,0.11963087,0.733390979,0.377378257,0.284922909,0.0737531291,0.0282440748,0.0251500124,0.0788567262,0.116776415,0.301572767,0.0937348754,0.00182149166,0.0723819136,0.0920544403,0.00531915422,0.28086621,0.297633853,0.0247245139,0.161140909,0.0372662248,0.573415727,0.0799199247,0.239625341,0.0742295221,0.0911451947,0.28924666,0.0662687255,0.00566289069,0.163978302,0.016824248,0.092676709,0.24516061,0.0470265754,0.0265136867,0.00270782997,0.275951841,0.0597611812,0.753457602,0.0507445233,0.278715059,0.180291244,0.0695229183,0.00677392243,0.241364053,0.419364822,0.36525188,0.324461744,0.09193692,0.0538228243,0.109213517,0.0253601951,0.00273722603,0.124699895,0.178213655,0.136798768,0.320464306,0.0516162237,0.233852607,0.192192515,0.191586463,0.367510176,0.00511290994,0.295419185,0.124817305,0.0368330368,0.374261609,0.00969961532,0.0329056664,0.200068962,0.268737049,0.0521346841,0.00816193727,0.0227462507,0.406735889,0.188400121,0.0403667985,0.149881264,0.410981456,0.0582408939,0.694046008,0.256152055,0.00237811916,0.00713477283,0.256802115,0.0403820349,0.103868612,0.323380621,0.838969221
0.126064006,0.890168323,0.114939487,0.204278234,0.134797416,0.29091446,0.0256018611,0.060874744,0.0967144973,0.148486138,0.421052566,0.0221983117,0.119099777,0.735817781,0.374198273,0.284015502,0.0697626642,0.0274080399,0.0232912187,0.0832274467,0.113554155,0.301774405,0.0914540771,0.00210636976,0.0707340196,0.0827196921,0.00501576182,0.277407338,0.304347799,0.0249457795,0.164109449,0.0384402142,0.580105312,0.0780532989,0.240122752,0.0751615382,0.0891884856,0.290635865,0.0683605263,0.00555918493,0.169943836,0.0219917162,0.0903980557,0.240651575,0.0479881129,0.0229776287,0.00191465998,0.281648637,0.059017611,0.752418903,0.0480560099,0.274299168,0.178490591,0.0671726631,0.00803043205,0.246397391,0.414778462,0.360265983,0.326126043,0.092690893,0.0524731051,0.108118899,0.0255731896,0.00249546271,0.134510052,0.181403964,0.132765404,0.317986703,0.0540249025,0.241825465,0.188483283,0.201754412,0.363735946,0.00514029083,0.3004056,0.122107161,0.0341130906,0.382924169,0.0094697028,0.0344576496,0.19954891,0.279638731,0.0508874604,0.00885826311,0.0227411965,0.404593517,0.186673867,0.0394364002,0.145950186,0.416125275,0.0570083704,0.693750154,0.248593931,0.00191159235,0.00672697624,0.255326007,0.0382807463,0.105332319,0.320857972,0.84507799
0.125324134,0.886481491,0.118941438,0.205928474,0.14018158,0.295768425,0.0274980814,0.0598210189,0.0984484629,0.145983204,0.427804138,0.0202363412,0.122735656,0.73587891,0.37536493,0.285066254,0.0720824009,0.0289089099,0.0213785576,0.0866161969,0.10330685,0.308731843,0.0951515654,0.00238032127,0.0749079291,0.0794728971,0.00389048795,0.267774183,0.316729848,0.0275417998,0.164470702,0.0390952062,0.582690981,0.0777810225,0.230103511,0.0756035866,0.0859519239,0.289458984,0.0679736872,0.00554830844,0.171465298,0.025418964,0.0901072207,0.248327823,0.0494804812,0.0233681468,0.00270709128,0.293325035,0.0598910759,0.756128054,0.0458176879,0.281087794,0.17943946,0.064362023,0.00981006535,0.251914156,0.40872832,0.36092458,0.321125932,0.0970826333,0.0480400778,0.11069909,0.0278668916,0.0025039856,0.14324323,0.191721135,0.125000108,0.316985181,0.0558598568,0.234821739,0.188935347,0.203875841,0.367425791,0.00430385578,0.314663622,0.125641544,0.0348562878,0.38707071,0.00763844331,0.0370186486,0.197629878,0.291116444,0.0450716086,0.0118460056,0.0220602883,0.400707984,0.181046676,0.0436042113,0.148002547,0.4235375,0.0556144897,0.696786578,0.252437337,0.00336781081,0.00619342702,0.254572722,0.0363804119,0.105630028,0.323630306,0.842400191
0.127467905,0.889171685,0.115274769,0.202052288,0.140544547,0.298989187,0.026310756,0.0551610178,0.0962905994,0.145939799,0.431016755,0.0164051388,0.122450026,0.735529956,0.374191707,0.286980202,0.0731801762,0.0317300755,0.0179409483,0.0919525863,0.0977604976,0.303054087,0.0949867075,0.00333675797,0.0790375526,0.075133734,0.00319488502,0.264228786,0.319481324,0.0275928881,0.168227815,0.0389304455,0.583349816,0.0809880636,0.226095784,0.0753528068,0.0843632223,0.280206159,0.0680319723,0.00689428439,0.171772768,0.030200368,0.0906976853,0.256927345,0.049553982,0.0211102723,0.00243968367,0.303195353,0.0617977512,0.757928298,0.042855304,0.29054463,0.183276423,0.0657805749,0.010529609,0.257309892,0.408479811,0.357727551,0.311239757,0.107611274,0.0467230349,0.10775723,0.0285165145,0.00248419271,0.148698109,0.19276608,0.120640671,0.319058103,0.0541418391,0.241444852,0.194713022,0.210789634,0.370239277,0.00341588571,0.317699117,0.125348502,0.0350671983,0.392979564,0.00635122077,0.0347892557,0.196385446,0.303339619,0.0450297122,0.012056266,0.0236830879,0.400374984,0.176334761,0.0442956334,0.144197525,0.425595182,0.0557212514,0.698822716,0.247970419,0.00361098055,0.00524934549,0.248434725,0.0360693836,0.105981127,0.329343302,0.85327593
0.123213322,0.888153707,0.116686698,0.202508273,0.142857168,0.300394055,0.0262752453,0.0582626817,0.0995520623,0.136248697,0.439607658,0.0132095767,0.124585932,0.740868614,0.377906496,0.287521583,0.0721659132,0.0345673427,0.0166937529,0.0962935449,0.0975858882,0.310990306,0.0980435298,0.00382945827,0.0824484795,0.0696571445,0.00405092858,0.253316273,0.328129674,0.0282336735,0.168326463,0.0398824653,0.592517844,0.0826420758,0.220342249,0.0752070073,0.0801299908,0.275467126,0.0679049413,0.00655522424,0.17431723,0.0363737914,0.0886613079,0.260350662,0.055596582,0.020577811,0.0029546088,0.309731546,0.0697219158,0.757643751,0.0413436668,0.29808907,0.178335724,0.0653906889,0.0118410178,0.259557207,0.412941161,0.361710382,0.308055353,0.11091539,0.047163773,0.117927262,0.0269461112,0.00271431525,0.159659704,0.200211842,0.118600503,0.317863249,0.0532481624,0.246018137,0.197233515,0.21226433,0.376362621,0.00319760846,0.337209161,0.119974746,0.0355925119,0.398435781,0.00701753967,0.0366519621,0.194975081,0.312268341,0.04128306,0.0112830382,0.0249595395,0.396871391,0.174115519,0.0458394745,0.148396936,0.433743611,0.0538938461,0.706315779,0.254295507,0.00434572426,0.00476643864,0.246483621,0.0337976491,0.113152841,0.336827379,0.857490966
0.125495783,0.889140517,0.115876701,0.200214285,0.13762133,0.300384532,0.0253623418,0.0541969691,0.102162709,0.131592059,0.443636697,0.0117201521,0.119495287,0.745796952,0.380258533,0.283556036,0.0727153585,0.0344125392,0.0138985664,0.101794109,0.0940828969,0.315773734,0.101672535,0.00432349624,0.0872409098,0.0673144799,0.00370792646,0.251705701,0.335829518,0.0264827454,0.170273768,0.0422748619,0.600271365,0.0777126633,0.228671239,0.0741211333,0.0764382846,0.273244261,0.0658133503,0.00525796512,0.17393824,0.0402770246,0.089485985,0.264525467,0.0565825574,0.0228731783,0.00296256703,0.327279473,0.0729054655,0.755287321,0.0388162078,0.301440781,0.177793918,0.0656485358,0.0118556757,0.261748694,0.419655231,0.372233774,0.278311312,0.11309344,0.0467021712,0.118593676,0.0273090037,0.00292924813,0.167315269,0.202005885,0.116151739,0.323870226,0.0524384483,0.248890766,0.194363603,0.214780567,0.378635002,0.00339126353,0.352377869,0.116783794,0.0355617159,0.399477732,0.00676328314,0.0373856615,0.197777746,0.324532447,0.0426119816,0.0108982858,0.0250977388,0.397589765,0.165572206,0.0495149682,0.148671556,0.439289449,0.055120207,0.707366566,0.249057765,0.00525687039,0.00520833329,0.247447032,0.0325718806,0.113523831,0.339824617,0.858456725
0.12525473,0.888690606,0.120674675,0.202060325,0.137110995,0.296656802,0.0255432992,0.0521103574,0.0991707827,0.126653611,0.461230449,0.00985761501,0.12325931,0.747873486,0.379276689,0.292598307,0.0766969212,0.0351526259,0.0108947499,0.103661605,0.0975573442,0.320805159,0.102609866,0.00505689905,0.0890712079,0.0610861942,0.00318379311,0.247735448,0.339131056,0.0282201795,0.170173292,0.0470681089,0.602428264,0.0818583604,0.223201031,0.0716501944,0.0749792351,0.279096763,0.0682359972,0.00593276336,0.171045023,0.0432558543,0.0917049887,0.273050889,0.0635434953,0.0222404983,0.00373931454,0.336674243,0.0777258693,0.754312058,0.0385791337,0.305590785,0.183472778,0.061403601,0.0110026931,0.251461936,0.430439737,0.380977143,0.267856806,0.120798114,0.0445370742,0.120108116,0.0250862675,0.00314324335,0.175275661,0.209132567,0.118854993,0.328165935,0.0527535149,0.252224864,0.204954179,0.223401667,0.393834138,0.00360246007,0.363590016,0.114746219,0.0338744202,0.403927167,0.0057822022,0.0367523869,0.200535635,0.335292896,0.0424198994,0.0141354182,0.0260566734,0.389774104,0.159414135,0.0495293835,0.158068686,0.443919861,0.0571863848,0.708586949,0.24844327,0.0055235382,0.00574850353,0.248003989,0.0338040929,0.119749139,0.340087486,0.861239162
0.129018058,0.886916155,0.115897667,0.201329557,0.136142866,0.293819887,0.0251901468,0.0520055721,0.0995997682,0.115588771,0.465007957,0.00911742932,0.120355839,0.740742598,0.386312959,0.288608186,0.078952478,0.035272158,0.01042888,0.105269896,0.0949059778,0.318185188,0.101917956,0.00505434001,0.0905077432,0.0589088356,0.0028843394,0.25033172,0.348261369,0.0262716507,0.166627789,0.0495405432,0.604461555,0.0829668053,0.227529691,0.0706193999,0.0727068907,0.279988709,0.0689598233,0.00616482917,0.173938611,0.0487049573,0.0930130516,0.27816866,0.0665109942,0.0243697848,0.00372043747,0.344745366,0.0823895531,0.754986198,0.037176813,0.309151712,0.18141733,0.0625432164,0.0107853346,0.254521302,0.439195936,0.383993217,0.250803753,0.119076473,0.0426347674,0.120859193,0.0245514209,0.0035858361,0.178051886,0.216693094,0.11903418,0.33613757,0.0540677536,0.252139461,0.202912945,0.220967884,0.404183815,0.00423549542,0.370200556,0.116100312,0.0316565165,0.407105316,0.00622406978,0.0381294878,0.211985465,0.339505945,0.0438700149,0.0148936157,0.0276015169,0.384040679,0.158519633,0.0499832015,0.161756031,0.449339643,0.0561859362,0.71905468,0.252310462,0.00622754358,0.00524902535,0.250348633,0.0336030538,0.12739751,0.344314485,0.865677401
0.131592049,0.889806319,0.113113344,0.197421431,0.137278381,0.289410885,0.0271942827,0.0526685133,0.101324444,0.108848484,0.480832809,0.00840950444,0.119318183,0.739110274,0.38854,0.28308641,0.0805816746,0.0345235506,0.0114929163,0.107503848,0.0905742293,0.324914154,0.105727929,0.00685278755,0.0910837379,0.0615941804,0.00261248507,0.246962549,0.354282432,0.0259612739,0.166015213,0.0542976136,0.615172762,0.0800282488,0.232032304,0.0675989111,0.0744378209,0.273680899,0.0718986412,0.00645578001,0.180952343,0.0529247871,0.0914404741,0.279944929,0.0711670246,0.0233347448,0.00356765263,0.350620927,0.0813613838,0.754264779,0.0366442812,0.311656668,0.172599911,0.0624130169,0.010995986,0.24834287,0.44747629,0.391902098,0.238412568,0.123029531,0.0462719031,0.124035443,0.0225755618,0.00366049073,0.185374199,0.21773661,0.118481842,0.337129045,0.0616784831,0.254122101,0.208134809,0.222289718,0.408549977,0.00470387232,0.368489672,0.110842518,0.0305988324,0.417764725,0.00729335012,0.0375655469,0.21448337,0.349930282,0.0449154681,0.0190413822,0.0291322533,0.378365012,0.151308768,0.0521249046,0.167740212,0.457608816,0.0586530211,0.718905915,0.248032869,0.00615238388,0.00468556766,0.254377922,0.0352581138,0.1304904,0.35430826,0.869370734
0.131039401,0.888626422,0.114497537,0.195693467,0.143409584,0.283539846,0.0283018678,0.0530267141,0.104222264,0.0988971519,0.489778208,0.00914743865,0.120796106,0.730440203,0.395377667,0.283044089,0.0756831327,0.033198008,0.0105893204,0.112442073,0.0889987243,0.325853122,0.106653023,0.00743781099,0.0913273836,0.062241186,0.00346120628,0.247813899,0.364130581,0.0239842136,0.163316433,0.0552251345,0.619478215,0.0805135962,0.231818054,0.0666072046,0.0790592419,0.262066793,0.071147017,0.00642260886,0.186496622,0.05627284,0.0902222206,0.286286092,0.0694956763,0.0229397272,0.00389889536,0.35456525,0.0863127788,0.750145766,0.0400835478,0.311414464,0.16869623,0.0665266715,0.0120507303,0.24238914,0.448866732,0.392902454,0.233037561,0.126416882,0.0483645655,0.128434906,0.0197346917,0.00299539283,0.18808309,0.221755345,0.122924856,0.34621379,0.0680156749,0.259020928,0.204528059,0.226817018,0.41,0.0051546421,0.376058973,0.107096509,0.0288981392,0.421129296,0.00901934321,0.0355648491,0.215241003,0.351418317,0.0471503479,0.0180583077,0.0340016475,0.377603028,0.150715626,0.0503811533,0.181590173,0.462567742,0.0580545466,0.722535377,0.244852381,0.00597800179,0.00420375781,0.255563377,0.0352445419,0.134789477,0.35314177,0.871364092
0.136879359,0.886288657,0.106669856,0.200234498,0.142504854,0.281923794,0.0279969807,0.0534467115,0.108215471,0.0935123688,0.507106042,0.0095064031,0.125463885,0.73099523,0.394917114,0.284373519,0.0797607012,0.0312725348,0.00905923124,0.114432391,0.0917986705,0.326398787,0.102252246,0.00834658193,0.0907342585,0.064557581,0.00315095992,0.251572287,0.375628565,0.0214871121,0.159783305,0.0608359436,0.615424739,0.0836362905,0.226556675,0.0645982435,0.0842857121,0.258065952,0.0760106361,0.00544872001,0.186390311,0.0604026008,0.0908018062,0.298535065,0.0755422354,0.0205968964,0.00505453706,0.364322495,0.0982013661,0.754665598,0.040372786,0.319149454,0.162965188,0.0694477824,0.00952784363,0.23345733,0.456503994,0.401353511,0.214196499,0.126026782,0.0524102475,0.129172713,0.0174587768,0.00300300214,0.188924607,0.221217833,0.128904703,0.350347696,0.07258068,0.265034376,0.202598762,0.230589965,0.411602275,0.00617283749,0.379969829,0.107702137,0.0308506239,0.435408731,0.0112130571,0.0331216082,0.211582655,0.352730682,0.0453224589,0.0202120699,0.0308884573,0.3689158,0.153193708,0.0498761507,0.188203071,0.47539579,0.0525286612,0.722207485,0.246024747,0.00592837647,0.00452034108,0.258778698,0.0324846957,0.139247163,0.357946086,0.871700181
0.141150051,0.882652584,0.106504111,0.2010094,0.14767092,0.280746766,0.030432342,0.0541334513,0.104713705,0.0932183896,0.518043233,0.00881056465,0.129853957,0.726556471,0.388375532,0.28460063,0.0811767635,0.0309777506,0.00921446696,0.1241406,0.0891057388,0.323300553,0.100585641,0.00891650864,0.0923783785,0.0689831813,0.00403923785,0.251787728,0.37756799,0.0231311575,0.157765076,0.0622478735,0.621051521,0.0809135382,0.222926181,0.0616221547,0.0855542364,0.260458008,0.0761381464,0.00590612778,0.176733717,0.0665259536,0.0915174611,0.310063615,0.0776649651,0.0182125971,0.00660911815,0.373667651,0.103061544,0.753327685,0.042078689,0.312023484,0.157744936,0.0707496302,0.00833510591,0.231999838,0.465904435,0.403683027,0.203474616,0.123091836,0.0539227482,0.133342592,0.0159677086,0.00274285161,0.192063143,0.21611525,0.133009583,0.351946032,0.0750567068,0.269661993,0.195324609,0.230403046,0.406005278,0.00685082702,0.375715219,0.106541449,0.0323076761,0.448641897,0.0116765432,0.0300982742,0.217111365,0.364292341,0.0517893283,0.0246180033,0.030848828,0.368709782,0.152785515,0.0484370799,0.191559194,0.48983126,0.0520979656,0.722028464,0.251761141,0.00593401911,0.00354969755,0.2622145,0.0334037617,0.13888097,0.362562283,0.869997322
0.14462027,0.877305754,0.107949261,0.201615864,0.147615957,0.275308238,0.0349251202,0.0518229883,0.105357978,0.097219,0.532149633,0.0068337171,0.133105173,0.721064531,0.384986101,0.282676583,0.0840206698,0.0308418277,0.00948855161,0.123863057,0.0897190228,0.327456562,0.099280313,0.00871610947,0.0882842994,0.0673795651,0.00346720975,0.258150125,0.390497337,0.0257936697,0.157167747,0.064605082,0.629949509,0.0831249792,0.214146881,0.0596592978,0.0901967246,0.259295819,0.078730854,0.00583537924,0.171604944,0.0685243202,0.0954723416,0.32056014,0.0831846195,0.0152801287,0.00867444083,0.380072976,0.102641968,0.756216564,0.043786579,0.309773026,0.148893996,0.0699352432,0.00825648484,0.23103469,0.473474852,0.408647616,0.19779914,0.125123805,0.0541490942,0.138404332,0.0154507877,0.00231267125,0.197487441,0.214189148,0.134423345,0.349901384,0.084947202,0.268618613,0.193699982,0.234747214,0.406265329,0.0069289318,0.376000842,0.102781471,0.0311608831,0.456896932,0.0123681377,0.0265067614,0.208873846,0.36707625,0.0521437037,0.0260914032,0.0324808935,0.363893447,0.149400469,0.0475761796,0.19748248,0.505694856,0.0502683403,0.718833192,0.250829167,0.00576230914,0.00399278846,0.263982232,0.0318297583,0.138741518,0.363686407,0.866570023
0.141062435,0.870938044,0.105955576,0.210288413,0.153846202,0.280110946,0.0376241579,0.0549749539,0.103842838,0.0988281278,0.533339965,0.00683111965,0.139629931,0.722876285,0.379901178,0.286522157,0.085636052,0.0278046403,0.0104529704,0.127577009,0.0812320251,0.328004465,0.103483821,0.00900901863,0.0858374198,0.0682401184,0.0041716373,0.262786242,0.396325038,0.0277934229,0.155724733,0.064083866,0.63791396,0.0820964961,0.210549385,0.0602035143,0.0873180126,0.267421997,0.0793526085,0.0062874235,0.176270677,0.0702947557,0.0959088953,0.336748224,0.0841673297,0.0165464749,0.0105277202,0.378496037,0.101673439,0.758892013,0.0452949009,0.304482252,0.139801734,0.0667326516,0.00774601555,0.231379274,0.475898313,0.415494998,0.186928468,0.12409109,0.0532015568,0.138535828,0.0146056453,0.00175767612,0.194759298,0.212882891,0.135877087,0.343452403,0.0893310228,0.275727672,0.1856992,0.238154388,0.404255314,0.00667853593,0.376355395,0.103785914,0.0324803268,0.465250911,0.0116788243,0.0254807911,0.198267921,0.372764538,0.0547370838,0.0254295433,0.0341349334,0.356034543,0.146524308,0.0464302646,0.206835329,0.525963251,0.0524307939,0.722095127,0.24811635,0.0048875855,0.00439959085,0.266477938,0.0295288201,0.138362274,0.364259144,0.866844873
0.139077134,0.868442144,0.106678068,0.215851892,0.147964122,0.274212284,0.0420849055,0.0558165515,0.107053944,0.105795453,0.536558027,0.00688863103,0.14762161,0.727382343,0.375188429,0.29140943,0.0864212226,0.0262135572,0.010793056,0.130831568,0.0769482407,0.330355167,0.103380946,0.00685322881,0.0851387982,0.0701534455,0.00476757954,0.269835571,0.397814895,0.0307561993,0.155582811,0.061434997,0.645987056,0.0836193839,0.208399313,0.0618348088,0.0891404243,0.263740896,0.0800038298,0.00507614751,0.177274512,0.0727475589,0.0976825166,0.342571987,0.088281907,0.0151253598,0.011539468,0.386332747,0.0990025914,0.763592382,0.0465965485,0.305740279,0.129385307,0.0618312588,0.00802255305,0.226462845,0.475527923,0.417155108,0.182606464,0.125461099,0.0546608638,0.135990678,0.0131147561,0.00166666459,0.194772658,0.212103521,0.137830334,0.346005525,0.0947699067,0.27340424,0.179681308,0.248225184,0.398494491,0.00653889016,0.376653543,0.108272107,0.0340656678,0.472032453,0.0123501622,0.0238946508,0.189679331,0.381071901,0.0567177174,0.0269019619,0.0346534475,0.355972221,0.144919246,0.0480097969,0.216278191,0.53140392,0.0515675749,0.717367441,0.246879843,0.0036275688,0.00385802817,0.26519833,0.0264827604,0.134650429,0.37440044,0.865400026
0.136203529,0.866502229,0.10760221,0.220007305,0.15424,0.272481879,0.0441348336,0.0565449324,0.10605753,0.11003855,0.541132552,0.00536193067,0.153186485,0.727529244,0.37376848,0.295005781,0.0848067563,0.026790117,0.0112201956,0.132856931,0.0702228673,0.335603333,0.0992145401,0.00690846012,0.0894988008,0.0743461516,0.00413956361,0.280795412,0.402129733,0.0352054451,0.159423732,0.0578589301,0.649057288,0.08634216,0.208311181,0.061943372,0.0920245893,0.272116598,0.0780611834,0.00358423155,0.181733069,0.0729608046,0.102546768,0.353593139,0.0930451339,0.0191083112,0.0136090025,0.396589324,0.10271956,0.768646733,0.0496391743,0.28553786,0.125282317,0.0610998517,0.00676763648,0.225291486,0.479110585,0.426174657,0.17702962,0.130729841,0.0534331662,0.140827631,0.0143790774,0.00241137984,0.190716184,0.211071752,0.142413508,0.341962967,0.0962991843,0.286643086,0.178401065,0.255552682,0.405380151,0.00607425146,0.378946368,0.103073029,0.0346929066,0.477949777,0.0142283806,0.0239202626,0.189558639,0.391469236,0.0546504634,0.030067564,0.0377264055,0.35997057,0.142571352,0.0458373774,0.221155981,0.542702653,0.049117596,0.71488356,0.249132268,0.00342465496,0.00336700566,0.262823153,0.0271756269,0.135048858,0.378653914,0.867393973
0.130330246,0.8673453,0.106965834,0.224076803,0.158192067,0.279645654,0.0474069589,0.0563180734,0.106570831,0.118543148,0.547968601,0.00460829609,0.161965065,0.729470755,0.376272618,0.298002703,0.087467099,0.0255939116,0.0101033802,0.141480501,0.0657391952,0.342956424,0.101588049,0.00568665718,0.0889759308,0.0749938742,0.00445500612,0.279145352,0.402253332,0.0378452832,0.160381307,0.0518323685,0.664509425,0.0856736618,0.204230126,0.0619922038,0.0907751043,0.273139935,0.0746167385,0.00323054595,0.189021184,0.0760963258,0.104493079,0.360129875,0.101879527,0.0205508983,0.0136303924,0.405759257,0.103486261,0.766916165,0.0510321699,0.2721281,0.122448974,0.0545593822,0.00671510199,0.228731641,0.487765393,0.435506313,0.165336806,0.133004037,0.0504191345,0.143156659,0.0134558594,0.00196850336,0.195907558,0.21000444,0.140995888,0.348024456,0.102992745,0.291891669,0.178337465,0.264421005,0.404345126,0.00468854326,0.379236477,0.106625921,0.0341158844,0.479824635,0.0138483931,0.0267352962,0.185670068,0.391232609,0.0547533687,0.0301753102,0.0414496057,0.360875374,0.135552248,0.0466051351,0.229105915,0.550196235,0.0496103579,0.71379261,0.242814531,0.00331971494,0.00363636331,0.255656363,0.0245214533,0.132081095,0.381926373,0.862770814
0.128088507,0.860455046,0.109129976,0.229664802,0.159882815,0.284391817,0.0492063009,0.0567860263,0.105444943,0.121528605,0.544526903,0.0034181555,0.16351931,0.734173122,0.367150412,0.305912436,0.0849349027,0.026663408,0.00984990152,0.151401361,0.0610955454,0.35282376,0.102989549,0.00520531867,0.0886911115,0.0781921378,0.00454545584,0.283667168,0.406310575,0.0414500416,0.164539533,0.0445134412,0.671648638,0.0879226955,0.198802026,0.0645225745,0.0871642314,0.272699185,0.0679400891,0.0037867719,0.196447274,0.0726583036,0.110740691,0.376108958,0.107457335,0.0225052636,0.0160421205,0.410761191,0.100450632,0.768829147,0.05390807,0.257783034,0.113141811,0.0488780093,0.00684162981,0.225835177,0.492297992,0.441333783,0.16658238,0.132417802,0.0508098383,0.143147983,0.0131839212,0.0022021028,0.188223502,0.208333481,0.148126265,0.349133199,0.107250503,0.302935817,0.180228037,0.269973743,0.413410607,0.00400000614,0.382636176,0.106860563,0.0354120101,0.48158174,0.013120564,0.0267441423,0.174215203,0.389808691,0.0560503921,0.0314381232,0.0429861357,0.364968495,0.131753849,0.0466290165,0.224873888,0.56099359,0.0488997198,0.715853103,0.22861083,0.00289625911,0.00288184822,0.25121531,0.0253104398,0.130828893,0.383793123,0.857596696
0.12190286,0.861990462,0.113940389,0.227629935,0.161275052,0.292242098,0.0482785711,0.057192406,0.102577164,0.123419095,0.546561993,0.00373691693,0.169482118,0.736553833,0.366298428,0.306831692,0.0893779673,0.0279364421,0.00939408221,0.148581378,0.0557705869,0.364059811,0.101098919,0.00546919456,0.087501697,0.0798546504,0.00553845765,0.290588947,0.410909804,0.0417690009,0.168050399,0.0390641748,0.683068006,0.0823228991,0.188423573,0.0661686759,0.0876381121,0.27491278,0.0640652195,0.00314106107,0.206084518,0.0749471154,0.112783307,0.381053714,0.115030923,0.0243084617,0.0148129351,0.419734663,0.096610089,0.772997413,0.0550156423,0.24990748,0.109636927,0.0446704704,0.00822257161,0.226724354,0.495519394,0.442435658,0.159929322,0.135324023,0.0550543745,0.140810631,0.015561567,0.00262172362,0.181057948,0.207952363,0.14194319,0.35415967,0.116580945,0.316993642,0.178947815,0.268539672,0.422051036,0.00354845823,0.386956758,0.102641626,0.0358916293,0.490901166,0.0109773453,0.0312603658,0.172227575,0.391951728,0.061455973,0.0377264894,0.0444598456,0.36411988,0.12125643,0.0503336614,0.221986524,0.561250871,0.0471756253,0.723688019,0.226470735,0.00351636782,0.00270415974,0.246652738,0.0230841072,0.128197658,0.398316394,0.856936613
0.117707024,0.861793714,0.115424052,0.230218716,0.159937937,0.294143435,0.0519260685,0.0594370896,0.102201617,0.123702623,0.543910971,0.00355672336,0.171018002,0.749204125,0.367715784,0.307999055,0.0882820749,0.0272952768,0.00728829216,0.148876326,0.0469835032,0.364062167,0.0980536832,0.00467426411,0.0875296921,0.0866308252,0.00527295151,0.297555878,0.4064774,0.0417346777,0.173081665,0.0346811932,0.689084182,0.0843889025,0.184530151,0.0691079084,0.0850257278,0.269576532,0.0581570591,0.00341782795,0.217854311,0.0775941798,0.111958951,0.386333203,0.122747939,0.025490983,0.0155057792,0.415919707,0.100782432,0.775299069,0.055149647,0.249532562,0.105683017,0.0415274309,0.00834649532,0.226588868,0.495547046,0.443885293,0.157342685,0.138235222,0.0543802535,0.140573879,0.0153322038,0.0025050108,0.175753899,0.210186042,0.146533646,0.350161294,0.114015926,0.324472013,0.178050716,0.278079017,0.42975272,0.00283842543,0.382510427,0.0998102585,0.0340782142,0.49911109,0.0143607721,0.0344422356,0.177462924,0.386652414,0.0637208094,0.0396642258,0.0460488138,0.366439378,0.122568924,0.0494668694,0.218974276,0.551837106,0.0501387743,0.729233184,0.230117351,0.00381887726,0.00275330093,0.245100929,0.0224658365,0.120119912,0.412168052,0.853090635
0.111583869,0.860825383,0.115364675,0.228275919,0.160856326,0.303534565,0.0524026697,0.060004277,0.105675467,0.126627403,0.538277097,0.00373832141,0.173074884,0.747128684,0.366292708,0.315282681,0.0894225927,0.0270438739,0.00704387932,0.148006177,0.0430283678,0.368788904,0.0952033028,0.00501919878,0.0883080073,0.0889199752,0.00408548235,0.305134321,0.415464854,0.0427443571,0.171307559,0.0308623305,0.692498026,0.0883301251,0.177074556,0.0716260262,0.0869565097,0.2699838,0.052780385,0.00344036291,0.22579035,0.0815503807,0.114654701,0.390782356,0.125765171,0.0231500931,0.014391953,0.41863323,0.103100475,0.780908708,0.0537856008,0.255388868,0.106064765,0.0410779056,0.00825309922,0.228514591,0.501432476,0.441008402,0.143448634,0.138472398,0.0599451129,0.140355679,0.0143718858,0.00325488616,0.17241669,0.203890152,0.153101651,0.359442834,0.112446171,0.328993309,0.186672065,0.289240505,0.43613438,0.00313549665,0.375647142,0.100124351,0.0335888244,0.512918866,0.0141193091,0.0403146275,0.181818036,0.380639122,0.0667207101,0.0456818698,0.0447805154,0.359644949,0.115857593,0.0537023456,0.21763744,0.550556789,0.0520768099,0.730864982,0.230334368,0.00355288352,0.00192784261,0.245386842,0.0208557759,0.123832599,0.417152525,0.852039431
0.1120487,0.858758435,0.115976124,0.226305743,0.165604144,0.306540531,0.0544487678,0.0614429507,0.105228858,0.126000975,0.539520506,0.00415721765,0.170133299,0.747580659,0.359569165,0.323957511,0.0938136935,0.0280927414,0.00605853467,0.149340376,0.041424399,0.372440296,0.0877408757,0.00478182921,0.0840219245,0.0974673807,0.00443318392,0.30165142,0.406869144,0.0479470559,0.1743418,0.0270890701,0.694143918,0.0878445451,0.172467038,0.0767609789,0.0872627086,0.267364433,0.0483962452,0.00345323876,0.231180064,0.0812557522,0.117156155,0.397477968,0.12670706,0.0207823555,0.0153374324,0.419669989,0.108630007,0.78282809,0.0554700565,0.258568001,0.112421056,0.0401738901,0.0074644246,0.222955643,0.512194267,0.429545616,0.13698632,0.14327019,0.0640741954,0.138174939,0.0127285685,0.00388198628,0.169270442,0.204845864,0.15758248,0.363579106,0.115262581,0.334997785,0.18780668,0.287346012,0.450718519,0.0028895327,0.370449486,0.0955433282,0.0351193641,0.523809911,0.0142708117,0.0419672404,0.180864594,0.364622142,0.0705190801,0.046880151,0.046377363,0.36727186,0.111324306,0.0558867209,0.214116681,0.553085636,0.0495594733,0.731563592,0.226107429,0.00442477631,0.00252951384,0.251534335,0.0197761941,0.116857616,0.420620471,0.853018349
0.103715209,0.854816956,0.115244962,0.227075205,0.170928474,0.304749764,0.0544827592,0.0614753776,0.1075393,0.12605254,0.541684842,0.00454029609,0.172609944,0.753133124,0.345555062,0.329066134,0.0984102052,0.0261185158,0.00746776164,0.154138967,0.0365247977,0.373337219,0.0888363178,0.00522433721,0.0819901955,0.0976086775,0.00419219929,0.308688533,0.403187177,0.0497445726,0.168414321,0.0264127419,0.692942714,0.089887637,0.175986927,0.0783159575,0.0839094342,0.25955341,0.0473753007,0.00403109981,0.235242417,0.0808891905,0.117055128,0.387358026,0.124182198,0.0177261727,0.0154747607,0.413011567,0.10900332,0.779920568,0.0544030962,0.281461779,0.114922199,0.0379273162,0.00791401603,0.218537081,0.522348045,0.414031418,0.139774788,0.138972782,0.0689512575,0.143244683,0.0113719646,0.00315291575,0.166957421,0.203817342,0.154609266,0.372817427,0.124305668,0.343358118,0.190064216,0.300125967,0.457481438,0.00289145728,0.365882912,0.0959392208,0.0360308865,0.530528388,0.0163706255,0.0436121733,0.188813849,0.356335626,0.0778069867,0.0500669635,0.0447266199,0.37222635,0.104568349,0.0559171477,0.206663022,0.564259769,0.0502730246,0.738902834,0.22120171,0.00531766559,0.00229489282,0.260113735,0.0170558394,0.113457918,0.436568284,0.856354872
0.0974246492,0.85237676,0.112869398,0.227486005,0.167228122,0.308313505,0.0532826503,0.0632423811,0.110117863,0.120005133,0.544147057,0.00537634526,0.172734174,0.754503666,0.34912093,0.33715163,0.09695697,0.0258427024,0.00721533417,0.158943662,0.0346290385,0.37847113,0.0831049931,0.0052762173,0.0772791784,0.102749129,0.00487329355,0.312302516,0.38935284,0.0534422839,0.171274973,0.019993934,0.694580186,0.101572946,0.172048836,0.0822685043,0.0861795636,0.260736978,0.0454130979,0.00349345127,0.24183085,0.0759706384,0.109991444,0.378219298,0.121417373,0.0154257848,0.01692976,0.405732164,0.106375251,0.780352881,0.0534849139,0.285289866,0.115605297,0.0364443028,0.00806258927,0.222714298,0.530071664,0.407555554,0.137032123,0.138350394,0.0782560235,0.138696991,0.0103934664,0.00372637744,0.161982787,0.195703798,0.159783947,0.378740507,0.127769776,0.338235287,0.191383779,0.308556174,0.472388327,0.00268997972,0.366352006,0.0917187504,0.0366983333,0.532042084,0.0186643783,0.0456707956,0.191693884,0.350910395,0.0844793493,0.0555554588,0.041707402,0.37511174,0.0967694571,0.054978358,0.206106218,0.576767384,0.046819465,0.742730087,0.222043897,0.00481859943,0.00311173724,0.270559561,0.015795879,0.110006004,0.447263943,0.860226152
0.0964163724,0.854632628,0.115883354,0.225917756,0.176028507,0.30736845,0.0527351568,0.0656178789,0.114732919,0.113092102,0.546243515,0.00581846274,0.172804001,0.758139911,0.351784247,0.338895519,0.105291737,0.0259476479,0.00730336427,0.168318396,0.0302491701,0.381963392,0.0790797297,0.00557103046,0.0742297179,0.103444351,0.00484809032,0.316555347,0.388522815,0.0553627118,0.170194913,0.0194233497,0.69681887,0.108892679,0.180472533,0.0857573595,0.0898011327,0.269808815,0.0451091424,0.00409356867,0.246838334,0.070647231,0.105398417,0.379525385,0.114685985,0.0145313158,0.0163859704,0.405055654,0.102474117,0.779517828,0.0522302004,0.290130474,0.11574191,0.0348836988,0.008585738,0.216931634,0.534944332,0.394209831,0.13618592,0.130509853,0.0877637129,0.132129805,0.0107628302,0.00429299327,0.156199244,0.194365347,0.153634451,0.38331902,0.129719778,0.337725256,0.193763717,0.315610447,0.479741743,0.00312569763,0.36924519,0.0941176661,0.0349608792,0.529731848,0.019833018,0.0454689734,0.19257782,0.350134372,0.0833607297,0.0610304223,0.0401403373,0.376967592,0.0991288841,0.0551227375,0.199336128,0.585770342,0.045514568,0.743569494,0.223753939,0.00452233359,0.00373027425,0.277329878,0.0150598092,0.106971852,0.448447671,0.866091673
0.0937182016,0.852053446,0.11140074,0.228740573,0.171544509,0.310641277,0.0548393045,0.0694502315,0.118140992,0.11000795,0.55345165,0.00594530184,0.175956226,0.763339988,0.339979751,0.342368019,0.114635758,0.0283597501,0.00812736679,0.17894212,0.0266357186,0.389741538,0.0754982616,0.00651163216,0.0689722802,0.103146021,0.00420439521,0.324647155,0.380759682,0.062455465,0.163461208,0.0173939537,0.693902214,0.120927071,0.184075668,0.0852085654,0.0854551031,0.276410598,0.043712284,0.00438083712,0.255449648,0.0716001843,0.101672861,0.368847077,0.112707485,0.0132978752,0.0177224209,0.398176866,0.102126857,0.781052583,0.0518287162,0.290311498,0.115637834,0.0330254866,0.010579457,0.208161563,0.537278709,0.39210512,0.130926888,0.122556715,0.0932561857,0.130397634,0.0100302804,0.00382722445,0.1567354,0.193038243,0.159196539,0.391151542,0.136189222,0.33806135,0.197049226,0.326188171,0.488024667,0.00446827662,0.366375439,0.0963631026,0.036173259,0.538953112,0.0179504693,0.046493242,0.194722318,0.348614942,0.0834948767,0.0637818089,0.0389672939,0.388758634,0.0979800619,0.0567661581,0.200054458,0.593499678,0.0459234452,0.746855832,0.219916092,0.00419346016,0.00434782574,0.2872306,0.0135832118,0.109978335,0.45269415,0.868053919
0.0908788322,0.850552388,0.115085661,0.234283938,0.177240748,0.304443011,0.0559209993,0.0667070558,0.124800235,0.106511203,0.562603593,0.00556218104,0.176492235,0.761427237,0.335618869,0.354661172,0.12156361,0.0329081686,0.010211028,0.18197565,0.0235915778,0.398038096,0.0710396608,0.00613120371,0.0696851088,0.106787146,0.00391516674,0.325596437,0.373060525,0.0683328971,0.15910207,0.0180940923,0.700588438,0.131561236,0.190266673,0.0870384797,0.0879421835,0.288548681,0.0445608331,0.00478755017,0.261466641,0.0664201777,0.100817048,0.366909026,0.107323637,0.0101050901,0.0187471037,0.39596391,0.101595121,0.780638149,0.0514850032,0.297321269,0.1138122,0.0316437437,0.0117762529,0.196882537,0.542612851,0.379117382,0.126861504,0.121794847,0.099275043,0.126408441,0.0116501067,0.00358324148,0.163817017,0.191074549,0.167083851,0.397503724,0.141594187,0.335395422,0.194321554,0.340897228,0.495055478,0.00426199861,0.369081637,0.0938098557,0.0387408747,0.535958339,0.0185248902,0.0457023944,0.190067095,0.353650026,0.0818598003,0.0602452037,0.0386761792,0.389563041,0.103249739,0.059496692,0.197259328,0.59842287,0.0444671297,0.750800389,0.214571134,0.0030504761,0.00566860929,0.304990699,0.0134642358,0.109816941,0.45136822,0.872101595
0.0950233851,0.851027408,0.118892657,0.232153248,0.181524453,0.304409819,0.0556790358,0.0679641974,0.129209508,0.110605973,0.568242958,0.00607533674,0.181580524,0.760482868,0.321816174,0.365041695,0.125026684,0.0375032742,0.0107576053,0.200828161,0.0223493172,0.395600977,0.0657619628,0.00676081391,0.0678607164,0.103578616,0.00329163975,0.328429926,0.367015483,0.0724867195,0.150359588,0.0201943515,0.701518048,0.134121598,0.194051632,0.0879437608,0.0893890497,0.299094282,0.045681998,0.00477897572,0.264909939,0.0668033518,0.09947346,0.362036027,0.0987252554,0.0113770107,0.0211087806,0.387599202,0.0959459768,0.783311894,0.0488020579,0.295936156,0.110756103,0.027624334,0.0145931189,0.193239078,0.551046984,0.370635977,0.120234333,0.119844389,0.101733438,0.126528952,0.0126804515,0.00368481107,0.166211087,0.189103794,0.176608118,0.403646817,0.147664004,0.329298217,0.192975684,0.352079013,0.495039951,0.00451875568,0.379568922,0.0971673411,0.0411522287,0.534765884,0.0192176116,0.0433108949,0.191627276,0.358497543,0.0880303727,0.0631447204,0.0386787055,0.400813488,0.107917721,0.0566783643,0.196458861,0.615202657,0.0422825949,0.752092743,0.213785581,0.00309162642,0.00574204802,0.321479809,0.0122079062,0.109676929,0.448475935,0.871476747
0.0904809249,0.848094363,0.124531548,0.230995038,0.187192831,0.30249524,0.055850185,0.0716773225,0.128820468,0.109085822,0.571792933,0.00797766226,0.184174965,0.758874175,0.323859613,0.370085858,0.129509533,0.0430725894,0.010677804,0.209824645,0.0238769265,0.407281666,0.0606828389,0.00607227464,0.0684068009,0.10079576,0.00334001218,0.330307626,0.360193848,0.0727923604,0.144688623,0.0196351151,0.70937596,0.136440989,0.192143872,0.0908197787,0.092130499,0.302854142,0.0460721762,0.00401358298,0.272465145,0.067504405,0.096916297,0.365175938,0.0927905133,0.0114579274,0.0200934205,0.395839154,0.0905712149,0.780210351,0.0479027232,0.287763569,0.106031208,0.0249927861,0.0171258186,0.191070463,0.548661419,0.374727921,0.123012806,0.116782643,0.10161428,0.131618134,0.0138995965,0.00256410322,0.166404816,0.188084008,0.189810721,0.406710759,0.155837585,0.325572079,0.196846275,0.366504721,0.4893836,0.00386803054,0.383707259,0.102085463,0.0449755199,0.530777749,0.0225240282,0.044494222,0.195106578,0.363318819,0.0915493345,0.0633489387,0.0429288136,0.399516836,0.115357655,0.0564503579,0.197597417,0.624366843,0.0428374965,0.756689131,0.215077031,0.00332409766,0.00626456631,0.330427898,0.0120925329,0.108477448,0.451475366,0.873082567
0.0907033993,0.844721869,0.121343453,0.230903694,0.192282064,0.313119651,0.0572325762,0.0695643377,0.133124008,0.11227579,0.576125508,0.00782214438,0.188544046,0.758222835,0.316056225,0.372949502,0.126103757,0.0503865829,0.0113900502,0.225139876,0.0213675489,0.411199258,0.0593060786,0.00741839785,0.0687240066,0.0973684766,0.0037722952,0.345777238,0.358569562,0.0768518116,0.137880575,0.0167529716,0.713081069,0.143674202,0.189027867,0.0936769517,0.0933859382,0.310715226,0.0483538459,0.0038192249,0.278192134,0.0679172746,0.0979839604,0.373946696,0.0866205967,0.0124853689,0.020583337,0.397623004,0.0887832275,0.782903931,0.0474131382,0.284348654,0.0999437902,0.0218202691,0.0195662633,0.187412161,0.55159276,0.381244535,0.115032579,0.113523829,0.102741732,0.129984842,0.0135666632,0.0023255802,0.164646799,0.183114602,0.207960517,0.411747893,0.163431942,0.322054879,0.197333241,0.386848424,0.50000005,0.0049470787,0.393299332,0.0980526668,0.0417080301,0.531761978,0.0223317009,0.0439613417,0.190578509,0.371201765,0.0950739653,0.0666193673,0.0436360125,0.407087117,0.120233372,0.0570756103,0.194766125,0.643555075,0.0402221405,0.759641038,0.214899227,0.00219118469,0.00571344289,0.342693689,0.0116191372,0.111611999,0.457488665,0.870564387
0.0979683167,0.844053899,0.128074407,0.230969321,0.19565242,0.31388469,0.0587582787,0.0706686959,0.134648858,0.116136974,0.574103757,0.00881612874,0.191440056,0.763991505,0.312749291,0.375871341,0.129956884,0.0589788792,0.0129350898,0.241525569,0.022832687,0.416618876,0.0563032163,0.00686331486,0.0661892616,0.0950573829,0.00346740919,0.339595345,0.360000173,0.0773181818,0.131630892,0.016763168,0.717974134,0.142981523,0.183570165,0.0983645032,0.0899844574,0.320665785,0.046120585,0.00424005202,0.291844227,0.0659419676,0.0972387839,0.378950852,0.0863970054,0.0137039866,0.0208039695,0.399226077,0.0831349933,0.789099913,0.0472620957,0.282351231,0.0966705031,0.0185024628,0.021581807,0.18632437,0.551648005,0.382075483,0.107969672,0.116148053,0.10417277,0.134780051,0.0126964858,0.00234603891,0.16318436,0.178173417,0.221044283,0.419123912,0.17251691,0.321266859,0.199389241,0.405186118,0.499699492,0.00445486989,0.39537013,0.0948335383,0.0433284168,0.529349997,0.0214308971,0.0427045983,0.190561659,0.386019506,0.0941429245,0.0729166851,0.0442207961,0.403962118,0.129261959,0.057626925,0.19907536,0.651857297,0.038071078,0.762237191,0.202872136,0.00194121234,0.00610997326,0.351707295,0.0117635081,0.11064982,0.463023536,0.867902079
0.0976135964,0.842504948,0.134533288,0.227024489,0.208362294,0.316861774,0.0580528039,0.0690690278,0.138516165,0.1237085,0.585504572,0.00932204213,0.192254175,0.764346624,0.305634099,0.38129068,0.138722815,0.0642395459,0.0137930998,0.246307967,0.0235967129,0.421965302,0.0608107804,0.0077667097,0.066587115,0.090680573,0.00350507972,0.341424471,0.363057554,0.0786769592,0.129541739,0.0132675088,0.71225,0.146031695,0.183211486,0.10031175,0.0959849815,0.315526876,0.0467203007,0.00397351102,0.299976204,0.0640211127,0.0970570563,0.376856898,0.0900000443,0.0146435488,0.020981554,0.403687203,0.082831902,0.79014499,0.0454713084,0.290042588,0.0921640769,0.0173116062,0.0223973442,0.182215476,0.555311479,0.388446726,0.106338238,0.122145269,0.0999702342,0.13649836,0.0128565761,0.00321920029,0.158262279,0.173616927,0.24377151,0.422771388,0.179795067,0.318611892,0.195517155,0.408271321,0.500000058,0.00514980775,0.407821458,0.0934828723,0.0459108214,0.527988207,0.0232939192,0.0409496729,0.19178618,0.398255188,0.0948275535,0.0861417187,0.0478260553,0.400775379,0.131949056,0.0578444898,0.20819856,0.648442142,0.0427995367,0.764331061,0.20217793,0.00168208901,0.00648967951,0.351893954,0.0110033869,0.112152517,0.465121783,0.861944602
0.101253558,0.840580678,0.130618778,0.230862637,0.220520064,0.323150395,0.059044751,0.0687717464,0.143980338,0.130018391,0.590702706,0.0103813586,0.195794818,0.764784809,0.294669385,0.39430684,0.133405294,0.0704432683,0.0144230902,0.257732425,0.0270558644,0.435241134,0.0599944921,0.00668216536,0.0662067707,0.0873927208,0.00314685178,0.339839555,0.365947965,0.0779081838,0.127534093,0.013145825,0.716901055,0.148028672,0.179483525,0.103825452,0.0950093376,0.31887514,0.047826091,0.00423590576,0.30553603,0.0665800602,0.0964466813,0.386076276,0.092504213,0.0170542572,0.020799032,0.404755485,0.0815260703,0.793569,0.0440378719,0.290408367,0.0935988747,0.0147790403,0.0238573365,0.185319068,0.564202669,0.400195657,0.102427413,0.128565938,0.0985554367,0.138120539,0.0120260986,0.00260115224,0.160317423,0.171288562,0.258601594,0.432740888,0.178308002,0.306291175,0.19278669,0.415691369,0.504618691,0.0041997184,0.416721505,0.0930484845,0.0480322793,0.533651886,0.0229550535,0.0351128124,0.189508858,0.397756216,0.0953263505,0.0910317379,0.0458579165,0.395614262,0.128435828,0.0607826516,0.210526096,0.658056635,0.0422045073,0.763317855,0.192528686,0.00223713563,0.00590842194,0.365330641,0.0113761241,0.111234569,0.465975291,0.863615143
0.105916067,0.83978124,0.127978605,0.220061106,0.2326242,0.325124039,0.0600487997,0.0675311701,0.143102531,0.132635924,0.599297011,0.0116229873,0.197272294,0.761566973,0.284346739,0.397274383,0.129524572,0.07510366,0.0155226904,0.258239775,0.0277083164,0.438002344,0.0595869878,0.00722752201,0.0621697749,0.0817351905,0.00431654276,0.346442629,0.363439502,0.0798319523,0.124969019,0.0108859987,0.718969831,0.143801355,0.176320958,0.103000148,0.106554797,0.321982501,0.0482618468,0.00462504046,0.312661176,0.0652237072,0.0916237845,0.397074143,0.0922949236,0.0163170257,0.0190598328,0.406417549,0.079920488,0.791320223,0.0424418314,0.284673201,0.0936169579,0.0151107276,0.0244799937,0.186946589,0.572696204,0.413877738,0.0943060665,0.137509893,0.0942684191,0.134432273,0.0102207679,0.00200975791,0.16194012,0.167055501,0.268588354,0.431111945,0.184653373,0.294831731,0.194489298,0.421204907,0.493553078,0.00398874337,0.432359595,0.0890687867,0.0485129468,0.529597464,0.0260314741,0.0317279562,0.188733016,0.413708602,0.0978101152,0.101512677,0.0466466709,0.399970484,0.130926251,0.0628495176,0.211091115,0.66571556,0.0413792909,0.76500244,0.185817766,0.00193959561,0.0059766772,0.369455112,0.011459501,0.102849697,0.477963404,0.8674322
0.109041575,0.841473547,0.121310638,0.219294489,0.237683871,0.335804022,0.062213298,0.0627325946,0.142488879,0.13626087,0.608338499,0.0130868251,0.194768348,0.757948859,0.281297982,0.403342665,0.130105396,0.0790489994,0.014534873,0.261673731,0.0294756355,0.449043638,0.0587989995,0.00717565107,0.0588594932,0.0797012341,0.00508350914,0.356292191,0.362729413,0.0751642444,0.124110943,0.0096067151,0.725851683,0.151822823,0.168389369,0.10318016,0.10616214,0.327191539,0.04485865,0.00528750078,0.324911392,0.0628866031,0.0914708422,0.401907344,0.0984285062,0.0141035655,0.0175377808,0.405765925,0.0938743201,0.792825208,0.0444799806,0.279375393,0.095575737,0.0129541336,0.0235218806,0.181698836,0.578295768,0.419630926,0.0933755537,0.151942903,0.0936335605,0.13609733,0.00957135892,0.00199033673,0.16495165,0.161168697,0.278208586,0.427936658,0.181157082,0.290735073,0.199972583,0.430698493,0.486971533,0.0039878075,0.439240514,0.0876035874,0.0520301932,0.527521197,0.0288018418,0.028332838,0.1842105,0.415644681,0.0929055458,0.104697366,0.0486626689,0.399911785,0.12624783,0.0672305732,0.221131373,0.686629015,0.0443704918,0.765324324,0.184417637,0.00190683446,0.00681238285,0.368439488,0.0100822711,0.103174656,0.475174827,0.86833038
0.111058366,0.838812679,0.115706656,0.217021648,0.263157745,0.345234765,0.0642852506,0.0629506357,0.147810725,0.146342478,0.623605492,0.0132911334,0.192842637,0.753954597,0.274930431,0.412127657,0.131284837,0.080518556,0.0154651728,0.264807607,0.029818171,0.455323947,0.0559265143,0.00742644502,0.0587783614,0.0768833145,0.00551876946,0.359163357,0.372690243,0.0731093034,0.119447079,0.00916617934,0.727999586,0.157222652,0.160759746,0.104254901,0.107120799,0.325088198,0.045753477,0.00772010569,0.330228905,0.059573791,0.0839349661,0.404552973,0.101869597,0.0137254804,0.0146070026,0.405696119,0.103482318,0.806650187,0.0445123543,0.278612034,0.0943609681,0.0115719911,0.0220531886,0.176226004,0.583993492,0.420348218,0.0904828169,0.152933909,0.0950517489,0.1383665,0.0106292557,0.00226885813,0.167833494,0.161195658,0.283100259,0.430162505,0.176333056,0.290548462,0.196641453,0.443482933,0.476007772,0.00348836795,0.45143907,0.0834299377,0.0523937579,0.524150389,0.0312808215,0.0230076225,0.183025264,0.423372631,0.0903094347,0.114078525,0.047846394,0.405779518,0.126922116,0.0681415483,0.228933559,0.686973946,0.0437084875,0.768477496,0.182984914,0.00195148955,0.00887234522,0.37700938,0.00976156537,0.100826537,0.483259684,0.87217372
0.118437595,0.841945574,0.108727433,0.21212124,0.280182955,0.354918805,0.0634129673,0.0624671991,0.145344008,0.157807183,0.633674667,0.0162790812,0.192245353,0.759161835,0.26902373,0.410878044,0.13293726,0.0797530812,0.016514707,0.260548783,0.0351576588,0.46754774,0.0510827649,0.00899594156,0.0579000629,0.0771819225,0.00708163015,0.353855406,0.371889209,0.0696166953,0.116316112,0.0086232616,0.726948131,0.16078274,0.154085295,0.102873359,0.111997578,0.323470298,0.0481384267,0.00747237892,0.332835885,0.0592838295,0.08130946,0.407236707,0.111639949,0.0112766813,0.0145799176,0.40907767,0.0992949066,0.817759387,0.044852254,0.265070813,0.09216066,0.0114329228,0.022733215,0.167185573,0.590955666,0.429448955,0.0883258975,0.153242889,0.095200332,0.13711584,0.0115286002,0.00255174452,0.172236846,0.162260769,0.292450056,0.43425812,0.185065221,0.285630319,0.189071233,0.451939766,0.471723414,0.00438799079,0.458708708,0.08226116,0.0518810443,0.517619594,0.0316912971,0.0189637915,0.183307066,0.436402614,0.0863023276,0.118239902,0.0492252844,0.404945181,0.12164849,0.0684951251,0.241415387,0.692068977,0.0461284307,0.770539849,0.173005488,0.00138619487,0.00910641613,0.381832013,0.0103701424,0.0982582855,0.485959778,0.872626144
0.125353003,0.844379963,0.107165796,0.21194841,0.293103597,0.368464675,0.0658024587,0.0627611249,0.151264112,0.172016752,0.632222584,0.0155716748,0.183352856,0.757190477,0.263315966,0.431335141,0.137195779,0.0770177749,0.0171556653,0.259500298,0.0371990951,0.471888549,0.0484468235,0.00893921506,0.0560552329,0.074305246,0.00761613956,0.351983243,0.359356064,0.067109345,0.11104547,0.00766735004,0.728825124,0.164844361,0.14123739,0.101328941,0.118144787,0.320987676,0.0447957128,0.00830670967,0.331731274,0.0620037117,0.0794077021,0.406261205,0.113844097,0.0120082952,0.0135261609,0.407597279,0.106640537,0.821710222,0.044227004,0.258121592,0.092912974,0.0108695643,0.0229808561,0.157353134,0.597565608,0.43357023,0.0940099525,0.156129024,0.101536291,0.133187288,0.0126416752,0.00171232734,0.18074934,0.158175706,0.29766069,0.435200318,0.18989429,0.285568311,0.187758627,0.451891846,0.475482197,0.00429379012,0.472931646,0.0944819386,0.0529868159,0.520593262,0.0366897447,0.0179682375,0.178219063,0.449965911,0.0808166829,0.123208164,0.0526731972,0.417736561,0.129836997,0.0688592461,0.24359765,0.696232395,0.0471580806,0.779328005,0.165523683,0.00109170444,0.011673161,0.386539851,0.0105522114,0.092555945,0.489677887,0.878378492
0.131924734,0.851559852,0.104235888,0.215864862,0.308709319,0.375756868,0.0653077461,0.0604831046,0.160851238,0.183861167,0.638943667,0.0161777581,0.185629515,0.76277951,0.252107593,0.428982742,0.139201834,0.0756162731,0.0181750589,0.260659618,0.0460838101,0.47462505,0.048811562,0.0124777222,0.0586252314,0.0741813253,0.00666928883,0.35506826,0.359778836,0.0665260104,0.110092457,0.00971159913,0.734473498,0.173543338,0.133700062,0.101824876,0.126769175,0.328411853,0.0470231544,0.00894283679,0.330469635,0.0616671831,0.0788133623,0.405677614,0.118767892,0.0110791981,0.0121448421,0.4129557,0.112301307,0.832055769,0.0445550822,0.241929678,0.0884785101,0.00939260458,0.0253524771,0.156876365,0.60296602,0.438050113,0.0980685433,0.147020804,0.107338304,0.139404388,0.0129061047,0.0028801833,0.192290099,0.157994005,0.298914725,0.43856762,0.194699775,0.276517294,0.181125041,0.461978926,0.473512985,0.00484261746,0.485745677,0.100439296,0.053316303,0.519491453,0.0367842429,0.0147415828,0.182340568,0.449862409,0.0775673274,0.122191422,0.057934746,0.425604165,0.124252361,0.0653295599,0.244410653,0.695611156,0.0511716439,0.785638464,0.163885075,0.00162689915,0.0136159486,0.39599416,0.0114924478,0.0920502178,0.487903628,0.877667373
0.137260844,0.855160269,0.0997194384,0.218062252,0.335401733,0.383993835,0.0633720221,0.0623554229,0.16443413,0.199697814,0.638589932,0.0183709551,0.184355644,0.770356885,0.240457399,0.428890618,0.138356567,0.0748478546,0.01605273,0.256824454,0.0496939305,0.474826296,0.0470723775,0.0157337399,0.0565559669,0.0689794387,0.0067220267,0.355429371,0.360960068,0.0655257909,0.103696821,0.0102820203,0.73321477,0.179012769,0.127321657,0.103521506,0.138163913,0.330346116,0.0467360895,0.00995824177,0.330978427,0.0596027179,0.0752342156,0.399705757,0.125096929,0.00769229944,0.012192368,0.422802701,0.112941731,0.834686862,0.0445967254,0.237867426,0.0859525164,0.00882167965,0.0262871224,0.153249484,0.604334391,0.437168237,0.101241844,0.134464798,0.109447165,0.146205295,0.0151515163,0.00347725254,0.195783734,0.157824544,0.306317925,0.43376709,0.196963842,0.278638242,0.182256252,0.461814624,0.470536647,0.00513773758,0.499216371,0.10365855,0.0513154472,0.513389932,0.042763173,0.0152228962,0.181889553,0.451812811,0.0762635184,0.125696392,0.057162893,0.434622475,0.127408582,0.0631228818,0.24168454,0.701515504,0.0508826381,0.789666956,0.156513423,0.00163087807,0.0140602561,0.401316719,0.0112497938,0.0936086991,0.494314001,0.876052088
0.141176485,0.857421248,0.0963015408,0.221958879,0.347724506,0.384619337,0.0669580747,0.063707829,0.171765222,0.205752329,0.636970898,0.0211959347,0.183918242,0.776198195,0.243021787,0.4323262,0.143743956,0.0709381775,0.0166211433,0.260978299,0.0561593854,0.475345626,0.0455201615,0.0173357586,0.0582740243,0.0675270203,0.00632911833,0.360834192,0.362134145,0.0673423675,0.106843658,0.010468889,0.729758666,0.187966849,0.11646361,0.101364151,0.131432913,0.333398562,0.0449255352,0.00955413958,0.33118366,0.060166008,0.072569062,0.398277315,0.127972461,0.00784151507,0.0134029912,0.420709008,0.116147003,0.836341432,0.0452344515,0.232516817,0.0842293697,0.006643467,0.025151181,0.144944897,0.610614066,0.436029296,0.112390197,0.126185217,0.105280427,0.154927283,0.0153985599,0.00411765045,0.194553955,0.153468716,0.306906575,0.436040319,0.200973238,0.28589984,0.183905148,0.478322993,0.475514653,0.00562770363,0.502806429,0.118041216,0.0516413672,0.511326113,0.0471074026,0.0154121904,0.183657058,0.465132343,0.0757323343,0.12427154,0.0547848069,0.443955065,0.132129612,0.0588546225,0.252611464,0.712096273,0.0540353072,0.790661224,0.160103892,0.00164518872,0.0136208762,0.413840049,0.0119174177,0.0870541348,0.500567076,0.880435686
0.143286331,0.859969597,0.0920939764,0.230024607,0.356913491,0.386035982,0.0702388144,0.0694800498,0.180588103,0.214812576,0.641585956,0.0214543738,0.185593469,0.780377295,0.246720849,0.436863787,0.146399732,0.0727188737,0.0168057199,0.257063745,0.0636035912,0.476476808,0.0435100861,0.0215983003,0.0568295833,0.0691056323,0.00641540013,0.358284428,0.363947177,0.071251063,0.105185334,0.0141033259,0.729096504,0.188631722,0.105851094,0.101690273,0.131737455,0.344215083,0.0470735434,0.0106348679,0.329692554,0.0594473711,0.0687110314,0.391666471,0.136665051,0.00715187941,0.0127940982,0.429174906,0.116680756,0.836622176,0.0474151469,0.229341034,0.0857694685,0.00644121859,0.0293065559,0.137483619,0.619638157,0.438191123,0.115380471,0.120900362,0.106906657,0.163316447,0.0163191226,0.00468795414,0.194387082,0.151163409,0.30386834,0.429247449,0.202174437,0.29265062,0.187765604,0.483360248,0.4769313,0.00531236463,0.500100909,0.116382714,0.0502201632,0.505473709,0.0500497255,0.0186131251,0.185200107,0.477023344,0.078150718,0.116597352,0.0537316487,0.442325921,0.13897153,0.0591583633,0.247737341,0.718205334,0.0580781067,0.790076236,0.16382404,0.00136911506,0.0130020118,0.42384396,0.012358552,0.0867512954,0.510075941,0.876964395
0.14548364,0.861121503,0.0875441262,0.233214056,0.361956513,0.384914183,0.0700991033,0.0736323928,0.183682603,0.219115484,0.634518316,0.0244454662,0.181503301,0.785702403,0.240380124,0.434253534,0.149163325,0.0750467501,0.0170565295,0.259324708,0.0676169208,0.490716827,0.0443760317,0.0220565056,0.0532986628,0.0708129456,0.00617284164,0.351052027,0.363155678,0.0730367138,0.106669866,0.0155392968,0.729515479,0.186328296,0.103106504,0.101880792,0.136915339,0.347396299,0.0473542339,0.0116618055,0.332814812,0.0620426106,0.0677707069,0.389725413,0.132717581,0.00696256906,0.0120453939,0.424949846,0.12311566,0.835872801,0.0469519205,0.23333319,0.0842194109,0.00491480686,0.0278856715,0.130549188,0.616522832,0.434582692,0.117539607,0.112710395,0.107674686,0.173750355,0.0156041089,0.00668021887,0.195814139,0.149650634,0.306327297,0.42368882,0.214023518,0.293340683,0.192469287,0.482067394,0.477522013,0.00482484004,0.505059895,0.122867172,0.0514397761,0.511117939,0.0515583881,0.0184426106,0.184355855,0.479680205,0.0775206936,0.123374335,0.0503795831,0.445178899,0.142404799,0.0587707068,0.249752787,0.727575562,0.061901391,0.794010493,0.167638646,0.00165380385,0.011573386,0.426013025,0.0101875164,0.0874499564,0.513206732,0.875697756
0.148974126,0.858560535,0.0888822632,0.237252406,0.375181034,0.373851378,0.0715744475,0.0744347316,0.190059173,0.230889044,0.638591967,0.0242085689,0.182876745,0.791608648,0.23891551,0.444217176,0.150329183,0.0799292068,0.0168228912,0.262210551,0.0676580471,0.49845853,0.0485207114,0.0213579773,0.0528110268,0.0705364441,0.00603817843,0.341399777,0.373047037,0.0770380582,0.106555289,0.0161691434,0.726759621,0.19389695,0.0962259277,0.104199084,0.134413329,0.341765123,0.0486005911,0.0142180028,0.33042095,0.0606818821,0.06472398,0.388979222,0.12723979,0.00711744356,0.0116305785,0.430615063,0.119653087,0.838195124,0.0451848786,0.248187804,0.0873989382,0.00362438176,0.0309496528,0.122567294,0.61964187,0.426946657,0.117734525,0.116955098,0.103748084,0.190809541,0.0188340733,0.00666666677,0.196682593,0.14366141,0.317158808,0.42513439,0.215988379,0.292906146,0.19985999,0.495910524,0.472650789,0.0053214156,0.517364648,0.136502346,0.0495534734,0.509140688,0.0559132754,0.0214528015,0.189512395,0.496254164,0.0768329621,0.120159095,0.0446703039,0.45480197,0.14507073,0.0618988278,0.243758527,0.741899756,0.066271562,0.796311348,0.169743735,0.00250000002,0.0122387979,0.439847501,0.00913342487,0.087704381,0.515979811,0.871116228
0.146439079,0.861685433,0.0846584802,0.236273337,0.376739566,0.36308692,0.0727425158,0.0735983789,0.199940396,0.23521234,0.640252054,0.0236439813,0.185517882,0.801764001,0.239305906,0.443031164,0.153471426,0.0860894701,0.0146115716,0.257502629,0.0701559126,0.497207619,0.0485306243,0.0235015927,0.0482136896,0.0751332841,0.00513307869,0.332565531,0.379758152,0.0785578076,0.106064475,0.0153316592,0.726481217,0.193108772,0.0951808709,0.105437316,0.13776825,0.342193728,0.050216554,0.0170164916,0.339310802,0.058279371,0.0632328597,0.380662899,0.127188701,0.00707652014,0.0139632298,0.43406537,0.130519434,0.83350323,0.0456602767,0.252324887,0.0884258347,0.00235215364,0.0298436005,0.118160782,0.61824045,0.432256882,0.118866168,0.115367818,0.100595645,0.200122408,0.0209606932,0.00598290105,0.196503331,0.144806968,0.323954021,0.428628577,0.217406869,0.30617533,0.205479452,0.497720837,0.473949189,0.00586702073,0.51388327,0.135370533,0.0527778408,0.504016728,0.0559465109,0.0250000277,0.193509651,0.512609472,0.0765306063,0.115763577,0.0423280566,0.449050776,0.143207464,0.0640086366,0.233979801,0.756964263,0.0678807663,0.796711068,0.176261962,0.00250975886,0.0122424726,0.447614917,0.0102435458,0.0853031946,0.519491148,0.874436256
0.141780024,0.860879236,0.083620173,0.238181446,0.375409348,0.363686057,0.0769230792,0.0730504261,0.198993112,0.237780017,0.641077552,0.028760062,0.186336952,0.807517547,0.238324487,0.443735463,0.157215318,0.0921708036,0.015056783,0.264126413,0.0693056993,0.507908085,0.0461981433,0.0213757696,0.0470236786,0.0759685404,0.00552380891,0.327944536,0.390767062,0.077687632,0.104578714,0.015629892,0.725160293,0.186917548,0.0890024483,0.106394054,0.136982327,0.340883911,0.050710862,0.0182907745,0.341378064,0.0559291239,0.0611651097,0.38246588,0.12310917,0.00554017262,0.0153592234,0.443210481,0.129973114,0.839683446,0.0445052296,0.259109634,0.089790716,0.00170823362,0.0289689264,0.113153956,0.618753203,0.435167685,0.119288566,0.120476629,0.10224092,0.203567028,0.0264871563,0.00588400354,0.196110326,0.143319679,0.330568823,0.435670261,0.208363718,0.317813605,0.206670137,0.502635028,0.457623624,0.00437924191,0.506945711,0.133920154,0.0540973308,0.505859356,0.0603698424,0.0265180286,0.197335352,0.518266115,0.0815482425,0.117553209,0.0416413536,0.445725071,0.145098728,0.0642474611,0.230932097,0.77002386,0.0605948009,0.797940961,0.176685811,0.00251607203,0.0124242225,0.451618395,0.0101409649,0.0837969896,0.525486652,0.87090942
0.140987552,0.858115381,0.0805492383,0.239548348,0.378715622,0.36899667,0.0785302449,0.0708305915,0.194303816,0.241476883,0.641980343,0.0325779493,0.188137287,0.810839593,0.237024279,0.44598105,0.157451926,0.0968134198,0.0144712797,0.267681321,0.0646747321,0.511376003,0.0477070643,0.0186579383,0.0434505613,0.077748811,0.00541853459,0.321005995,0.404772155,0.074203514,0.105119797,0.0142766434,0.73201581,0.189925596,0.0922185643,0.107397449,0.133162302,0.339285597,0.0512164291,0.0188560862,0.344078179,0.065932356,0.0576923191,0.376463005,0.121204796,0.00523062105,0.0180350756,0.450362082,0.131877861,0.844686384,0.0405860372,0.263756665,0.0912892546,0.00209937067,0.0282615109,0.106274356,0.628155873,0.42492956,0.116797877,0.122095516,0.093144655,0.212309155,0.0273270813,0.00502092191,0.202288886,0.144349433,0.341295185,0.442094457,0.208671756,0.3166032,0.21503026,0.517250987,0.445659973,0.00355397997,0.507782343,0.134721288,0.0524004637,0.499511401,0.0639041835,0.0286377741,0.204476037,0.525431683,0.0900823261,0.120623257,0.0425660276,0.450633718,0.143249279,0.0626299052,0.233039773,0.775399486,0.0591357283,0.799356202,0.174533192,0.00369737956,0.0127487519,0.460071487,0.0120874277,0.0793338349,0.522593117,0.86881632
0.140648087,0.857355284,0.0783048108,0.2377591,0.379513391,0.370088431,0.080845751,0.0711083595,0.189741169,0.245252899,0.63563047,0.0335855864,0.19054655,0.817077952,0.234263693,0.447244773,0.157231138,0.0933620586,0.0129562902,0.273348767,0.066436565,0.50911682,0.0486345469,0.0168539315,0.0418176304,0.0813606736,0.00567557345,0.309066024,0.409928551,0.0780090927,0.109926033,0.0128575974,0.732710965,0.184692878,0.0886859778,0.11007417,0.13532433,0.329149441,0.0506661938,0.0209923141,0.3507712,0.0616813747,0.0548558778,0.385103446,0.125122138,0.00415241992,0.0194667382,0.451484546,0.129810113,0.848171064,0.0379092953,0.271000754,0.0937771048,0.00215285486,0.0300367761,0.100686536,0.629022228,0.417992086,0.11223807,0.127167592,0.0956873471,0.221658948,0.03058227,0.00405734701,0.211172917,0.141988823,0.352309225,0.447680488,0.203176792,0.326269426,0.214044133,0.523638132,0.439084364,0.00347612078,0.514092091,0.140130743,0.0520924287,0.485550202,0.0673635025,0.028141091,0.209870973,0.532909437,0.0925409194,0.124429606,0.0416832794,0.444868923,0.148066689,0.0656309461,0.228328585,0.780880742,0.0640138871,0.802885164,0.172503971,0.00398633582,0.0118097643,0.468272183,0.012170679,0.0831485728,0.519892796,0.868423468
0.13798095,0.862263564,0.0769865294,0.233539161,0.38287747,0.377678598,0.0807492201,0.0706002966,0.187845631,0.250358752,0.636225645,0.0318290031,0.192012946,0.820932681,0.220772488,0.452461161,0.16050564,0.0949140462,0.0107229719,0.290925704,0.0709740312,0.506938688,0.0532078812,0.0124077859,0.0384736673,0.0827714321,0.00611731534,0.31133041,0.417344291,0.0762140977,0.112149559,0.0108314828,0.737627621,0.186281816,0.0884860901,0.110993727,0.13073795,0.321335613,0.0531882146,0.0213702891,0.36191843,0.0639358926,0.0519589382,0.385541915,0.125826969,0.00461837621,0.0212026741,0.450500958,0.128186867,0.855190883,0.0367835181,0.27868244,0.0980362446,0.00219941301,0.028644333,0.0923654824,0.626119913,0.417189393,0.116177888,0.129737005,0.0964706488,0.220578762,0.0328512356,0.00372438954,0.214452672,0.139586787,0.37456038,0.453382028,0.211017727,0.327042345,0.209963356,0.53585823,0.432599909,0.00299332463,0.519934153,0.136614556,0.0529772253,0.480167231,0.0635457698,0.0251684956,0.212546236,0.534044469,0.0998967171,0.124512872,0.0434262513,0.440183708,0.146007048,0.0659557298,0.225416169,0.786693664,0.0630938474,0.801603759,0.173476488,0.00461095035,0.0111146416,0.473371507,0.0129122727,0.0819978557,0.509268591,0.867895476
0.135223763,0.865313898,0.0693451212,0.230888013,0.3816088,0.379440586,0.0866498463,0.0732951664,0.189398351,0.255979636,0.637744988,0.0320699522,0.19894849,0.831010937,0.215072522,0.454202126,0.161468098,0.0949416501,0.00986193167,0.300934435,0.072740597,0.511135298,0.0461803871,0.0128378382,0.0349437204,0.0841439814,0.00563183305,0.307308268,0.417383389,0.0747845063,0.114838202,0.0132743389,0.737855003,0.18515755,0.088353006,0.109490508,0.130189869,0.322312296,0.0557212832,0.0198165806,0.367772901,0.0643847302,0.0539740886,0.377763298,0.122414191,0.00420375874,0.0216093763,0.455758569,0.12331324,0.854083409,0.0326232972,0.288975795,0.0989523216,0.00151629942,0.0269252063,0.0911919285,0.62756592,0.416240259,0.11696279,0.13969292,0.095083156,0.222605627,0.0349417942,0.00321371559,0.221239748,0.13803721,0.385799961,0.463170282,0.207470165,0.33120166,0.204161672,0.546738642,0.425560336,0.00301204929,0.525892972,0.143621902,0.0523575253,0.475680309,0.0600400978,0.0266212593,0.214664638,0.542685613,0.10227275,0.132352906,0.0445962506,0.440926924,0.148961047,0.0666802343,0.217604402,0.793464246,0.0602133937,0.796089417,0.177245307,0.00487665138,0.0111940305,0.478226374,0.0146775055,0.0789473471,0.5054418,0.86948247
0.133512374,0.869211262,0.0669390683,0.230542809,0.383358716,0.381507183,0.0887860278,0.071581874,0.182937779,0.263421624,0.63359595,0.032982783,0.202651209,0.834150145,0.222638308,0.466462231,0.151368666,0.0949038323,0.00920969313,0.301767782,0.0794871848,0.502442789,0.0445869505,0.012546623,0.0337017979,0.0841727874,0.00526685464,0.313075359,0.427116826,0.0810481436,0.112306176,0.0148499269,0.739321351,0.186334363,0.0861283076,0.108527052,0.126102787,0.326353033,0.055821913,0.0178985292,0.37011155,0.0680190939,0.0504807868,0.380026759,0.126856557,0.00469135735,0.0233253269,0.459657099,0.122315788,0.854463037,0.0291913173,0.300390262,0.098682337,0.00195771529,0.0242111258,0.0900730411,0.631802214,0.419261434,0.118493265,0.141659278,0.0954086411,0.223115012,0.0374276349,0.00296096948,0.230711668,0.137770608,0.381952013,0.46882861,0.200896532,0.335192414,0.197071226,0.558491672,0.437572932,0.00207373214,0.521588333,0.140296319,0.0530000007,0.477534031,0.052964483,0.0294707474,0.217795188,0.542986003,0.108883981,0.136615025,0.0480927064,0.442843114,0.144197804,0.0681024746,0.211652206,0.802955534,0.0576401928,0.791686449,0.175407867,0.00413345997,0.0110161146,0.475771123,0.0151165972,0.0801995476,0.504177727,0.868920946
0.13105466,0.868831999,0.0605809222,0.225323976,0.400599104,0.38254318,0.0890235972,0.0746630561,0.180335183,0.263818295,0.625796091,0.0318270758,0.205311037,0.834300264,0.212512464,0.47969763,0.152901948,0.094183884,0.00896206403,0.313774528,0.0761111377,0.50216885,0.0414312501,0.0104871271,0.0308641574,0.0816942833,0.00484596409,0.32456152,0.444236249,0.0843449526,0.109868415,0.0159439271,0.739186944,0.192644819,0.0834204911,0.108683479,0.124071821,0.334704405,0.0550582104,0.0177474464,0.374429434,0.0722337591,0.0512894088,0.38125002,0.125551255,0.00477867736,0.0260150041,0.468585369,0.119952565,0.86031832,0.027964002,0.316101767,0.0997053439,0.00324543848,0.0218046888,0.0895186209,0.63579053,0.41148414,0.117487168,0.156137452,0.0911625544,0.225146356,0.0386363488,0.00296655818,0.24172417,0.132529691,0.389628862,0.478768149,0.208270425,0.323930024,0.196412215,0.568657528,0.437672943,0.00163246319,0.527747886,0.139990696,0.0536627305,0.482043693,0.0508064897,0.0309572018,0.218679214,0.541154779,0.113636678,0.147492685,0.0466987204,0.439318812,0.141925327,0.071562383,0.210641211,0.813753375,0.058121651,0.788312863,0.172980121,0.00444575788,0.00969756091,0.476745647,0.0147833145,0.0804222497,0.514051223,0.870962423
0.12613695,0.872121217,0.0614696635,0.227971643,0.404718348,0.382978961,0.095378808,0.0738791861,0.179615861,0.268644023,0.622854055,0.0304101863,0.206383409,0.837048629,0.210929387,0.485599384,0.15431801,0.0970961867,0.00780287359,0.323758156,0.0772557024,0.503809415,0.0381501056,0.0104094458,0.0262488098,0.0764961053,0.00447042631,0.326078753,0.447442853,0.0860464728,0.116192335,0.01874593,0.748021642,0.197073102,0.083948328,0.11118632,0.121211998,0.334022877,0.0538651813,0.0162517379,0.382727333,0.0768886858,0.0531609205,0.381607737,0.127606045,0.0047452555,0.0273889483,0.469284156,0.118677213,0.859557684,0.0259573983,0.32851774,0.100476273,0.00534758746,0.0226707697,0.0793927625,0.639446253,0.408176723,0.11558025,0.164901321,0.0951952763,0.231209242,0.0395339054,0.00353356994,0.241427665,0.131627306,0.389269229,0.486789458,0.204511198,0.321350103,0.194521972,0.571214021,0.447509489,0.00184374275,0.538939323,0.148399839,0.0552713516,0.481422839,0.0441653855,0.03123711,0.220554235,0.552169706,0.115946951,0.159597781,0.0465712835,0.439988982,0.137924847,0.0735555489,0.206260738,0.820048328,0.0537571976,0.781156366,0.166991001,0.00563296615,0.00847457035,0.479484377,0.0153047554,0.0861801714,0.513400121,0.871538765
0.122411618,0.872234249,0.0553359816,0.236494865,0.418458683,0.377161265,0.0966315566,0.0748120189,0.183730644,0.280120172,0.62078795,0.0272935854,0.209660633,0.840053458,0.209417422,0.4951179,0.157481314,0.098184564,0.00687007159,0.322980623,0.0824196846,0.503723893,0.0349088442,0.0116156334,0.0228721359,0.0734667479,0.00345066023,0.335480178,0.454192836,0.0952455803,0.112534642,0.0208333636,0.753220451,0.194742724,0.0856956761,0.110370811,0.12110723,0.341421125,0.0539256421,0.0184733075,0.390054007,0.0843211925,0.0592518394,0.385592862,0.125210607,0.00404858911,0.0275017935,0.46997011,0.113501485,0.857129594,0.0247750873,0.354648874,0.101534275,0.0054690771,0.0207799381,0.0790005712,0.646010469,0.40596086,0.117600457,0.172718795,0.0939781826,0.233250193,0.041666671,0.00355579714,0.24195295,0.127887063,0.389064953,0.501074244,0.211178576,0.317162652,0.184639407,0.577410823,0.453099264,0.00251199298,0.546411224,0.154092402,0.0577252396,0.478735086,0.0447270686,0.0331783709,0.220455324,0.56328551,0.120245305,0.170232062,0.0428261794,0.433623682,0.137195023,0.0760602116,0.20647737,0.822728026,0.0595924634,0.780098266,0.161308231,0.00616541851,0.00666665831,0.477471379,0.0139771996,0.0834982817,0.511727142,0.868835734
0.1207301,0.878087301,0.0523986894,0.232598023,0.432762852,0.382682509,0.105566659,0.0754274279,0.185580457,0.284574596,0.620350542,0.0268216225,0.209207243,0.841350736,0.209278651,0.497353753,0.161406993,0.0927872888,0.00650758868,0.330453752,0.0824406568,0.505009826,0.0317411645,0.0136602549,0.0210635682,0.0734838317,0.00315346518,0.342342144,0.457209596,0.104425277,0.105077524,0.0236129598,0.753108196,0.191451867,0.0855936493,0.112107724,0.122644649,0.346815919,0.0539989924,0.0178634215,0.398870629,0.0822653048,0.0599706159,0.391401568,0.118515041,0.00360453802,0.0301899728,0.472188924,0.109430185,0.861217639,0.0223931052,0.371235631,0.102000527,0.00632377323,0.0203843574,0.074831625,0.655779405,0.404019288,0.116749821,0.179192433,0.0958872918,0.227386398,0.0446915231,0.00279407733,0.244115434,0.127219749,0.400767331,0.509587874,0.209000211,0.312296181,0.191103728,0.598711425,0.463104278,0.0028191229,0.55023693,0.152778058,0.0572649284,0.482655042,0.0373349522,0.0305113959,0.216661085,0.569408986,0.12648112,0.183018093,0.0409672864,0.436884611,0.126568873,0.0764213684,0.200312942,0.825431777,0.0575710313,0.772734126,0.151421457,0.00553505054,0.00571132343,0.480960892,0.0118366789,0.0873863525,0.525531264,0.878338188
0.118070052,0.874962164,0.04583443,0.231535355,0.43983395,0.380119768,0.111337834,0.0741855691,0.18710916,0.29057531,0.62510502,0.0271572313,0.210439841,0.843027618,0.210182592,0.50165496,0.169765138,0.0987118975,0.00656090948,0.327496923,0.0760359299,0.506139403,0.0290469303,0.0148672674,0.0199048514,0.0755583982,0.00283286501,0.348558031,0.46598274,0.111791845,0.100623167,0.0238095755,0.755609571,0.191123808,0.0941648048,0.114817353,0.126203946,0.338171656,0.0549927464,0.0197391467,0.39820344,0.0872873213,0.0661743482,0.401173129,0.111550436,0.00405885353,0.0323388986,0.472977211,0.10788806,0.861928507,0.0205725183,0.382221493,0.102112676,0.00731183095,0.021024614,0.0732563715,0.65075432,0.40329843,0.117369446,0.188524887,0.0941258121,0.230277346,0.0439863432,0.00284010065,0.232847165,0.122301703,0.398807808,0.517654288,0.211811977,0.302522432,0.185870217,0.610721003,0.465230097,0.0039982253,0.561272954,0.167087127,0.0570099246,0.48181892,0.0373193863,0.033131283,0.220362732,0.577687192,0.130933036,0.195544428,0.0403556803,0.424566038,0.12679873,0.0759110639,0.192363225,0.825964294,0.0581712071,0.769334879,0.147884522,0.00598425345,0.0054176853,0.483980349,0.0114025917,0.0876044309,0.533922437,0.884795074
0.119512073,0.877550985,0.0438114669,0.227805169,0.458705804,0.376111067,0.114669847,0.0741781737,0.198398409,0.294394037,0.632353251,0.0290971426,0.210516738,0.841643501,0.210568491,0.499795232,0.169778744,0.102314341,0.00591603133,0.327311018,0.0737802765,0.50014432,0.0268446741,0.0174501422,0.0170544285,0.0702683814,0.00211565466,0.361971425,0.471219276,0.116699658,0.0964076759,0.0236058559,0.758798836,0.187912131,0.09257877,0.117719891,0.128140755,0.344860307,0.0512384735,0.0215679403,0.398344733,0.0912938429,0.0700150269,0.40845035,0.10514357,0.0045158017,0.0333577559,0.476955717,0.104392675,0.859132602,0.0195743634,0.40147369,0.0986539737,0.00856531481,0.0218439713,0.0683759991,0.658792565,0.406702631,0.124876556,0.202587975,0.0894641408,0.228656525,0.0455508385,0.00201787379,0.228005027,0.1229297,0.409390015,0.526891823,0.210648731,0.298128085,0.181203668,0.619608919,0.471207296,0.00330906571,0.567252883,0.166319795,0.0552291922,0.48525897,0.0378454196,0.034010625,0.217939765,0.574776415,0.13604876,0.206467667,0.0380687262,0.42278193,0.122790968,0.0771478048,0.185371398,0.828376554,0.0567070793,0.764109948,0.145042161,0.00647668114,0.00512911153,0.489957174,0.010006591,0.0852789468,0.542342578,0.89338918
0.118852452,0.875662255,0.0449015294,0.220593858,0.466264909,0.380098228,0.120902325,0.0745303384,0.211643472,0.301942802,0.645604043,0.0281868105,0.210606103,0.839014324,0.194190296,0.500539975,0.170407835,0.102247693,0.00693144141,0.327318261,0.0731419371,0.497646348,0.0239361738,0.0211009146,0.0163246375,0.0711060866,0.00249465109,0.371341583,0.482896734,0.129815629,0.0970065549,0.0244072394,0.763059358,0.190456332,0.090829831,0.115435419,0.124052717,0.341293027,0.048942668,0.0245064835,0.39382584,0.0987124905,0.0705167442,0.417084304,0.103241698,0.00686274933,0.0336730042,0.472213175,0.100213184,0.859159372,0.0186836002,0.417776334,0.0945904812,0.00846740203,0.0240889348,0.0654536221,0.664305573,0.392199575,0.131279526,0.212348389,0.0923864067,0.224056682,0.0423190784,0.00200171323,0.226063317,0.119765043,0.418002905,0.535739023,0.206171501,0.299766105,0.173899658,0.631920721,0.473626855,0.00372398578,0.578525059,0.177251681,0.0501175894,0.490368655,0.039431515,0.030699736,0.217574597,0.577938005,0.135842091,0.209621361,0.0383194655,0.419021971,0.122022656,0.0781501482,0.190721608,0.830814768,0.055121193,0.760422811,0.141806757,0.00626236157,0.00340869132,0.498155309,0.00896009457,0.0864661522,0.556505062,0.895081674
0.118901611,0.876143098,0.044357217,0.214965936,0.480109549,0.375389092,0.121757659,0.0747190192,0.219073686,0.307071791,0.658728402,0.0329804548,0.214583857,0.838054646,0.19106316,0.502060346,0.17595819,0.106478086,0.00631618,0.332428086,0.0737574902,0.49653724,0.0225464326,0.0199556552,0.0169465579,0.0749018868,0.00247612518,0.387860008,0.475656544,0.134750714,0.0963387795,0.0255303952,0.768556801,0.184566783,0.0932732179,0.119156268,0.122542553,0.34379291,0.0495316879,0.0268691989,0.394190748,0.0999999917,0.0715604688,0.426199243,0.0960871338,0.00858153541,0.0358476527,0.467894482,0.0936490355,0.860348187,0.0195070212,0.426210537,0.0894234327,0.00859846031,0.0238541021,0.0600357672,0.666946503,0.390644402,0.136483583,0.218272845,0.0953846237,0.221461799,0.0439374612,0.00173761849,0.218586519,0.115854177,0.428931726,0.538254094,0.210784395,0.300596081,0.161186186,0.638894886,0.478546061,0.00393184444,0.579777839,0.182232892,0.0452018251,0.488692524,0.0423060924,0.0333638552,0.211945061,0.585651641,0.13566627,0.215655541,0.0421433206,0.42164761,0.124062833,0.0790374378,0.18034179,0.829059809,0.0547890923,0.759964877,0.139250934,0.00535833612,0.00306306038,0.498989061,0.00882391126,0.0863543916,0.564130123,0.902515034
0.127099526,0.876042189,0.0419723887,0.210132456,0.491352269,0.368244923,0.128064787,0.0775322498,0.229251139,0.316135371,0.664496266,0.0353555401,0.220575974,0.838214649,0.186670682,0.501548694,0.182935213,0.106575381,0.00617508222,0.330060381,0.0636545576,0.49969375,0.0199296525,0.0240420543,0.015151487,0.0751759572,0.00351740687,0.393709097,0.482719657,0.138888774,0.0881798391,0.0228967469,0.76573447,0.190455508,0.0916320717,0.122164252,0.124507816,0.340050207,0.0468601716,0.0285526696,0.393824907,0.101353423,0.0673167683,0.422917683,0.0944837037,0.00752257308,0.0357142718,0.463354196,0.0858994585,0.859579073,0.0185088823,0.436789538,0.0860529696,0.00824294735,0.0220933913,0.0595574253,0.673037394,0.382300594,0.140130176,0.214868376,0.099266271,0.225312721,0.0428332003,0.00294984883,0.212408095,0.113735049,0.438701728,0.540640332,0.206744626,0.305188592,0.153904292,0.649262255,0.494310363,0.00305677208,0.582273255,0.1869207,0.0423976668,0.491190467,0.0440528555,0.0300418829,0.210749693,0.577184861,0.133365703,0.226917272,0.0455929621,0.407351852,0.126893665,0.0775233134,0.182143581,0.832652021,0.0526315401,0.759180813,0.137085113,0.00550964405,0.00340990886,0.502291146,0.00671225218,0.09000004,0.571080138,0.902885042
0.135582658,0.874547896,0.0447106969,0.203627654,0.512901098,0.365754114,0.124409276,0.0818627142,0.229100697,0.318687376,0.661689952,0.0405571518,0.22980706,0.836681809,0.185043586,0.497267038,0.183601368,0.105820853,0.00563226871,0.332881352,0.0646964568,0.495781502,0.0178779086,0.0235741432,0.0147669993,0.0764608997,0.00351493869,0.393652842,0.491399081,0.139391977,0.0928706269,0.0219799527,0.768922659,0.189093978,0.0924624308,0.121490089,0.122647731,0.340386269,0.0454688937,0.028515884,0.395515437,0.0992962292,0.0724095542,0.423638884,0.0905124056,0.00844510025,0.0324641642,0.459770097,0.077348103,0.861417595,0.017405194,0.442370724,0.0830240767,0.00908697025,0.0222533595,0.0560289629,0.677182495,0.371779921,0.146365417,0.219951716,0.0972519969,0.225412237,0.0438522706,0.00300933079,0.203737504,0.11448201,0.443315249,0.548569496,0.202664417,0.304688225,0.146096965,0.651852319,0.502868435,0.00326158027,0.594005134,0.193945882,0.0386716453,0.49773671,0.0455274926,0.0309468778,0.208843023,0.579485688,0.135336768,0.243283393,0.0498946258,0.413067057,0.123498751,0.0761461189,0.185164304,0.829127338,0.0458697603,0.754124819,0.137648149,0.0049715944,0.00506328685,0.504188203,0.0053777004,0.0889919754,0.584258168,0.90592626
0.144756201,0.872770578,0.0421389509,0.198947963,0.522896611,0.361540891,0.126281404,0.083210734,0.248957824,0.329343291,0.672468298,0.0391997253,0.229633312,0.837369834,0.188794056,0.503650137,0.190137014,0.110452359,0.00585729163,0.3438621,0.0634476769,0.498229482,0.0190054443,0.0223408252,0.014491637,0.078246786,0.00385424286,0.396367627,0.489964876,0.136825468,0.098891051,0.0205183132,0.767969528,0.197392224,0.0887551806,0.120772042,0.122573208,0.346930661,0.0438374402,0.0293643171,0.399246653,0.0989130599,0.0691355072,0.430643095,0.0847477087,0.00847457528,0.0317356096,0.456744666,0.0703517554,0.86235168,0.0169535862,0.440967057,0.0814590021,0.00887705505,0.023274025,0.051532787,0.675993953,0.362267368,0.156960638,0.226831341,0.0981246743,0.226999002,0.0452631165,0.00462534477,0.203678062,0.112520961,0.458402849,0.556207706,0.206825204,0.308104882,0.143230434,0.673957214,0.502673029,0.00328227357,0.598795695,0.197789689,0.0369677341,0.497076706,0.0428743672,0.0296570318,0.205481813,0.583625912,0.139738764,0.247778958,0.0515487501,0.413269278,0.121964563,0.0776380413,0.183028966,0.833300303,0.0428513865,0.75041271,0.134023603,0.00402782501,0.00488246507,0.500411692,0.00511335115,0.0791952471,0.586009128,0.906030696
0.152901776,0.874592239,0.0437062929,0.19659462,0.525387758,0.352332924,0.126219236,0.0870185266,0.260634911,0.344246521,0.678738964,0.0394107355,0.232968824,0.836039197,0.190271039,0.506179072,0.188606467,0.108489349,0.00656741934,0.358188795,0.065375321,0.500324101,0.0191017786,0.0235008018,0.0145565222,0.0785702397,0.00505962524,0.400595639,0.500595098,0.142314615,0.0933013914,0.0174672167,0.7674931,0.200510376,0.0895122751,0.121781066,0.122469404,0.352880023,0.0411040264,0.0328050662,0.400756433,0.0978868868,0.0655443194,0.423106401,0.0810281443,0.00872938438,0.0260951701,0.455721792,0.0597609261,0.86228731,0.020197424,0.447930147,0.0836342274,0.00882489255,0.0209667217,0.0490903574,0.686468899,0.355911834,0.167521061,0.214773353,0.0957683865,0.220826665,0.0491354264,0.00614816627,0.200148067,0.111082335,0.466415478,0.564527293,0.202909953,0.310779295,0.139464576,0.68322824,0.51839102,0.00306077822,0.606879993,0.202084729,0.0332473921,0.496354539,0.0396694655,0.0363378659,0.201173935,0.579906957,0.144230958,0.250334037,0.0576507579,0.429143845,0.117724268,0.077466533,0.178529819,0.829595495,0.0388955741,0.751195027,0.135048564,0.0044231505,0.00544859902,0.507588637,0.00433839708,0.0772167756,0.596579104,0.897939433
0.158599593,0.875966879,0.0429077311,0.196416767,0.54478047,0.34767364,0.127069229,0.0901203876,0.270107695,0.36490537,0.67953569,0.0397364066,0.236071635,0.839354152,0.183572139,0.498629042,0.190465603,0.109378923,0.00884802861,0.371674871,0.0644641237,0.510915742,0.0156573258,0.0222864284,0.0139796736,0.0797299488,0.00517750848,0.401906562,0.515514841,0.138059556,0.0974423255,0.0146842867,0.756258201,0.212385042,0.0829756816,0.121428496,0.120450054,0.361156988,0.041435006,0.0353277536,0.405922275,0.0973101772,0.0649285605,0.435498259,0.0765312991,0.00681264686,0.0229007425,0.45840161,0.0570299149,0.866795886,0.0206708191,0.447131022,0.0819193537,0.00817306982,0.0199811193,0.0469420244,0.691845516,0.358847935,0.180685628,0.222303088,0.0975935612,0.218285496,0.0538821033,0.00695762595,0.200088485,0.1030773,0.476798805,0.563046901,0.204581989,0.313909733,0.134033962,0.693356176,0.529246861,0.00390625231,0.61574568,0.207324702,0.0323761774,0.486688437,0.0370839237,0.0341600609,0.202549509,0.591318297,0.154657668,0.251874045,0.064363612,0.434641591,0.121969528,0.0742063849,0.17302463,0.832699718,0.0367313015,0.749999998,0.137444037,0.0041136913,0.00502513302,0.500585954,0.00395067247,0.0792373071,0.604187907,0.901243676
0.154732126,0.873128759,0.0429734188,0.193409696,0.550737495,0.345300445,0.128452075,0.0917466874,0.291581863,0.383684145,0.675562601,0.0368441284,0.237142726,0.84150625,0.184093926,0.503196594,0.190892907,0.107940804,0.0093949273,0.38060417,0.0638900236,0.503390789,0.0138724957,0.0199752879,0.0131117328,0.0837271918,0.00552893226,0.405216457,0.522933306,0.137614333,0.104509687,0.0128709352,0.747602706,0.231532646,0.0775801117,0.124562815,0.119665077,0.370563905,0.0424682829,0.038027762,0.408221935,0.0967276998,0.0633187853,0.431405432,0.0729465199,0.00535540275,0.0200442503,0.466241086,0.0529914234,0.874141782,0.0208928318,0.447176419,0.0814452993,0.0088495603,0.0188469736,0.0450874995,0.698340182,0.354480912,0.179225006,0.229769776,0.0956120483,0.214013833,0.0570687478,0.00832,0.199286073,0.102810468,0.492996629,0.571554902,0.205823695,0.316255094,0.130225289,0.697125375,0.540093038,0.00372643665,0.626189518,0.218058901,0.0271492681,0.473770827,0.0369113482,0.0380116595,0.2084529,0.604774135,0.164708103,0.251500418,0.0650734737,0.438514262,0.119548193,0.073415326,0.164713097,0.833765749,0.0371369075,0.747738403,0.144246493,0.00333086248,0.0058351601,0.502084267,0.00353149372,0.0759762435,0.600335779,0.903757911
0.155339657,0.876852744,0.03899087,0.193651165,0.561415549,0.337794392,0.126770761,0.0927815041,0.305201539,0.397923063,0.669545155,0.0368885199,0.233797398,0.839830273,0.181758654,0.507060316,0.191948583,0.110118473,0.0105579468,0.398272614,0.0555777722,0.504643998,0.0125221029,0.0179856137,0.0108497741,0.0878744208,0.00638138585,0.406064298,0.514584339,0.145053158,0.109094092,0.0100035697,0.75086442,0.233454767,0.0766110376,0.125246541,0.123339943,0.377575567,0.040463,0.0408097376,0.410416426,0.0985801712,0.066451475,0.438389505,0.0707203545,0.00392156787,0.0214163014,0.482845793,0.0527510226,0.874854075,0.0216181202,0.45025668,0.0816040511,0.00851702339,0.0155802718,0.0433188957,0.70379538,0.360714348,0.177145106,0.228250461,0.0909522879,0.211399469,0.0527360492,0.0109090866,0.194804178,0.0989943826,0.492242562,0.581867937,0.211132584,0.320167967,0.131137106,0.708556739,0.537577766,0.0034934514,0.634119498,0.228802822,0.0285714233,0.469810153,0.0321761642,0.0429744208,0.219713261,0.618950306,0.168110255,0.251736564,0.0649867472,0.440014584,0.123106388,0.0696189166,0.165281025,0.835232533,0.0365191948,0.73900363,0.140041533,0.00294876582,0.0055167304,0.503448135,0.00258276736,0.076129005,0.602887056,0.906146157
0.151095133,0.875968204,0.0405489217,0.187785702,0.564653492,0.334095889,0.129313153,0.0937567024,0.316556512,0.40583978,0.672144662,0.0372,0.225977405,0.840087903,0.173215672,0.519293017,0.191589739,0.105722521,0.0104852657,0.411759165,0.0547945147,0.492768824,0.0120035498,0.0168371502,0.0102817942,0.0925560266,0.00848111835,0.407646159,0.52916237,0.144589788,0.122123874,0.00921658513,0.749112821,0.234928958,0.0743916354,0.127026476,0.12032172,0.381102912,0.0383823373,0.0397873538,0.400760924,0.100975608,0.0680545792,0.443357608,0.073268498,0.00379686389,0.0210267228,0.496814131,0.0461718028,0.878411638,0.0218506271,0.459490939,0.0790711506,0.00765697301,0.0155089308,0.0407916358,0.712708709,0.365185414,0.176732549,0.231563365,0.0864968992,0.213991332,0.0594215165,0.0136666669,0.195888818,0.0991358841,0.510997798,0.591047027,0.212846933,0.320487416,0.132604737,0.71817481,0.55140171,0.00308505724,0.641750221,0.242471619,0.0281828703,0.46446611,0.0335804413,0.0456554187,0.232491969,0.628909365,0.18078045,0.24918374,0.0627884701,0.449924568,0.131245361,0.0690372412,0.163314835,0.843455082,0.0419737444,0.738497445,0.139243305,0.00256316288,0.00484894323,0.504187262,0.00265896051,0.0763326069,0.603273837,0.906534258
0.148157532,0.875044653,0.0409528818,0.189279522,0.588646256,0.333424456,0.134392324,0.0960190837,0.328830391,0.424359792,0.670876909,0.0334020815,0.217393572,0.841016349,0.174525072,0.519243053,0.195903303,0.105172661,0.010220929,0.423234087,0.0544313956,0.474558307,0.0103355274,0.0165307159,0.00849514179,0.0950000099,0.00935673508,0.413072418,0.536296853,0.143992182,0.119899772,0.0100538514,0.745904327,0.231670409,0.0741208256,0.125958515,0.121323553,0.385403247,0.0387636272,0.045513065,0.407400499,0.105940602,0.064197543,0.438326989,0.0708431793,0.00428367615,0.0211655813,0.509628593,0.048845468,0.882940081,0.0221375501,0.460393729,0.0803523299,0.00769230659,0.0137795357,0.0387219142,0.720860517,0.371303987,0.173717128,0.232242086,0.0815429418,0.221192155,0.0622161984,0.0156405928,0.192487694,0.0985537791,0.527385154,0.598795915,0.225122229,0.32567579,0.129604542,0.724763275,0.547810693,0.0028640697,0.644264646,0.239879291,0.0285432713,0.464734368,0.0394794278,0.0444111542,0.237346461,0.632107677,0.188174136,0.250838609,0.0663130554,0.46556281,0.129413865,0.0666787949,0.166008067,0.852540497,0.0473083667,0.733249327,0.142682143,0.0025547455,0.00693936997,0.504035722,0.00252641603,0.0754019932,0.60420006,0.911278624
0.143586546,0.878914891,0.0431789966,0.191695816,0.604278091,0.333790263,0.139883855,0.0970800553,0.342638668,0.42280986,0.678375425,0.0337922465,0.209565476,0.845702024,0.172999706,0.522165771,0.197866824,0.105610137,0.0121155089,0.436579739,0.048273221,0.461677112,0.00974124936,0.0134899846,0.00862591277,0.0967406529,0.0107569671,0.423214329,0.544807608,0.14729022,0.12297682,0.00961880981,0.741115902,0.231769998,0.0725769575,0.122379717,0.11984195,0.382795843,0.0375701629,0.0472556019,0.40862514,0.113324379,0.0603907879,0.438681465,0.0718306561,0.00389484023,0.0210617922,0.520683897,0.0503618732,0.886963793,0.0230296127,0.464717738,0.0784127269,0.0103092813,0.0106969111,0.0375234043,0.729459021,0.37777268,0.168209952,0.239504581,0.0808414339,0.22153766,0.064873365,0.0159610292,0.195945758,0.0980429245,0.536114247,0.610638282,0.230715664,0.338340629,0.133004154,0.724255121,0.536654636,0.00269420537,0.654031139,0.243392943,0.027563566,0.458346186,0.0406539647,0.047263702,0.240208418,0.636352757,0.200160789,0.253026548,0.0676980533,0.473238461,0.12852007,0.067900551,0.164544121,0.857664967,0.0459817601,0.73205779,0.142841521,0.00255288103,0.00930751412,0.503769094,0.00245686018,0.0735687888,0.599404583,0.912444189
0.142066701,0.876542541,0.0439264023,0.194476929,0.608262409,0.333151357,0.141114986,0.0969912562,0.353992935,0.430686292,0.679020655,0.0311203697,0.206426819,0.852557578,0.168874259,0.523486534,0.199737552,0.106598623,0.0127874662,0.446817892,0.045190042,0.445695455,0.0111870729,0.0156249916,0.00767396726,0.102184204,0.0100887675,0.422743602,0.555468551,0.14508605,0.129822761,0.00776836643,0.735232555,0.230094324,0.0714445661,0.119528492,0.115660047,0.393502472,0.0363739098,0.0479407846,0.412845233,0.116386385,0.0626589676,0.440891033,0.0715574808,0.0054320986,0.0199771806,0.536986401,0.0454545412,0.888318291,0.0226776367,0.483107015,0.0752518072,0.0103305911,0.0114528842,0.032608744,0.730323991,0.383250777,0.161412125,0.238871946,0.0771588577,0.221244579,0.0682131865,0.0158597711,0.200910477,0.0972824551,0.548143122,0.624364641,0.246449645,0.348863521,0.130997172,0.728589845,0.532373802,0.00181159258,0.661457437,0.241216921,0.0238849117,0.453073627,0.0427124264,0.0489545877,0.245108792,0.644105381,0.2112,0.260724966,0.0707244883,0.476748795,0.128638977,0.0681845831,0.168729591,0.867718596,0.0494505561,0.731721641,0.146551659,0.00336322702,0.0105800839,0.498510552,0.00234983552,0.0740486392,0.59382487,0.915233671
0.14303575,0.87652904,0.0436597785,0.193468534,0.60986125,0.340098754,0.144370375,0.101809927,0.368189882,0.430464597,0.683894624,0.0306644285,0.202882292,0.85689894,0.1728308,0.528704179,0.197786388,0.0967581877,0.0119418468,0.468260233,0.0395278842,0.434900327,0.0122757321,0.0170731651,0.0085789701,0.103294727,0.00962695322,0.432339257,0.561310459,0.156578643,0.14144397,0.00915815847,0.735123302,0.227133942,0.0708150653,0.116303697,0.116149261,0.397397248,0.0367030772,0.04836624,0.41682431,0.124583463,0.0640321364,0.426623846,0.0689458526,0.00589680098,0.018576771,0.550549691,0.0480049427,0.889448463,0.021885147,0.491171361,0.0703851479,0.00881742254,0.0110597571,0.0308013854,0.733966098,0.381267284,0.165948204,0.242692742,0.0798004682,0.224243797,0.0663657069,0.0158438968,0.208844751,0.0985484337,0.556740743,0.631081991,0.255146169,0.358460878,0.136655997,0.737672481,0.52710371,0.00160623968,0.667779201,0.244620483,0.0220630623,0.454742439,0.0419675074,0.0445151519,0.260348599,0.648725742,0.218129208,0.263888869,0.074636105,0.482679039,0.135523513,0.0692832463,0.17800051,0.875111658,0.0547337161,0.729043486,0.14324738,0.00379506966,0.012052594,0.501421806,0.00198637304,0.0722891576,0.596357655,0.918189039
